Case_Number,District_Code,District_Name,Neighborhood_Code,Neighborhood_Name,Street_Code,Street_Name,Postal_Code,Day_of_Week,Year,Month_Code,Month_Name,Day_of_Month,Shift_Description,Hour_of_Day,Pedestrian_Cause_Description,Involved_Vehicle_Type,Gender_Description,Age,Person_Type_Description,Pedestrian_Accident_Location_Description,Pedestrian_Movement_Reason_Description,Driver_Movement_Reason_Description,Victimization_Description,UTM_X_Coordinate,UTM_Y_Coordinate,Longitude,Latitude
2023S000140    ,4,Les Corts,19,les Corts,701433,Mig (Ascendent),000190000,Dilluns,2023,1,January,9,Morning,13,No és causa del  vianant,Motorcycle,Home,21,Driver,Desconegut                                                                                                                                            ,Unknown,Es desconeix,Ferit lleu: Hospitalització fins a 24h,427191.1  ,4581776.77,2.128100585,41.382375016
2023S000140    ,4,Les Corts,19,les Corts,701433,Mig (Ascendent),000190000,Dilluns,2023,1,January,9,Morning,13,No és causa del  vianant,Motorcycle,Home,36,Driver,Desconegut                                                                                                                                            ,Unknown,Es desconeix,Ferit lleu: Hospitalització fins a 24h,427191.1  ,4581776.77,2.128100585,41.382375016
2023S000141    ,2,Eixample,8,l'Antiga Esquerra de l'Eixample,349706,Comte d'Urgell,0262 0262,Dilluns,2023,1,January,9,Morning,10,No és causa del  vianant,Veh. mobilitat personal amb motor,Home,16,Driver,Desconegut                                                                                                                                            ,Unknown,Es desconeix,Ferit lleu: Hospitalització fins a 24h,428792.93 ,4582690.14,2.147148575,41.390744861
2023S000142    ,2,Eixample,10,Sant Antoni,285807,Rocafort,0057 0059,Dilluns,2023,1,January,9,Morning,10,No és causa del  vianant,Motorcycle,Home,87,Pedestrian,En pas regulat per semàfor                                                                                                                            ,Unknown,Unknown,Ferit lleu: Rebutja assistència sanitària,429460.63 ,4581243.7 ,2.155302769,41.377776122
2023S000143    ,1,Ciutat Vella,1,el Raval,140203,Drassanes,0010 0012,Dilluns,2023,1,January,9,Afternoon,15,No és causa del  vianant,Motorcycle,Home,58,Driver,Desconegut                                                                                                                                            ,Unknown,Oci i entreteniment,Ferit lleu: Hospitalització fins a 24h,431043.27 ,4581103.5 ,2.174243448,41.376650638
2023S000144    ,1,Ciutat Vella,1,el Raval,296508,Sant Antoni,0086 0086,Dilluns,2023,1,January,9,Afternoon,14,No és causa del  vianant,Veh. mobilitat personal amb motor,Dona,17,Driver,Desconegut                                                                                                                                            ,Unknown,En missió,Ferit lleu: Amb assistència sanitària en lloc d'accident,430193.6  ,4581913.96,2.163990129,41.383876905
2023S000145    ,2,Eixample,8,l'Antiga Esquerra de l'Eixample,180208,Londres,0059 0059,Dilluns,2023,1,January,9,Afternoon,16,No és causa del  vianant,Car,Dona,77,Pedestrian,En pas regulat per semàfor                                                                                                                            ,Oci i entreteniment,Unknown,Ferit lleu: Amb assistència sanitària en lloc d'accident,428889.04 ,4582784.58,2.148286957,41.391603956
2023S000146    ,9,Sant Andreu,61,la Sagrera,209900,Meridiana,0324 0324,Dilluns,2023,1,January,9,Afternoon,14,No és causa del  vianant,Motorcycle,Dona,51,Driver,Desconegut                                                                                                                                            ,Unknown,In itínere,Ferit lleu: Amb assistència sanitària en lloc d'accident,432067.15 ,4586467.27,2.185884284,41.425047717
2023S000147    ,10,Sant Martí,68,el Poblenou,30500,Badajoz,0038 0038,Dilluns,2023,1,January,9,Afternoon,16,No és causa del  vianant,Bus,Home,3,Passatger,Desconegut                                                                                                                                            ,Unknown,Unknown,Ferit lleu: Hospitalització fins a 24h,433123.81 ,4583248.94,2.198884647,41.39614981
2023S000148    ,1,Ciutat Vella,1,el Raval,308709,Sant Pau,0056 0072,Dilluns,2023,1,January,9,Afternoon,18,No és causa del  vianant,Motorcycle,Home,36,Passatger,Desconegut                                                                                                                                            ,Unknown,Unknown,Ferit lleu: Amb assistència sanitària en lloc d'accident,430183.08 ,4581247.36,2.163941165,41.377872129
2023S000148    ,1,Ciutat Vella,1,el Raval,308709,Sant Pau,0056 0072,Dilluns,2023,1,January,9,Afternoon,18,No és causa del  vianant,Motorcycle,Home,37,Driver,Desconegut                                                                                                                                            ,Unknown,Oci i entreteniment,Ferit lleu: Amb assistència sanitària en lloc d'accident,430183.08 ,4581247.36,2.163941165,41.377872129
2023S000149    ,2,Eixample,8,l'Antiga Esquerra de l'Eixample,223606,Muntaner,0210 0210,Dilluns,2023,1,January,9,Afternoon,17,No és causa del  vianant,Veh. mobilitat personal amb motor,Dona,38,Driver,Desconegut                                                                                                                                            ,Unknown,Es desconeix,Ferit lleu: Hospitalització fins a 24h,429079.89 ,4582972.71,2.150547513,41.393315237
2023S000150    ,4,Les Corts,20,la Maternitat i Sant Ramon,102306,Doctor Marañón,0027 0031,Dilluns,2023,1,January,9,Afternoon,17,No és causa del  vianant,Bus,Dona,70,Passatger,Desconegut                                                                                                                                            ,Unknown,Unknown,Ferit lleu: Amb assistència sanitària en lloc d'accident,425852.58 ,4582020.45,2.112064233,41.384447427
2023S000151    ,9,Sant Andreu,60,Sant Andreu,209900,Meridiana,0486 0486,Dilluns,2023,1,January,9,Afternoon,19,No és causa del  vianant,Motorcycle,Home,48,Driver,Desconegut                                                                                                                                            ,Unknown,Oci i entreteniment,Ferit lleu: Amb assistència sanitària en lloc d'accident,431979.73 ,4587694.86,2.184699963,41.436096807
2023S000152    ,3,Sants-Montjuïc,11,el Poble-sec,43502,Blesa,0002 0002,Dilluns,2023,1,January,9,Afternoon,19,No és causa del  vianant,Motorcycle,Home,47,Driver,Desconegut                                                                                                                                            ,Unknown,Altres activitats,Ferit lleu: Amb assistència sanitària en lloc d'accident,430630.8  ,4580566.74,2.1693728,41.371780721
2023S000152    ,3,Sants-Montjuïc,11,el Poble-sec,43502,Blesa,0002 0002,Dilluns,2023,1,January,9,Afternoon,19,No és causa del  vianant,Motorcycle,Dona,13,Passatger,Desconegut                                                                                                                                            ,Unknown,Unknown,Ferit lleu: Amb assistència sanitària en lloc d'accident,430630.8  ,4580566.74,2.1693728,41.371780721
2023S000153    ,4,Les Corts,20,la Maternitat i Sant Ramon,285002,Sabino Arana,0060X0060X,Dilluns,2023,1,January,9,Afternoon,19,No és causa del  vianant,Motorcycle,Dona,23,Passatger,Desconegut                                                                                                                                            ,Unknown,Unknown,Ferit lleu: Hospitalització fins a 24h,426781.27 ,4582269.48,2.123140103,41.386775442
2023S000153    ,4,Les Corts,20,la Maternitat i Sant Ramon,285002,Sabino Arana,0060X0060X,Dilluns,2023,1,January,9,Afternoon,19,No és causa del  vianant,Motorcycle,Dona,25,Driver,Desconegut                                                                                                                                            ,Unknown,Oci i entreteniment,Ferit lleu: Hospitalització fins a 24h,426781.27 ,4582269.48,2.123140103,41.386775442
2023S000154    ,2,Eixample,7,la Dreta de l'Eixample,145003,Girona,0171 0171,Dilluns,2023,1,January,9,Afternoon,19,Creuar per fora pas de vianants,Veh. mobilitat personal amb motor,Home,15,Pedestrian,Altres                                                                                                                                                ,Oci i entreteniment,Unknown,Ferit lleu: Rebutja assistència sanitària,430272.35 ,4583649.16,2.164732007,41.399512129
2023S000154    ,2,Eixample,7,la Dreta de l'Eixample,145003,Girona,0171 0171,Dilluns,2023,1,January,9,Afternoon,19,Creuar per fora pas de vianants,Veh. mobilitat personal amb motor,Home,27,Driver,Altres                                                                                                                                                ,Unknown,In itínere,Ferit lleu: Hospitalització fins a 24h,430272.35 ,4583649.16,2.164732007,41.399512129
2023S000155    ,4,Les Corts,20,la Maternitat i Sant Ramon,144601,Diagonal,0689 0701,Dimarts,2023,1,January,10,Morning,8,No és causa del  vianant,Motorcycle,Home,31,Driver,Desconegut                                                                                                                                            ,Unknown,In itínere,Ferit lleu: Amb assistència sanitària en lloc d'accident,425238.83 ,4581781.81,2.10475403,41.382241273
2023S000156    ,5,Sarrià-Sant Gervasi,25,Sant Gervasi - la Bonanova,701268,Dalt (Llobregat),000920000,Dimarts,2023,1,January,10,Night,0,No és causa del  vianant,Car,Home,38,Driver,Desconegut                                                                                                                                            ,Unknown,Es desconeix,Ferit lleu: Hospitalització fins a 24h,427714.16 ,4585334.95,2.133930518,41.414469302
2023S000156    ,5,Sarrià-Sant Gervasi,25,Sant Gervasi - la Bonanova,701268,Dalt (Llobregat),000920000,Dimarts,2023,1,January,10,Night,0,No és causa del  vianant,Taxi,Home,60,Driver,Desconegut                                                                                                                                            ,Unknown,Taxi,Ferit lleu: Amb assistència sanitària en lloc d'accident,427714.16 ,4585334.95,2.133930518,41.414469302
2023S000157    ,2,Eixample,8,l'Antiga Esquerra de l'Eixample,223606,Muntaner,0167 0167,Dimarts,2023,1,January,10,Morning,10,No és causa del  vianant,Motorcycle,Home,36,Driver,Desconegut                                                                                                                                            ,Unknown,In itínere,Ferit lleu: Rebutja assistència sanitària,429266.59 ,4582781.43,2.152802887,41.391608896
2023S000157    ,2,Eixample,8,l'Antiga Esquerra de l'Eixample,223606,Muntaner,0167 0167,Dimarts,2023,1,January,10,Morning,10,No és causa del  vianant,Motorcycle,Home,61,Driver,Desconegut                                                                                                                                            ,Unknown,In itínere,Ferit lleu: Amb assistència sanitària en lloc d'accident,429266.59 ,4582781.43,2.152802887,41.391608896
2023S000158    ,5,Sarrià-Sant Gervasi,26,Sant Gervasi - Galvany,32700,Balmes,0287 0287,Dimarts,2023,1,January,10,Morning,11,No és causa del  vianant,Bicicleta,Home,47,Driver,Desconegut                                                                                                                                            ,Unknown,Oci i entreteniment,Ferit lleu: Amb assistència sanitària en lloc d'accident,428849.76 ,4583823.42,2.14769503,41.400956931
2023S000159    ,10,Sant Martí,70,el Besòs i el Maresme,186703,Llull,0406 0410,Dimarts,2023,1,January,10,Morning,8,No és causa del  vianant,Taxi,Home,40,Pedestrian,En pas regulat per semàfor                                                                                                                            ,"Servei de neteja, recollida d'escombraries",Unknown,Ferit lleu: Rebutja assistència sanitària,434701.03 ,4585065.69,2.217553955,41.41264257
2023S000160    ,7,Horta-Guinardó,43,Horta,97807,Dante Alighieri,0021 0021,Dimarts,2023,1,January,10,Morning,12,No és causa del  vianant,Motorcycle,Dona,42,Driver,Desconegut                                                                                                                                            ,Unknown,Es desconeix,Ferit lleu: Hospitalització fins a 24h,429974.97 ,4586911.46,2.160797037,41.42886862
2023S000161    ,10,Sant Martí,71,Provençals del Poblenou,701414,C-31,020750000,Dimarts,2023,1,January,10,Morning,13,No és causa del  vianant,Ciclomotor,Home,35,Driver,Desconegut                                                                                                                                            ,Unknown,In itínere,Ferit lleu: Hospitalització fins a 24h,433372.35 ,4585277.86,2.201633992,41.41444441
2023S000163    ,2,Eixample,10,Sant Antoni,349706,Comte d'Urgell,0012 0012,Dimarts,2023,1,January,10,Afternoon,14,No és causa del  vianant,Motorcycle,Home,43,Driver,Desconegut                                                                                                                                            ,Unknown,Oci i entreteniment,Ferit lleu: Hospitalització fins a 24h,430029.45 ,4581426.92,2.162083363,41.379476019
2023S000164    ,9,Sant Andreu,60,Sant Andreu,322007,Segre,0024 0024,Dimarts,2023,1,January,10,Afternoon,15,No és causa del  vianant,Motorcycle,Dona,37,Driver,Desconegut                                                                                                                                            ,Unknown,Es desconeix,Ferit lleu: Hospitalització fins a 24h,432565.83 ,4587601.4 ,2.191725107,41.435304503
2023S000165    ,8,Nou Barris,53,la Trinitat Nova,291300,S'Agaró,0010X0010X,Dimarts,2023,1,January,10,Afternoon,16,No és causa del  vianant,Motorcycle,Home,27,Driver,Desconegut                                                                                                                                            ,Unknown,Oci i entreteniment,Ferit lleu: Hospitalització fins a 24h,432186.46 ,4588963.92,2.187031666,41.447544283
2023S000166    ,2,Eixample,7,la Dreta de l'Eixample,289105,Rosselló,0281B0281B,Dimarts,2023,1,January,10,Afternoon,15,No és causa del  vianant,Motorcycle,Dona,45,Passatger,Desconegut                                                                                                                                            ,Unknown,Unknown,Ferit lleu: Amb assistència sanitària en lloc d'accident,430134.59 ,4583421.81,2.163110418,41.397452499
2023S000166    ,2,Eixample,7,la Dreta de l'Eixample,289105,Rosselló,0281B0281B,Dimarts,2023,1,January,10,Afternoon,15,No és causa del  vianant,Motorcycle,Home,47,Driver,Desconegut                                                                                                                                            ,Unknown,Oci i entreteniment,Ferit lleu: Amb assistència sanitària en lloc d'accident,430134.59 ,4583421.81,2.163110418,41.397452499
2023S000167    ,2,Eixample,9,la Nova Esquerra de l'Eixample,245802,París,0061B0061B,Dimarts,2023,1,January,10,Afternoon,15,No és causa del  vianant,Motorcycle,Home,48,Driver,Desconegut                                                                                                                                            ,Unknown,Es desconeix,Ferit lleu: Hospitalització fins a 24h,428600.61 ,4582312.9 ,2.144892918,41.387330139
2023S000168    ,2,Eixample,8,l'Antiga Esquerra de l'Eixample,169409,Corts Catalanes,0567 0567,Dimarts,2023,1,January,10,Afternoon,16,No és causa del  vianant,Motorcycle,Home,27,Driver,Desconegut                                                                                                                                            ,Unknown,Oci i entreteniment,Ferit lleu: Hospitalització fins a 24h,430022.39 ,4581966.19,2.16193663,41.384332442
2023S000169    ,10,Sant Martí,65,el Clot,191204,Mallorca,0622 0624,Dimarts,2023,1,January,10,Afternoon,16,No és causa del  vianant,Motorcycle,Dona,12,Passatger,Desconegut                                                                                                                                            ,Unknown,Unknown,Ferit lleu: Hospitalització fins a 24h,432182.73 ,4585056.14,2.187425675,41.412347879
2023S000169    ,10,Sant Martí,65,el Clot,191204,Mallorca,0622 0624,Dimarts,2023,1,January,10,Afternoon,16,No és causa del  vianant,Motorcycle,Home,42,Driver,Desconegut                                                                                                                                            ,Unknown,Oci i entreteniment,Ferit lleu: Amb assistència sanitària en lloc d'accident,432182.73 ,4585056.14,2.187425675,41.412347879
2023S000171    ,2,Eixample,7,la Dreta de l'Eixample,144601,Diagonal,0389 0389,Dimarts,2023,1,January,10,Afternoon,18,No és causa del  vianant,Motorcycle,Home,53,Driver,Desconegut                                                                                                                                            ,Unknown,Es desconeix,Ferit lleu: Rebutja assistència sanitària,429676.49 ,4583244.7 ,2.157651543,41.395817376
2023S000172    ,10,Sant Martí,64,el Camp de l'Arpa del Clot,194406,Maragall,0052 0054,Dimarts,2023,1,January,10,Afternoon,17,Desobeir el senyal del semàfor,Furgoneta,Dona,61,Pedestrian,En pas regulat per semàfor                                                                                                                            ,Unknown,Unknown,Ferit lleu: Amb assistència sanitària en lloc d'accident,431603.55 ,4585443.43,2.180452515,41.415786967
2023S000173    ,5,Sarrià-Sant Gervasi,26,Sant Gervasi - Galvany,113007,Escoles Pies,0014 0014,Dimarts,2023,1,January,10,Afternoon,21,No és causa del  vianant,Motorcycle,Home,50,Driver,Desconegut                                                                                                                                            ,Unknown,Oci i entreteniment,Ferit lleu: Hospitalització fins a 24h,427819.41 ,4583268.09,2.135436381,41.395863407
2023S000174    ,5,Sarrià-Sant Gervasi,23,Sarrià,193108,Manuel Girona,0077 0077,Dimarts,2023,1,January,10,Afternoon,17,No és causa del  vianant,Motorcycle,Home,48,Driver,Desconegut                                                                                                                                            ,Unknown,Oci i entreteniment,Ferit lleu: Hospitalització fins a 24h,427354.25 ,4582900.13,2.129916817,41.392507432
2023S000175    ,5,Sarrià-Sant Gervasi,26,Sant Gervasi - Galvany,139805,Ganduxer,0063 0063,Dimarts,2023,1,January,10,Afternoon,21,No és causa del  vianant,Motorcycle,Dona,23,Driver,Desconegut                                                                                                                                            ,Unknown,Es desconeix,Ferit lleu: Hospitalització fins a 24h,427815.43 ,4583480.39,2.135363454,41.397775152
2023S000176    ,2,Eixample,9,la Nova Esquerra de l'Eixample,349706,Comte d'Urgell,0113 0113,Dimecres,2023,1,January,11,Night,3,No és causa del  vianant,Veh. mobilitat personal amb motor,Home,55,Driver,En pas regulat per semàfor                                                                                                                            ,Unknown,Es desconeix,Mort (dins 24h posteriors accident),429447.81 ,4582020.17,2.155059021,41.38476841
2023S000177    ,2,Eixample,7,la Dreta de l'Eixample,18505,Aragó,0373 0373,Dimecres,2023,1,January,11,Morning,8,No és causa del  vianant,Motorcycle,Home,38,Driver,Desconegut                                                                                                                                            ,Unknown,Oci i entreteniment,Ferit lleu: Amb assistència sanitària en lloc d'accident,430977.58 ,4583518.03,2.1731827,41.398391964
2023S000178    ,8,Nou Barris,45,Porta,119003,Fabra i Puig,0222 0224,Dimecres,2023,1,January,11,Morning,8,No és causa del  vianant,Autobús articulat,Dona,82,Passatger,Desconegut                                                                                                                                            ,Unknown,Unknown,Ferit lleu: Hospitalització fins a 24h,431360.13 ,4587054.3 ,2.177357118,41.430274759
2023S000179    ,4,Les Corts,21,Pedralbes,144601,Diagonal,0708 0710,Dimarts,2023,1,January,10,Night,22,No és causa del  vianant,Motorcycle,Dona,32,Driver,Desconegut                                                                                                                                            ,Unknown,En missió,Ferit lleu: Amb assistència sanitària en lloc d'accident,425608.61 ,4581940.4 ,2.109156496,41.383703918
2023S000180    ,10,Sant Martí,73,la Verneda i la Pau,153205,Guipúscoa,0103 0105,Dimecres,2023,1,January,11,Morning,12,No és causa del  vianant,Motorcycle,Home,47,Driver,Desconegut                                                                                                                                            ,Unknown,Altres activitats,Ferit lleu: Hospitalització fins a 24h,433379.78 ,4585898.02,2.201654546,41.420030636
2023S000181    ,3,Sants-Montjuïc,15,Hostafrancs,331507,Tarragona,0103 0115,Dimecres,2023,1,January,11,Afternoon,14,No és causa del  vianant,Motorcycle,Dona,43,Driver,Desconegut                                                                                                                                            ,Unknown,En missió,Ferit lleu: Hospitalització fins a 24h,428718.05 ,4581185.03,2.146430177,41.377182227
2023S000182    ,10,Sant Martí,64,el Camp de l'Arpa del Clot,350308,València,0619 0619,Dimecres,2023,1,January,11,Afternoon,14,No és causa del  vianant,Motorcycle,Dona,39,Passatger,Desconegut                                                                                                                                            ,Unknown,Unknown,Ferit lleu: Amb assistència sanitària en lloc d'accident,432109.46 ,4584781.87,2.186579858,41.409871422
2023S000183    ,2,Eixample,5,el Fort Pienc,197302,Marina,0169 0175,Dimecres,2023,1,January,11,Morning,13,No és causa del  vianant,Motorcycle,Home,29,Driver,Desconegut                                                                                                                                            ,Unknown,Es desconeix,Ferit lleu: Hospitalització fins a 24h,431648.43 ,4583591.24,2.181198802,41.399108683
2023S000184    ,3,Sants-Montjuïc,15,Hostafrancs,169409,Corts Catalanes,0313 0315,Dimecres,2023,1,January,11,Afternoon,18,No és causa del  vianant,Veh. mobilitat personal amb motor,Home,41,Driver,Desconegut                                                                                                                                            ,Unknown,Es desconeix,Ferit lleu: Hospitalització fins a 24h,428645.2  ,4580690.6 ,2.145617304,41.372722603
2023S000184    ,3,Sants-Montjuïc,15,Hostafrancs,169409,Corts Catalanes,0313 0315,Dimecres,2023,1,January,11,Afternoon,18,No és causa del  vianant,Veh. mobilitat personal amb motor,Home,44,Driver,Desconegut                                                                                                                                            ,Unknown,Es desconeix,Ferit lleu: Hospitalització fins a 24h,428645.2  ,4580690.6 ,2.145617304,41.372722603
2023S000185    ,2,Eixample,8,l'Antiga Esquerra de l'Eixample,363809,Villarroel,0057 0057,Dimecres,2023,1,January,11,Afternoon,18,No és causa del  vianant,Bus,Home,88,Passatger,Desconegut                                                                                                                                            ,Unknown,Unknown,Ferit lleu: Hospitalització fins a 24h,429784.61 ,4581854.17,2.159106039,41.383302784
2023S000186    ,5,Sarrià-Sant Gervasi,24,les Tres Torres,143904,General Mitre,0073 0075,Dimecres,2023,1,January,11,Afternoon,20,No és causa del  vianant,Ciclomotor,Home,21,Driver,Desconegut                                                                                                                                            ,Unknown,Oci i entreteniment,Ferit lleu: Hospitalització fins a 24h,427599.64 ,4583509.26,2.132778883,41.398015761
2023S000186    ,5,Sarrià-Sant Gervasi,24,les Tres Torres,143904,General Mitre,0073 0075,Dimecres,2023,1,January,11,Afternoon,20,No és causa del  vianant,Motorcycle,Home,42,Driver,Desconegut                                                                                                                                            ,Unknown,Oci i entreteniment,Ferit lleu: Hospitalització fins a 24h,427599.64 ,4583509.26,2.132778883,41.398015761
2023S000187    ,9,Sant Andreu,59,el Bon Pastor,110508,Enric Sanchis,0040 0040,Dimecres,2023,1,January,11,Afternoon,21,No és causa del  vianant,Car,Home,56,Driver,Desconegut                                                                                                                                            ,Unknown,Es desconeix,Ferit lleu: Hospitalització fins a 24h,433752.3  ,4587379.32,2.205949543,41.433403106
2023S000188    ,3,Sants-Montjuïc,15,Hostafrancs,94809,Creu Coberta,0133 0133,Dimecres,2023,1,January,11,Night,23,No és causa del  vianant,Ciclomotor,Home,31,Driver,Desconegut                                                                                                                                            ,Unknown,Es desconeix,Ferit lleu: Hospitalització fins a 24h,428294.55 ,4580967.69,2.1413919,41.375187075
2023S000190    ,3,Sants-Montjuïc,11,el Poble-sec,261004,Poeta Cabanyes,0001 0001,Thursday,2023,1,January,12,Morning,6,Creuar per fora pas de vianants,Bus,Home,29,Pedestrian,Fora del pas                                                                                                                                          ,Oci i entreteniment,Unknown,Ferit lleu: Hospitalització fins a 24h,430316.25 ,4580904.02,2.165573065,41.374791317
2023S000191    ,3,Sants-Montjuïc,12,la Marina del Prat Vermell,701266,Litoral (Llobregat),001710000,Thursday,2023,1,January,12,Morning,7,No és causa del  vianant,Car,Home,26,Driver,Desconegut                                                                                                                                            ,Unknown,Es desconeix,Ferit lleu: Amb assistència sanitària en lloc d'accident,426933.47 ,4577222.83,2.125568587,41.341335977
2023S000192    ,2,Eixample,10,Sant Antoni,169409,Corts Catalanes,0450 0450,Thursday,2023,1,January,12,Morning,9,No és causa del  vianant,Motorcycle,Home,26,Driver,Desconegut                                                                                                                                            ,Unknown,In itínere,Ferit lleu: Rebutja assistència sanitària,429403.2  ,4581360.03,2.154602484,41.37881883
2023S000192    ,2,Eixample,10,Sant Antoni,169409,Corts Catalanes,0450 0450,Thursday,2023,1,January,12,Morning,9,No és causa del  vianant,Taxi,Home,45,Driver,Desconegut                                                                                                                                            ,Unknown,Taxi,Ferit lleu: Rebutja assistència sanitària,429403.2  ,4581360.03,2.154602484,41.37881883
2023S000193    ,2,Eixample,9,la Nova Esquerra de l'Eixample,287201,Roma,0030 0030,Thursday,2023,1,January,12,Morning,9,No és causa del  vianant,Car,Dona,22,Pedestrian,En pas regulat per semàfor                                                                                                                            ,Es desconeix,Unknown,Ferit lleu: Hospitalització fins a 24h,428666.7  ,4581674.2 ,2.14575855,41.38158346
2023S000194    ,2,Eixample,6,la Sagrada Família,178308,Lepant,0231 0231,Thursday,2023,1,January,12,Morning,8,No és causa del  vianant,Motorcycle,Dona,63,Driver,Desconegut                                                                                                                                            ,Unknown,Es desconeix,Ferit lleu: Hospitalització fins a 24h,431463.86 ,4583995.65,2.178945234,41.402735362
2023S000195    ,10,Sant Martí,64,el Camp de l'Arpa del Clot,194406,Maragall,0052 0054,Thursday,2023,1,January,12,Morning,9,No és causa del  vianant,Motorcycle,Home,42,Driver,Desconegut                                                                                                                                            ,Unknown,In itínere,Ferit lleu: Hospitalització fins a 24h,431603.55 ,4585443.43,2.180452515,41.415786967
2023S000196    ,2,Eixample,5,el Fort Pienc,209900,Meridiana,0049 0049,Thursday,2023,1,January,12,Morning,12,No és causa del  vianant,Motorcycle,Home,53,Driver,Desconegut                                                                                                                                            ,Unknown,In itínere,Ferit lleu: Hospitalització fins a 24h,432105.69 ,4583631.49,2.18666387,41.399509966
2023S000198    ,2,Eixample,10,Sant Antoni,169409,Corts Catalanes,0540 0542,Thursday,2023,1,January,12,Morning,12,No és causa del  vianant,Ambulància,Dona,32,Passatger,Desconegut                                                                                                                                            ,Unknown,Unknown,Ferit lleu: Rebutja assistència sanitària,429834.07 ,4581818.31,2.15970167,41.382984122
2023S000199    ,5,Sarrià-Sant Gervasi,26,Sant Gervasi - Galvany,196900,Marià Cubí,0178 0178,Thursday,2023,1,January,12,Morning,11,No és causa del  vianant,Motorcycle,Home,26,Driver,Desconegut                                                                                                                                            ,Unknown,Oci i entreteniment,Ferit lleu: Hospitalització fins a 24h,428580.93 ,4583190.96,2.144553964,41.395236755
2023S000200    ,2,Eixample,6,la Sagrada Família,350308,València,0458 0458,Thursday,2023,1,January,12,Morning,13,No és causa del  vianant,Autobús articulat,Home,88,Passatger,Desconegut                                                                                                                                            ,Unknown,Unknown,Ferit lleu: Hospitalització fins a 24h,431362.09 ,4584065.75,2.177719878,41.403358044
2023S000201    ,7,Horta-Guinardó,43,Horta,119003,Fabra i Puig,0407 0407,Thursday,2023,1,January,12,Morning,11,No és causa del  vianant,Furgoneta,Dona,95,Pedestrian,En pas regulat per semàfor                                                                                                                            ,Unknown,Unknown,Ferit lleu: Hospitalització fins a 24h,430232.27 ,4587608.63,2.16379564,41.435170164
2023S000202    ,1,Ciutat Vella,1,el Raval,269108,Portal de la Pau,0002 0002,Thursday,2023,1,January,12,Morning,12,No és causa del  vianant,Motorcycle,Home,25,Driver,Desconegut                                                                                                                                            ,Unknown,In itínere,Ferit lleu: Hospitalització fins a 24h,431293.95 ,4581061.37,2.177245735,41.376292639
2023S000203    ,9,Sant Andreu,60,Sant Andreu,209900,Meridiana,0450 0454,Thursday,2023,1,January,12,Morning,12,No és causa del  vianant,Motorcycle,Home,65,Driver,Desconegut                                                                                                                                            ,Unknown,Es desconeix,Ferit lleu: Hospitalització fins a 24h,431867.88 ,4587610.37,2.183370825,41.435326347
2023S000204    ,2,Eixample,8,l'Antiga Esquerra de l'Eixample,18505,Aragó,0185 0185,Thursday,2023,1,January,12,Afternoon,14,No és causa del  vianant,Motorcycle,Home,19,Driver,Desconegut                                                                                                                                            ,Unknown,Es desconeix,Ferit lleu: Hospitalització fins a 24h,429735.29 ,4582301.52,2.158464328,41.387327612
2023S000205    ,2,Eixample,9,la Nova Esquerra de l'Eixample,184402,Llança,0015S0015S,Thursday,2023,1,January,12,Afternoon,14,Creuar per fora pas de vianants,Veh. mobilitat personal amb motor,Dona,28,Driver,Fora del pas                                                                                                                                          ,Unknown,In itínere,Ferit lleu: Amb assistència sanitària en lloc d'accident,429000.97 ,4581126.04,2.149820112,41.37667595
2023S000206    ,8,Nou Barris,52,la Prosperitat,26605,Artesania,0002 0004,Thursday,2023,1,January,12,Afternoon,14,No és causa del  vianant,Motorcycle,Home,43,Driver,Desconegut                                                                                                                                            ,Unknown,Es desconeix,Ferit lleu: Amb assistència sanitària en lloc d'accident,431281.37 ,4587977.12,2.176309582,41.438579528
2023S000207    ,2,Eixample,9,la Nova Esquerra de l'Eixample,361406,Viladomat,0184 0186,Thursday,2023,1,January,12,Afternoon,16,No és causa del  vianant,Motorcycle,Dona,56,Driver,Desconegut                                                                                                                                            ,Unknown,Oci i entreteniment,Ferit lleu: Amb assistència sanitària en lloc d'accident,429195.95 ,4581942.31,2.152056151,41.384045012
2023S000208    ,5,Sarrià-Sant Gervasi,27,el Putxet i el Farró,143904,General Mitre,0170 0170,Thursday,2023,1,January,12,Afternoon,14,No és causa del  vianant,Motorcycle,Home,33,Driver,Desconegut                                                                                                                                            ,Unknown,En missió,Ferit lleu: Hospitalització fins a 24h,428349.96 ,4584274.88,2.141663025,41.404978646
2023S000209    ,2,Eixample,7,la Dreta de l'Eixample,169409,Corts Catalanes,0622 0622,Thursday,2023,1,January,12,Afternoon,17,No és causa del  vianant,Ciclomotor,Dona,37,Driver,Desconegut                                                                                                                                            ,Unknown,Es desconeix,Ferit lleu: Amb assistència sanitària en lloc d'accident,430445.18 ,4582380.14,2.166945174,41.388097448
2023S000210    ,9,Sant Andreu,60,Sant Andreu,209900,Meridiana,0444 0448,Thursday,2023,1,January,12,Afternoon,16,No és causa del  vianant,Motorcycle,Home,55,Driver,Desconegut                                                                                                                                            ,Unknown,Oci i entreteniment,Ferit lleu: Hospitalització fins a 24h,431890.58 ,4587477.65,2.183657471,41.434132911
2023S000211    ,3,Sants-Montjuïc,17,Sants - Badal,36100,Bassegoda,0002 0002,Thursday,2023,1,January,12,Afternoon,19,No és causa del  vianant,Taxi,Dona,52,Pedestrian,En pas regulat per semàfor                                                                                                                            ,Oci i entreteniment,Unknown,Ferit lleu: Hospitalització fins a 24h,427029    ,4580999.55,2.126255757,41.375360206