Case_Number,District_Code,District_Name,Neighborhood_Code,Neighborhood_Name,Street_Code,Street_Name,Postal_Code,Day_of_Week,Year,Month_Code,Month_Name,Day_of_Month,Shift_Description,Hour_of_Day,Pedestrian_Cause_Description,Involved_Vehicle_Type,Gender_Description,Age,Person_Type_Description,Pedestrian_Accident_Location_Description,Pedestrian_Movement_Reason_Description,Driver_Movement_Reason_Description,Victimization_Description,UTM_X_Coordinate,UTM_Y_Coordinate,Longitude,Latitude
2023S000212    ,9,Sant Andreu,57,la Trinitat Vella,209900,Meridiana,0672 0680,Dimecres,2023,1,January,11,Night,5,No és causa del  vianant,Motorcycle,Home,38,Driver,Desconegut                                                                                                                                            ,Unknown,In itínere,Ferit lleu: Hospitalització fins a 24h,432288.3  ,4588965.24,2.188250599,41.447564774
2023S000213    ,2,Eixample,5,el Fort Pienc,100800,Diputació,0473 0473,Thursday,2023,1,January,12,Afternoon,19,No és causa del  vianant,Motorcycle,Home,32,Driver,Desconegut                                                                                                                                            ,Unknown,Altres activitats,Ferit lleu: Hospitalització fins a 24h,431648.46 ,4583800.82,2.181175486,41.400996311
2023S000214    ,2,Eixample,7,la Dreta de l'Eixample,247659,Pau Claris,0171 0171,Thursday,2023,1,January,12,Afternoon,19,No és causa del  vianant,Motorcycle,Home,27,Passatger,Desconegut                                                                                                                                            ,Unknown,Unknown,Ferit lleu: Hospitalització fins a 24h,430121.86 ,4583246.63,2.162978379,41.395873604
2023S000214    ,2,Eixample,7,la Dreta de l'Eixample,247659,Pau Claris,0171 0171,Thursday,2023,1,January,12,Afternoon,19,No és causa del  vianant,Motorcycle,Dona,25,Driver,Desconegut                                                                                                                                            ,Unknown,Es desconeix,Ferit lleu: Hospitalització fins a 24h,430121.86 ,4583246.63,2.162978379,41.395873604
2023S000215    ,7,Horta-Guinardó,39,Sant Genís dels Agudells,701502,B-20 (Besòs),001010000,Thursday,2023,1,January,12,Afternoon,19,No és causa del  vianant,Motorcycle,Dona,26,Driver,Desconegut                                                                                                                                            ,Unknown,Altres activitats,Ferit lleu: Hospitalització fins a 24h,428228.63 ,4585994.72,2.140007477,41.42045771
2023S000216    ,5,Sarrià-Sant Gervasi,23,Sarrià,701267,Dalt (Besòs),000750000,Thursday,2023,1,January,12,Afternoon,21,No és causa del  vianant,Bus,Home,50,Passatger,Desconegut                                                                                                                                            ,Unknown,Unknown,Ferit lleu: Hospitalització fins a 24h,426322.97 ,4584177.16,2.117426982,41.403915215
2023S000217    ,5,Sarrià-Sant Gervasi,27,el Putxet i el Farró,369306,Saragossa,0130 0130,Thursday,2023,1,January,12,Afternoon,20,No és causa del  vianant,Motorcycle,Dona,26,Driver,Desconegut                                                                                                                                            ,Unknown,En missió,Ferit lleu: Hospitalització fins a 24h,428559.02 ,4584322.86,2.14415826,41.405429399
2023S000217    ,5,Sarrià-Sant Gervasi,27,el Putxet i el Farró,369306,Saragossa,0130 0130,Thursday,2023,1,January,12,Afternoon,20,No és causa del  vianant,Motorcycle,Home,30,Driver,Desconegut                                                                                                                                            ,Unknown,Oci i entreteniment,Ferit lleu: Hospitalització fins a 24h,428559.02 ,4584322.86,2.14415826,41.405429399
2023S000218    ,2,Eixample,7,la Dreta de l'Eixample,268003,Provença,0343 0343,Thursday,2023,1,January,12,Afternoon,16,No és causa del  vianant,Veh. mobilitat personal amb motor,Home,37,Driver,Desconegut                                                                                                                                            ,Unknown,In itínere,Ferit lleu: Hospitalització fins a 24h,430599.12 ,4583712.76,2.168633427,41.400113241
2023S000219    ,9,Sant Andreu,59,el Bon Pastor,295709,Sant Adrià,0122 0124,Thursday,2023,1,January,12,Afternoon,20,No és causa del  vianant,Motorcycle,Dona,30,Driver,Desconegut                                                                                                                                            ,Unknown,Es desconeix,Ferit lleu: Hospitalització fins a 24h,433537.03 ,4587671.32,2.203341061,41.436015265
2023S000220    ,10,Sant Martí,73,la Verneda i la Pau,153205,Guipúscoa,0137 0139,Thursday,2023,1,January,12,Afternoon,21,No és causa del  vianant,Ciclomotor,Dona,27,Passatger,Desconegut                                                                                                                                            ,Unknown,Unknown,Ferit lleu: Amb assistència sanitària en lloc d'accident,433653.97 ,4586136.52,2.204909198,41.422201441
2023S000220    ,10,Sant Martí,73,la Verneda i la Pau,153205,Guipúscoa,0137 0139,Thursday,2023,1,January,12,Afternoon,21,No és causa del  vianant,Motorcycle,Home,28,Driver,Desconegut                                                                                                                                            ,Unknown,Oci i entreteniment,Ferit lleu: Hospitalització fins a 24h,433653.97 ,4586136.52,2.204909198,41.422201441
2023S000221    ,8,Nou Barris,53,la Trinitat Nova,291300,S'Agaró,0001 0001,Thursday,2023,1,January,12,Night,23,No és causa del  vianant,Motorcycle,Home,23,Passatger,Desconegut                                                                                                                                            ,Unknown,Unknown,Ferit lleu: Hospitalització fins a 24h,432153.8  ,4588923.58,2.186645242,41.447178194
2023S000221    ,8,Nou Barris,53,la Trinitat Nova,291300,S'Agaró,0001 0001,Thursday,2023,1,January,12,Night,23,No és causa del  vianant,Motorcycle,Home,24,Driver,Desconegut                                                                                                                                            ,Unknown,Es desconeix,Ferit lleu: Hospitalització fins a 24h,432153.8  ,4588923.58,2.186645242,41.447178194
2023S000222    ,10,Sant Martí,70,el Besòs i el Maresme,94300,Cristóbal de Moura,0165 0165,Friday,2023,1,January,13,Morning,7,No és causa del  vianant,Motorcycle,Home,57,Driver,Desconegut                                                                                                                                            ,Unknown,In itínere,Ferit lleu: Amb assistència sanitària en lloc d'accident,434074.47 ,4585183.13,2.210044855,41.41364914
2023S000223    ,10,Sant Martí,69,Diagonal Mar i el Front Marítim del Poblenou,701266,Litoral (Llobregat),000660000,Friday,2023,1,January,13,Morning,8,No és causa del  vianant,Motorcycle,Dona,46,Driver,Desconegut                                                                                                                                            ,Unknown,In itínere,Ferit lleu: Hospitalització fins a 24h,434299.84 ,4583908.15,2.212879771,41.402184166
2023S000224    ,2,Eixample,9,la Nova Esquerra de l'Eixample,162002,Josep Tarradellas,0062 0062,Friday,2023,1,January,13,Morning,7,No és causa del  vianant,Furgoneta,Home,37,Passatger,Desconegut                                                                                                                                            ,Unknown,Unknown,Ferit lleu: Hospitalització fins a 24h,428448.42 ,4582104.05,2.143097502,41.385435572
2023S000224    ,2,Eixample,9,la Nova Esquerra de l'Eixample,162002,Josep Tarradellas,0062 0062,Friday,2023,1,January,13,Morning,7,No és causa del  vianant,Furgoneta,Home,45,Driver,Desconegut                                                                                                                                            ,Unknown,Es desconeix,Ferit lleu: Hospitalització fins a 24h,428448.42 ,4582104.05,2.143097502,41.385435572
2023S000225    ,7,Horta-Guinardó,43,Horta,701080,Estatut,0001 0001,Friday,2023,1,January,13,Morning,11,No és causa del  vianant,Motorcycle,Home,33,Driver,Desconegut                                                                                                                                            ,Unknown,Es desconeix,Ferit lleu: Amb assistència sanitària en lloc d'accident,429578.3  ,4586995.75,2.156040252,41.429593088
2023S000226    ,3,Sants-Montjuïc,18,Sants,48404,Brasil,0028 0030,Friday,2023,1,January,13,Morning,9,No és causa del  vianant,Ciclomotor,Dona,37,Pedestrian,En pas regulat per semàfor                                                                                                                            ,Unknown,Unknown,Ferit lleu: Hospitalització fins a 24h,427339.93 ,4581173.57,2.129952715,41.376955687
2023S000227    ,4,Les Corts,19,les Corts,66508,Carles III,0068 0068,Friday,2023,1,January,13,Morning,12,No és causa del  vianant,Motorcycle,Home,27,Driver,Desconegut                                                                                                                                            ,Unknown,In itínere,Ferit lleu: Amb assistència sanitària en lloc d'accident,427165.4  ,4582013.34,2.127764802,41.384503382
2023S000228    ,8,Nou Barris,44,Vilapicina i la Torre Llobeta,194406,Maragall,0346 0348,Friday,2023,1,January,13,Morning,8,No és causa del  vianant,Bicicleta,Dona,69,Pedestrian,En pas regulat per semàfor                                                                                                                            ,Es desconeix,Unknown,Ferit lleu: Hospitalització fins a 24h,430408.36 ,4586777.12,2.165998908,41.427696356
2023S000229    ,2,Eixample,10,Sant Antoni,169409,Corts Catalanes,0468 0468,Friday,2023,1,January,13,Morning,12,No és causa del  vianant,Veh. mobilitat personal amb motor,Home,25,Driver,Desconegut                                                                                                                                            ,Unknown,Es desconeix,Ferit lleu: Amb assistència sanitària en lloc d'accident,429495.19 ,4581450.36,2.155691971,41.379640473
2023S000230    ,3,Sants-Montjuïc,11,el Poble-sec,701349,Drassanes,0002X0002X,Friday,2023,1,January,13,Morning,13,No és causa del  vianant,Tot terreny,Dona,28,Passatger,Desconegut                                                                                                                                            ,Unknown,Unknown,Ferit lleu: Hospitalització fins a 24h,431242.62 ,4580854.67,2.176655418,41.37442656
2023S000230    ,3,Sants-Montjuïc,11,el Poble-sec,701349,Drassanes,0002X0002X,Friday,2023,1,January,13,Morning,13,No és causa del  vianant,Tot terreny,Home,60,Driver,Desconegut                                                                                                                                            ,Unknown,Es desconeix,Ferit lleu: Rebutja assistència sanitària,431242.62 ,4580854.67,2.176655418,41.37442656
2023S000231    ,7,Horta-Guinardó,43,Horta,701309,Botticelli,0001X0001X,Friday,2023,1,January,13,Afternoon,14,No és causa del  vianant,Motorcycle,Dona,55,Driver,Desconegut                                                                                                                                            ,Unknown,Es desconeix,Ferit lleu: Hospitalització fins a 24h,429270.14 ,4587461.07,2.152297976,41.433756942
2023S000232    ,2,Eixample,8,l'Antiga Esquerra de l'Eixample,18505,Aragó,0187 0187,Friday,2023,1,January,13,Afternoon,14,No és causa del  vianant,Motorcycle,Dona,48,Driver,Desconegut                                                                                                                                            ,Unknown,Es desconeix,Ferit lleu: Hospitalització fins a 24h,429748.98 ,4582339.33,2.158623665,41.387669351
2023S000233    ,2,Eixample,10,Sant Antoni,349706,Comte d'Urgell,0041 0041,Friday,2023,1,January,13,Afternoon,14,No és causa del  vianant,Motorcycle,Home,25,Driver,Desconegut                                                                                                                                            ,Unknown,In itínere,Ferit lleu: Hospitalització fins a 24h,429841.22 ,4581617.31,2.159810459,41.381174403
2023S000234    ,7,Horta-Guinardó,33,el Baix Guinardó,238400,Padilla,0341 0341,Friday,2023,1,January,13,Morning,13,No és causa del  vianant,Motorcycle,Dona,23,Driver,Desconegut                                                                                                                                            ,Unknown,Oci i entreteniment,Ferit lleu: Amb assistència sanitària en lloc d'accident,430870.98 ,4584770.25,2.171764513,41.409661142
2023S000235    ,10,Sant Martí,64,el Camp de l'Arpa del Clot,209900,Meridiana,0151B0151B,Friday,2023,1,January,13,Morning,13,No és causa del  vianant,Motorcycle,Home,45,Driver,Desconegut                                                                                                                                            ,Unknown,In itínere,Ferit lleu: Rebutja assistència sanitària,432136.49 ,4585039.63,2.186874308,41.412195273
2023S000236    ,5,Sarrià-Sant Gervasi,26,Sant Gervasi - Galvany,32700,Balmes,0365 0365,Friday,2023,1,January,13,Afternoon,14,Desobeir el senyal del semàfor,Motorcycle,Home,14,Pedestrian,En pas regulat per semàfor                                                                                                                            ,Unknown,Unknown,Ferit lleu: Hospitalització fins a 24h,428270.55 ,4584213.39,2.140720367,41.404417745
2023S000236    ,5,Sarrià-Sant Gervasi,26,Sant Gervasi - Galvany,32700,Balmes,0365 0365,Friday,2023,1,January,13,Afternoon,14,Desobeir el senyal del semàfor,Motorcycle,Home,55,Driver,En pas regulat per semàfor                                                                                                                            ,Unknown,Es desconeix,Ferit lleu: Hospitalització fins a 24h,428270.55 ,4584213.39,2.140720367,41.404417745
2023S000237    ,2,Eixample,8,l'Antiga Esquerra de l'Eixample,223606,Muntaner,0057B0057B,Friday,2023,1,January,13,Afternoon,14,No és causa del  vianant,Car,Dona,88,Passatger,Desconegut                                                                                                                                            ,Unknown,Unknown,Ferit lleu: Amb assistència sanitària en lloc d'accident,429843.94 ,4582176.52,2.159778201,41.386211266
2023S000238    ,9,Sant Andreu,59,el Bon Pastor,18902,Arbeca,0063 0063,Friday,2023,1,January,13,Morning,9,No és causa del  vianant,Car,Home,21,Driver,Desconegut                                                                                                                                            ,Unknown,Es desconeix,Ferit lleu: Hospitalització fins a 24h,433765.52 ,4588067.72,2.206032263,41.439604411
2023S000239    ,9,Sant Andreu,61,la Sagrera,209900,Meridiana,0287 0291,Friday,2023,1,January,13,Afternoon,16,No és causa del  vianant,Bus,Dona,47,Passatger,Desconegut                                                                                                                                            ,Unknown,Unknown,Ferit lleu: Hospitalització fins a 24h,432125.47 ,4586281.49,2.186603031,41.423379389
2023S000239    ,9,Sant Andreu,61,la Sagrera,209900,Meridiana,0287 0291,Friday,2023,1,January,13,Afternoon,16,No és causa del  vianant,Bus,Home,65,Passatger,Desconegut                                                                                                                                            ,Unknown,Unknown,Ferit lleu: Hospitalització fins a 24h,432125.47 ,4586281.49,2.186603031,41.423379389
2023S000240    ,7,Horta-Guinardó,35,el Guinardó,297001,Sant Antoni Maria Claret,0207 0207,Friday,2023,1,January,13,Afternoon,16,No és causa del  vianant,Motorcycle,Dona,38,Passatger,Desconegut                                                                                                                                            ,Unknown,Unknown,Ferit lleu: Hospitalització fins a 24h,431505.83 ,4585332.32,2.179295913,41.414777908
2023S000240    ,7,Horta-Guinardó,35,el Guinardó,297001,Sant Antoni Maria Claret,0207 0207,Friday,2023,1,January,13,Afternoon,16,No és causa del  vianant,Motorcycle,Home,38,Driver,Desconegut                                                                                                                                            ,Unknown,Oci i entreteniment,Ferit lleu: Hospitalització fins a 24h,431505.83 ,4585332.32,2.179295913,41.414777908
2023S000241    ,7,Horta-Guinardó,43,Horta,157308,Horta a Cerdanyola,0106 0106,Friday,2023,1,January,13,Afternoon,17,No és causa del  vianant,Motorcycle,Home,24,Driver,Desconegut                                                                                                                                            ,Unknown,Oci i entreteniment,Ferit lleu: Hospitalització fins a 24h,429071.76 ,4588701.95,2.149778037,41.44491551
2023S000243    ,7,Horta-Guinardó,35,el Guinardó,194406,Maragall,0059 0061,Friday,2023,1,January,13,Afternoon,19,No és causa del  vianant,Motorcycle,Home,24,Driver,Desconegut                                                                                                                                            ,Unknown,Es desconeix,Ferit lleu: Hospitalització fins a 24h,431583.89 ,4585533.26,2.180207124,41.416594363
2023S000244    ,2,Eixample,8,l'Antiga Esquerra de l'Eixample,169409,Corts Catalanes,0583 0583,Friday,2023,1,January,13,Afternoon,20,No és causa del  vianant,Motorcycle,Home,24,Driver,Desconegut                                                                                                                                            ,Unknown,Oci i entreteniment,Ferit lleu: Amb assistència sanitària en lloc d'accident,430121.36 ,4582099.83,2.163104777,41.385544703
2023S000245    ,2,Eixample,8,l'Antiga Esquerra de l'Eixample,191204,Mallorca,0133 0133,Friday,2023,1,January,13,Afternoon,20,No és causa del  vianant,Motorcycle,Home,67,Driver,Desconegut                                                                                                                                            ,Unknown,Es desconeix,Ferit lleu: Rebutja assistència sanitària,429412.03 ,4582345.82,2.154593167,41.38769829
2023S000246    ,4,Les Corts,20,la Maternitat i Sant Ramon,701434,Mig (Descendent),000190000,Friday,2023,1,January,13,Night,22,No és causa del  vianant,Motorcycle,Home,31,Driver,Desconegut                                                                                                                                            ,Unknown,Es desconeix,Ferit greu: hospitalització superior a 24h,427191.1  ,4581776.77,2.128100585,41.382375016
2023S000247    ,2,Eixample,10,Sant Antoni,198804,Paral·lel,0130B0132,Friday,2023,1,January,13,Afternoon,20,No és causa del  vianant,Motorcycle,Home,50,Driver,Desconegut                                                                                                                                            ,Unknown,Es desconeix,Ferit lleu: Amb assistència sanitària en lloc d'accident,429971.35 ,4580950.64,2.161443664,41.375181254
2023S000248    ,10,Sant Martí,65,el Clot,209900,Meridiana,0204 0204,Friday,2023,1,January,13,Afternoon,20,No és causa del  vianant,Motorcycle,Home,33,Passatger,Desconegut                                                                                                                                            ,Unknown,Unknown,Ferit lleu: Amb assistència sanitària en lloc d'accident,432167.38 ,4585295.01,2.187215229,41.414498012
2023S000248    ,10,Sant Martí,65,el Clot,209900,Meridiana,0204 0204,Friday,2023,1,January,13,Afternoon,20,No és causa del  vianant,Motorcycle,Home,35,Driver,Desconegut                                                                                                                                            ,Unknown,Es desconeix,Ferit lleu: Hospitalització fins a 24h,432167.38 ,4585295.01,2.187215229,41.414498012
2023S000249    ,4,Les Corts,19,les Corts,84907,Comas,0011 0012,Friday,2023,1,January,13,Afternoon,20,Altres,Bicicleta,Dona,80,Pedestrian,En pas regulat per semàfor                                                                                                                            ,Es desconeix,Unknown,Ferit greu: hospitalització superior a 24h,427374.31 ,4582092.26,2.13025365,41.38523308
2023S000251    ,2,Eixample,9,la Nova Esquerra de l'Eixample,169409,Corts Catalanes,0407 0409,Friday,2023,1,January,13,Afternoon,20,No és causa del  vianant,Veh. mobilitat personal amb motor,Dona,16,Driver,Desconegut                                                                                                                                            ,Unknown,Es desconeix,Ferit lleu: Hospitalització fins a 24h,429167.08 ,4581201.32,2.151797559,41.377368619
2023S000253    ,6,Gràcia,31,la Vila de Gràcia,340406,Torrent de les Flors,0041 0041,Saturday,2023,1,January,14,Morning,8,No és causa del  vianant,Veh. mobilitat personal amb motor,Home,31,Driver,Desconegut                                                                                                                                            ,Unknown,Es desconeix,Ferit lleu: Amb assistència sanitària en lloc d'accident,429921.11 ,4584361.26,2.160448111,41.405895214
2023S000255    ,10,Sant Martí,73,la Verneda i la Pau,153205,Guipúscoa,0178 0178,Saturday,2023,1,January,14,Morning,12,No és causa del  vianant,Car,Dona,37,Passatger,Desconegut                                                                                                                                            ,Unknown,Unknown,Ferit lleu: Amb assistència sanitària en lloc d'accident,433983.96 ,4586430.89,2.208825686,41.42487995
2023S000256    ,5,Sarrià-Sant Gervasi,25,Sant Gervasi - la Bonanova,701268,Dalt (Llobregat),000840000,Diumenge,2023,1,January,15,Morning,13,No és causa del  vianant,Car,Dona,50,Passatger,Desconegut                                                                                                                                            ,Unknown,Unknown,Ferit lleu: Hospitalització fins a 24h,427128.56 ,4584966.81,2.126968592,41.411100713
2023S000256    ,5,Sarrià-Sant Gervasi,25,Sant Gervasi - la Bonanova,701268,Dalt (Llobregat),000840000,Diumenge,2023,1,January,15,Morning,13,No és causa del  vianant,Car,Dona,9,Passatger,Desconegut                                                                                                                                            ,Unknown,Unknown,Ferit lleu: Hospitalització fins a 24h,427128.56 ,4584966.81,2.126968592,41.411100713
2023S000256    ,5,Sarrià-Sant Gervasi,25,Sant Gervasi - la Bonanova,701268,Dalt (Llobregat),000840000,Diumenge,2023,1,January,15,Morning,13,No és causa del  vianant,Car,Home,12,Passatger,Desconegut                                                                                                                                            ,Unknown,Unknown,Ferit lleu: Hospitalització fins a 24h,427128.56 ,4584966.81,2.126968592,41.411100713
2023S000256    ,5,Sarrià-Sant Gervasi,25,Sant Gervasi - la Bonanova,701268,Dalt (Llobregat),000840000,Diumenge,2023,1,January,15,Morning,13,No és causa del  vianant,Car,Home,51,Driver,Desconegut                                                                                                                                            ,Unknown,Oci i entreteniment,Ferit lleu: Amb assistència sanitària en lloc d'accident,427128.56 ,4584966.81,2.126968592,41.411100713
2023S000257    ,8,Nou Barris,45,Porta,700021,Andreu Nin,0022 0052,Saturday,2023,1,January,14,Morning,12,No és causa del  vianant,Motorcycle,Home,25,Driver,Desconegut                                                                                                                                            ,Unknown,Altres activitats,Ferit lleu: Hospitalització fins a 24h,431765.43 ,4587635.51,2.182141834,41.435544071
2023S000258    ,7,Horta-Guinardó,42,la Clota,700921,Clota,9999 9999,Saturday,2023,1,January,14,Morning,13,No és causa del  vianant,Motorcycle,Home,70,Driver,Desconegut                                                                                                                                            ,Unknown,Altres activitats,Ferit lleu: Amb assistència sanitària en lloc d'accident,429022.46 ,4586612.7 ,2.149433433,41.426094162
2023S000259    ,2,Eixample,7,la Dreta de l'Eixample,148307,Gràcia,0084 0084,Saturday,2023,1,January,14,Morning,12,No és causa del  vianant,Autobús articulat,Home,65,Passatger,Desconegut                                                                                                                                            ,Unknown,Unknown,Ferit lleu: Hospitalització fins a 24h,430092.87 ,4583083.16,2.162650512,41.394398763
2023S000260    ,10,Sant Martí,71,Provençals del Poblenou,253902,Perú,0140 0142,Saturday,2023,1,January,14,Morning,13,No és causa del  vianant,Bicicleta,Home,27,Driver,Desconegut                                                                                                                                            ,Unknown,Oci i entreteniment,Ferit lleu: Hospitalització fins a 24h,433186.49 ,4584891.95,2.19945291,41.410953186
2023S000261    ,2,Eixample,6,la Sagrada Família,191204,Mallorca,0417 0417,Saturday,2023,1,January,14,Afternoon,17,No és causa del  vianant,Motorcycle,Home,24,Driver,Desconegut                                                                                                                                            ,Unknown,Oci i entreteniment,Ferit lleu: Hospitalització fins a 24h,431277.27 ,4584186.43,2.176691518,41.404437721
2023S000262    ,2,Eixample,7,la Dreta de l'Eixample,247659,Pau Claris,0076 0076,Saturday,2023,1,January,14,Afternoon,18,No és causa del  vianant,Car,Dona,1,Passatger,Desconegut                                                                                                                                            ,Unknown,Unknown,Ferit lleu: Hospitalització fins a 24h,430856.83 ,4582509.89,2.171853519,41.389301578
2023S000262    ,2,Eixample,7,la Dreta de l'Eixample,247659,Pau Claris,0076 0076,Saturday,2023,1,January,14,Afternoon,18,No és causa del  vianant,Car,Dona,38,Passatger,Desconegut                                                                                                                                            ,Unknown,Unknown,Ferit lleu: Hospitalització fins a 24h,430856.83 ,4582509.89,2.171853519,41.389301578
2023S000262    ,2,Eixample,7,la Dreta de l'Eixample,247659,Pau Claris,0076 0076,Saturday,2023,1,January,14,Afternoon,18,No és causa del  vianant,Car,Home,24,Passatger,Desconegut                                                                                                                                            ,Unknown,Unknown,Ferit lleu: Amb assistència sanitària en lloc d'accident,430856.83 ,4582509.89,2.171853519,41.389301578
2023S000262    ,2,Eixample,7,la Dreta de l'Eixample,247659,Pau Claris,0076 0076,Saturday,2023,1,January,14,Afternoon,18,No és causa del  vianant,Taxi,Home,48,Driver,Desconegut                                                                                                                                            ,Unknown,En missió,Ferit lleu: Rebutja assistència sanitària,430856.83 ,4582509.89,2.171853519,41.389301578
2023S000262    ,2,Eixample,7,la Dreta de l'Eixample,247659,Pau Claris,0076 0076,Saturday,2023,1,January,14,Afternoon,18,No és causa del  vianant,Car,Home,23,Driver,Desconegut                                                                                                                                            ,Unknown,Es desconeix,Ferit lleu: Amb assistència sanitària en lloc d'accident,430856.83 ,4582509.89,2.171853519,41.389301578
2023S000262    ,2,Eixample,7,la Dreta de l'Eixample,247659,Pau Claris,0076 0076,Saturday,2023,1,January,14,Afternoon,18,No és causa del  vianant,Car,Home,47,Driver,Desconegut                                                                                                                                            ,Unknown,Es desconeix,Ferit lleu: Hospitalització fins a 24h,430856.83 ,4582509.89,2.171853519,41.389301578
2023S000263    ,9,Sant Andreu,61,la Sagrera,209900,Meridiana,0278 0278,Saturday,2023,1,January,14,Afternoon,15,No és causa del  vianant,Bus,Dona,61,Passatger,Desconegut                                                                                                                                            ,Unknown,Unknown,Ferit lleu: Hospitalització fins a 24h,432175.72 ,4586039.62,2.18723147,41.421205188
2023S000264    ,8,Nou Barris,52,la Prosperitat,701268,Dalt (Llobregat),001550000,Saturday,2023,1,January,14,Afternoon,18,No és causa del  vianant,Car,Home,29,Driver,Desconegut                                                                                                                                            ,Unknown,Es desconeix,Ferit lleu: Hospitalització fins a 24h,432217.32 ,4588883.98,2.187410054,41.4468269
2023S000265    ,10,Sant Martí,73,la Verneda i la Pau,15201,Andrade,0224 0228,Saturday,2023,1,January,14,Afternoon,17,No és causa del  vianant,Veh. mobilitat personal amb motor,Dona,82,Pedestrian,A la vorera / Andana                                                                                                                                  ,Unknown,Unknown,Ferit lleu: Hospitalització fins a 24h,433683.88 ,4585776.49,2.205306601,41.41896122
2023S000266    ,3,Sants-Montjuïc,11,el Poble-sec,213307,Miramar,9998 9998,Saturday,2023,1,January,14,Afternoon,18,No és causa del  vianant,Motorcycle,Dona,36,Passatger,Desconegut                                                                                                                                            ,Unknown,Unknown,Ferit lleu: Amb assistència sanitària en lloc d'accident,430147.04 ,4580256.91,2.163624399,41.368948308
2023S000266    ,3,Sants-Montjuïc,11,el Poble-sec,213307,Miramar,9998 9998,Saturday,2023,1,January,14,Afternoon,18,No és causa del  vianant,Motorcycle,Dona,32,Driver,Desconegut                                                                                                                                            ,Unknown,Es desconeix,Ferit lleu: Amb assistència sanitària en lloc d'accident,430147.04 ,4580256.91,2.163624399,41.368948308
2023S000267    ,2,Eixample,9,la Nova Esquerra de l'Eixample,191204,Mallorca,0118 0118,Saturday,2023,1,January,14,Afternoon,19,No és causa del  vianant,Motorcycle,Home,28,Driver,Desconegut                                                                                                                                            ,Unknown,Oci i entreteniment,Ferit lleu: Amb assistència sanitària en lloc d'accident,429260.74 ,4582212.74,2.152799369,41.386486386
2023S000268    ,2,Eixample,8,l'Antiga Esquerra de l'Eixample,18505,Aragó,0203 0203,Saturday,2023,1,January,14,Afternoon,20,No és causa del  vianant,Motorcycle,Home,27,Driver,Desconegut                                                                                                                                            ,Unknown,Oci i entreteniment,Ferit lleu: Hospitalització fins a 24h,429830.93 ,4582396.05,2.15959717,41.388187366
2023S000269    ,1,Ciutat Vella,1,el Raval,177305,Lleialtat,0006B0006B,Saturday,2023,1,January,14,Night,23,No és causa del  vianant,Veh. mobilitat personal amb motor,Home,14,Driver,Desconegut                                                                                                                                            ,Unknown,Oci i entreteniment,Ferit lleu: Hospitalització fins a 24h,430427.24 ,4581159.64,2.166870831,41.37710322
2023S000270    ,3,Sants-Montjuïc,13,la Marina de Port,265504,Prat,0036 0036,Saturday,2023,1,January,14,Afternoon,18,No és causa del  vianant,Veh. mobilitat personal amb motor,Home,53,Pedestrian,A la vorera / Andana                                                                                                                                  ,In itinere,Unknown,Ferit lleu: Hospitalització fins a 24h,427638.21 ,4579304.62,2.133742527,41.360149613
2023S000271    ,9,Sant Andreu,59,el Bon Pastor,264308,Potosí,0018 0018,Saturday,2023,1,January,14,Afternoon,17,No és causa del  vianant,Car,Dona,30,Passatger,Desconegut                                                                                                                                            ,Unknown,Unknown,Ferit lleu: Hospitalització fins a 24h,433499.34 ,4588462.36,2.202802853,41.443136796
2023S000272    ,9,Sant Andreu,57,la Trinitat Vella,701265,Litoral (Besòs),000020000,Diumenge,2023,1,January,15,Morning,6,No és causa del  vianant,Motorcycle,Dona,40,Driver,Desconegut                                                                                                                                            ,Unknown,Es desconeix,Ferit greu: hospitalització superior a 24h,433363.25 ,4582786.07,2.201799588,41.39200074
2023S000273    ,2,Eixample,6,la Sagrada Família,76807,Sardenya,0245 0245,Saturday,2023,1,January,14,Afternoon,18,No és causa del  vianant,Motorcycle,Home,24,Driver,Desconegut                                                                                                                                            ,Unknown,Es desconeix,Ferit lleu: Hospitalització fins a 24h,431264.72 ,4583795.85,2.176585763,41.400918815
2023S000274    ,6,Gràcia,28,Vallcarca i els Penitents,158107,Vallcarca,0099 0099,Saturday,2023,1,January,14,Morning,9,No és causa del  vianant,Motorcycle,Home,57,Driver,Desconegut                                                                                                                                            ,Unknown,Es desconeix,Ferit lleu: Hospitalització fins a 24h,428681.18 ,4584971.95,2.145543083,41.411286352
2023S000275    ,5,Sarrià-Sant Gervasi,27,el Putxet i el Farró,143904,General Mitre,0190 0190,Diumenge,2023,1,January,15,Morning,7,No és causa del  vianant,Ciclomotor,Dona,27,Passatger,Desconegut                                                                                                                                            ,Unknown,Unknown,Ferit lleu: Amb assistència sanitària en lloc d'accident,428548.26 ,4584303.74,2.1440318,41.405256236
2023S000275    ,5,Sarrià-Sant Gervasi,27,el Putxet i el Farró,143904,General Mitre,0190 0190,Diumenge,2023,1,January,15,Morning,7,No és causa del  vianant,Ciclomotor,Dona,27,Driver,Desconegut                                                                                                                                            ,Unknown,Es desconeix,Ferit lleu: Hospitalització fins a 24h,428548.26 ,4584303.74,2.1440318,41.405256236