Case_Number,District_Code,District_Name,Neighborhood_Code,Neighborhood_Name,Street_Code,Street_Name,Postal_Code,Day_of_Week,Year,Month_Code,Month_Name,Day_of_Month,Shift_Description,Hour_of_Day,Pedestrian_Cause_Description,Involved_Vehicle_Type,Gender_Description,Age,Person_Type_Description,Pedestrian_Accident_Location_Description,Pedestrian_Movement_Reason_Description,Driver_Movement_Reason_Description,Victimization_Description,UTM_X_Coordinate,UTM_Y_Coordinate,Longitude,Latitude
2023S000400    ,2,Eixample,5,el Fort Pienc,238400,Padilla,0142 0142,Friday,2023,1,January,20,Night,22,No és causa del  vianant,Car,Dona,73,Pedestrian,Altres                                                                                                                                                ,Oci i entreteniment,Unknown,Ferit greu: hospitalització superior a 24h,431985.94 ,4583661.45,2.185228085,41.399769681
2023S000400    ,2,Eixample,5,el Fort Pienc,238400,Padilla,0142 0142,Friday,2023,1,January,20,Night,22,No és causa del  vianant,Car,Home,79,Driver,Altres                                                                                                                                                ,Unknown,Oci i entreteniment,Ferit lleu: Amb assistència sanitària en lloc d'accident,431985.94 ,4583661.45,2.185228085,41.399769681
2023S000402    ,3,Sants-Montjuïc,12,la Marina del Prat Vermell,700127,Major de Mercabarna,0125 0125,Friday,2023,1,January,20,Afternoon,14,No és causa del  vianant,Motorcycle,Home,48,Driver,Desconegut                                                                                                                                            ,Unknown,En missió,Ferit lleu: Hospitalització fins a 24h,425845.4  ,4575752.83,2.112744772,41.327996746
2023S000402    ,3,Sants-Montjuïc,12,la Marina del Prat Vermell,700127,Major de Mercabarna,0125 0125,Friday,2023,1,January,20,Afternoon,14,No és causa del  vianant,Car,Home,46,Driver,Desconegut                                                                                                                                            ,Unknown,En missió,Ferit lleu: Hospitalització fins a 24h,425845.4  ,4575752.83,2.112744772,41.327996746
2023S000402    ,3,Sants-Montjuïc,12,la Marina del Prat Vermell,700127,Major de Mercabarna,0125 0125,Friday,2023,1,January,20,Afternoon,14,No és causa del  vianant,Car,Home,58,Driver,Desconegut                                                                                                                                            ,Unknown,En missió,Ferit lleu: Hospitalització fins a 24h,425845.4  ,4575752.83,2.112744772,41.327996746
2023S000403    ,1,Ciutat Vella,2,el Barri Gòtic,269108,Portal de la Pau,0007 0007,Saturday,2023,1,January,21,Morning,6,No és causa del  vianant,Motorcycle,Home,31,Passatger,Desconegut                                                                                                                                            ,Unknown,Unknown,Ferit lleu: Hospitalització fins a 24h,431258.87 ,4580951.93,2.176838686,41.375303944
2023S000403    ,1,Ciutat Vella,2,el Barri Gòtic,269108,Portal de la Pau,0007 0007,Saturday,2023,1,January,21,Morning,6,No és causa del  vianant,Motorcycle,Dona,29,Driver,Desconegut                                                                                                                                            ,Unknown,Es desconeix,Ferit lleu: Hospitalització fins a 24h,431258.87 ,4580951.93,2.176838686,41.375303944
2023S000403    ,1,Ciutat Vella,2,el Barri Gòtic,269108,Portal de la Pau,0007 0007,Saturday,2023,1,January,21,Morning,6,No és causa del  vianant,Car,Home,37,Driver,Desconegut                                                                                                                                            ,Unknown,Es desconeix,Ferit lleu: Rebutja assistència sanitària,431258.87 ,4580951.93,2.176838686,41.375303944
2023S000404    ,4,Les Corts,20,la Maternitat i Sant Ramon,144601,Diagonal,0645 0645,Friday,2023,1,January,20,Night,23,No és causa del  vianant,Veh. mobilitat personal amb motor,Home,17,Driver,Desconegut                                                                                                                                            ,Unknown,Oci i entreteniment,Ferit lleu: Amb assistència sanitària en lloc d'accident,426339.27 ,4582176.37,2.11786547,41.385896466
2023S000405    ,2,Eixample,6,la Sagrada Família,238400,Padilla,0218 0218,Friday,2023,1,January,20,Afternoon,21,No és causa del  vianant,Motorcycle,Home,26,Driver,Desconegut                                                                                                                                            ,Unknown,Oci i entreteniment,Ferit lleu: Amb assistència sanitària en lloc d'accident,431460.95 ,4584179.19,2.17888963,41.404388202
2023S000406    ,2,Eixample,7,la Dreta de l'Eixample,74506,Catalunya,0117 0117,Saturday,2023,1,January,21,Night,0,No és causa del  vianant,Motorcycle,Home,35,Driver,Desconegut                                                                                                                                            ,Unknown,Oci i entreteniment,Ferit lleu: Hospitalització fins a 24h,429774.77 ,4583089.18,2.158845112,41.394425253
2023S000407    ,4,Les Corts,19,les Corts,199909,Marquès de Sentmenat,0099X0099X,Friday,2023,1,January,20,Night,22,No és causa del  vianant,Ciclomotor,Home,27,Driver,Desconegut                                                                                                                                            ,Unknown,Es desconeix,Ferit lleu: Hospitalització fins a 24h,428408.37 ,4582110.79,2.142617747,41.385492712
2023S000409    ,7,Horta-Guinardó,39,Sant Genís dels Agudells,366909,Vista-rica,0015 0015,Saturday,2023,1,January,21,Morning,12,No és causa del  vianant,Bicicleta,Home,50,Driver,Desconegut                                                                                                                                            ,Unknown,Oci i entreteniment,Ferit lleu: Hospitalització fins a 24h,426838.28 ,4586769.19,2.123277643,41.427307535
2023S000410    ,2,Eixample,7,la Dreta de l'Eixample,32700,Balmes,0052 0052,Saturday,2023,1,January,21,Morning,13,No és causa del  vianant,Motorcycle,Home,36,Driver,Desconegut                                                                                                                                            ,Unknown,In itínere,Ferit lleu: Hospitalització fins a 24h,430092.25 ,4582527.68,2.162707247,41.389395681
2023S000411    ,2,Eixample,10,Sant Antoni,54509,Calàbria,0081 0081,Saturday,2023,1,January,21,Afternoon,14,No és causa del  vianant,Bicicleta,Home,32,Driver,Desconegut                                                                                                                                            ,Unknown,Es desconeix,Ferit lleu: Hospitalització fins a 24h,429555.55 ,4581336.38,2.156427011,41.378619182
2023S000412    ,2,Eixample,10,Sant Antoni,323203,Sepúlveda,0013 0013,Saturday,2023,1,January,21,Afternoon,16,No és causa del  vianant,Car,Dona,26,Pedestrian,En pas regulat per semàfor                                                                                                                            ,In itinere,Unknown,Ferit lleu: Hospitalització fins a 24h,429269.66 ,4581057.55,2.153040952,41.376082757
2023S000413    ,7,Horta-Guinardó,37,el Carmel,325504,Sigüenza,0122 0122,Saturday,2023,1,January,21,Morning,11,No és causa del  vianant,Motorcycle,Home,37,Driver,Desconegut                                                                                                                                            ,Unknown,Es desconeix,Ferit greu: hospitalització superior a 24h,429195.73 ,4586193.7 ,2.151555958,41.422335697
2023S000414    ,8,Nou Barris,45,Porta,256401,Pintor Alsamora,0065B0065B,Saturday,2023,1,January,21,Afternoon,17,No és causa del  vianant,Motorcycle,Dona,24,Driver,Desconegut                                                                                                                                            ,Unknown,Es desconeix,Ferit lleu: Amb assistència sanitària en lloc d'accident,431256.5  ,4587712.15,2.176042077,41.43619091
2023S000415    ,2,Eixample,7,la Dreta de l'Eixample,148307,Gràcia,0108 0108,Saturday,2023,1,January,21,Morning,12,No és causa del  vianant,Autobús articulat,Home,56,Passatger,Desconegut                                                                                                                                            ,Unknown,Unknown,Ferit lleu: Hospitalització fins a 24h,429906.02 ,4583287.07,2.160392036,41.396219039
2023S000416    ,3,Sants-Montjuïc,16,la Bordeta,701434,Mig (Descendent),000050000,Saturday,2023,1,January,21,Afternoon,18,No és causa del  vianant,Motorcycle,Dona,51,Passatger,Desconegut                                                                                                                                            ,Unknown,Unknown,Ferit lleu: Amb assistència sanitària en lloc d'accident,427578.77 ,4580280.39,2.132915382,41.368932683
2023S000417    ,10,Sant Martí,64,el Camp de l'Arpa del Clot,161101,Independència,0303 0303,Saturday,2023,1,January,21,Afternoon,16,No és causa del  vianant,Motorcycle,Home,25,Driver,Desconegut                                                                                                                                            ,Unknown,Es desconeix,Ferit lleu: Hospitalització fins a 24h,431748.64 ,4584647.26,2.182278336,41.408628456
2023S000418    ,10,Sant Martí,69,Diagonal Mar i el Front Marítim del Poblenou,175004,Jonquera,0001X0003X,Saturday,2023,1,January,21,Afternoon,19,No és causa del  vianant,Motorcycle,Home,49,Driver,Desconegut                                                                                                                                            ,Unknown,En missió,Ferit lleu: Hospitalització fins a 24h,433795.71 ,4583714.72,2.206870393,41.40040061
2023S000419    ,6,Gràcia,32,el Camp d'en Grassot i Gràcia Nova,56504,Camèlies,0042 0042,Saturday,2023,1,January,21,Afternoon,15,No és causa del  vianant,Motorcycle,Home,55,Driver,Desconegut                                                                                                                                            ,Unknown,Oci i entreteniment,Ferit lleu: Hospitalització fins a 24h,429953.15 ,4584975.96,2.160760208,41.411434392
2023S000420    ,10,Sant Martí,71,Provençals del Poblenou,94300,Cristóbal de Moura,0011X0011X,Saturday,2023,1,January,21,Afternoon,20,No és causa del  vianant,Motorcycle,Dona,28,Passatger,A la vorera / Andana                                                                                                                                  ,Unknown,Unknown,Ferit lleu: Rebutja assistència sanitària,433470.11 ,4584602.06,2.202877994,41.408365763
2023S000420    ,10,Sant Martí,71,Provençals del Poblenou,94300,Cristóbal de Moura,0011X0011X,Saturday,2023,1,January,21,Afternoon,20,No és causa del  vianant,Motorcycle,Dona,24,Driver,A la vorera / Andana                                                                                                                                  ,Unknown,Oci i entreteniment,Ferit lleu: Hospitalització fins a 24h,433470.11 ,4584602.06,2.202877994,41.408365763
2023S000422    ,2,Eixample,8,l'Antiga Esquerra de l'Eixample,245802,París,0185 0185,Saturday,2023,1,January,21,Afternoon,21,No és causa del  vianant,Motorcycle,Home,38,Driver,Desconegut                                                                                                                                            ,Unknown,Oci i entreteniment,Ferit lleu: Hospitalització fins a 24h,429269.91 ,4582970.53,2.152820499,41.393312346
2023S000424    ,9,Sant Andreu,59,el Bon Pastor,701321,São Paulo,0033 0033,Saturday,2023,1,January,21,Morning,12,No és causa del  vianant,Car,Home,30,Driver,Desconegut                                                                                                                                            ,Unknown,En missió,Ferit lleu: Hospitalització fins a 24h,433196.85 ,4588216.65,2.199209302,41.440898637
2023S000425    ,9,Sant Andreu,58,Baró de Viver,701497,B-10 (Llobregat),000040000,Diumenge,2023,1,January,22,Morning,11,No és causa del  vianant,Motorcycle,Home,31,Driver,Desconegut                                                                                                                                            ,Unknown,Oci i entreteniment,Ferit lleu: Hospitalització fins a 24h,433072.06 ,4589234.31,2.197602819,41.450053966
2023S000426    ,7,Horta-Guinardó,33,el Baix Guinardó,178308,Lepant,0410 0414,Diumenge,2023,1,January,22,Morning,10,No és causa del  vianant,Motorcycle,Home,41,Driver,Desconegut                                                                                                                                            ,Unknown,Es desconeix,Ferit lleu: Hospitalització fins a 24h,430635.91 ,4584873.08,2.168940449,41.410567034
2023S000427    ,10,Sant Martí,72,Sant Martí de Provençals,3406,Agricultura,0251 0251,Diumenge,2023,1,January,22,Morning,12,Altres,Veh. mobilitat personal amb motor,Home,4,Pedestrian,En pas regulat per semàfor                                                                                                                            ,Unknown,Unknown,Ferit lleu: Hospitalització fins a 24h,433270.56 ,4585763.3 ,2.200362543,41.418808183
2023S000428    ,10,Sant Martí,71,Provençals del Poblenou,701414,C-31,020750000,Diumenge,2023,1,January,22,Afternoon,15,No és causa del  vianant,Ciclomotor,Dona,58,Driver,Desconegut                                                                                                                                            ,Unknown,Es desconeix,Ferit lleu: Hospitalització fins a 24h,433372.35 ,4585277.86,2.201633992,41.41444441
2023S000430    ,3,Sants-Montjuïc,16,la Bordeta,169409,Corts Catalanes,0203 0203,Diumenge,2023,1,January,22,Afternoon,19,No és causa del  vianant,Motorcycle,Home,57,Driver,Desconegut                                                                                                                                            ,Unknown,Es desconeix,Ferit lleu: Hospitalització fins a 24h,428225.71 ,4580279.72,2.140650262,41.368984627
2023S000431    ,7,Horta-Guinardó,37,el Carmel,185700,Llobregós,0076 0076,Diumenge,2023,1,January,22,Afternoon,19,No és causa del  vianant,Car,Dona,60,Driver,Desconegut                                                                                                                                            ,Unknown,In itínere,Ferit lleu: Amb assistència sanitària en lloc d'accident,429768.54 ,4586546.08,2.158369151,41.425559752
2023S000431    ,7,Horta-Guinardó,37,el Carmel,185700,Llobregós,0076 0076,Diumenge,2023,1,January,22,Afternoon,19,No és causa del  vianant,Car,Dona,54,Driver,Desconegut                                                                                                                                            ,Unknown,Oci i entreteniment,Ferit lleu: Hospitalització fins a 24h,429768.54 ,4586546.08,2.158369151,41.425559752
2023S000432    ,2,Eixample,7,la Dreta de l'Eixample,18505,Aragó,0297 0297,Diumenge,2023,1,January,22,Afternoon,17,No és causa del  vianant,Motorcycle,Dona,12,Passatger,Desconegut                                                                                                                                            ,Unknown,Unknown,Ferit lleu: Hospitalització fins a 24h,430498.67 ,4583050.27,2.167507952,41.394137725
2023S000432    ,2,Eixample,7,la Dreta de l'Eixample,18505,Aragó,0297 0297,Diumenge,2023,1,January,22,Afternoon,17,No és causa del  vianant,Motorcycle,Home,41,Driver,Desconegut                                                                                                                                            ,Unknown,Oci i entreteniment,Ferit lleu: Hospitalització fins a 24h,430498.67 ,4583050.27,2.167507952,41.394137725
2023S000433    ,7,Horta-Guinardó,43,Horta,701080,Estatut,0001 0001,Diumenge,2023,1,January,22,Afternoon,18,No és causa del  vianant,Autobús articulat,Dona,76,Passatger,Desconegut                                                                                                                                            ,Unknown,Unknown,Ferit lleu: Hospitalització fins a 24h,429578.3  ,4586995.75,2.156040252,41.429593088
2023S000434    ,5,Sarrià-Sant Gervasi,23,Sarrià,165805,Jaume Piquet,0040 0040,Diumenge,2023,1,January,22,Afternoon,20,No és causa del  vianant,Motorcycle,Dona,28,Driver,En zona peatonal                                                                                                                                      ,Unknown,En missió,Ferit lleu: Amb assistència sanitària en lloc d'accident,426911.01 ,4583538.34,2.124538482,41.398215342
2023S000435    ,2,Eixample,7,la Dreta de l'Eixample,100800,Diputació,0252 0252,Diumenge,2023,1,January,22,Afternoon,21,No és causa del  vianant,Bicicleta,Home,28,Driver,Desconegut                                                                                                                                            ,Unknown,Es desconeix,Ferit lleu: Amb assistència sanitària en lloc d'accident,430345.56 ,4582527.49,2.165736808,41.389415958
2023S000436    ,2,Eixample,9,la Nova Esquerra de l'Eixample,287201,Roma,0030 0030,Diumenge,2023,1,January,22,Night,22,No és causa del  vianant,Car,Dona,20,Driver,Desconegut                                                                                                                                            ,Unknown,Oci i entreteniment,Ferit lleu: Amb assistència sanitària en lloc d'accident,428666.7  ,4581674.2 ,2.14575855,41.38158346
2023S000437    ,10,Sant Martí,72,Sant Martí de Provençals,30409,Bac de Roda,0203 0211,Diumenge,2023,1,January,22,Afternoon,21,No és causa del  vianant,Autobús articulat,Home,1,Passatger,Desconegut                                                                                                                                            ,Unknown,Unknown,Ferit lleu: Hospitalització fins a 24h,432757.88 ,4585350.78,2.194274059,41.415049971
2023S000438    ,2,Eixample,9,la Nova Esquerra de l'Eixample,227800,Nicaragua,0015 0015,Diumenge,2023,1,January,22,Night,22,No és causa del  vianant,Motorcycle,Dona,32,Driver,Desconegut                                                                                                                                            ,Unknown,In itínere,Ferit lleu: Hospitalització fins a 24h,428387.79 ,4581767.46,2.142412231,41.382398629
2023S000439    ,1,Ciutat Vella,3,la Barceloneta,10900,Pepe Rubianes,0035 0035,Diumenge,2023,1,January,22,Afternoon,21,No és causa del  vianant,Ciclomotor,Home,32,Driver,Desconegut                                                                                                                                            ,Unknown,Oci i entreteniment,Ferit lleu: Hospitalització fins a 24h,432504.11 ,4581340.31,2.191685112,41.378907457
2023S000442    ,10,Sant Martí,71,Provençals del Poblenou,30409,Bac de Roda,0130 0134,Dilluns,2023,1,January,23,Night,5,No és causa del  vianant,Motorcycle,Dona,30,Driver,Desconegut                                                                                                                                            ,Unknown,Es desconeix,Ferit lleu: Hospitalització fins a 24h,433375.14 ,4584699.57,2.201731089,41.409236139
2023S000443    ,8,Nou Barris,49,Canyelles,701267,Dalt (Besòs),001400000,Dilluns,2023,1,January,23,Morning,8,No és causa del  vianant,Motorcycle,Dona,19,Passatger,Desconegut                                                                                                                                            ,Unknown,Unknown,Ferit lleu: Rebutja assistència sanitària,430808.39 ,4588463.43,2.170592827,41.442918895
2023S000443    ,8,Nou Barris,49,Canyelles,701267,Dalt (Besòs),001400000,Dilluns,2023,1,January,23,Morning,8,No és causa del  vianant,Motorcycle,Home,19,Driver,Desconegut                                                                                                                                            ,Unknown,Es desconeix,Ferit lleu: Rebutja assistència sanitària,430808.39 ,4588463.43,2.170592827,41.442918895
2023S000444    ,2,Eixample,7,la Dreta de l'Eixample,18505,Aragó,0363 0363,Dilluns,2023,1,January,23,Morning,7,No és causa del  vianant,Furgoneta,Home,46,Passatger,Desconegut                                                                                                                                            ,Unknown,Unknown,Ferit lleu: Amb assistència sanitària en lloc d'accident,430946.12 ,4583467.3 ,2.172812181,41.397932353
2023S000444    ,2,Eixample,7,la Dreta de l'Eixample,18505,Aragó,0363 0363,Dilluns,2023,1,January,23,Morning,7,No és causa del  vianant,Car,Home,25,Passatger,Desconegut                                                                                                                                            ,Unknown,Unknown,Ferit lleu: Amb assistència sanitària en lloc d'accident,430946.12 ,4583467.3 ,2.172812181,41.397932353
2023S000444    ,2,Eixample,7,la Dreta de l'Eixample,18505,Aragó,0363 0363,Dilluns,2023,1,January,23,Morning,7,No és causa del  vianant,Car,Home,50,Passatger,Desconegut                                                                                                                                            ,Unknown,Unknown,Ferit lleu: Amb assistència sanitària en lloc d'accident,430946.12 ,4583467.3 ,2.172812181,41.397932353
2023S000444    ,2,Eixample,7,la Dreta de l'Eixample,18505,Aragó,0363 0363,Dilluns,2023,1,January,23,Morning,7,No és causa del  vianant,Furgoneta,Home,52,Driver,Desconegut                                                                                                                                            ,Unknown,En missió,Ferit lleu: Amb assistència sanitària en lloc d'accident,430946.12 ,4583467.3 ,2.172812181,41.397932353
2023S000445    ,2,Eixample,7,la Dreta de l'Eixample,89004,Consell de Cent,0311 0311,Dilluns,2023,1,January,23,Morning,10,No és causa del  vianant,Motorcycle,Home,45,Driver,Desconegut                                                                                                                                            ,Unknown,Es desconeix,Ferit lleu: Amb assistència sanitària en lloc d'accident,430116.31 ,4582488.18,2.16299956,41.389042009
2023S000446    ,5,Sarrià-Sant Gervasi,25,Sant Gervasi - la Bonanova,701268,Dalt (Llobregat),000850000,Dilluns,2023,1,January,23,Morning,8,No és causa del  vianant,Car,Home,45,Driver,Desconegut                                                                                                                                            ,Unknown,Es desconeix,Ferit lleu: Rebutja assistència sanitària,427052.99 ,4584880.78,2.126074875,41.41031902
2023S000447    ,5,Sarrià-Sant Gervasi,26,Sant Gervasi - Galvany,28000,Augusta,0149 0149,Dilluns,2023,1,January,23,Morning,11,No és causa del  vianant,Motorcycle,Home,44,Driver,Desconegut                                                                                                                                            ,Unknown,En missió,Ferit lleu: Hospitalització fins a 24h,428533.21 ,4583644.66,2.143929615,41.399318818
2023S000448    ,3,Sants-Montjuïc,18,Sants,30602,Badal,0112 0114,Dilluns,2023,1,January,23,Morning,13,No és causa del  vianant,Motorcycle,Dona,33,Driver,Desconegut                                                                                                                                            ,Unknown,In itínere,Ferit lleu: Hospitalització fins a 24h,427518.76 ,4580549.61,2.132165705,41.371352046
2023S000449    ,5,Sarrià-Sant Gervasi,24,les Tres Torres,143904,General Mitre,0081 0091,Dilluns,2023,1,January,23,Morning,12,No és causa del  vianant,Motorcycle,Dona,30,Driver,Desconegut                                                                                                                                            ,Unknown,Es desconeix,Ferit lleu: Hospitalització fins a 24h,427673.03 ,4583623.29,2.133643093,41.399049392
2023S000451    ,5,Sarrià-Sant Gervasi,23,Sarrià,207701,Mendel,0004B0004B,Dilluns,2023,1,January,23,Morning,12,No és causa del  vianant,Bus,Dona,42,Passatger,Desconegut                                                                                                                                            ,Unknown,Unknown,Ferit lleu: Hospitalització fins a 24h,426557.89 ,4583398.45,2.120331689,41.396923222
2023S000452    ,2,Eixample,10,Sant Antoni,363809,Villarroel,0045 0045,Dilluns,2023,1,January,23,Afternoon,16,No és causa del  vianant,Motorcycle,Home,69,Driver,Desconegut                                                                                                                                            ,Unknown,Oci i entreteniment,Ferit lleu: Hospitalització fins a 24h,429876.6  ,4581760.25,2.160216993,41.382464904
2023S000453    ,8,Nou Barris,45,Porta,100209,Deià,0047 0047,Dilluns,2023,1,January,23,Afternoon,14,No és causa del  vianant,Veh. mobilitat personal amb motor,Home,22,Driver,Desconegut                                                                                                                                            ,Unknown,Es desconeix,Ferit lleu: Hospitalització fins a 24h,431026.98 ,4587540.78,2.173314655,41.434627752
2023S000454    ,2,Eixample,7,la Dreta de l'Eixample,191204,Mallorca,0238 0238,Dilluns,2023,1,January,23,Afternoon,14,Desobeir el senyal del semàfor,Bicicleta,Dona,20,Pedestrian,En pas regulat per semàfor                                                                                                                            ,Unknown,Unknown,Ferit lleu: Hospitalització fins a 24h,429868.7  ,4582996.42,2.159979329,41.393597996
2023S000456    ,2,Eixample,6,la Sagrada Família,197302,Marina,0323 0323,Dilluns,2023,1,January,23,Afternoon,16,No és causa del  vianant,Autobús articulat,Dona,81,Passatger,Desconegut                                                                                                                                            ,Unknown,Unknown,Ferit lleu: Hospitalització fins a 24h,430740.08 ,4584539.94,2.170224859,41.407575542
2023S000457    ,5,Sarrià-Sant Gervasi,24,les Tres Torres,139805,Ganduxer,0085 0105,Dilluns,2023,1,January,23,Afternoon,17,No és causa del  vianant,Bicicleta,Dona,12,Pedestrian,En pas regulat per semàfor                                                                                                                            ,Estudiant cap a centre d'estudis,Unknown,Ferit lleu: Hospitalització fins a 24h,427677.94 ,4583721.05,2.13369014,41.399930318
2023S000458    ,-1,Unknown,-1,Unknown,-1,Unknown,Unknown,Dilluns,2023,1,January,23,Morning,12,No és causa del  vianant,Furgoneta,Home,20,Driver,Desconegut                                                                                                                                            ,Unknown,Es desconeix,Ferit lleu: Hospitalització fins a 24h,431894.76 ,4588886.06,2.183548645,41.446818316
2023S000459    ,3,Sants-Montjuïc,18,Sants,296406,Sant Antoni,0028 0028,Dilluns,2023,1,January,23,Afternoon,17,No és causa del  vianant,Veh. mobilitat personal amb motor,Dona,54,Pedestrian,En pas regulat per semàfor                                                                                                                            ,Es desconeix,Unknown,Ferit lleu: Hospitalització fins a 24h,427969.05 ,4581232.62,2.137468356,41.37754412
2023S000460    ,5,Sarrià-Sant Gervasi,26,Sant Gervasi - Galvany,175900,Laforja,0049 0051,Dilluns,2023,1,January,23,Afternoon,15,No és causa del  vianant,Motorcycle,Dona,26,Driver,Desconegut                                                                                                                                            ,Unknown,Es desconeix,Ferit lleu: Amb assistència sanitària en lloc d'accident,428826.37 ,4583462.63,2.147457679,41.397705359
2023S000460    ,5,Sarrià-Sant Gervasi,26,Sant Gervasi - Galvany,175900,Laforja,0049 0051,Dilluns,2023,1,January,23,Afternoon,15,No és causa del  vianant,Veh. mobilitat personal amb motor,Home,40,Driver,Desconegut                                                                                                                                            ,Unknown,Es desconeix,Ferit lleu: Hospitalització fins a 24h,428826.37 ,4583462.63,2.147457679,41.397705359
2023S000461    ,8,Nou Barris,52,la Prosperitat,120807,Favència,0370X0370X,Dilluns,2023,1,January,23,Afternoon,14,No és causa del  vianant,Motorcycle,Home,46,Driver,Desconegut                                                                                                                                            ,Unknown,Oci i entreteniment,Ferit lleu: Hospitalització fins a 24h,431243.16 ,4588705.76,2.175769277,41.445138844
2023S000462    ,-1,Unknown,-1,Unknown,-1,Unknown,Unknown,Dilluns,2023,1,January,23,Night,23,No és causa del  vianant,Motorcycle,Home,37,Driver,Desconegut                                                                                                                                            ,Unknown,Altres activitats,Ferit lleu: Hospitalització fins a 24h,427786.74 ,4579747.41,2.135465365,41.364151013
2023S000464    ,3,Sants-Montjuïc,14,la Font de la Guatlla,96906,Dàlia,0018 0018,Dimarts,2023,1,January,24,Morning,8,No és causa del  vianant,Motorcycle,Dona,53,Passatger,Desconegut                                                                                                                                            ,Unknown,Unknown,Ferit lleu: Rebutja assistència sanitària,428733.49 ,4580289.66,2.146720114,41.369119296
2023S000464    ,3,Sants-Montjuïc,14,la Font de la Guatlla,96906,Dàlia,0018 0018,Dimarts,2023,1,January,24,Morning,8,No és causa del  vianant,Motorcycle,Home,57,Driver,Desconegut                                                                                                                                            ,Unknown,In itínere,Ferit lleu: Amb assistència sanitària en lloc d'accident,428733.49 ,4580289.66,2.146720114,41.369119296
2023S000465    ,6,Gràcia,31,la Vila de Gràcia,90502,Còrsega,0365 0365,Dimarts,2023,1,January,24,Morning,7,No és causa del  vianant,Motorcycle,Home,51,Driver,Desconegut                                                                                                                                            ,Unknown,Es desconeix,Ferit lleu: Amb assistència sanitària en lloc d'accident,430074.32 ,4583560.02,2.162373542,41.398692068
2023S000466    ,6,Gràcia,32,el Camp d'en Grassot i Gràcia Nova,305100,Sant Joan,0161 0161,Dimarts,2023,1,January,24,Morning,9,No és causa del  vianant,Quadricicle > 75 cc,Home,58,Driver,Desconegut                                                                                                                                            ,Unknown,Altres activitats,Ferit lleu: Hospitalització fins a 24h,430340.2  ,4583941.02,2.165510004,41.402146699
2023S000466    ,6,Gràcia,32,el Camp d'en Grassot i Gràcia Nova,305100,Sant Joan,0161 0161,Dimarts,2023,1,January,24,Morning,9,No és causa del  vianant,Motorcycle,Home,39,Driver,Desconegut                                                                                                                                            ,Unknown,Es desconeix,Ferit lleu: Rebutja assistència sanitària,430340.2  ,4583941.02,2.165510004,41.402146699
2023S000467    ,5,Sarrià-Sant Gervasi,25,Sant Gervasi - la Bonanova,701501,B-20 (Llobregat),0007E0000,Dimarts,2023,1,January,24,Morning,10,No és causa del  vianant,Motorcycle,Dona,42,Driver,Desconegut                                                                                                                                            ,Unknown,Es desconeix,Ferit lleu: Hospitalització fins a 24h,427018.54 ,4584886.84,2.125662,41.410370471
2023S000468    ,3,Sants-Montjuïc,15,Hostafrancs,169409,Corts Catalanes,0333 0333,Dimarts,2023,1,January,24,Afternoon,14,No és causa del  vianant,Motorcycle,Home,58,Driver,Desconegut                                                                                                                                            ,Unknown,Oci i entreteniment,Ferit lleu: Hospitalització fins a 24h,428699.37 ,4580743.38,2.146258787,41.373202779
2023S000469    ,9,Sant Andreu,62,el Congrés i els Indians,140407,Garcilaso,0166 0168,Dimarts,2023,1,January,24,Afternoon,14,No és causa del  vianant,Car,Dona,42,Pedestrian,En pas sense regular                                                                                                                                  ,Es desconeix,Unknown,Ferit lleu: Amb assistència sanitària en lloc d'accident,431684.3  ,4586289.8 ,2.181323009,41.423416819
2023S000470    ,2,Eixample,5,el Fort Pienc,197302,Marina,0166 0168,Dimarts,2023,1,January,24,Afternoon,16,No és causa del  vianant,Bus,Dona,76,Passatger,Desconegut                                                                                                                                            ,Unknown,Unknown,Ferit lleu: Hospitalització fins a 24h,431749.92 ,4583528.76,2.182419836,41.39855457
2023S000471    ,5,Sarrià-Sant Gervasi,25,Sant Gervasi - la Bonanova,701267,Dalt (Besòs),000910000,Dimarts,2023,1,January,24,Afternoon,16,No és causa del  vianant,Car,Dona,54,Passatger,Desconegut                                                                                                                                            ,Unknown,Unknown,Ferit lleu: Hospitalització fins a 24h,427869.96 ,4585406.47,2.135786027,41.415127459
2023S000471    ,5,Sarrià-Sant Gervasi,25,Sant Gervasi - la Bonanova,701267,Dalt (Besòs),000910000,Dimarts,2023,1,January,24,Afternoon,16,No és causa del  vianant,Car,Dona,42,Driver,Desconegut                                                                                                                                            ,Unknown,Es desconeix,Ferit lleu: Rebutja assistència sanitària,427869.96 ,4585406.47,2.135786027,41.415127459
2023S000471    ,5,Sarrià-Sant Gervasi,25,Sant Gervasi - la Bonanova,701267,Dalt (Besòs),000910000,Dimarts,2023,1,January,24,Afternoon,16,No és causa del  vianant,Car,Dona,49,Driver,Desconegut                                                                                                                                            ,Unknown,Es desconeix,Ferit lleu: Hospitalització fins a 24h,427869.96 ,4585406.47,2.135786027,41.415127459
2023S000472    ,2,Eixample,9,la Nova Esquerra de l'Eixample,110803,Entença,0140B0140B,Dimarts,2023,1,January,24,Afternoon,18,No és causa del  vianant,Motorcycle,Home,81,Pedestrian,En pas regulat per semàfor                                                                                                                            ,Unknown,Unknown,Ferit greu: hospitalització superior a 24h,428787.04 ,4581740.07,2.147189869,41.382187394