Case_Number,District_Code,District_Name,Neighborhood_Code,Neighborhood_Name,Street_Code,Street_Name,Postal_Code,Day_of_Week,Year,Month_Code,Month_Name,Day_of_Month,Shift_Description,Hour_of_Day,Pedestrian_Cause_Description,Involved_Vehicle_Type,Gender_Description,Age,Person_Type_Description,Pedestrian_Accident_Location_Description,Pedestrian_Movement_Reason_Description,Driver_Movement_Reason_Description,Victimization_Description,UTM_X_Coordinate,UTM_Y_Coordinate,Longitude,Latitude
2023S000547    ,3,Sants-Montjuïc,12,la Marina del Prat Vermell,701265,Litoral (Besòs),001580000,Saturday,2023,1,January,28,Morning,6,No és causa del  vianant,Car,Dona,34,Driver,Desconegut                                                                                                                                            ,Unknown,In itínere,Ferit lleu: Hospitalització fins a 24h,427843.56 ,4577637.92,2.136395635,41.345156627
2023S000548    ,2,Eixample,7,la Dreta de l'Eixample,148307,Gràcia,0087 0087,Saturday,2023,1,January,28,Morning,12,Transitar a peu per la calçada,Bus,Dona,33,Pedestrian,Fora del pas                                                                                                                                          ,Oci i entreteniment,Unknown,Ferit lleu: Amb assistència sanitària en lloc d'accident,430001.61 ,4583089.87,2.161558201,41.394451255
2023S000548    ,2,Eixample,7,la Dreta de l'Eixample,148307,Gràcia,0087 0087,Saturday,2023,1,January,28,Morning,12,Transitar a peu per la calçada,Bus,Dona,35,Pedestrian,Fora del pas                                                                                                                                          ,Oci i entreteniment,Unknown,Ferit lleu: Amb assistència sanitària en lloc d'accident,430001.61 ,4583089.87,2.161558201,41.394451255
2023S000549    ,5,Sarrià-Sant Gervasi,25,Sant Gervasi - la Bonanova,701268,Dalt (Llobregat),000860000,Saturday,2023,1,January,28,Morning,13,No és causa del  vianant,Car,Dona,40,Passatger,Desconegut                                                                                                                                            ,Unknown,Unknown,Ferit lleu: Hospitalització fins a 24h,427350.84 ,4585168.98,2.12960359,41.412941704
2023S000549    ,5,Sarrià-Sant Gervasi,25,Sant Gervasi - la Bonanova,701268,Dalt (Llobregat),000860000,Saturday,2023,1,January,28,Morning,13,No és causa del  vianant,Car,Dona,42,Passatger,Desconegut                                                                                                                                            ,Unknown,Unknown,Ferit lleu: Hospitalització fins a 24h,427350.84 ,4585168.98,2.12960359,41.412941704
2023S000549    ,5,Sarrià-Sant Gervasi,25,Sant Gervasi - la Bonanova,701268,Dalt (Llobregat),000860000,Saturday,2023,1,January,28,Morning,13,No és causa del  vianant,Car,Dona,9,Passatger,Desconegut                                                                                                                                            ,Unknown,Unknown,Ferit lleu: Hospitalització fins a 24h,427350.84 ,4585168.98,2.12960359,41.412941704
2023S000549    ,5,Sarrià-Sant Gervasi,25,Sant Gervasi - la Bonanova,701268,Dalt (Llobregat),000860000,Saturday,2023,1,January,28,Morning,13,No és causa del  vianant,Car,Home,11,Passatger,Desconegut                                                                                                                                            ,Unknown,Unknown,Ferit lleu: Hospitalització fins a 24h,427350.84 ,4585168.98,2.12960359,41.412941704
2023S000549    ,5,Sarrià-Sant Gervasi,25,Sant Gervasi - la Bonanova,701268,Dalt (Llobregat),000860000,Saturday,2023,1,January,28,Morning,13,No és causa del  vianant,Car,Dona,36,Driver,Desconegut                                                                                                                                            ,Unknown,Es desconeix,Ferit lleu: Hospitalització fins a 24h,427350.84 ,4585168.98,2.12960359,41.412941704
2023S000551    ,10,Sant Martí,73,la Verneda i la Pau,270107,Puigcerdà,0191 0197,Saturday,2023,1,January,28,Afternoon,16,No és causa del  vianant,Veh. mobilitat personal amb motor,Home,28,Driver,Desconegut                                                                                                                                            ,Unknown,Oci i entreteniment,Ferit lleu: Hospitalització fins a 24h,433751.6  ,4585648.82,2.206130886,41.41781692
2023S000552    ,10,Sant Martí,73,la Verneda i la Pau,357602,Verneda,0081 0081,Saturday,2023,1,January,28,Afternoon,18,No és causa del  vianant,Veh. mobilitat personal amb motor,Home,25,Driver,Desconegut                                                                                                                                            ,Unknown,Oci i entreteniment,Ferit lleu: Hospitalització fins a 24h,433722.46 ,4586795.27,2.205656494,41.428140273
2023S000553    ,4,Les Corts,19,les Corts,40300,Berlín,0077 0077,Saturday,2023,1,January,28,Afternoon,14,No és causa del  vianant,Motorcycle,Home,78,Driver,Desconegut                                                                                                                                            ,Unknown,Altres activitats,Ferit lleu: Hospitalització fins a 24h,428193.92 ,4581940.5 ,2.140073328,41.383939849
2023S000553    ,4,Les Corts,19,les Corts,40300,Berlín,0077 0077,Saturday,2023,1,January,28,Afternoon,14,No és causa del  vianant,Motorcycle,Dona,62,Passatger,Desconegut                                                                                                                                            ,Unknown,Unknown,Ferit lleu: Hospitalització fins a 24h,428193.92 ,4581940.5 ,2.140073328,41.383939849
2023S000554    ,2,Eixample,7,la Dreta de l'Eixample,148307,Gràcia,0087 0087,Saturday,2023,1,January,28,Afternoon,19,No és causa del  vianant,Motorcycle,Home,45,Driver,Desconegut                                                                                                                                            ,Unknown,Es desconeix,Ferit lleu: Amb assistència sanitària en lloc d'accident,430005.45 ,4583130.22,2.161599464,41.394815009
2023S000555    ,5,Sarrià-Sant Gervasi,26,Sant Gervasi - Galvany,124105,Ferran Valls i Taberner,0014B0014B,Saturday,2023,1,January,28,Afternoon,21,No és causa del  vianant,Car,Home,51,Pedestrian,Fora del pas                                                                                                                                          ,Unknown,Unknown,Ferit lleu: Hospitalització fins a 24h,428230.49 ,4584078.6 ,2.14025714,41.403200168
2023S000557    ,3,Sants-Montjuïc,15,Hostafrancs,37601,Béjar,0025 0025,Saturday,2023,1,January,28,Night,23,Transitar a peu per la calçada,Car,Home,47,Pedestrian,Altres                                                                                                                                                ,Unknown,Unknown,Ferit lleu: Hospitalització fins a 24h,428686.73 ,4581072.65,2.146068896,41.376167282
2023S000558    ,4,Les Corts,21,Pedralbes,115400,Esplugues,0079 0079,Diumenge,2023,1,January,29,Night,3,No és causa del  vianant,Car,Dona,29,Driver,Desconegut                                                                                                                                            ,Unknown,Altres activitats,Ferit lleu: Hospitalització fins a 24h,425622.2  ,4582655.72,2.109231145,41.390147744
2023S000559    ,2,Eixample,5,el Fort Pienc,100800,Diputació,0433 0433,Diumenge,2023,1,January,29,Night,4,No és causa del  vianant,Car,Dona,39,Passatger,Desconegut                                                                                                                                            ,Unknown,Unknown,Ferit lleu: Hospitalització fins a 24h,431451.65 ,4583605.7 ,2.178843354,41.399222159
2023S000559    ,2,Eixample,5,el Fort Pienc,100800,Diputació,0433 0433,Diumenge,2023,1,January,29,Night,4,No és causa del  vianant,Car,Home,58,Driver,Desconegut                                                                                                                                            ,Unknown,En missió,Ferit lleu: Amb assistència sanitària en lloc d'accident,431451.65 ,4583605.7 ,2.178843354,41.399222159
2023S000560    ,-1,Unknown,-1,Unknown,-1,Unknown,Unknown,Diumenge,2023,1,January,29,Morning,10,No és causa del  vianant,Motorcycle,Dona,25,Passatger,Desconegut                                                                                                                                            ,Unknown,Unknown,Ferit lleu: Hospitalització fins a 24h,430428.31 ,4585222.71,2.166416561,41.413698077
2023S000560    ,-1,Unknown,-1,Unknown,-1,Unknown,Unknown,Diumenge,2023,1,January,29,Morning,10,No és causa del  vianant,Motorcycle,Home,29,Driver,Desconegut                                                                                                                                            ,Unknown,Oci i entreteniment,Ferit lleu: Hospitalització fins a 24h,430428.31 ,4585222.71,2.166416561,41.413698077
2023S000561    ,2,Eixample,8,l'Antiga Esquerra de l'Eixample,32700,Balmes,0025 0025,Diumenge,2023,1,January,29,Morning,13,No és causa del  vianant,Motorcycle,Home,21,Driver,Desconegut                                                                                                                                            ,Unknown,Es desconeix,Ferit lleu: Hospitalització fins a 24h,430246.52 ,4582370.04,2.164570449,41.387989268
2023S000562    ,6,Gràcia,30,la Salut,344000,Dalt,0098U0098U,Diumenge,2023,1,January,29,Morning,13,No és causa del  vianant,Car,Home,41,Driver,Desconegut                                                                                                                                            ,Unknown,In itínere,Ferit lleu: Hospitalització fins a 24h,429688.64 ,4584955.16,2.157598074,41.411223945
2023S000563    ,5,Sarrià-Sant Gervasi,26,Sant Gervasi - Galvany,214401,Molina,0008 0008,Diumenge,2023,1,January,29,Afternoon,16,No és causa del  vianant,Bicicleta,Home,18,Driver,Desconegut                                                                                                                                            ,Unknown,Oci i entreteniment,Ferit lleu: Hospitalització fins a 24h,428840.58 ,4583848.34,2.147582289,41.401180563
2023S000564    ,3,Sants-Montjuïc,13,la Marina de Port,212406,Mineria,0002B0002B,Diumenge,2023,1,January,29,Afternoon,18,No és causa del  vianant,Veh. mobilitat personal amb motor,Home,37,Driver,Desconegut                                                                                                                                            ,Unknown,Es desconeix,Ferit greu: hospitalització superior a 24h,427875.3  ,4579689.31,2.136531021,41.36363567
2023S000565    ,3,Sants-Montjuïc,13,la Marina de Port,169409,Corts Catalanes,0186 0186,Diumenge,2023,1,January,29,Afternoon,19,No és causa del  vianant,Car,Dona,17,Passatger,Desconegut                                                                                                                                            ,Unknown,Unknown,Ferit lleu: Hospitalització fins a 24h,428132.8  ,4580116.76,2.139558755,41.367508608
2023S000566    ,9,Sant Andreu,59,el Bon Pastor,318906,Santander,0138U0138U,Diumenge,2023,1,January,29,Afternoon,20,No és causa del  vianant,Car,Home,26,Passatger,Desconegut                                                                                                                                            ,Unknown,Unknown,Ferit lleu: Amb assistència sanitària en lloc d'accident,434014.78 ,4587640.93,2.209062326,41.435780974
2023S000567    ,3,Sants-Montjuïc,16,la Bordeta,282252,Blanca,0195 0195,Diumenge,2023,1,January,29,Afternoon,21,No és causa del  vianant,Ciclomotor,Home,20,Driver,Desconegut                                                                                                                                            ,Unknown,In itínere,Ferit lleu: Hospitalització fins a 24h,427486.92 ,4580161.19,2.13183149,41.367850818
2023S000568    ,3,Sants-Montjuïc,11,el Poble-sec,701266,Litoral (Llobregat),001270000,Diumenge,2023,1,January,29,Night,23,No és causa del  vianant,Motorcycle,Dona,51,Driver,Desconegut                                                                                                                                            ,Unknown,Oci i entreteniment,Ferit lleu: Hospitalització fins a 24h,430613.07 ,4579536.42,2.169278766,41.362499379
2023S000569    ,2,Eixample,7,la Dreta de l'Eixample,71600,Casp,0069 0069,Diumenge,2023,1,January,29,Afternoon,21,No és causa del  vianant,Motorcycle,Home,22,Driver,Desconegut                                                                                                                                            ,Unknown,In itínere,Ferit lleu: Hospitalització fins a 24h,431275.84 ,4583019.17,2.176806984,41.393924444
2023S000570    ,8,Nou Barris,49,Canyelles,701267,Dalt (Besòs),001410000,Dilluns,2023,1,January,30,Morning,8,No és causa del  vianant,Motorcycle,Home,41,Driver,Desconegut                                                                                                                                            ,Unknown,Es desconeix,Ferit lleu: Hospitalització fins a 24h,430808.39 ,4588463.43,2.170592827,41.442918895
2023S000571    ,2,Eixample,5,el Fort Pienc,9209,Alí Bei,0108B0108B,Dilluns,2023,1,January,30,Morning,9,No és causa del  vianant,Motorcycle,Home,39,Driver,Desconegut                                                                                                                                            ,Unknown,Es desconeix,Ferit lleu: Amb assistència sanitària en lloc d'accident,431937.24 ,4583291.59,2.184687148,41.396434334
2023S000572    ,1,Ciutat Vella,2,el Barri Gòtic,74404,Catalunya,0023 0023,Dilluns,2023,1,January,30,Morning,10,Desobeir el senyal del semàfor,Autobús articulat,Home,85,Pedestrian,En pas regulat per semàfor                                                                                                                            ,Oci i entreteniment,Unknown,Ferit lleu: Hospitalització fins a 24h,430704.97 ,4582088.39,2.170085544,41.385492178
2023S000573    ,7,Horta-Guinardó,40,Montbau,701267,Dalt (Besòs),001180000,Dilluns,2023,1,January,30,Morning,10,No és causa del  vianant,Autobús articulat,Dona,80,Passatger,Desconegut                                                                                                                                            ,Unknown,Unknown,Ferit lleu: Amb assistència sanitària en lloc d'accident,428817.02 ,4587609.98,2.146857535,41.435058054
2023S000574    ,2,Eixample,10,Sant Antoni,87009,Comte Borrell,0115 0115,Dilluns,2023,1,January,30,Morning,11,No és causa del  vianant,Motorcycle,Home,33,Driver,Desconegut                                                                                                                                            ,Unknown,En missió,Ferit lleu: Rebutja assistència sanitària,429783.87 ,4581503   ,2.159137904,41.380139843
2023S000575    ,5,Sarrià-Sant Gervasi,25,Sant Gervasi - la Bonanova,701268,Dalt (Llobregat),000920000,Dilluns,2023,1,January,30,Morning,12,No és causa del  vianant,Motorcycle,Dona,52,Driver,Desconegut                                                                                                                                            ,Unknown,Es desconeix,Ferit lleu: Hospitalització fins a 24h,427714.16 ,4585334.95,2.133930518,41.414469302
2023S000576    ,6,Gràcia,32,el Camp d'en Grassot i Gràcia Nova,76807,Sardenya,0349 0349,Dilluns,2023,1,January,30,Morning,13,No és causa del  vianant,Motorcycle,Dona,75,Passatger,Desconegut                                                                                                                                            ,Unknown,Unknown,Ferit lleu: Amb assistència sanitària en lloc d'accident,430793.01 ,4584278.9 ,2.170887936,41.405229002
2023S000576    ,6,Gràcia,32,el Camp d'en Grassot i Gràcia Nova,76807,Sardenya,0349 0349,Dilluns,2023,1,January,30,Morning,13,No és causa del  vianant,Motorcycle,Home,68,Driver,Desconegut                                                                                                                                            ,Unknown,Es desconeix,Ferit lleu: Hospitalització fins a 24h,430793.01 ,4584278.9 ,2.170887936,41.405229002
2023S000576    ,6,Gràcia,32,el Camp d'en Grassot i Gràcia Nova,76807,Sardenya,0349 0349,Dilluns,2023,1,January,30,Morning,13,No és causa del  vianant,Motorcycle,Home,79,Driver,Desconegut                                                                                                                                            ,Unknown,Es desconeix,Ferit lleu: Amb assistència sanitària en lloc d'accident,430793.01 ,4584278.9 ,2.170887936,41.405229002
2023S000577    ,9,Sant Andreu,61,la Sagrera,209900,Meridiana,0285B0285B,Dilluns,2023,1,January,30,Afternoon,14,No és causa del  vianant,Bicicleta,Home,53,Driver,Desconegut                                                                                                                                            ,Unknown,Es desconeix,Ferit lleu: Hospitalització fins a 24h,432152.02 ,4586223.7 ,2.186927218,41.422861136
2023S000578    ,8,Nou Barris,45,Porta,700021,Andreu Nin,0029X0029X,Dilluns,2023,1,January,30,Afternoon,15,No és causa del  vianant,Bicicleta,Dona,21,Driver,Desconegut                                                                                                                                            ,Unknown,Oci i entreteniment,Ferit lleu: Amb assistència sanitària en lloc d'accident,431723.34 ,4587514.12,2.181651809,41.434447174
2023S000579    ,2,Eixample,6,la Sagrada Família,350308,València,0510 0510,Dilluns,2023,1,January,30,Afternoon,16,No és causa del  vianant,Ciclomotor,Home,31,Driver,Desconegut                                                                                                                                            ,Unknown,Es desconeix,Ferit lleu: Hospitalització fins a 24h,431555.53 ,4584270.88,2.180010678,41.405222088
2023S000579    ,2,Eixample,6,la Sagrada Família,350308,València,0510 0510,Dilluns,2023,1,January,30,Afternoon,16,No és causa del  vianant,Furgoneta,Home,27,Driver,Desconegut                                                                                                                                            ,Unknown,Es desconeix,Ferit lleu: Amb assistència sanitària en lloc d'accident,431555.53 ,4584270.88,2.180010678,41.405222088
2023S000580    ,7,Horta-Guinardó,43,Horta,352507,Vall d'Hebron,0270 0270,Dilluns,2023,1,January,30,Afternoon,16,No és causa del  vianant,Motorcycle,Dona,63,Passatger,Desconegut                                                                                                                                            ,Unknown,Unknown,Ferit lleu: Hospitalització fins a 24h,429275.07 ,4587922.9 ,2.152302899,41.437916886
2023S000581    ,2,Eixample,8,l'Antiga Esquerra de l'Eixample,18505,Aragó,0172 0172,Dilluns,2023,1,January,30,Afternoon,17,No és causa del  vianant,Motorcycle,Home,30,Driver,Desconegut                                                                                                                                            ,Unknown,Oci i entreteniment,Ferit lleu: Hospitalització fins a 24h,429640.11 ,4582207.73,2.15733693,41.386474552
2023S000582    ,5,Sarrià-Sant Gervasi,23,Sarrià,701267,Dalt (Besòs),000670000,Dilluns,2023,1,January,30,Afternoon,18,No és causa del  vianant,Car,Dona,26,Driver,Desconegut                                                                                                                                            ,Unknown,Es desconeix,Ferit lleu: Rebutja assistència sanitària,425910.22 ,4583445.84,2.112579087,41.397290598
2023S000583    ,4,Les Corts,19,les Corts,128059,Flos i Calcat,0007 0009,Dilluns,2023,1,January,30,Afternoon,16,No és causa del  vianant,Motorcycle,Home,75,Driver,Desconegut                                                                                                                                            ,Unknown,Es desconeix,Ferit lleu: Hospitalització fins a 24h,427275.29 ,4582631.11,2.129004754,41.390077338
2023S000584    ,2,Eixample,6,la Sagrada Família,18505,Aragó,0459 0461,Dilluns,2023,1,January,30,Afternoon,19,No és causa del  vianant,Motorcycle,Home,23,Driver,Desconegut                                                                                                                                            ,Unknown,Es desconeix,Ferit lleu: Hospitalització fins a 24h,431463.86 ,4583995.65,2.178945234,41.402735362
2023S000585    ,7,Horta-Guinardó,43,Horta,701267,Dalt (Besòs),0004E0000,Dilluns,2023,1,January,30,Afternoon,16,No és causa del  vianant,Furgoneta,Home,47,Driver,Desconegut                                                                                                                                            ,Unknown,En missió,Ferit lleu: Rebutja assistència sanitària,429739.8  ,4588052.89,2.157849982,41.439128473
2023S000586    ,1,Ciutat Vella,2,el Barri Gòtic,701266,Litoral (Llobregat),001010000,Dilluns,2023,1,January,30,Afternoon,20,No és causa del  vianant,Autobús articulat,Home,63,Passatger,Desconegut                                                                                                                                            ,Unknown,Unknown,Ferit lleu: Hospitalització fins a 24h,431769.56 ,4581608.56,2.182871182,41.381261527
2023S000587    ,2,Eixample,10,Sant Antoni,329902,Tamarit,0191 0191,Dilluns,2023,1,January,30,Afternoon,21,Creuar per fora pas de vianants,Taxi,Home,27,Pedestrian,A la vorera / Andana                                                                                                                                  ,Unknown,Unknown,Ferit lleu: Hospitalització fins a 24h,430074.37 ,4581488.1 ,2.162613453,41.380030956
2023S000589    ,3,Sants-Montjuïc,11,el Poble-sec,700025,Josep Carner,0037 0037,Dimarts,2023,1,January,31,Morning,9,No és causa del  vianant,Motorcycle,Home,25,Driver,Desconegut                                                                                                                                            ,Unknown,In itínere,Ferit lleu: Rebutja assistència sanitària,431031.12 ,4580394.22,2.174178904,41.370261303
2023S000590    ,3,Sants-Montjuïc,16,la Bordeta,30602,Badal,0113 0117,Dimarts,2023,1,January,31,Morning,8,No és causa del  vianant,Motorcycle,Dona,31,Driver,Desconegut                                                                                                                                            ,Unknown,In itínere,Ferit lleu: Hospitalització fins a 24h,427650.81 ,4580112.66,2.133796713,41.367428481
2023S000591    ,5,Sarrià-Sant Gervasi,23,Sarrià,701268,Dalt (Llobregat),000660000,Dimarts,2023,1,January,31,Morning,9,No és causa del  vianant,Motorcycle,Dona,26,Driver,Desconegut                                                                                                                                            ,Unknown,Es desconeix,Ferit lleu: Amb assistència sanitària en lloc d'accident,425926.91 ,4583547.96,2.112766218,41.398211885
2023S000592    ,2,Eixample,9,la Nova Esquerra de l'Eixample,331507,Tarragona,0068U0068U,Dimarts,2023,1,January,31,Morning,9,No és causa del  vianant,Motorcycle,Dona,50,Driver,Desconegut                                                                                                                                            ,Unknown,Es desconeix,Ferit lleu: Amb assistència sanitària en lloc d'accident,428874.56 ,4581023.67,2.148320592,41.375742768
2023S000593    ,2,Eixample,8,l'Antiga Esquerra de l'Eixample,144601,Diagonal,0433 0433,Dimarts,2023,1,January,31,Morning,9,No és causa del  vianant,Bicicleta,Dona,30,Driver,Desconegut                                                                                                                                            ,Unknown,Es desconeix,Ferit lleu: Amb assistència sanitària en lloc d'accident,429144.63 ,4583098.78,2.151307076,41.394456414
2023S000594    ,6,Gràcia,30,la Salut,344000,Dalt,0021 0023,Dimarts,2023,1,January,31,Morning,8,No és causa del  vianant,Motorcycle,Dona,53,Driver,Desconegut                                                                                                                                            ,Unknown,Es desconeix,Ferit lleu: Hospitalització fins a 24h,429211.02 ,4584664.14,2.151918,41.40856089
2023S000595    ,2,Eixample,10,Sant Antoni,127704,Floridablanca,0129 0129,Dimarts,2023,1,January,31,Morning,11,No és causa del  vianant,Motorcycle,Home,59,Driver,Desconegut                                                                                                                                            ,Unknown,En missió,Ferit lleu: Hospitalització fins a 24h,430031.23 ,4581617.2 ,2.162082667,41.381189968
2023S000596    ,4,Les Corts,19,les Corts,187207,Madrid,0211 0213,Dimarts,2023,1,January,31,Morning,12,No és causa del  vianant,Motorcycle,Home,30,Driver,Desconegut                                                                                                                                            ,Unknown,In itínere,Ferit lleu: Hospitalització fins a 24h,427709.19 ,4581676.58,2.134308082,41.381519387
2023S000597    ,7,Horta-Guinardó,43,Horta,194406,Maragall,0397 0403,Dimarts,2023,1,January,31,Morning,11,No és causa del  vianant,Bus,Dona,87,Passatger,Desconegut                                                                                                                                            ,Unknown,Unknown,Ferit lleu: Hospitalització fins a 24h,430179.2  ,4586839.01,2.163249438,41.428233879
2023S000598    ,2,Eixample,7,la Dreta de l'Eixample,74506,Catalunya,0088 0088,Dimarts,2023,1,January,31,Morning,12,No és causa del  vianant,Veh. mobilitat personal amb motor,Dona,38,Driver,Desconegut                                                                                                                                            ,Unknown,Es desconeix,Ferit lleu: Hospitalització fins a 24h,429965.34 ,4582901.04,2.161146234,41.392747366
2023S000599    ,3,Sants-Montjuïc,12,la Marina del Prat Vermell,374703,Número 50 Zona Franca,0002 0002,Dimarts,2023,1,January,31,Morning,9,No és causa del  vianant,Motorcycle,Home,33,Driver,Desconegut                                                                                                                                            ,Unknown,Es desconeix,Ferit lleu: Hospitalització fins a 24h,426503.22 ,4577014.83,2.120451911,41.339423439
2023S000600    ,4,Les Corts,21,Pedralbes,701268,Dalt (Llobregat),0010S0000,Dimarts,2023,1,January,31,Morning,9,No és causa del  vianant,Motorcycle,Home,31,Driver,Desconegut                                                                                                                                            ,Unknown,Es desconeix,Ferit lleu: Rebutja assistència sanitària,425576.7  ,4582857.81,2.108662131,41.391963666
2023S000602    ,2,Eixample,9,la Nova Esquerra de l'Eixample,227800,Nicaragua,0015 0015,Dimarts,2023,1,January,31,Afternoon,14,No és causa del  vianant,Motorcycle,Dona,58,Driver,Desconegut                                                                                                                                            ,Unknown,Es desconeix,Ferit lleu: Amb assistència sanitària en lloc d'accident,428452.77 ,4581685.8 ,2.143198938,41.381668931
2023S000603    ,6,Gràcia,28,Vallcarca i els Penitents,123408,Lesseps,0021X0021X,Dimarts,2023,1,January,31,Afternoon,14,No és causa del  vianant,Motorcycle,Dona,59,Driver,Desconegut                                                                                                                                            ,Unknown,In itínere,Ferit lleu: Hospitalització fins a 24h,429024.35 ,4584481.54,2.149706242,41.406899811
2023S000605    ,1,Ciutat Vella,3,la Barceloneta,248050,Pau Vila,0014 0014,Dimarts,2023,1,January,31,Afternoon,17,No és causa del  vianant,Motorcycle,Home,22,Driver,Desconegut                                                                                                                                            ,Unknown,Es desconeix,Ferit lleu: Amb assistència sanitària en lloc d'accident,432177.35 ,4581332.41,2.187778614,41.378808812
2023S000606    ,4,Les Corts,20,la Maternitat i Sant Ramon,65200,Cardenal Reig,0038X0038X,Dimarts,2023,1,January,31,Afternoon,19,No és causa del  vianant,Bus,Home,80,Passatger,Desconegut                                                                                                                                            ,Unknown,Unknown,Ferit lleu: Hospitalització fins a 24h,426245.15 ,4581307.54,2.116845692,41.37806265
2023S000607    ,2,Eixample,9,la Nova Esquerra de l'Eixample,350308,València,0016 0016,Dimarts,2023,1,January,31,Afternoon,18,No és causa del  vianant,Bicicleta,Home,54,Driver,Desconegut                                                                                                                                            ,Unknown,Oci i entreteniment,Ferit lleu: Hospitalització fins a 24h,428668.71 ,4581429.08,2.145811454,41.379375927
2023S000608    ,2,Eixample,10,Sant Antoni,169409,Corts Catalanes,0504 0504,Dimarts,2023,1,January,31,Afternoon,18,No és causa del  vianant,Motorcycle,Dona,32,Pedestrian,En pas regulat per semàfor                                                                                                                            ,Unknown,Unknown,Ferit lleu: Amb assistència sanitària en lloc d'accident,429641.98 ,4581631.12,2.157426287,41.381281377
2023S000608    ,2,Eixample,10,Sant Antoni,169409,Corts Catalanes,0504 0504,Dimarts,2023,1,January,31,Afternoon,18,No és causa del  vianant,Motorcycle,Home,27,Driver,En pas regulat per semàfor                                                                                                                            ,Unknown,Es desconeix,Ferit lleu: Amb assistència sanitària en lloc d'accident,429641.98 ,4581631.12,2.157426287,41.381281377
2023S000609    ,4,Les Corts,19,les Corts,144601,Diagonal,0632 0632,Dimarts,2023,1,January,31,Afternoon,19,No és causa del  vianant,Motorcycle,Home,24,Driver,Desconegut                                                                                                                                            ,Unknown,Es desconeix,Ferit lleu: Hospitalització fins a 24h,427948.61 ,4582755.86,2.137042705,41.391261543
2023S000610    ,2,Eixample,9,la Nova Esquerra de l'Eixample,268003,Provença,0036 0036,Dimarts,2023,1,January,31,Afternoon,20,No és causa del  vianant,Veh. mobilitat personal amb motor,Dona,53,Pedestrian,Altres                                                                                                                                                ,Oci i entreteniment,Unknown,Ferit lleu: Hospitalització fins a 24h,428631.48 ,4581766.04,2.145326556,41.382407505
2023S000611    ,10,Sant Martí,67,la Vila Olímpica del Poblenou,701266,Litoral (Llobregat),000850000,Dimecres,2023,2,February,1,Morning,8,No és causa del  vianant,Motorcycle,Dona,48,Driver,Desconegut                                                                                                                                            ,Unknown,In itínere,Ferit lleu: Hospitalització fins a 24h,433042.41 ,4582486.79,2.197995321,41.389278535
2023S000612    ,9,Sant Andreu,59,el Bon Pastor,701177,Monterrey,0001 0001,Dimecres,2023,2,February,1,Morning,9,No és causa del  vianant,Car,Dona,43,Passatger,Desconegut                                                                                                                                            ,Unknown,Unknown,Ferit lleu: Hospitalització fins a 24h,433767.83 ,4588493.8 ,2.206013173,41.443442174
2023S000612    ,9,Sant Andreu,59,el Bon Pastor,701177,Monterrey,0001 0001,Dimecres,2023,2,February,1,Morning,9,No és causa del  vianant,Car,Dona,49,Driver,Desconegut                                                                                                                                            ,Unknown,Es desconeix,Ferit lleu: Rebutja assistència sanitària,433767.83 ,4588493.8 ,2.206013173,41.443442174
2023S000614    ,10,Sant Martí,70,el Besòs i el Maresme,195409,Maresme,0130 0130,Dimecres,2023,2,February,1,Morning,8,No és causa del  vianant,Motorcycle,Home,20,Driver,Desconegut                                                                                                                                            ,Unknown,Es desconeix,Ferit lleu: Amb assistència sanitària en lloc d'accident,434134.78 ,4585450.25,2.210737328,41.41605997
2023S000615    ,2,Eixample,7,la Dreta de l'Eixample,18505,Aragó,0281 0281,Dimecres,2023,2,February,1,Morning,10,No és causa del  vianant,Bicicleta,Home,32,Driver,Desconegut                                                                                                                                            ,Unknown,Altres activitats,Ferit lleu: Hospitalització fins a 24h,430403.06 ,4582955.17,2.166375326,41.393272917
2023S000616    ,6,Gràcia,31,la Vila de Gràcia,206403,Gran de Gràcia,0072 0072,Dimecres,2023,2,February,1,Morning,10,No és causa del  vianant,Ciclomotor,Home,27,Driver,Desconegut                                                                                                                                            ,Unknown,Es desconeix,Ferit lleu: Amb assistència sanitària en lloc d'accident,429497.51 ,4583693.13,2.155458526,41.399840547
2023S000618    ,4,Les Corts,20,la Maternitat i Sant Ramon,144601,Diagonal,0653 0659,Dimecres,2023,2,February,1,Morning,11,No és causa del  vianant,Motorcycle,Dona,46,Driver,Desconegut                                                                                                                                            ,Unknown,Es desconeix,Ferit lleu: Hospitalització fins a 24h,425755.73 ,4581989.81,2.110909787,41.384162529
2023S000619    ,9,Sant Andreu,63,Navas,121402,Felip II,0105 0105,Dimecres,2023,2,February,1,Morning,8,No és causa del  vianant,Motorcycle,Home,37,Driver,Desconegut                                                                                                                                            ,Unknown,Es desconeix,Ferit lleu: Rebutja assistència sanitària,432057.36 ,4586023.89,2.185816978,41.421053507
2023S000620    ,2,Eixample,7,la Dreta de l'Eixample,18505,Aragó,0247 0247,Dimecres,2023,2,February,1,Morning,11,No és causa del  vianant,Motorcycle,Home,33,Driver,Desconegut                                                                                                                                            ,Unknown,Oci i entreteniment,Ferit lleu: Amb assistència sanitària en lloc d'accident,430101.98 ,4582684.44,2.162805516,41.390808414