Case_Number,District_Code,District_Name,Neighborhood_Code,Neighborhood_Name,Street_Code,Street_Name,Postal_Code,Day_of_Week,Year,Month_Code,Month_Name,Day_of_Month,Shift_Description,Hour_of_Day,Pedestrian_Cause_Description,Involved_Vehicle_Type,Gender_Description,Age,Person_Type_Description,Pedestrian_Accident_Location_Description,Pedestrian_Movement_Reason_Description,Driver_Movement_Reason_Description,Victimization_Description,UTM_X_Coordinate,UTM_Y_Coordinate,Longitude,Latitude
2023S000836    ,10,Sant Martí,68,el Poblenou,42306,Bilbao,0032X0032X,Saturday,2023,2,February,11,Morning,9,No és causa del  vianant,Bicicleta,Dona,28,Driver,Desconegut                                                                                                                                            ,Unknown,Oci i entreteniment,Ferit lleu: Hospitalització fins a 24h,433600.64 ,4583893.63,2.204517341,41.401995913
2023S000837    ,9,Sant Andreu,57,la Trinitat Vella,701497,B-10 (Llobregat),000020000,Saturday,2023,2,February,11,Afternoon,15,No és causa del  vianant,Motorcycle,Home,56,Driver,Desconegut                                                                                                                                            ,Unknown,Oci i entreteniment,Ferit lleu: Hospitalització fins a 24h,433072.09 ,4589234.17,2.197603194,41.450052707
2023S000838    ,1,Ciutat Vella,4,"Sant Pere, Santa Caterina i la Ribera",342900,Trafalgar,0032 0032,Saturday,2023,2,February,11,Afternoon,15,Desobeir el senyal del semàfor,Motorcycle,Dona,37,Pedestrian,En pas regulat per semàfor                                                                                                                            ,Unknown,Unknown,Ferit lleu: Hospitalització fins a 24h,431205.64 ,4582467.76,2.176030011,41.388952051
2023S000838    ,1,Ciutat Vella,4,"Sant Pere, Santa Caterina i la Ribera",342900,Trafalgar,0032 0032,Saturday,2023,2,February,11,Afternoon,15,Desobeir el senyal del semàfor,Motorcycle,Home,49,Driver,En pas regulat per semàfor                                                                                                                            ,Unknown,Es desconeix,Ferit lleu: Hospitalització fins a 24h,431205.64 ,4582467.76,2.176030011,41.388952051
2023S000839    ,2,Eixample,10,Sant Antoni,349706,Comte d'Urgell,0027 0027,Saturday,2023,2,February,11,Morning,13,No és causa del  vianant,Bicicleta,Home,25,Driver,Desconegut                                                                                                                                            ,Unknown,Es desconeix,Ferit lleu: Hospitalització fins a 24h,429898.34 ,4581539.92,2.160502474,41.380482357
2023S000840    ,2,Eixample,6,la Sagrada Família,289105,Rosselló,0493 0493,Saturday,2023,2,February,11,Afternoon,14,No és causa del  vianant,Motorcycle,Dona,26,Driver,Desconegut                                                                                                                                            ,Unknown,Es desconeix,Ferit lleu: Amb assistència sanitària en lloc d'accident,431274.06 ,4584558.52,2.176610842,41.407788743
2023S000841    ,5,Sarrià-Sant Gervasi,22,"Vallvidrera, el Tibidabo i les Planes",320908,Sarrià a Vallvidrera,0185 0185,Saturday,2023,2,February,11,Afternoon,18,No és causa del  vianant,Taxi,Home,80,Passatger,Desconegut                                                                                                                                            ,Unknown,Unknown,Ferit lleu: Hospitalització fins a 24h,425369.97 ,4584458.95,2.105992153,41.406365214
2023S000842    ,5,Sarrià-Sant Gervasi,26,Sant Gervasi - Galvany,55807,Francesc Macià,9999 9999,Saturday,2023,2,February,11,Afternoon,16,No és causa del  vianant,Motorcycle,Home,26,Driver,Desconegut                                                                                                                                            ,Unknown,In itínere,Ferit lleu: Hospitalització fins a 24h,428560.64 ,4582872.87,2.144348823,41.392370033
2023S000843    ,7,Horta-Guinardó,41,la Vall d'Hebron,701268,Dalt (Llobregat),001070000,Saturday,2023,2,February,11,Afternoon,18,No és causa del  vianant,Motorcycle,Home,28,Driver,Desconegut                                                                                                                                            ,Unknown,Oci i entreteniment,Ferit lleu: Hospitalització fins a 24h,428462.82 ,4586546.94,2.142744299,41.425452221
2023S000844    ,4,Les Corts,19,les Corts,320704,Sarrià,0121 0127,Saturday,2023,2,February,11,Morning,13,No és causa del  vianant,Car,Home,36,Driver,Desconegut                                                                                                                                            ,Unknown,En missió,Ferit lleu: Hospitalització fins a 24h,427558.75 ,4582878.72,2.132365256,41.392333056
2023S000845    ,2,Eixample,10,Sant Antoni,169409,Corts Catalanes,0538 0538,Saturday,2023,2,February,11,Afternoon,20,No és causa del  vianant,Ciclomotor,Home,23,Driver,Desconegut                                                                                                                                            ,Unknown,Oci i entreteniment,Ferit lleu: Hospitalització fins a 24h,429834.07 ,4581818.31,2.15970167,41.382984122
2023S000846    ,2,Eixample,7,la Dreta de l'Eixample,18505,Aragó,0310 0310,Saturday,2023,2,February,11,Afternoon,18,No és causa del  vianant,Motorcycle,Home,22,Driver,Desconegut                                                                                                                                            ,Unknown,In itínere,Ferit lleu: Hospitalització fins a 24h,430577.16 ,4583105.99,2.168440355,41.394646361
2023S000847    ,5,Sarrià-Sant Gervasi,27,el Putxet i el Farró,143904,General Mitre,0248 0248,Saturday,2023,2,February,11,Afternoon,17,No és causa del  vianant,Motorcycle,Home,Unknown,Passatger,Desconegut                                                                                                                                            ,Unknown,Unknown,Ferit lleu: Hospitalització fins a 24h,428997.48 ,4584396.97,2.149394724,41.406135747
2023S000847    ,5,Sarrià-Sant Gervasi,27,el Putxet i el Farró,143904,General Mitre,0248 0248,Saturday,2023,2,February,11,Afternoon,17,No és causa del  vianant,Motorcycle,Dona,26,Driver,Desconegut                                                                                                                                            ,Unknown,En missió,Ferit lleu: Amb assistència sanitària en lloc d'accident,428997.48 ,4584396.97,2.149394724,41.406135747
2023S000848    ,5,Sarrià-Sant Gervasi,25,Sant Gervasi - la Bonanova,32700,Balmes,0379 0379,Saturday,2023,2,February,11,Night,23,No és causa del  vianant,Motorcycle,Home,25,Driver,Desconegut                                                                                                                                            ,Unknown,Oci i entreteniment,Ferit lleu: Hospitalització fins a 24h,428204.64 ,4584253.59,2.139927149,41.404773924
2023S000849    ,8,Nou Barris,52,la Prosperitat,351901,Valldaura,0201 0201,Dimecres,2023,2,February,15,Afternoon,19,No és causa del  vianant,Motorcycle,Home,59,Driver,Desconegut                                                                                                                                            ,Unknown,Oci i entreteniment,Ferit lleu: Hospitalització fins a 24h,431288.21 ,4587995.12,2.176389401,41.438742233
2023S000850    ,6,Gràcia,32,el Camp d'en Grassot i Gràcia Nova,161407,Indústria,0053 0053,Diumenge,2023,2,February,12,Night,5,No és causa del  vianant,Bicicleta,Home,24,Driver,Desconegut                                                                                                                                            ,Unknown,Oci i entreteniment,Ferit lleu: Hospitalització fins a 24h,430511.14 ,4584187.85,2.167526463,41.404384616
2023S000851    ,7,Horta-Guinardó,33,el Baix Guinardó,152905,Guinardó,0048 0050,Saturday,2023,2,February,11,Night,23,No és causa del  vianant,Motorcycle,Home,61,Driver,Desconegut                                                                                                                                            ,Unknown,En missió,Ferit lleu: Hospitalització fins a 24h,430521.69 ,4585050.34,2.16755359,41.412153683
2023S000852    ,2,Eixample,6,la Sagrada Família,238400,Padilla,0296B0296B,Saturday,2023,2,February,11,Night,22,No és causa del  vianant,Motorcycle,Dona,24,Pedestrian,Desconegut                                                                                                                                            ,Unknown,Unknown,Ferit lleu: Rebutja assistència sanitària,431087.38 ,4584563.89,2.174376938,41.407821118
2023S000852    ,2,Eixample,6,la Sagrada Família,238400,Padilla,0296B0296B,Saturday,2023,2,February,11,Night,22,No és causa del  vianant,Motorcycle,Dona,36,Driver,Desconegut                                                                                                                                            ,Unknown,Oci i entreteniment,Ferit lleu: Hospitalització fins a 24h,431087.38 ,4584563.89,2.174376938,41.407821118
2023S000854    ,5,Sarrià-Sant Gervasi,26,Sant Gervasi - Galvany,320704,Sarrià,0084 0086,Diumenge,2023,2,February,12,Morning,8,No és causa del  vianant,Motorcycle,Home,30,Driver,Desconegut                                                                                                                                            ,Unknown,Altres activitats,Ferit lleu: Hospitalització fins a 24h,427892.33 ,4582795.84,2.13636483,41.391616581
2023S000856    ,4,Les Corts,19,les Corts,144601,Diagonal,0632 0632,Diumenge,2023,2,February,12,Morning,10,No és causa del  vianant,Motorcycle,Home,17,Driver,Desconegut                                                                                                                                            ,Unknown,Es desconeix,Ferit lleu: Hospitalització fins a 24h,427954.95 ,4582701.1 ,2.137125048,41.390768909
2023S000858    ,2,Eixample,8,l'Antiga Esquerra de l'Eixample,144601,Diagonal,0433 0433,Diumenge,2023,2,February,12,Morning,11,No és causa del  vianant,Car,Dona,66,Pedestrian,En pas regulat per semàfor                                                                                                                            ,Altres activitats,Unknown,Ferit lleu: Hospitalització fins a 24h,429144.63 ,4583098.78,2.151307076,41.394456414
2023S000859    ,6,Gràcia,31,la Vila de Gràcia,326201,Siracusa,0032 0032,Diumenge,2023,2,February,12,Afternoon,14,No és causa del  vianant,Motorcycle,Home,33,Driver,Desconegut                                                                                                                                            ,Unknown,Es desconeix,Ferit lleu: Hospitalització fins a 24h,429998.01 ,4583935.06,2.16141737,41.402063282
2023S000861    ,3,Sants-Montjuïc,15,Hostafrancs,169409,Corts Catalanes,0327 0327,Diumenge,2023,2,February,12,Morning,12,No és causa del  vianant,Veh. mobilitat personal amb motor,Home,21,Driver,Desconegut                                                                                                                                            ,Unknown,Es desconeix,Ferit lleu: Hospitalització fins a 24h,428691.28 ,4580704.77,2.146166601,41.372854314
2023S000862    ,2,Eixample,9,la Nova Esquerra de l'Eixample,285807,Rocafort,0233 0233,Diumenge,2023,2,February,12,Afternoon,15,No és causa del  vianant,Bicicleta,Home,29,Driver,Desconegut                                                                                                                                            ,Unknown,En missió,Ferit lleu: Amb assistència sanitària en lloc d'accident,428665.12 ,4582042.51,2.145696272,41.384900559
2023S000863    ,7,Horta-Guinardó,43,Horta,321401,Scala Dei,0050 0050,Diumenge,2023,2,February,12,Afternoon,16,No és causa del  vianant,Motorcycle,Home,27,Driver,Desconegut                                                                                                                                            ,Unknown,Es desconeix,Ferit lleu: Hospitalització fins a 24h,429549.07 ,4588168.13,2.155553708,41.440149671
2023S000864    ,3,Sants-Montjuïc,16,la Bordeta,89707,Constitució,0010 0012,Diumenge,2023,2,February,12,Afternoon,14,No és causa del  vianant,Car,Home,55,Pedestrian,A la vorera / Andana                                                                                                                                  ,Es desconeix,Unknown,Ferit greu: hospitalització superior a 24h,427949.35 ,4580391.97,2.13733276,41.36997092
2023S000865    ,3,Sants-Montjuïc,11,el Poble-sec,701266,Litoral (Llobregat),001430000,Diumenge,2023,2,February,12,Afternoon,17,No és causa del  vianant,Motorcycle,Home,18,Passatger,Desconegut                                                                                                                                            ,Unknown,Unknown,Ferit lleu: Hospitalització fins a 24h,429453.56 ,4578421.99,2.155546634,41.352361207
2023S000865    ,3,Sants-Montjuïc,11,el Poble-sec,701266,Litoral (Llobregat),001430000,Diumenge,2023,2,February,12,Afternoon,17,No és causa del  vianant,Motorcycle,Home,22,Driver,Desconegut                                                                                                                                            ,Unknown,Es desconeix,Ferit lleu: Hospitalització fins a 24h,429453.56 ,4578421.99,2.155546634,41.352361207
2023S000866    ,5,Sarrià-Sant Gervasi,24,les Tres Torres,54906,Calatrava,0014 0014,Diumenge,2023,2,February,12,Afternoon,14,No és causa del  vianant,Car,Dona,52,Pedestrian,En pas sense regular                                                                                                                                  ,Unknown,Unknown,Ferit lleu: Hospitalització fins a 24h,427462.68 ,4583577.13,2.13113253,41.398614689
2023S000867    ,5,Sarrià-Sant Gervasi,26,Sant Gervasi - Galvany,32700,Balmes,0199 0199,Diumenge,2023,2,February,12,Afternoon,16,No és causa del  vianant,Motorcycle,Dona,36,Driver,Desconegut                                                                                                                                            ,Unknown,Es desconeix,Ferit lleu: Hospitalització fins a 24h,429197.14 ,4583444.59,2.151894676,41.397575629
2023S000868    ,1,Ciutat Vella,3,la Barceloneta,248050,Pau Vila,0011 0011,Diumenge,2023,2,February,12,Afternoon,18,Altres,Bicicleta,Dona,28,Pedestrian,Altres                                                                                                                                                ,Unknown,Unknown,Ferit lleu: Hospitalització fins a 24h,432011.36 ,4581589.21,2.18576489,41.381107728
2023S000869    ,4,Les Corts,19,les Corts,278302,Reina Maria Cristina,9997 9997,Diumenge,2023,2,February,12,Night,23,No és causa del  vianant,Car,Dona,27,Passatger,Desconegut                                                                                                                                            ,Unknown,Unknown,Ferit lleu: Hospitalització fins a 24h,427207    ,4582445.17,2.128210374,41.38839647
2023S000869    ,4,Les Corts,19,les Corts,278302,Reina Maria Cristina,9997 9997,Diumenge,2023,2,February,12,Night,23,No és causa del  vianant,Motorcycle,Home,28,Driver,Desconegut                                                                                                                                            ,Unknown,Oci i entreteniment,Ferit lleu: Hospitalització fins a 24h,427207    ,4582445.17,2.128210374,41.38839647
2023S000870    ,9,Sant Andreu,63,Navas,209900,Meridiana,0270 0272,Dilluns,2023,2,February,13,Night,2,No és causa del  vianant,Motorcycle,Home,34,Driver,Desconegut                                                                                                                                            ,Unknown,Oci i entreteniment,Ferit lleu: Hospitalització fins a 24h,432174.02 ,4585878.71,2.187229185,41.419755779
2023S000871    ,8,Nou Barris,55,Ciutat Meridiana,701432,C-17 (Barcelona),000140000,Dilluns,2023,2,February,13,Morning,7,No és causa del  vianant,Motorcycle,Dona,42,Driver,Desconegut                                                                                                                                            ,Unknown,In itínere,Ferit lleu: Amb assistència sanitària en lloc d'accident,432306.01 ,4589737   ,2.188376031,41.454517233
2023S000872    ,3,Sants-Montjuïc,15,Hostafrancs,191204,Mallorca,0028U0028U,Saturday,2023,2,February,11,Morning,13,No és causa del  vianant,Motorcycle,Home,43,Driver,Desconegut                                                                                                                                            ,Unknown,Es desconeix,Ferit lleu: Hospitalització fins a 24h,428494.09 ,4581458.79,2.143719857,41.379628007
2023S000873    ,2,Eixample,6,la Sagrada Família,238400,Padilla,0252 0252,Dilluns,2023,2,February,13,Morning,9,No és causa del  vianant,Motorcycle,Home,33,Driver,Desconegut                                                                                                                                            ,Unknown,Es desconeix,Ferit lleu: Hospitalització fins a 24h,431273.03 ,4584371.26,2.176619797,41.406102064
2023S000875    ,2,Eixample,5,el Fort Pienc,305100,Sant Joan,0006 0006,Friday,2023,2,February,10,Afternoon,21,No és causa del  vianant,Motorcycle,Dona,32,Passatger,Desconegut                                                                                                                                            ,Unknown,Unknown,Ferit lleu: Hospitalització fins a 24h,431582.27 ,4582754.76,2.180501983,41.391569121
2023S000875    ,2,Eixample,5,el Fort Pienc,305100,Sant Joan,0006 0006,Friday,2023,2,February,10,Afternoon,21,No és causa del  vianant,Motorcycle,Dona,34,Driver,Desconegut                                                                                                                                            ,Unknown,Es desconeix,Ferit lleu: Hospitalització fins a 24h,431582.27 ,4582754.76,2.180501983,41.391569121
2023S000876    ,2,Eixample,8,l'Antiga Esquerra de l'Eixample,320704,Sarrià,0018 0018,Dilluns,2023,2,February,13,Morning,12,No és causa del  vianant,Motorcycle,Dona,41,Driver,Desconegut                                                                                                                                            ,Unknown,En missió,Ferit lleu: Amb assistència sanitària en lloc d'accident,428499.73 ,4582666.13,2.143644741,41.390502587
2023S000877    ,2,Eixample,6,la Sagrada Família,76807,Sardenya,0245 0245,Dilluns,2023,2,February,13,Morning,10,No és causa del  vianant,Motorcycle,Home,23,Driver,Desconegut                                                                                                                                            ,Unknown,Altres activitats,Ferit lleu: Hospitalització fins a 24h,431264.72 ,4583795.85,2.176585763,41.400918815
2023S000880    ,2,Eixample,5,el Fort Pienc,169409,Corts Catalanes,0736 0740,Dilluns,2023,2,February,13,Morning,13,No és causa del  vianant,Furgoneta,Home,62,Driver,Desconegut                                                                                                                                            ,Unknown,En missió,Ferit lleu: Hospitalització fins a 24h,431455.99 ,4583368.44,2.178922143,41.397085599
2023S000880    ,2,Eixample,5,el Fort Pienc,169409,Corts Catalanes,0736 0740,Dilluns,2023,2,February,13,Morning,13,No és causa del  vianant,Car,Dona,24,Driver,Desconegut                                                                                                                                            ,Unknown,Es desconeix,Ferit lleu: Hospitalització fins a 24h,431455.99 ,4583368.44,2.178922143,41.397085599
2023S000881    ,2,Eixample,7,la Dreta de l'Eixample,169409,Corts Catalanes,0694 0694,Dilluns,2023,2,February,13,Morning,13,No és causa del  vianant,Veh. mobilitat personal amb motor,Home,32,Driver,Desconegut                                                                                                                                            ,Unknown,Es desconeix,Ferit lleu: Hospitalització fins a 24h,431044.09 ,4582965.88,2.174041171,41.393424628
2023S000882    ,4,Les Corts,19,les Corts,144601,Diagonal,0579 0587,Dilluns,2023,2,February,13,Afternoon,15,No és causa del  vianant,Motorcycle,Dona,27,Driver,Desconegut                                                                                                                                            ,Unknown,Es desconeix,Ferit lleu: Hospitalització fins a 24h,427557.22 ,4582526.09,2.132389155,41.389156919
2023S000883    ,4,Les Corts,20,la Maternitat i Sant Ramon,343903,Corts,0033 0033,Dilluns,2023,2,February,13,Afternoon,16,No és causa del  vianant,Bicicleta,Dona,66,Pedestrian,A la vorera / Andana                                                                                                                                  ,Oci i entreteniment,Unknown,Ferit lleu: Rebutja assistència sanitària,426465.78 ,4581177.17,2.11949972,41.376908663
2023S000884    ,10,Sant Martí,64,el Camp de l'Arpa del Clot,224802,Nació,0035 0035,Dilluns,2023,2,February,13,Afternoon,16,No és causa del  vianant,Motorcycle,Dona,58,Passatger,Desconegut                                                                                                                                            ,Unknown,Unknown,Ferit lleu: Hospitalització fins a 24h,431998.91 ,4585133.19,2.185217773,41.413026304
2023S000884    ,10,Sant Martí,64,el Camp de l'Arpa del Clot,224802,Nació,0035 0035,Dilluns,2023,2,February,13,Afternoon,16,No és causa del  vianant,Motorcycle,Home,59,Driver,Desconegut                                                                                                                                            ,Unknown,Es desconeix,Ferit lleu: Hospitalització fins a 24h,431998.91 ,4585133.19,2.185217773,41.413026304
2023S000885    ,3,Sants-Montjuïc,13,la Marina de Port,230601,Mare de Déu de Port,0343 0345,Dilluns,2023,2,February,13,Afternoon,18,No és causa del  vianant,Car,Home,67,Pedestrian,A la vorera / Andana                                                                                                                                  ,Oci i entreteniment,Unknown,Ferit lleu: Hospitalització fins a 24h,428136.79 ,4579538.28,2.13967504,41.362298789
2023S000886    ,2,Eixample,7,la Dreta de l'Eixample,100800,Diputació,0312 0312,Dilluns,2023,2,February,13,Afternoon,17,Altres,Motorcycle,Dona,32,Driver,Desconegut                                                                                                                                            ,Unknown,Oci i entreteniment,Ferit lleu: Hospitalització fins a 24h,430876.43 ,4583046.5 ,2.172026654,41.394136346
2023S000887    ,2,Eixample,8,l'Antiga Esquerra de l'Eixample,100800,Diputació,0137 0137,Dilluns,2023,2,February,13,Afternoon,17,No és causa del  vianant,Car,Home,42,Driver,Desconegut                                                                                                                                            ,Unknown,Es desconeix,Ferit lleu: Hospitalització fins a 24h,429696.1  ,4581906.18,2.158041539,41.383763488
2023S000890    ,10,Sant Martí,73,la Verneda i la Pau,266405,Prim,0192 0194,Dilluns,2023,2,February,13,Afternoon,18,No és causa del  vianant,Motorcycle,Home,40,Driver,Desconegut                                                                                                                                            ,Unknown,In itínere,Ferit lleu: Amb assistència sanitària en lloc d'accident,433653.97 ,4586136.52,2.204909198,41.422201441
2023S000892    ,10,Sant Martí,64,el Camp de l'Arpa del Clot,209900,Meridiana,0199 0199,Dimarts,2023,2,February,14,Morning,6,No és causa del  vianant,Veh. mobilitat personal amb motor,Dona,37,Driver,Desconegut                                                                                                                                            ,Unknown,Es desconeix,Ferit lleu: Amb assistència sanitària en lloc d'accident,432141.03 ,4585382.64,2.186890129,41.415285043
2023S000893    ,5,Sarrià-Sant Gervasi,27,el Putxet i el Farró,143904,General Mitre,0175 0175,Dimarts,2023,2,February,14,Morning,8,No és causa del  vianant,Motorcycle,Dona,31,Driver,Desconegut                                                                                                                                            ,Unknown,Es desconeix,Ferit lleu: Hospitalització fins a 24h,428273.21 ,4584231.67,2.14075002,41.404582623
2023S000894    ,2,Eixample,5,el Fort Pienc,89004,Consell de Cent,0467 0469,Dimarts,2023,2,February,14,Morning,9,No és causa del  vianant,Motorcycle,Home,43,Driver,Desconegut                                                                                                                                            ,Unknown,Es desconeix,Ferit lleu: Rebutja assistència sanitària,431230.39 ,4583594.47,2.176197997,41.39910211
2023S000895    ,7,Horta-Guinardó,36,la Font d'en Fargues,355800,Verema,0010 0010,Dimarts,2023,2,February,14,Morning,8,No és causa del  vianant,Motorcycle,Dona,54,Driver,Desconegut                                                                                                                                            ,Unknown,Es desconeix,Ferit lleu: Hospitalització fins a 24h,430182.07 ,4586474.44,2.163325906,41.424950584
2023S000896    ,1,Ciutat Vella,1,el Raval,28203,Aurora,0014C0014C,Dimarts,2023,2,February,14,Morning,7,No és causa del  vianant,Veh. mobilitat personal amb motor,Home,17,Driver,Desconegut                                                                                                                                            ,Unknown,Es desconeix,Ferit lleu: Hospitalització fins a 24h,430509.14 ,4581315   ,2.167832333,41.378509583
2023S000897    ,3,Sants-Montjuïc,16,la Bordeta,160903,Ildefons Cerdà,0004 0006,Dimarts,2023,2,February,14,Morning,9,No és causa del  vianant,Motorcycle,Home,42,Driver,Desconegut                                                                                                                                            ,Unknown,Es desconeix,Ferit lleu: Rebutja assistència sanitària,427718.43 ,4579750.57,2.134648336,41.364173341
2023S000898    ,10,Sant Martí,66,el Parc i la Llacuna del Poblenou,209900,Meridiana,0015 0017,Dimarts,2023,2,February,14,Morning,8,No és causa del  vianant,Motorcycle,Dona,50,Driver,Desconegut                                                                                                                                            ,Unknown,Es desconeix,Ferit lleu: Hospitalització fins a 24h,432116.2  ,4582922.61,2.186869104,41.393126169
2023S000899    ,9,Sant Andreu,60,Sant Andreu,105701,Dublín,0016B0016B,Dimarts,2023,2,February,14,Morning,8,No és causa del  vianant,Motorcycle,Dona,28,Driver,Desconegut                                                                                                                                            ,Unknown,Es desconeix,Ferit lleu: Amb assistència sanitària en lloc d'accident,431926.84 ,4586869.18,2.184159998,41.428655703
2023S000900    ,1,Ciutat Vella,2,el Barri Gòtic,106205,Duc de Medinaceli,0002 0002,Dimarts,2023,2,February,14,Morning,10,No és causa del  vianant,Motorcycle,Dona,42,Driver,Desconegut                                                                                                                                            ,Unknown,Es desconeix,Ferit lleu: Hospitalització fins a 24h,431420.9  ,4581318.27,2.178734648,41.378617304
2023S000901    ,4,Les Corts,20,la Maternitat i Sant Ramon,144601,Diagonal,0653 0659,Dimarts,2023,2,February,14,Morning,10,No és causa del  vianant,Motorcycle,Home,20,Driver,Desconegut                                                                                                                                            ,Unknown,En missió,Ferit lleu: Hospitalització fins a 24h,425755.73 ,4581989.81,2.110909787,41.384162529
2023S000903    ,2,Eixample,8,l'Antiga Esquerra de l'Eixample,245802,París,0169 0169,Dimarts,2023,2,February,14,Morning,13,No és causa del  vianant,Bicicleta,Home,26,Driver,Desconegut                                                                                                                                            ,Unknown,Es desconeix,Ferit lleu: Hospitalització fins a 24h,429173.98 ,4582876.38,2.151684146,41.392455923
2023S000904    ,3,Sants-Montjuïc,12,la Marina del Prat Vermell,369408,Zona Franca,0028 0028,Dimarts,2023,2,February,14,Morning,13,No és causa del  vianant,Veh. mobilitat personal amb motor,Home,16,Driver,Desconegut                                                                                                                                            ,Unknown,Es desconeix,Ferit lleu: Hospitalització fins a 24h,428495.23 ,4578479.06,2.144085014,41.352790659
2023S000905    ,6,Gràcia,31,la Vila de Gràcia,306306,Sant Lluís,0055 0055,Dimarts,2023,2,February,14,Morning,11,No és causa del  vianant,Motorcycle,Home,30,Driver,Desconegut                                                                                                                                            ,Unknown,En missió,Ferit lleu: Hospitalització fins a 24h,429941.66 ,4584339.31,2.160696489,41.40569931
2023S000906    ,1,Ciutat Vella,4,"Sant Pere, Santa Caterina i la Ribera",247105,Sota Muralla,0015 0015,Dimarts,2023,2,February,14,Morning,10,No és causa del  vianant,Bicicleta,Home,41,Driver,Desconegut                                                                                                                                            ,Unknown,Oci i entreteniment,Ferit lleu: Hospitalització fins a 24h,431876.16 ,4581706.1 ,2.184134973,41.382149083
2023S000907    ,5,Sarrià-Sant Gervasi,23,Sarrià,701501,B-20 (Llobregat),000650000,Dimarts,2023,2,February,14,Afternoon,15,No és causa del  vianant,Car,Home,28,Driver,Desconegut                                                                                                                                            ,Unknown,In itínere,Ferit lleu: Hospitalització fins a 24h,425886.72 ,4583460.91,2.112296156,41.39742416
2023S000908    ,2,Eixample,7,la Dreta de l'Eixample,148307,Gràcia,0072S0072S,Dimarts,2023,2,February,14,Morning,12,No és causa del  vianant,Motorcycle,Home,42,Driver,Desconegut                                                                                                                                            ,Unknown,Es desconeix,Ferit lleu: Hospitalització fins a 24h,430187.73 ,4582930.63,2.163802698,41.39303322
2023S000909    ,2,Eixample,5,el Fort Pienc,28305,Ausiàs Marc,0149 0149,Dimarts,2023,2,February,14,Afternoon,14,No és causa del  vianant,Motorcycle,Dona,37,Driver,Desconegut                                                                                                                                            ,Unknown,In itínere,Ferit lleu: Hospitalització fins a 24h,431844.57 ,4583386.88,2.183567976,41.39728473
2023S000910    ,3,Sants-Montjuïc,11,el Poble-sec,198804,Paral·lel,0087 0087,Dimarts,2023,2,February,14,Afternoon,15,No és causa del  vianant,Veh. mobilitat personal amb motor,Dona,53,Pedestrian,En pas regulat per semàfor                                                                                                                            ,Unknown,Unknown,Ferit lleu: Hospitalització fins a 24h,430316.25 ,4580904.02,2.165573065,41.374791317
2023S000911    ,3,Sants-Montjuïc,15,Hostafrancs,191204,Mallorca,0028U0028U,Dimarts,2023,2,February,14,Afternoon,15,No és causa del  vianant,Veh. mobilitat personal amb motor,Dona,46,Driver,Desconegut                                                                                                                                            ,Unknown,In itínere,Ferit lleu: Hospitalització fins a 24h,428494.09 ,4581458.79,2.143719857,41.379628007
2023S000912    ,5,Sarrià-Sant Gervasi,25,Sant Gervasi - la Bonanova,701267,Dalt (Besòs),0007E0000,Dimarts,2023,2,February,14,Afternoon,15,No és causa del  vianant,Motorcycle,Home,53,Driver,Desconegut                                                                                                                                            ,Unknown,Es desconeix,Ferit lleu: Hospitalització fins a 24h,427097.08 ,4584894.92,2.126600642,41.410450375
2023S000913    ,10,Sant Martí,69,Diagonal Mar i el Front Marítim del Poblenou,700654,Litoral,0098 0098,Dimarts,2023,2,February,14,Afternoon,16,No és causa del  vianant,Motorcycle,Home,34,Driver,Desconegut                                                                                                                                            ,Unknown,Altres activitats,Ferit lleu: Hospitalització fins a 24h,434131.96 ,4583677.31,2.210896674,41.400091299
2023S000913    ,10,Sant Martí,69,Diagonal Mar i el Front Marítim del Poblenou,700654,Litoral,0098 0098,Dimarts,2023,2,February,14,Afternoon,16,No és causa del  vianant,Motorcycle,Home,37,Driver,Desconegut                                                                                                                                            ,Unknown,Altres activitats,Ferit lleu: Amb assistència sanitària en lloc d'accident,434131.96 ,4583677.31,2.210896674,41.400091299
2023S000914    ,10,Sant Martí,68,el Poblenou,701266,Litoral (Llobregat),000740000,Dimecres,2023,2,February,15,Afternoon,16,No és causa del  vianant,Car,Dona,24,Passatger,Desconegut                                                                                                                                            ,Unknown,Unknown,Ferit lleu: Hospitalització fins a 24h,433776.65 ,4583174.38,2.206701532,41.395532324
2023S000914    ,10,Sant Martí,68,el Poblenou,701266,Litoral (Llobregat),000740000,Dimecres,2023,2,February,15,Afternoon,16,No és causa del  vianant,Car,Home,40,Driver,Desconegut                                                                                                                                            ,Unknown,In itínere,Ferit lleu: Hospitalització fins a 24h,433776.65 ,4583174.38,2.206701532,41.395532324
2023S000914    ,10,Sant Martí,68,el Poblenou,701266,Litoral (Llobregat),000740000,Dimecres,2023,2,February,15,Afternoon,16,No és causa del  vianant,Car,Dona,30,Driver,Desconegut                                                                                                                                            ,Unknown,Oci i entreteniment,Ferit lleu: Hospitalització fins a 24h,433776.65 ,4583174.38,2.206701532,41.395532324
2023S000915    ,1,Ciutat Vella,2,el Barri Gòtic,701266,Litoral (Llobregat),001070000,Dimarts,2023,2,February,14,Afternoon,17,No és causa del  vianant,Motorcycle,Home,41,Driver,Desconegut                                                                                                                                            ,Unknown,Oci i entreteniment,Ferit lleu: Hospitalització fins a 24h,431520.59 ,4581243.79,2.179935149,41.377954977