Case_Number,District_Code,District_Name,Neighborhood_Code,Neighborhood_Name,Street_Code,Street_Name,Postal_Code,Day_of_Week,Year,Month_Code,Month_Name,Day_of_Month,Shift_Description,Hour_of_Day,Pedestrian_Cause_Description,Involved_Vehicle_Type,Gender_Description,Age,Person_Type_Description,Pedestrian_Accident_Location_Description,Pedestrian_Movement_Reason_Description,Driver_Movement_Reason_Description,Victimization_Description,UTM_X_Coordinate,UTM_Y_Coordinate,Longitude,Latitude
2023S000916    ,8,Nou Barris,45,Porta,356905,Verdum,0028 0028,Dimarts,2023,2,February,14,Afternoon,17,No és causa del  vianant,Car,Dona,51,Pedestrian,Desconegut                                                                                                                                            ,Oci i entreteniment,Unknown,Ferit lleu: Hospitalització fins a 24h,431098.55 ,4587882.22,2.174132262,41.437709123
2023S000916    ,8,Nou Barris,45,Porta,356905,Verdum,0028 0028,Dimarts,2023,2,February,14,Afternoon,17,No és causa del  vianant,Car,Home,31,Pedestrian,Desconegut                                                                                                                                            ,Unknown,Unknown,Ferit lleu: Rebutja assistència sanitària,431098.55 ,4587882.22,2.174132262,41.437709123
2023S000916    ,8,Nou Barris,45,Porta,356905,Verdum,0028 0028,Dimarts,2023,2,February,14,Afternoon,17,No és causa del  vianant,Car,Home,15,Driver,Desconegut                                                                                                                                            ,Unknown,Oci i entreteniment,Ferit lleu: Hospitalització fins a 24h,431098.55 ,4587882.22,2.174132262,41.437709123
2023S000917    ,3,Sants-Montjuïc,13,la Marina de Port,137300,Foneria,0031B0031B,Dimarts,2023,2,February,14,Afternoon,17,No és causa del  vianant,Motorcycle,Home,34,Driver,Desconegut                                                                                                                                            ,Unknown,In itínere,Ferit lleu: Hospitalització fins a 24h,428057.24 ,4579344.4 ,2.138747045,41.360545468
2023S000918    ,10,Sant Martí,64,el Camp de l'Arpa del Clot,350308,València,0608B0608B,Dimarts,2023,2,February,14,Afternoon,17,No és causa del  vianant,Bus,Dona,36,Passatger,Desconegut                                                                                                                                            ,Unknown,Unknown,Ferit lleu: Amb assistència sanitària en lloc d'accident,432059.39 ,4584748.99,2.185984533,41.409571049
2023S000918    ,10,Sant Martí,64,el Camp de l'Arpa del Clot,350308,València,0608B0608B,Dimarts,2023,2,February,14,Afternoon,17,No és causa del  vianant,Bus,Dona,60,Passatger,Desconegut                                                                                                                                            ,Unknown,Unknown,Ferit lleu: Hospitalització fins a 24h,432059.39 ,4584748.99,2.185984533,41.409571049
2023S000919    ,7,Horta-Guinardó,41,la Vall d'Hebron,701268,Dalt (Llobregat),001100000,Dimarts,2023,2,February,14,Afternoon,20,No és causa del  vianant,Motorcycle,Home,34,Driver,Desconegut                                                                                                                                            ,Unknown,Altres activitats,Ferit lleu: Hospitalització fins a 24h,428543.18 ,4586839.61,2.143671306,41.428095331
2023S000920    ,2,Eixample,10,Sant Antoni,296508,Sant Antoni,0055 0055,Dimarts,2023,2,February,14,Afternoon,19,No és causa del  vianant,Autobús articulat,Dona,73,Passatger,Desconegut                                                                                                                                            ,Unknown,Unknown,Ferit lleu: Amb assistència sanitària en lloc d'accident,430180.58 ,4581946.73,2.163830648,41.384170924
2023S000921    ,9,Sant Andreu,57,la Trinitat Vella,701267,Dalt (Besòs),001590000,Dimarts,2023,2,February,14,Afternoon,16,No és causa del  vianant,Motorcycle,Home,39,Driver,Desconegut                                                                                                                                            ,Unknown,Es desconeix,Ferit lleu: Hospitalització fins a 24h,432720.04 ,4588904.37,2.193425555,41.447052863
2023S000922    ,6,Gràcia,28,Vallcarca i els Penitents,123408,Lesseps,0025 0025,Dimarts,2023,2,February,14,Afternoon,20,No és causa del  vianant,Motorcycle,Home,38,Driver,Desconegut                                                                                                                                            ,Unknown,Oci i entreteniment,Ferit lleu: Hospitalització fins a 24h,428967.21 ,4584479.36,2.149022934,41.406875127
2023S000923    ,2,Eixample,5,el Fort Pienc,169409,Corts Catalanes,0794 0794,Dimecres,2023,2,February,15,Morning,8,No és causa del  vianant,Motorcycle,Home,27,Driver,Desconegut                                                                                                                                            ,Unknown,Es desconeix,Ferit lleu: Amb assistència sanitària en lloc d'accident,431752.09 ,4583696.66,2.182426855,41.400066981
2023S000924    ,4,Les Corts,19,les Corts,343903,Corts,0231 0233,Dimarts,2023,2,February,14,Afternoon,21,No és causa del  vianant,Motorcycle,Dona,25,Passatger,Desconegut                                                                                                                                            ,Unknown,Unknown,Ferit lleu: Hospitalització fins a 24h,427447.75 ,4582017.56,2.131140865,41.384566916
2023S000924    ,4,Les Corts,19,les Corts,343903,Corts,0231 0233,Dimarts,2023,2,February,14,Afternoon,21,No és causa del  vianant,Motorcycle,Home,27,Driver,Desconegut                                                                                                                                            ,Unknown,Es desconeix,Ferit lleu: Hospitalització fins a 24h,427447.75 ,4582017.56,2.131140865,41.384566916
2023S000925    ,9,Sant Andreu,61,la Sagrera,292507,Gran de la Sagrera,0136 0142,Dimecres,2023,2,February,15,Morning,8,No és causa del  vianant,Motorcycle,Home,53,Driver,Desconegut                                                                                                                                            ,Unknown,Es desconeix,Ferit lleu: Hospitalització fins a 24h,432507.43 ,4586441.07,2.191155786,41.424848874
2023S000926    ,2,Eixample,8,l'Antiga Esquerra de l'Eixample,18505,Aragó,0197 0197,Dimecres,2023,2,February,15,Morning,8,No és causa del  vianant,Motorcycle,Dona,58,Driver,Desconegut                                                                                                                                            ,Unknown,Altres activitats,Ferit greu: hospitalització superior a 24h,429817.13 ,4582361.22,2.159436166,41.387872459
2023S000927    ,2,Eixample,7,la Dreta de l'Eixample,18505,Aragó,0236 0236,Dimecres,2023,2,February,15,Morning,10,No és causa del  vianant,Motorcycle,Home,34,Driver,Desconegut                                                                                                                                            ,Unknown,Es desconeix,Ferit lleu: Hospitalització fins a 24h,430022.75 ,4582583.06,2.16186964,41.389888424
2023S000928    ,2,Eixample,7,la Dreta de l'Eixample,176801,Roger de Llúria,0021 0021,Dimecres,2023,2,February,15,Morning,12,Creuar per fora pas de vianants,Veh. mobilitat personal amb motor,Dona,70,Pedestrian,Fora del pas                                                                                                                                          ,Es desconeix,Unknown,Ferit lleu: Amb assistència sanitària en lloc d'accident,430826.84 ,4582699.69,2.171473157,41.391008469
2023S000929    ,2,Eixample,5,el Fort Pienc,325005,Sicília,0191 0191,Dimecres,2023,2,February,15,Morning,12,No és causa del  vianant,Motorcycle,Home,36,Driver,Desconegut                                                                                                                                            ,Unknown,Altres activitats,Ferit lleu: Hospitalització fins a 24h,431167.04 ,4583702.85,2.175427899,41.400072831
2023S000930    ,4,Les Corts,20,la Maternitat i Sant Ramon,66508,Carles III,0045 0045,Dimecres,2023,2,February,15,Morning,11,No és causa del  vianant,Motorcycle,Dona,35,Driver,Desconegut                                                                                                                                            ,Unknown,Altres activitats,Ferit lleu: Rebutja assistència sanitària,427163.85 ,4581781.7 ,2.127774126,41.382416951
2023S000931    ,5,Sarrià-Sant Gervasi,27,el Putxet i el Farró,143904,General Mitre,0191 0193,Dimecres,2023,2,February,15,Morning,13,No és causa del  vianant,Car,Home,35,Driver,Desconegut                                                                                                                                            ,Unknown,Oci i entreteniment,Ferit lleu: Amb assistència sanitària en lloc d'accident,428362.88 ,4584282.82,2.141816642,41.405051311
2023S000932    ,3,Sants-Montjuïc,18,Sants,172403,Joan Güell,0001S0001S,Dilluns,2023,2,February,13,Afternoon,16,Altres,Veh. mobilitat personal amb motor,Dona,53,Pedestrian,En pas regulat per semàfor                                                                                                                            ,Unknown,Unknown,Ferit lleu: Hospitalització fins a 24h,427756.38 ,4581051.22,2.134946977,41.375891241
2023S000933    ,7,Horta-Guinardó,33,el Baix Guinardó,8807,Alfons el Savi,0006 0006,Dimecres,2023,2,February,15,Morning,13,No és causa del  vianant,Motorcycle,Home,58,Driver,Desconegut                                                                                                                                            ,Unknown,Es desconeix,Ferit lleu: Hospitalització fins a 24h,430397.3  ,4585071.83,2.166062916,41.412336467
2023S000934    ,4,Les Corts,19,les Corts,144601,Diagonal,0565X0565X,Dimecres,2023,2,February,15,Afternoon,15,Desobeir el senyal del semàfor,Car,Dona,42,Pedestrian,En pas regulat per semàfor                                                                                                                            ,Oci i entreteniment,Unknown,Ferit lleu: Hospitalització fins a 24h,427666.32 ,4582685.53,2.133674904,41.390602757
2023S000935    ,5,Sarrià-Sant Gervasi,26,Sant Gervasi - Galvany,348408,Tuset,0034 0034,Dimecres,2023,2,February,15,Morning,13,Altres,Motorcycle,Home,55,Driver,Desconegut                                                                                                                                            ,Unknown,Oci i entreteniment,Ferit lleu: Hospitalització fins a 24h,429142.75 ,4583335.07,2.151256926,41.396584428
2023S000936    ,10,Sant Martí,68,el Poblenou,701266,Litoral (Llobregat),000750000,Dimecres,2023,2,February,15,Morning,6,No és causa del  vianant,Motorcycle,Home,42,Driver,Desconegut                                                                                                                                            ,Unknown,In itínere,Ferit lleu: Hospitalització fins a 24h,433777.75 ,4583199.54,2.206711936,41.395759025
2023S000937    ,2,Eixample,9,la Nova Esquerra de l'Eixample,54509,Calàbria,0118 0118,Dimecres,2023,2,February,15,Afternoon,15,No és causa del  vianant,Veh. mobilitat personal amb motor,Home,55,Driver,Desconegut                                                                                                                                            ,Unknown,Oci i entreteniment,Ferit lleu: Amb assistència sanitària en lloc d'accident,429347.93 ,4581549.1 ,2.15391952,41.380516868
2023S000938    ,3,Sants-Montjuïc,18,Sants,312400,Sants,0188 0190,Dimecres,2023,2,February,15,Afternoon,16,No és causa del  vianant,Bicicleta,Home,28,Driver,Desconegut                                                                                                                                            ,Unknown,Es desconeix,Ferit lleu: Hospitalització fins a 24h,427512.14 ,4581019.39,2.132030351,41.375582585
2023S000939    ,2,Eixample,9,la Nova Esquerra de l'Eixample,162002,Josep Tarradellas,0062 0062,Dimecres,2023,2,February,15,Afternoon,15,No és causa del  vianant,Motorcycle,Home,37,Driver,Desconegut                                                                                                                                            ,Unknown,Es desconeix,Ferit lleu: Hospitalització fins a 24h,428409.41 ,4582129   ,2.142628031,41.385656815
2023S000940    ,10,Sant Martí,67,la Vila Olímpica del Poblenou,700664,Arquitecte Sert,0003 0005,Dimecres,2023,2,February,15,Afternoon,15,No és causa del  vianant,Car,Home,54,Passatger,Desconegut                                                                                                                                            ,Unknown,Unknown,Ferit lleu: Hospitalització fins a 24h,433331.93 ,4582763.2 ,2.201427507,41.391792158
2023S000940    ,10,Sant Martí,67,la Vila Olímpica del Poblenou,700664,Arquitecte Sert,0003 0005,Dimecres,2023,2,February,15,Afternoon,15,No és causa del  vianant,Car,Home,58,Passatger,Desconegut                                                                                                                                            ,Unknown,Unknown,Ferit lleu: Hospitalització fins a 24h,433331.93 ,4582763.2 ,2.201427507,41.391792158
2023S000940    ,10,Sant Martí,67,la Vila Olímpica del Poblenou,700664,Arquitecte Sert,0003 0005,Dimecres,2023,2,February,15,Afternoon,15,No és causa del  vianant,Car,Home,27,Driver,Desconegut                                                                                                                                            ,Unknown,En missió,Ferit lleu: Amb assistència sanitària en lloc d'accident,433331.93 ,4582763.2 ,2.201427507,41.391792158
2023S000940    ,10,Sant Martí,67,la Vila Olímpica del Poblenou,700664,Arquitecte Sert,0003 0005,Dimecres,2023,2,February,15,Afternoon,15,No és causa del  vianant,Car,Dona,27,Driver,Desconegut                                                                                                                                            ,Unknown,Es desconeix,Ferit lleu: Hospitalització fins a 24h,433331.93 ,4582763.2 ,2.201427507,41.391792158
2023S000940    ,10,Sant Martí,67,la Vila Olímpica del Poblenou,700664,Arquitecte Sert,0003 0005,Dimecres,2023,2,February,15,Afternoon,15,No és causa del  vianant,Car,Dona,50,Driver,Desconegut                                                                                                                                            ,Unknown,Es desconeix,Ferit lleu: Hospitalització fins a 24h,433331.93 ,4582763.2 ,2.201427507,41.391792158
2023S000940    ,10,Sant Martí,67,la Vila Olímpica del Poblenou,700664,Arquitecte Sert,0003 0005,Dimecres,2023,2,February,15,Afternoon,15,No és causa del  vianant,Car,Home,30,Driver,Desconegut                                                                                                                                            ,Unknown,Es desconeix,Ferit lleu: Hospitalització fins a 24h,433331.93 ,4582763.2 ,2.201427507,41.391792158
2023S000940    ,10,Sant Martí,67,la Vila Olímpica del Poblenou,700664,Arquitecte Sert,0003 0005,Dimecres,2023,2,February,15,Afternoon,15,No és causa del  vianant,Car,Home,31,Driver,Desconegut                                                                                                                                            ,Unknown,Es desconeix,Ferit lleu: Hospitalització fins a 24h,433331.93 ,4582763.2 ,2.201427507,41.391792158
2023S000941    ,1,Ciutat Vella,3,la Barceloneta,197903,Marítim de la Barceloneta,0018 0018,Dimecres,2023,2,February,15,Afternoon,17,No és causa del  vianant,Veh. mobilitat personal amb motor,Home,23,Driver,Desconegut                                                                                                                                            ,Unknown,Es desconeix,Ferit lleu: Hospitalització fins a 24h,432758.38 ,4581836.02,2.194670628,41.383393501
2023S000942    ,5,Sarrià-Sant Gervasi,26,Sant Gervasi - Galvany,139805,Ganduxer,0017 0017,Dimecres,2023,2,February,15,Afternoon,15,No és causa del  vianant,Bicicleta,Dona,41,Driver,Desconegut                                                                                                                                            ,Unknown,In itínere,Ferit lleu: Hospitalització fins a 24h,428081.11 ,4582993.06,2.138599231,41.393409778
2023S000942    ,5,Sarrià-Sant Gervasi,26,Sant Gervasi - Galvany,139805,Ganduxer,0017 0017,Dimecres,2023,2,February,15,Afternoon,15,No és causa del  vianant,Veh. mobilitat personal amb motor,Home,28,Driver,Desconegut                                                                                                                                            ,Unknown,Oci i entreteniment,Ferit lleu: Amb assistència sanitària en lloc d'accident,428081.11 ,4582993.06,2.138599231,41.393409778
2023S000943    ,2,Eixample,10,Sant Antoni,169409,Corts Catalanes,0576 0576,Dimecres,2023,2,February,15,Afternoon,19,No és causa del  vianant,Bus,Dona,63,Passatger,Desconegut                                                                                                                                            ,Unknown,Unknown,Ferit lleu: Hospitalització fins a 24h,430025.03 ,4582004.98,2.161963719,41.384682041
2023S000945    ,3,Sants-Montjuïc,12,la Marina del Prat Vermell,180,A Zona Franca,0093 0093,Dimecres,2023,2,February,15,Afternoon,21,No és causa del  vianant,Car,Home,52,Driver,Desconegut                                                                                                                                            ,Unknown,In itínere,Ferit lleu: Hospitalització fins a 24h,428497.71 ,4577319.47,2.144251323,41.342346799
2023S000947    ,1,Ciutat Vella,1,el Raval,310303,Sant Rafael,0013 0013,Dimecres,2023,2,February,15,Afternoon,19,No és causa del  vianant,Car,Dona,48,Pedestrian,A la vorera / Andana                                                                                                                                  ,Altres activitats,Unknown,Ferit lleu: Hospitalització fins a 24h,430647.69 ,4581382.29,2.169481386,41.379127605
2023S000948    ,10,Sant Martí,70,el Besòs i el Maresme,701414,C-31,020850000,Dimecres,2023,2,February,15,Afternoon,20,No és causa del  vianant,Car,Dona,32,Driver,Desconegut                                                                                                                                            ,Unknown,In itínere,Ferit lleu: Hospitalització fins a 24h,434078.33 ,4585946.2 ,2.210007828,41.420522231
2023S000950    ,2,Eixample,7,la Dreta de l'Eixample,247659,Pau Claris,0162 0164,Dimecres,2023,2,February,15,Night,23,No és causa del  vianant,Motorcycle,Home,33,Driver,Desconegut                                                                                                                                            ,Unknown,In itínere,Ferit lleu: Amb assistència sanitària en lloc d'accident,430215.57 ,4583149.45,2.164110449,41.395006478
2023S000951    ,2,Eixample,6,la Sagrada Família,161407,Indústria,0107 0107,Dimecres,2023,2,February,15,Afternoon,18,Creuar per fora pas de vianants,Motorcycle,Home,50,Pedestrian,Fora del pas                                                                                                                                          ,Oci i entreteniment,Unknown,Ferit lleu: Hospitalització fins a 24h,430810.78 ,4584480.49,2.171077455,41.407046187
2023S000951    ,2,Eixample,6,la Sagrada Família,161407,Indústria,0107 0107,Dimecres,2023,2,February,15,Afternoon,18,Creuar per fora pas de vianants,Motorcycle,Home,31,Driver,Fora del pas                                                                                                                                          ,Unknown,Oci i entreteniment,Ferit lleu: Hospitalització fins a 24h,430810.78 ,4584480.49,2.171077455,41.407046187
2023S000952    ,9,Sant Andreu,57,la Trinitat Vella,701497,B-10 (Llobregat),000020000,Dimecres,2023,2,February,15,Afternoon,19,No és causa del  vianant,Car,Home,22,Passatger,Desconegut                                                                                                                                            ,Unknown,Unknown,Ferit lleu: Hospitalització fins a 24h,433363.25 ,4582786.07,2.201799588,41.39200074
2023S000952    ,9,Sant Andreu,57,la Trinitat Vella,701497,B-10 (Llobregat),000020000,Dimecres,2023,2,February,15,Afternoon,19,No és causa del  vianant,Car,Dona,22,Driver,Desconegut                                                                                                                                            ,Unknown,Es desconeix,Ferit lleu: Hospitalització fins a 24h,433363.25 ,4582786.07,2.201799588,41.39200074
2023S000952    ,9,Sant Andreu,57,la Trinitat Vella,701497,B-10 (Llobregat),000020000,Dimecres,2023,2,February,15,Afternoon,19,No és causa del  vianant,Car,Dona,23,Driver,Desconegut                                                                                                                                            ,Unknown,Es desconeix,Ferit lleu: Amb assistència sanitària en lloc d'accident,433363.25 ,4582786.07,2.201799588,41.39200074
2023S000953    ,7,Horta-Guinardó,39,Sant Genís dels Agudells,701267,Dalt (Besòs),001060000,Thursday,2023,2,February,16,Night,5,No és causa del  vianant,Car,Dona,38,Driver,Desconegut                                                                                                                                            ,Unknown,Es desconeix,Ferit lleu: Hospitalització fins a 24h,428773.49 ,4587500.25,2.146349502,41.434065902
2023S000953    ,7,Horta-Guinardó,39,Sant Genís dels Agudells,701267,Dalt (Besòs),001060000,Thursday,2023,2,February,16,Night,5,No és causa del  vianant,Car,Home,45,Driver,Desconegut                                                                                                                                            ,Unknown,Es desconeix,Ferit lleu: Hospitalització fins a 24h,428773.49 ,4587500.25,2.146349502,41.434065902
2023S000954    ,7,Horta-Guinardó,43,Horta,701267,Dalt (Besòs),001230000,Thursday,2023,2,February,16,Morning,6,No és causa del  vianant,Motorcycle,Dona,48,Driver,Desconegut                                                                                                                                            ,Unknown,Es desconeix,Ferit lleu: Amb assistència sanitària en lloc d'accident,429224.55 ,4587887.44,2.151702397,41.437593059
2023S000954    ,7,Horta-Guinardó,43,Horta,701267,Dalt (Besòs),001230000,Thursday,2023,2,February,16,Morning,6,No és causa del  vianant,Motorcycle,Home,54,Driver,Desconegut                                                                                                                                            ,Unknown,Es desconeix,Ferit lleu: Hospitalització fins a 24h,429224.55 ,4587887.44,2.151702397,41.437593059
2023S000955    ,1,Ciutat Vella,1,el Raval,28203,Aurora,0014C0014C,Thursday,2023,2,February,16,Morning,6,No és causa del  vianant,Ciclomotor,Home,28,Driver,Desconegut                                                                                                                                            ,Unknown,Oci i entreteniment,Ferit lleu: Hospitalització fins a 24h,430509.14 ,4581315   ,2.167832333,41.378509583
2023S000956    ,2,Eixample,5,el Fort Pienc,197302,Marina,0181 0181,Thursday,2023,2,February,16,Morning,10,No és causa del  vianant,Motorcycle,Home,37,Driver,Desconegut                                                                                                                                            ,Unknown,En missió,Ferit lleu: Amb assistència sanitària en lloc d'accident,431575.46 ,4583633.92,2.180321135,41.39948688
2023S000957    ,10,Sant Martí,64,el Camp de l'Arpa del Clot,161407,Indústria,0288 0288,Dimecres,2023,2,February,15,Afternoon,21,No és causa del  vianant,Motorcycle,Dona,27,Driver,Desconegut                                                                                                                                            ,Unknown,Oci i entreteniment,Ferit lleu: Amb assistència sanitària en lloc d'accident,431634.8  ,4585306.27,2.180841921,41.414554272
2023S000958    ,5,Sarrià-Sant Gervasi,23,Sarrià,28000,Augusta,0321X0321X,Thursday,2023,2,February,16,Morning,10,No és causa del  vianant,Motorcycle,Home,32,Driver,Desconegut                                                                                                                                            ,Unknown,Es desconeix,Ferit lleu: Hospitalització fins a 24h,426886.36 ,4583717.97,2.124221932,41.39983095
2023S000959    ,9,Sant Andreu,61,la Sagrera,238308,Pacífic,0049 0049,Thursday,2023,2,February,16,Morning,9,No és causa del  vianant,Motorcycle,Home,47,Driver,Desconegut                                                                                                                                            ,Unknown,Oci i entreteniment,Ferit lleu: Hospitalització fins a 24h,432268.28 ,4586590.42,2.188277285,41.426173882
2023S000960    ,6,Gràcia,32,el Camp d'en Grassot i Gràcia Nova,268105,Providència,0095 0097,Thursday,2023,2,February,16,Morning,10,Altres,Motorcycle,Dona,37,Driver,Desconegut                                                                                                                                            ,Unknown,Es desconeix,Ferit lleu: Hospitalització fins a 24h,429926.53 ,4584662.93,2.160478001,41.408612721
2023S000961    ,-1,Unknown,-1,Unknown,-1,Unknown,Unknown,Saturday,2023,1,January,28,Afternoon,14,No és causa del  vianant,Motorcycle,Dona,57,Pedestrian,En pas sense regular                                                                                                                                  ,Es desconeix,Unknown,Ferit lleu: Rebutja assistència sanitària,430955.45 ,4586335.1 ,2.172596357,41.423762477
2023S000962    ,1,Ciutat Vella,2,el Barri Gòtic,177101,Laietana,0019 0019,Thursday,2023,2,February,16,Morning,13,No és causa del  vianant,Motorcycle,Dona,50,Passatger,Desconegut                                                                                                                                            ,Unknown,Unknown,Ferit lleu: Hospitalització fins a 24h,431474.86 ,4581846.76,2.1793201,41.38338187
2023S000962    ,1,Ciutat Vella,2,el Barri Gòtic,177101,Laietana,0019 0019,Thursday,2023,2,February,16,Morning,13,No és causa del  vianant,Motorcycle,Home,47,Driver,Desconegut                                                                                                                                            ,Unknown,Es desconeix,Ferit lleu: Hospitalització fins a 24h,431474.86 ,4581846.76,2.1793201,41.38338187
2023S000963    ,6,Gràcia,32,el Camp d'en Grassot i Gràcia Nova,225500,Nàpols,0291 0293,Thursday,2023,2,February,16,Morning,13,No és causa del  vianant,Furgoneta,Home,39,Pedestrian,Altres                                                                                                                                                ,Unknown,Unknown,Ferit lleu: Hospitalització fins a 24h,430603.22 ,4584092.49,2.168638915,41.403533698
2023S000964    ,2,Eixample,10,Sant Antoni,198804,Paral·lel,0182 0182,Thursday,2023,2,February,16,Afternoon,14,No és causa del  vianant,Motorcycle,Home,46,Driver,Desconegut                                                                                                                                            ,Unknown,Oci i entreteniment,Ferit lleu: Hospitalització fins a 24h,429362.65 ,4580936.13,2.154167022,41.374997338
2023S000965    ,6,Gràcia,32,el Camp d'en Grassot i Gràcia Nova,305100,Sant Joan,0150 0150,Thursday,2023,2,February,16,Afternoon,14,No és causa del  vianant,Motorcycle,Home,65,Driver,Desconegut                                                                                                                                            ,Unknown,Oci i entreteniment,Ferit lleu: Hospitalització fins a 24h,430411.16 ,4583904.05,2.16636309,41.401819871
2023S000967    ,1,Ciutat Vella,1,el Raval,308709,Sant Pau,0030X0030X,Thursday,2023,2,February,16,Afternoon,17,No és causa del  vianant,Motorcycle,Home,41,Driver,Desconegut                                                                                                                                            ,Unknown,Es desconeix,Ferit lleu: Hospitalització fins a 24h,430358.15 ,4581066.85,2.166055351,41.376261508
2023S000968    ,6,Gràcia,31,la Vila de Gràcia,171604,Joan Blanques,0009 0009,Thursday,2023,2,February,16,Afternoon,17,No és causa del  vianant,Bicicleta,Dona,40,Driver,Desconegut                                                                                                                                            ,Unknown,Es desconeix,Ferit lleu: Hospitalització fins a 24h,429985.11 ,4584188.75,2.161233699,41.404347056
2023S000969    ,3,Sants-Montjuïc,17,Sants - Badal,701434,Mig (Descendent),000100000,Thursday,2023,2,February,16,Afternoon,19,No és causa del  vianant,Motorcycle,Dona,43,Passatger,Desconegut                                                                                                                                            ,Unknown,Unknown,Ferit lleu: Hospitalització fins a 24h,427419.84 ,4580846.47,2.130947419,41.374016835
2023S000969    ,3,Sants-Montjuïc,17,Sants - Badal,701434,Mig (Descendent),000100000,Thursday,2023,2,February,16,Afternoon,19,No és causa del  vianant,Car,Dona,20,Passatger,Desconegut                                                                                                                                            ,Unknown,Unknown,Ferit lleu: Hospitalització fins a 24h,427419.84 ,4580846.47,2.130947419,41.374016835
2023S000969    ,3,Sants-Montjuïc,17,Sants - Badal,701434,Mig (Descendent),000100000,Thursday,2023,2,February,16,Afternoon,19,No és causa del  vianant,Motorcycle,Home,38,Driver,Desconegut                                                                                                                                            ,Unknown,Es desconeix,Ferit lleu: Hospitalització fins a 24h,427419.84 ,4580846.47,2.130947419,41.374016835
2023S000969    ,3,Sants-Montjuïc,17,Sants - Badal,701434,Mig (Descendent),000100000,Thursday,2023,2,February,16,Afternoon,19,No és causa del  vianant,Car,Home,26,Driver,Desconegut                                                                                                                                            ,Unknown,Es desconeix,Ferit lleu: Hospitalització fins a 24h,427419.84 ,4580846.47,2.130947419,41.374016835
2023S000970    ,2,Eixample,7,la Dreta de l'Eixample,305100,Sant Joan,0039 0041,Thursday,2023,2,February,16,Afternoon,16,No és causa del  vianant,Motorcycle,Home,33,Driver,Desconegut                                                                                                                                            ,Unknown,Es desconeix,Ferit lleu: Hospitalització fins a 24h,431017.98 ,4583247.09,2.173696829,41.39595516
2023S000971    ,8,Nou Barris,46,el Turó de la Peira,119003,Fabra i Puig,0344 0344,Thursday,2023,2,February,16,Afternoon,20,No és causa del  vianant,Motorcycle,Dona,43,Driver,Desconegut                                                                                                                                            ,Unknown,In itínere,Ferit lleu: Hospitalització fins a 24h,430517.23 ,4587099.73,2.167264637,41.430611414
2023S000972    ,6,Gràcia,31,la Vila de Gràcia,306306,Sant Lluís,0013 0013,Thursday,2023,2,February,16,Afternoon,20,No és causa del  vianant,Motorcycle,Dona,33,Driver,Desconegut                                                                                                                                            ,Unknown,En missió,Ferit lleu: Amb assistència sanitària en lloc d'accident,429784.33 ,4584208.27,2.158829596,41.404505345
2023S000974    ,7,Horta-Guinardó,39,Sant Genís dels Agudells,701267,Dalt (Besòs),001050000,Thursday,2023,2,February,16,Afternoon,21,No és causa del  vianant,Motorcycle,Dona,23,Passatger,Desconegut                                                                                                                                            ,Unknown,Unknown,Ferit lleu: Hospitalització fins a 24h,428373.45 ,4586366.57,2.141696244,41.423819737
2023S000974    ,7,Horta-Guinardó,39,Sant Genís dels Agudells,701267,Dalt (Besòs),001050000,Thursday,2023,2,February,16,Afternoon,21,No és causa del  vianant,Motorcycle,Home,23,Driver,Desconegut                                                                                                                                            ,Unknown,Es desconeix,Ferit lleu: Hospitalització fins a 24h,428373.45 ,4586366.57,2.141696244,41.423819737
2023S000974    ,7,Horta-Guinardó,39,Sant Genís dels Agudells,701267,Dalt (Besòs),001050000,Thursday,2023,2,February,16,Afternoon,21,No és causa del  vianant,Car,Home,55,Driver,Desconegut                                                                                                                                            ,Unknown,Es desconeix,Ferit lleu: Hospitalització fins a 24h,428373.45 ,4586366.57,2.141696244,41.423819737
2023S000976    ,9,Sant Andreu,57,la Trinitat Vella,34400,Bàrcino,0028 0028,Friday,2023,2,February,17,Night,0,No és causa del  vianant,Motorcycle,Home,37,Driver,Desconegut                                                                                                                                            ,Unknown,Es desconeix,Ferit lleu: Hospitalització fins a 24h,432748.74 ,4589533   ,2.193699061,41.452717122
2023S000977    ,10,Sant Martí,71,Provençals del Poblenou,200600,Marroc,0001 0003,Friday,2023,2,February,17,Morning,6,No és causa del  vianant,Motorcycle,Home,35,Driver,Desconegut                                                                                                                                            ,Unknown,In itínere,Ferit lleu: Amb assistència sanitària en lloc d'accident,433045.64 ,4584389.88,2.197823383,41.40641945
2023S000978    ,6,Gràcia,32,el Camp d'en Grassot i Gràcia Nova,76807,Sardenya,0349 0349,Friday,2023,2,February,17,Morning,9,No és causa del  vianant,Motorcycle,Home,22,Driver,Desconegut                                                                                                                                            ,Unknown,Es desconeix,Ferit lleu: Amb assistència sanitària en lloc d'accident,430793.01 ,4584278.9 ,2.170887936,41.405229002
2023S000979    ,1,Ciutat Vella,4,"Sant Pere, Santa Caterina i la Ribera",132952,Francesc Cambó,0017 0017,Friday,2023,2,February,17,Night,5,No és causa del  vianant,Ciclomotor,Dona,22,Driver,Desconegut                                                                                                                                            ,Unknown,Es desconeix,Ferit lleu: Hospitalització fins a 24h,431340.31 ,4582164   ,2.17767508,41.386227684