Case_Number,District_Code,District_Name,Neighborhood_Code,Neighborhood_Name,Street_Code,Street_Name,Postal_Code,Day_of_Week,Year,Month_Code,Month_Name,Day_of_Month,Shift_Description,Hour_of_Day,Pedestrian_Cause_Description,Involved_Vehicle_Type,Gender_Description,Age,Person_Type_Description,Pedestrian_Accident_Location_Description,Pedestrian_Movement_Reason_Description,Driver_Movement_Reason_Description,Victimization_Description,UTM_X_Coordinate,UTM_Y_Coordinate,Longitude,Latitude
2023S001052    ,4,Les Corts,19,les Corts,66508,Carles III,0116 0120,Dimarts,2023,2,February,21,Morning,11,No és causa del  vianant,Car,Dona,67,Passatger,Desconegut                                                                                                                                            ,Unknown,Unknown,Ferit lleu: Hospitalització fins a 24h,427207    ,4582445.17,2.128210374,41.38839647
2023S001052    ,4,Les Corts,19,les Corts,66508,Carles III,0116 0120,Dimarts,2023,2,February,21,Morning,11,No és causa del  vianant,Car,Home,67,Driver,Desconegut                                                                                                                                            ,Unknown,Es desconeix,Ferit lleu: Hospitalització fins a 24h,427207    ,4582445.17,2.128210374,41.38839647
2023S001054    ,2,Eixample,8,l'Antiga Esquerra de l'Eixample,350308,València,0238 0238,Dimarts,2023,2,February,21,Morning,11,No és causa del  vianant,Motorcycle,Home,52,Driver,Desconegut                                                                                                                                            ,Unknown,Es desconeix,Ferit lleu: Rebutja assistència sanitària,429884.33 ,4582651.67,2.160206206,41.390494311
2023S001055    ,7,Horta-Guinardó,35,el Guinardó,194406,Maragall,0243 0245,Dimarts,2023,2,February,21,Morning,13,No és causa del  vianant,Motorcycle,Dona,28,Driver,Desconegut                                                                                                                                            ,Unknown,Oci i entreteniment,Ferit lleu: Hospitalització fins a 24h,431094.56 ,4586567.88,2.174234425,41.425870995
2023S001056    ,2,Eixample,7,la Dreta de l'Eixample,18505,Aragó,0369 0369,Dimarts,2023,2,February,21,Afternoon,15,No és causa del  vianant,Motorcycle,Dona,36,Driver,Desconegut                                                                                                                                            ,Unknown,In itínere,Ferit lleu: Amb assistència sanitària en lloc d'accident,430942.78 ,4583509.16,2.172767453,41.398309085
2023S001058    ,3,Sants-Montjuïc,15,Hostafrancs,169409,Corts Catalanes,0353 0353,Dimarts,2023,2,February,21,Afternoon,14,No és causa del  vianant,Motorcycle,Home,56,Driver,Desconegut                                                                                                                                            ,Unknown,En missió,Ferit lleu: Hospitalització fins a 24h,428805.39 ,4580812.36,2.147518341,41.37383345
2023S001059    ,7,Horta-Guinardó,34,Can Baró,67001,Carmel,0062 0062,Dimarts,2023,2,February,21,Afternoon,15,No és causa del  vianant,Ciclomotor,Home,30,Driver,Desconegut                                                                                                                                            ,Unknown,Altres activitats,Ferit lleu: Hospitalització fins a 24h,429827.95 ,4585571.99,2.159193164,41.416791687
2023S001060    ,3,Sants-Montjuïc,15,Hostafrancs,331507,Tarragona,0117U0123U,Dimarts,2023,2,February,21,Afternoon,17,Desobeir el senyal del semàfor,Bus,Home,61,Pedestrian,En pas regulat per semàfor                                                                                                                            ,Oci i entreteniment,Unknown,Ferit greu: hospitalització superior a 24h,428769.74 ,4581177.12,2.147049191,41.377115564
2023S001061    ,4,Les Corts,21,Pedralbes,193108,Manuel Girona,0070 0070,Dimarts,2023,2,February,21,Afternoon,17,No és causa del  vianant,Motorcycle,Home,60,Driver,Desconegut                                                                                                                                            ,Unknown,Es desconeix,Ferit lleu: Hospitalització fins a 24h,427116.27 ,4582826.05,2.127079434,41.391818681
2023S001062    ,5,Sarrià-Sant Gervasi,23,Sarrià,305201,Sant Joan Bosco,0039X0039X,Dimarts,2023,2,February,21,Afternoon,17,No és causa del  vianant,Motorcycle,Home,22,Driver,Desconegut                                                                                                                                            ,Unknown,Es desconeix,Ferit lleu: Hospitalització fins a 24h,427272.31 ,4583009.38,2.128923667,41.393483993
2023S001063    ,5,Sarrià-Sant Gervasi,26,Sant Gervasi - Galvany,28000,Augusta,0168 0168,Dimarts,2023,2,February,21,Afternoon,19,No és causa del  vianant,Ciclomotor,Home,23,Driver,Desconegut                                                                                                                                            ,Unknown,Altres activitats,Ferit lleu: Amb assistència sanitària en lloc d'accident,428473.45 ,4583594.92,2.143220672,41.398865512
2023S001064    ,4,Les Corts,20,la Maternitat i Sant Ramon,66508,Carles III,0013 0013,Dimarts,2023,2,February,21,Afternoon,18,Altres,Car,Dona,78,Pedestrian,Desconegut                                                                                                                                            ,Oci i entreteniment,Unknown,Ferit lleu: Hospitalització fins a 24h,427249.56 ,4581542.01,2.128827873,41.380265915
2023S001065    ,2,Eixample,7,la Dreta de l'Eixample,71600,Casp,0042 0042,Dimarts,2023,2,February,21,Afternoon,20,No és causa del  vianant,Motorcycle,Dona,42,Passatger,Desconegut                                                                                                                                            ,Unknown,Unknown,Ferit lleu: Hospitalització fins a 24h,430893.12 ,4582647.56,2.172271825,41.39054465
2023S001066    ,5,Sarrià-Sant Gervasi,26,Sant Gervasi - Galvany,188607,Mestre Nicolau,0019 0019,Dimecres,2023,2,February,22,Morning,8,No és causa del  vianant,Motorcycle,Home,35,Driver,Desconegut                                                                                                                                            ,Unknown,Es desconeix,Ferit lleu: Amb assistència sanitària en lloc d'accident,428443.19 ,4583072.72,2.142920461,41.394159561
2023S001067    ,3,Sants-Montjuïc,18,Sants,312400,Sants,0024 0024,Dimecres,2023,2,February,22,Morning,9,Desobeir el senyal del semàfor,Motorcycle,Home,36,Driver,Desconegut                                                                                                                                            ,Unknown,Es desconeix,Ferit lleu: Hospitalització fins a 24h,428172.19 ,4580995.16,2.139925568,41.37542357
2023S001068    ,2,Eixample,10,Sant Antoni,361406,Viladomat,0082 0082,Dilluns,2023,2,February,13,Morning,13,No és causa del  vianant,Car,Dona,46,Driver,Desconegut                                                                                                                                            ,Unknown,In itínere,Ferit lleu: Hospitalització fins a 24h,429744.27 ,4581335.47,2.158683795,41.378627494
2023S001069    ,5,Sarrià-Sant Gervasi,26,Sant Gervasi - Galvany,344101,Gràcia,0092 0092,Dimecres,2023,2,February,22,Morning,12,No és causa del  vianant,Autobús articulat,Dona,77,Passatger,Desconegut                                                                                                                                            ,Unknown,Unknown,Ferit lleu: Rebutja assistència sanitària,429279.07 ,4583530.46,2.152864627,41.398356243
2023S001069    ,5,Sarrià-Sant Gervasi,26,Sant Gervasi - Galvany,344101,Gràcia,0092 0092,Dimecres,2023,2,February,22,Morning,12,No és causa del  vianant,Autobús articulat,Home,80,Passatger,Desconegut                                                                                                                                            ,Unknown,Unknown,Ferit lleu: Rebutja assistència sanitària,429279.07 ,4583530.46,2.152864627,41.398356243
2023S001069    ,5,Sarrià-Sant Gervasi,26,Sant Gervasi - Galvany,344101,Gràcia,0092 0092,Dimecres,2023,2,February,22,Morning,12,No és causa del  vianant,Autobús articulat,Home,84,Passatger,Desconegut                                                                                                                                            ,Unknown,Unknown,Ferit lleu: Hospitalització fins a 24h,429279.07 ,4583530.46,2.152864627,41.398356243
2023S001071    ,3,Sants-Montjuïc,17,Sants - Badal,312400,Sants,0273 0273,Thursday,2023,1,January,12,Afternoon,15,Desobeir el senyal del semàfor,Motorcycle,Dona,28,Pedestrian,En pas regulat per semàfor                                                                                                                            ,Es desconeix,Unknown,Ferit lleu: Rebutja assistència sanitària,427381.03 ,4581010.6 ,2.1304637,41.37549159
2023S001071    ,3,Sants-Montjuïc,17,Sants - Badal,312400,Sants,0273 0273,Thursday,2023,1,January,12,Afternoon,15,Desobeir el senyal del semàfor,Motorcycle,Home,28,Driver,En pas regulat per semàfor                                                                                                                            ,Unknown,Es desconeix,Ferit lleu: Rebutja assistència sanitària,427381.03 ,4581010.6 ,2.1304637,41.37549159
2023S001072    ,2,Eixample,5,el Fort Pienc,335100,Tetuan,0036 0037,Dimecres,2023,2,February,15,Afternoon,17,No és causa del  vianant,Motorcycle,Dona,37,Driver,Desconegut                                                                                                                                            ,Unknown,Es desconeix,Ferit lleu: Rebutja assistència sanitària,431174.55 ,4583056   ,2.1755913,41.394247493
2023S001073    ,6,Gràcia,28,Vallcarca i els Penitents,123408,Lesseps,0021X0021X,Dimecres,2023,2,February,22,Afternoon,16,No és causa del  vianant,Motorcycle,Dona,31,Driver,Desconegut                                                                                                                                            ,Unknown,In itínere,Ferit lleu: Rebutja assistència sanitària,429058.62 ,4584404.71,2.150125224,41.406210859
2023S001073    ,6,Gràcia,28,Vallcarca i els Penitents,123408,Lesseps,0021X0021X,Dimecres,2023,2,February,22,Afternoon,16,No és causa del  vianant,Motorcycle,Home,47,Driver,Desconegut                                                                                                                                            ,Unknown,In itínere,Ferit lleu: Amb assistència sanitària en lloc d'accident,429058.62 ,4584404.71,2.150125224,41.406210859
2023S001074    ,2,Eixample,9,la Nova Esquerra de l'Eixample,18505,Aragó,0041 0041,Dimecres,2023,2,February,22,Afternoon,14,No és causa del  vianant,Veh. mobilitat personal amb motor,Dona,25,Driver,Desconegut                                                                                                                                            ,Unknown,Es desconeix,Ferit lleu: Hospitalització fins a 24h,428875.47 ,4581460.32,2.148280205,41.379675608
2023S001075    ,2,Eixample,8,l'Antiga Esquerra de l'Eixample,363809,Villarroel,0055 0055,Dimecres,2023,2,February,22,Afternoon,19,No és causa del  vianant,Motorcycle,Home,55,Driver,Desconegut                                                                                                                                            ,Unknown,In itínere,Ferit lleu: Hospitalització fins a 24h,429805.69 ,4581863.89,2.159357002,41.38339217
2023S001076    ,10,Sant Martí,64,el Camp de l'Arpa del Clot,209900,Meridiana,0117B0117B,Dimecres,2023,2,February,22,Afternoon,19,Desobeir el senyal del semàfor,Motorcycle,Dona,51,Pedestrian,En pas regulat per semàfor                                                                                                                            ,Unknown,Unknown,Ferit lleu: Rebutja assistència sanitària,432131.07 ,4584631.66,2.186855248,41.408520352
2023S001076    ,10,Sant Martí,64,el Camp de l'Arpa del Clot,209900,Meridiana,0117B0117B,Dimecres,2023,2,February,22,Afternoon,19,Desobeir el senyal del semàfor,Motorcycle,Home,55,Driver,En pas regulat per semàfor                                                                                                                            ,Unknown,Es desconeix,Ferit lleu: Hospitalització fins a 24h,432131.07 ,4584631.66,2.186855248,41.408520352
2023S001077    ,-1,Unknown,-1,Unknown,-1,Unknown,Unknown,Dimecres,2023,2,February,22,Afternoon,21,No és causa del  vianant,Ciclomotor,Dona,20,Driver,Desconegut                                                                                                                                            ,Unknown,Oci i entreteniment,Ferit lleu: Hospitalització fins a 24h,426738.14 ,4583956.28,2.122420131,41.401963806
2023S001078    ,4,Les Corts,19,les Corts,144601,Diagonal,0652D0656D,Dimecres,2023,2,February,22,Night,23,No és causa del  vianant,Autobús articulat,Dona,47,Passatger,Desconegut                                                                                                                                            ,Unknown,Unknown,Ferit lleu: Amb assistència sanitària en lloc d'accident,427575.97 ,4582577.49,2.13260725,41.389621548
2023S001079    ,6,Gràcia,31,la Vila de Gràcia,267000,Riera de Cassoles,0008 0008,Dimecres,2023,2,February,22,Afternoon,21,Altres,Veh. mobilitat personal amb motor,Dona,57,Pedestrian,En pas regulat per semàfor                                                                                                                            ,Unknown,Unknown,Ferit lleu: Hospitalització fins a 24h,429116.73 ,4583923.03,2.150876823,41.401877675
2023S001079    ,6,Gràcia,31,la Vila de Gràcia,267000,Riera de Cassoles,0008 0008,Dimecres,2023,2,February,22,Afternoon,21,Desobeir el senyal del semàfor,Veh. mobilitat personal amb motor,Dona,57,Pedestrian,En pas regulat per semàfor                                                                                                                            ,Unknown,Unknown,Ferit lleu: Hospitalització fins a 24h,429116.73 ,4583923.03,2.150876823,41.401877675
2023S001081    ,7,Horta-Guinardó,40,Montbau,701267,Dalt (Besòs),0005S0000,Thursday,2023,2,February,23,Morning,7,No és causa del  vianant,Motorcycle,Home,44,Driver,Desconegut                                                                                                                                            ,Unknown,Es desconeix,Ferit lleu: Hospitalització fins a 24h,428446.73 ,4586497.93,2.142557563,41.425009375
2023S001082    ,1,Ciutat Vella,4,"Sant Pere, Santa Caterina i la Ribera",359109,Lluís Companys,0012 0012,Thursday,2023,2,February,23,Morning,10,No és causa del  vianant,Motorcycle,Home,48,Driver,Desconegut                                                                                                                                            ,Unknown,Es desconeix,Ferit lleu: Amb assistència sanitària en lloc d'accident,431785.12 ,4582580.7 ,2.182947736,41.390018651
2023S001083    ,2,Eixample,9,la Nova Esquerra de l'Eixample,362001,Vilamarí,0100 0100,Thursday,2023,2,February,23,Morning,8,No és causa del  vianant,Veh. mobilitat personal amb motor,Dona,52,Driver,Desconegut                                                                                                                                            ,Unknown,Es desconeix,Ferit lleu: Hospitalització fins a 24h,428875.47 ,4581460.32,2.148280205,41.379675608
2023S001085    ,2,Eixample,8,l'Antiga Esquerra de l'Eixample,32700,Balmes,0147 0147,Thursday,2023,2,February,23,Morning,11,No és causa del  vianant,Taxi,Dona,16,Pedestrian,Desconegut                                                                                                                                            ,Unknown,Unknown,Ferit lleu: Hospitalització fins a 24h,429554.34 ,4583063.6 ,2.156211591,41.394175574
2023S001085    ,2,Eixample,8,l'Antiga Esquerra de l'Eixample,32700,Balmes,0147 0147,Thursday,2023,2,February,23,Morning,11,No és causa del  vianant,Taxi,Dona,62,Passatger,Desconegut                                                                                                                                            ,Unknown,Unknown,Ferit lleu: Hospitalització fins a 24h,429554.34 ,4583063.6 ,2.156211591,41.394175574
2023S001085    ,2,Eixample,8,l'Antiga Esquerra de l'Eixample,32700,Balmes,0147 0147,Thursday,2023,2,February,23,Morning,11,No és causa del  vianant,Taxi,Home,69,Passatger,Desconegut                                                                                                                                            ,Unknown,Unknown,Ferit lleu: Rebutja assistència sanitària,429554.34 ,4583063.6 ,2.156211591,41.394175574
2023S001085    ,2,Eixample,8,l'Antiga Esquerra de l'Eixample,32700,Balmes,0147 0147,Thursday,2023,2,February,23,Morning,11,No és causa del  vianant,Taxi,Home,75,Passatger,Desconegut                                                                                                                                            ,Unknown,Unknown,Ferit lleu: Rebutja assistència sanitària,429554.34 ,4583063.6 ,2.156211591,41.394175574
2023S001085    ,2,Eixample,8,l'Antiga Esquerra de l'Eixample,32700,Balmes,0147 0147,Thursday,2023,2,February,23,Morning,11,No és causa del  vianant,Taxi,Home,48,Driver,Desconegut                                                                                                                                            ,Unknown,Taxi,Ferit lleu: Hospitalització fins a 24h,429554.34 ,4583063.6 ,2.156211591,41.394175574
2023S001086    ,5,Sarrià-Sant Gervasi,27,el Putxet i el Farró,302906,Sant Hermenegild,0016 0016,Thursday,2023,2,February,23,Morning,12,No és causa del  vianant,Veh. mobilitat personal amb motor,Dona,0,Driver,Desconegut                                                                                                                                            ,Unknown,Es desconeix,Ferit lleu: Hospitalització fins a 24h,428649.8  ,4584149.04,2.145264734,41.403871936
2023S001087    ,10,Sant Martí,66,el Parc i la Llacuna del Poblenou,50803,Buenaventura Muñoz,0066 0068,Thursday,2023,2,February,23,Morning,13,No és causa del  vianant,Motorcycle,Home,27,Driver,Desconegut                                                                                                                                            ,Unknown,Oci i entreteniment,Ferit lleu: Hospitalització fins a 24h,432181.51 ,4582975.14,2.187644362,41.393604805
2023S001088    ,2,Eixample,7,la Dreta de l'Eixample,169409,Corts Catalanes,9999 9999,Thursday,2023,2,February,23,Afternoon,14,No és causa del  vianant,Motorcycle,Dona,28,Driver,Desconegut                                                                                                                                            ,Unknown,Es desconeix,Ferit lleu: Hospitalització fins a 24h,430557.69 ,4582525.42,2.168274082,41.389415667
2023S001089    ,6,Gràcia,31,la Vila de Gràcia,31300,Bailèn,0181 0183,Thursday,2023,2,February,23,Afternoon,14,No és causa del  vianant,Motorcycle,Home,36,Driver,Desconegut                                                                                                                                            ,Unknown,Es desconeix,Ferit lleu: Hospitalització fins a 24h,430285.02 ,4583828.72,2.164862873,41.401130465
2023S001090    ,5,Sarrià-Sant Gervasi,25,Sant Gervasi - la Bonanova,701629,Isaac Newton,0007X0007X,Thursday,2023,2,February,23,Morning,13,No és causa del  vianant,Car,Home,25,Driver,Desconegut                                                                                                                                            ,Unknown,Es desconeix,Ferit lleu: Hospitalització fins a 24h,427350.84 ,4585168.98,2.12960359,41.412941704
2023S001094    ,5,Sarrià-Sant Gervasi,22,"Vallvidrera, el Tibidabo i les Planes",354003,Vallvidrera a Barcelona,0035B0035B,Thursday,2023,2,February,23,Afternoon,18,No és causa del  vianant,Motorcycle,Dona,20,Passatger,Desconegut                                                                                                                                            ,Unknown,Unknown,Ferit lleu: Hospitalització fins a 24h,426030.03 ,4585554.13,2.113754329,41.416290023
2023S001094    ,5,Sarrià-Sant Gervasi,22,"Vallvidrera, el Tibidabo i les Planes",354003,Vallvidrera a Barcelona,0035B0035B,Thursday,2023,2,February,23,Afternoon,18,No és causa del  vianant,Motorcycle,Home,20,Driver,Desconegut                                                                                                                                            ,Unknown,Es desconeix,Ferit lleu: Hospitalització fins a 24h,426030.03 ,4585554.13,2.113754329,41.416290023
2023S001095    ,6,Gràcia,31,la Vila de Gràcia,48700,Bretón de los Herreros,0032 0032,Thursday,2023,2,February,23,Afternoon,17,Desobeir el senyal del semàfor,Motorcycle,Home,39,Pedestrian,En pas regulat per semàfor                                                                                                                            ,Altres activitats,Unknown,Ferit lleu: Amb assistència sanitària en lloc d'accident,429116.73 ,4583923.03,2.150876823,41.401877675
2023S001096    ,2,Eixample,6,la Sagrada Família,76807,Sardenya,0315 0315,Thursday,2023,2,February,23,Afternoon,18,No és causa del  vianant,Motorcycle,Dona,36,Driver,Desconegut                                                                                                                                            ,Unknown,Es desconeix,Ferit lleu: Hospitalització fins a 24h,430939.55 ,4584114.61,2.17265971,41.403761904
2023S001097    ,10,Sant Martí,66,el Parc i la Llacuna del Poblenou,44403,Bolívia,0005 0009,Thursday,2023,2,February,23,Afternoon,18,No és causa del  vianant,Motorcycle,Home,42,Driver,Desconegut                                                                                                                                            ,Unknown,Altres activitats,Ferit lleu: Hospitalització fins a 24h,432258.5  ,4583806.59,2.188472138,41.401099939
2023S001098    ,5,Sarrià-Sant Gervasi,26,Sant Gervasi - Galvany,28000,Augusta,0197 0199,Thursday,2023,2,February,23,Afternoon,20,No és causa del  vianant,Motorcycle,Home,26,Driver,Desconegut                                                                                                                                            ,Unknown,Oci i entreteniment,Ferit lleu: Hospitalització fins a 24h,428167.98 ,4583468.96,2.139581754,41.397703794
2023S001099    ,5,Sarrià-Sant Gervasi,24,les Tres Torres,143904,General Mitre,0081 0091,Friday,2023,2,February,24,Night,0,No és causa del  vianant,Motorcycle,Home,27,Driver,Desconegut                                                                                                                                            ,Unknown,Oci i entreteniment,Ferit lleu: Hospitalització fins a 24h,427714.85 ,4583654.89,2.134139547,41.399337763
2023S001100    ,5,Sarrià-Sant Gervasi,23,Sarrià,144408,General Vives,0031 0031,Thursday,2023,2,February,23,Afternoon,20,No és causa del  vianant,Motorcycle,Home,25,Driver,Desconegut                                                                                                                                            ,Unknown,Altres activitats,Ferit lleu: Amb assistència sanitària en lloc d'accident,426544.03 ,4584388.45,2.120045718,41.405838449
2023S001101    ,9,Sant Andreu,58,Baró de Viver,701631,Pilar Miró,0004 0004,Friday,2023,2,February,24,Morning,6,No és causa del  vianant,Car,Dona,56,Driver,Desconegut                                                                                                                                            ,Unknown,In itínere,Ferit lleu: Amb assistència sanitària en lloc d'accident,433412.7  ,4589022.73,2.201703979,41.448176683
2023S001102    ,3,Sants-Montjuïc,13,la Marina de Port,169409,Corts Catalanes,0166 0168,Friday,2023,2,February,24,Morning,8,No és causa del  vianant,Motorcycle,Dona,55,Driver,Desconegut                                                                                                                                            ,Unknown,In itínere,Ferit lleu: Hospitalització fins a 24h,428062.31 ,4580047.42,2.138724226,41.366877786
2023S001103    ,9,Sant Andreu,60,Sant Andreu,120807,Favència,0482 0482,Friday,2023,2,February,24,Morning,8,No és causa del  vianant,Motorcycle,Home,33,Driver,Desconegut                                                                                                                                            ,Unknown,Es desconeix,Ferit lleu: Hospitalització fins a 24h,432311    ,4588875   ,2.18853245,41.44675393
2023S001104    ,2,Eixample,7,la Dreta de l'Eixample,9209,Alí Bei,0001 0001,Friday,2023,2,February,24,Morning,11,No és causa del  vianant,Motorcycle,Home,42,Driver,Desconegut                                                                                                                                            ,Unknown,Es desconeix,Ferit lleu: Amb assistència sanitària en lloc d'accident,431275.2  ,4582639.57,2.176842428,41.390505443
2023S001105    ,10,Sant Martí,71,Provençals del Poblenou,701414,C-31,020750000,Diumenge,2023,1,January,15,Afternoon,15,No és causa del  vianant,Motorcycle,Home,35,Driver,Desconegut                                                                                                                                            ,Unknown,Es desconeix,Ferit lleu: Hospitalització fins a 24h,433372.35 ,4585277.86,2.201633992,41.41444441
2023S001106    ,8,Nou Barris,45,Porta,700021,Andreu Nin,0029X0029X,Friday,2023,2,February,24,Morning,9,No és causa del  vianant,"Camió rígid <= 3,5 tones",Home,45,Pedestrian,A la vorera / Andana                                                                                                                                  ,Unknown,Unknown,Ferit lleu: Hospitalització fins a 24h,431723.34 ,4587514.12,2.181651809,41.434447174
2023S001107    ,3,Sants-Montjuïc,17,Sants - Badal,50905,Ventura Plaja,0002 0002,Friday,2023,2,February,24,Morning,12,No és causa del  vianant,Taxi,Dona,22,Pedestrian,En pas sense regular                                                                                                                                  ,Es desconeix,Unknown,Ferit lleu: Rebutja assistència sanitària,427130.58 ,4580979.6 ,2.127472761,41.375189733
2023S001108    ,5,Sarrià-Sant Gervasi,26,Sant Gervasi - Galvany,32700,Balmes,0213 0213,Friday,2023,2,February,24,Morning,10,No és causa del  vianant,Bus,Dona,72,Passatger,Desconegut                                                                                                                                            ,Unknown,Unknown,Ferit lleu: Hospitalització fins a 24h,429128.36 ,4583528.7 ,2.151062129,41.398327115
2023S001109    ,2,Eixample,8,l'Antiga Esquerra de l'Eixample,268003,Provença,0164B0164B,Friday,2023,2,February,24,Morning,13,No és causa del  vianant,Motorcycle,Dona,52,Driver,Desconegut                                                                                                                                            ,Unknown,In itínere,Ferit lleu: Hospitalització fins a 24h,429237.17 ,4582396.51,2.152496012,41.388139466
2023S001111    ,4,Les Corts,20,la Maternitat i Sant Ramon,700941,Menéndez y Pelayo,0002 0002,Friday,2023,2,February,24,Morning,13,No és causa del  vianant,Motorcycle,Dona,60,Passatger,Desconegut                                                                                                                                            ,Unknown,Unknown,Ferit lleu: Hospitalització fins a 24h,426539.97 ,4581931.35,2.12029537,41.383708035
2023S001111    ,4,Les Corts,20,la Maternitat i Sant Ramon,700941,Menéndez y Pelayo,0002 0002,Friday,2023,2,February,24,Morning,13,No és causa del  vianant,Motorcycle,Home,61,Driver,Desconegut                                                                                                                                            ,Unknown,Es desconeix,Ferit lleu: Amb assistència sanitària en lloc d'accident,426539.97 ,4581931.35,2.12029537,41.383708035
2023S001112    ,4,Les Corts,19,les Corts,66508,Carles III,0116 0120,Thursday,2023,2,February,23,Afternoon,15,No és causa del  vianant,Veh. mobilitat personal amb motor,Home,29,Driver,Desconegut                                                                                                                                            ,Unknown,Es desconeix,Ferit lleu: Hospitalització fins a 24h,427207    ,4582445.17,2.128210374,41.38839647
2023S001113    ,1,Ciutat Vella,3,la Barceloneta,701266,Litoral (Llobregat),000930000,Friday,2023,2,February,24,Afternoon,14,No és causa del  vianant,Motorcycle,Home,32,Driver,Desconegut                                                                                                                                            ,Unknown,Es desconeix,Ferit lleu: Hospitalització fins a 24h,432275.46 ,4581857.73,2.188893064,41.383548507
2023S001114    ,5,Sarrià-Sant Gervasi,25,Sant Gervasi - la Bonanova,362205,Vilana,0013 0013,Friday,2023,2,February,24,Afternoon,15,No és causa del  vianant,Car,Home,83,Pedestrian,En pas sense regular                                                                                                                                  ,Unknown,Unknown,Ferit lleu: Rebutja assistència sanitària,427209.22 ,4584371.03,2.128005283,41.405742093
2023S001115    ,7,Horta-Guinardó,36,la Font d'en Fargues,220404,Montserrat de Casanovas,0085 0085,Friday,2023,2,February,24,Afternoon,15,No és causa del  vianant,Motorcycle,Home,30,Driver,Desconegut                                                                                                                                            ,Unknown,Oci i entreteniment,Ferit greu: hospitalització superior a 24h,430348.96 ,4586337.29,2.165338774,41.42372982
2023S001116    ,7,Horta-Guinardó,43,Horta,352507,Vall d'Hebron,0272U0278U,Friday,2023,2,February,24,Afternoon,17,No és causa del  vianant,Car,Home,11,Passatger,Desconegut                                                                                                                                            ,Unknown,Unknown,Ferit lleu: Hospitalització fins a 24h,429357.31 ,4587926.97,2.153286727,41.437960786
2023S001116    ,7,Horta-Guinardó,43,Horta,352507,Vall d'Hebron,0272U0278U,Friday,2023,2,February,24,Afternoon,17,No és causa del  vianant,Car,Home,8,Passatger,Desconegut                                                                                                                                            ,Unknown,Unknown,Ferit lleu: Hospitalització fins a 24h,429357.31 ,4587926.97,2.153286727,41.437960786
2023S001116    ,7,Horta-Guinardó,43,Horta,352507,Vall d'Hebron,0272U0278U,Friday,2023,2,February,24,Afternoon,17,No és causa del  vianant,Car,Dona,32,Driver,Desconegut                                                                                                                                            ,Unknown,Oci i entreteniment,Ferit lleu: Hospitalització fins a 24h,429357.31 ,4587926.97,2.153286727,41.437960786
2023S001117    ,6,Gràcia,28,Vallcarca i els Penitents,158107,Vallcarca,0245 0245,Friday,2023,2,February,24,Afternoon,16,No és causa del  vianant,Bicicleta,Home,29,Driver,Desconegut                                                                                                                                            ,Unknown,Altres activitats,Ferit lleu: Hospitalització fins a 24h,428298.83 ,4585932.24,2.140854861,41.41990125
2023S001118    ,7,Horta-Guinardó,33,el Baix Guinardó,238400,Padilla,0342 0344,Friday,2023,2,February,24,Afternoon,17,Desobeir el senyal del semàfor,Motorcycle,Dona,14,Pedestrian,En pas regulat per semàfor                                                                                                                            ,Es desconeix,Unknown,Ferit lleu: Hospitalització fins a 24h,430798.04 ,4584846.75,2.170883138,41.410343872
2023S001118    ,7,Horta-Guinardó,33,el Baix Guinardó,238400,Padilla,0342 0344,Friday,2023,2,February,24,Afternoon,17,Desobeir el senyal del semàfor,Motorcycle,Home,21,Driver,En pas regulat per semàfor                                                                                                                            ,Unknown,Es desconeix,Ferit lleu: Hospitalització fins a 24h,430798.04 ,4584846.75,2.170883138,41.410343872
2023S001119    ,3,Sants-Montjuïc,12,la Marina del Prat Vermell,701265,Litoral (Besòs),001750000,Friday,2023,2,February,24,Afternoon,14,No és causa del  vianant,Car,Home,46,Driver,Desconegut                                                                                                                                            ,Unknown,Oci i entreteniment,Ferit lleu: Hospitalització fins a 24h,426503.22 ,4577014.83,2.120451911,41.339423439
2023S001120    ,2,Eixample,9,la Nova Esquerra de l'Eixample,110803,Entença,0071 0071,Friday,2023,2,February,24,Afternoon,20,No és causa del  vianant,Car,Dona,30,Pedestrian,En zona peatonal                                                                                                                                      ,Es desconeix,Unknown,Ferit lleu: Hospitalització fins a 24h,429156.52 ,4581362.4 ,2.151652449,41.378818483
2023S001120    ,2,Eixample,9,la Nova Esquerra de l'Eixample,110803,Entença,0071 0071,Friday,2023,2,February,24,Afternoon,20,No és causa del  vianant,Motorcycle,Home,37,Driver,En zona peatonal                                                                                                                                      ,Unknown,Es desconeix,Ferit lleu: Hospitalització fins a 24h,429156.52 ,4581362.4 ,2.151652449,41.378818483
2023S001121    ,7,Horta-Guinardó,39,Sant Genís dels Agudells,173870,Judea,0002 0006,Friday,2023,2,February,24,Afternoon,19,No és causa del  vianant,Motorcycle,Home,44,Driver,Desconegut                                                                                                                                            ,Unknown,Es desconeix,Ferit lleu: Hospitalització fins a 24h,428346.71 ,4586503.49,2.141360038,41.425050531
2023S001121    ,7,Horta-Guinardó,39,Sant Genís dels Agudells,173870,Judea,0002 0006,Friday,2023,2,February,24,Afternoon,19,No és causa del  vianant,Veh. mobilitat personal amb motor,Home,16,Driver,Desconegut                                                                                                                                            ,Unknown,Es desconeix,Ferit lleu: Hospitalització fins a 24h,428346.71 ,4586503.49,2.141360038,41.425050531
2023S001122    ,7,Horta-Guinardó,37,el Carmel,320307,Santuari,0116 0116,Friday,2023,2,February,24,Afternoon,18,No és causa del  vianant,Ciclomotor,Home,47,Driver,Desconegut                                                                                                                                            ,Unknown,Es desconeix,Ferit lleu: Hospitalització fins a 24h,429671.68 ,4585769.26,2.157300474,41.418554754