Case_Number,District_Code,District_Name,Neighborhood_Code,Neighborhood_Name,Street_Code,Street_Name,Postal_Code,Day_of_Week,Year,Month_Code,Month_Name,Day_of_Month,Shift_Description,Hour_of_Day,Pedestrian_Cause_Description,Involved_Vehicle_Type,Gender_Description,Age,Person_Type_Description,Pedestrian_Accident_Location_Description,Pedestrian_Movement_Reason_Description,Driver_Movement_Reason_Description,Victimization_Description,UTM_X_Coordinate,UTM_Y_Coordinate,Longitude,Latitude
2023S001198    ,10,Sant Martí,73,la Verneda i la Pau,208205,Menorca,0051 0051,Dimecres,2023,3,March,1,Morning,11,No és causa del  vianant,Car,Dona,25,Driver,Desconegut                                                                                                                                            ,Unknown,Oci i entreteniment,Ferit lleu: Hospitalització fins a 24h,433331.57 ,4586193.84,2.201045057,41.422691001
2023S001199    ,5,Sarrià-Sant Gervasi,25,Sant Gervasi - la Bonanova,44709,Bonanova,0036 0036,Dimecres,2023,3,March,1,Morning,13,No és causa del  vianant,Ciclomotor,Home,29,Driver,Desconegut                                                                                                                                            ,Unknown,Es desconeix,Ferit lleu: Hospitalització fins a 24h,427330.07 ,4584235.49,2.129467257,41.404532282
2023S001201    ,10,Sant Martí,67,la Vila Olímpica del Poblenou,197302,Marina,0016 0016,Dimarts,2023,2,February,28,Afternoon,21,No és causa del  vianant,Taxi,Home,31,Pedestrian,En pas regulat per semàfor                                                                                                                            ,Unknown,Unknown,Ferit lleu: Hospitalització fins a 24h,433107.15 ,4582066.16,2.198816078,41.38549541
2023S001202    ,7,Horta-Guinardó,41,la Vall d'Hebron,352507,Vall d'Hebron,0210 0210,Dimecres,2023,3,March,1,Afternoon,15,No és causa del  vianant,Autobús articulat,Home,62,Passatger,Desconegut                                                                                                                                            ,Unknown,Unknown,Ferit lleu: Hospitalització fins a 24h,428734.65 ,4587227.45,2.14591685,41.431605461
2023S001203    ,2,Eixample,7,la Dreta de l'Eixample,74506,Catalunya,0056 0056,Dimecres,2023,3,March,1,Morning,13,No és causa del  vianant,Motorcycle,Dona,42,Driver,Desconegut                                                                                                                                            ,Unknown,Es desconeix,Ferit lleu: Amb assistència sanitària en lloc d'accident,430189.39 ,4582703.59,2.163848737,41.390988488
2023S001204    ,5,Sarrià-Sant Gervasi,26,Sant Gervasi - Galvany,278404,Reina Victòria,0016V0016V,Dimecres,2023,3,March,1,Afternoon,14,No és causa del  vianant,Ciclomotor,Home,21,Driver,Desconegut                                                                                                                                            ,Unknown,Oci i entreteniment,Ferit lleu: Amb assistència sanitària en lloc d'accident,428095.12 ,4583389.74,2.13871967,41.396983775
2023S001205    ,2,Eixample,8,l'Antiga Esquerra de l'Eixample,23403,Aribau,0169 0169,Dimecres,2023,3,March,1,Morning,13,No és causa del  vianant,Motorcycle,Home,43,Driver,Desconegut                                                                                                                                            ,Unknown,Oci i entreteniment,Ferit lleu: Hospitalització fins a 24h,429269.91 ,4582970.53,2.152820499,41.393312346
2023S001206    ,2,Eixample,5,el Fort Pienc,100800,Diputació,0415 0419,Dimecres,2023,3,March,1,Afternoon,15,No és causa del  vianant,Bicicleta,Home,19,Driver,Desconegut                                                                                                                                            ,Unknown,Es desconeix,Ferit lleu: Hospitalització fins a 24h,431355.12 ,4583511.92,2.177699335,41.398369271
2023S001206    ,2,Eixample,5,el Fort Pienc,100800,Diputació,0415 0419,Dimecres,2023,3,March,1,Afternoon,15,No és causa del  vianant,Motorcycle,Home,60,Driver,Desconegut                                                                                                                                            ,Unknown,Es desconeix,Ferit greu: hospitalització superior a 24h,431355.12 ,4583511.92,2.177699335,41.398369271
2023S001207    ,2,Eixample,8,l'Antiga Esquerra de l'Eixample,32700,Balmes,0131 0131,Dimecres,2023,3,March,1,Afternoon,15,No és causa del  vianant,Motorcycle,Home,46,Driver,Desconegut                                                                                                                                            ,Unknown,Oci i entreteniment,Ferit lleu: Amb assistència sanitària en lloc d'accident,429649.26 ,4582966.26,2.15735821,41.393307179
2023S001208    ,8,Nou Barris,48,la Guineueta,351901,Valldaura,0133 0133,Dimecres,2023,3,March,1,Afternoon,18,Creuar per fora pas de vianants,Motorcycle,Dona,82,Pedestrian,Fora del pas                                                                                                                                          ,Unknown,Unknown,Ferit lleu: Hospitalització fins a 24h,430422.9  ,4588088.04,2.166021908,41.439504571
2023S001210    ,5,Sarrià-Sant Gervasi,26,Sant Gervasi - Galvany,144601,Diagonal,0538 0538,Dimecres,2023,3,March,1,Afternoon,17,No és causa del  vianant,Motorcycle,Dona,51,Driver,Desconegut                                                                                                                                            ,Unknown,Es desconeix,Ferit lleu: Amb assistència sanitària en lloc d'accident,429165.67 ,4583133.11,2.151554711,41.394767467
2023S001211    ,10,Sant Martí,68,el Poblenou,701266,Litoral (Llobregat),000770000,Dimecres,2023,3,March,1,Afternoon,15,No és causa del  vianant,Car,Dona,22,Driver,Desconegut                                                                                                                                            ,Unknown,Es desconeix,Ferit lleu: Amb assistència sanitària en lloc d'accident,433545.58 ,4582976.4 ,2.203959431,41.393730092
2023S001212    ,5,Sarrià-Sant Gervasi,23,Sarrià,701268,Dalt (Llobregat),000660000,Dimecres,2023,3,March,1,Afternoon,19,No és causa del  vianant,Motorcycle,Home,26,Driver,Desconegut                                                                                                                                            ,Unknown,Es desconeix,Ferit lleu: Hospitalització fins a 24h,425926.91 ,4583547.96,2.112766218,41.398211885
2023S001213    ,2,Eixample,8,l'Antiga Esquerra de l'Eixample,349706,Comte d'Urgell,0252 0254,Dimecres,2023,3,March,1,Afternoon,18,No és causa del  vianant,Veh. mobilitat personal amb motor,Home,32,Driver,Desconegut                                                                                                                                            ,Unknown,Es desconeix,Ferit lleu: Hospitalització fins a 24h,428841.03 ,4582663.44,2.147726989,41.390508643
2023S001214    ,2,Eixample,10,Sant Antoni,198804,Paral·lel,0196 0196,Dimecres,2023,3,March,1,Afternoon,17,No és causa del  vianant,Motorcycle,Home,51,Driver,Desconegut                                                                                                                                            ,Unknown,Oci i entreteniment,Ferit lleu: Rebutja assistència sanitària,429230.33 ,4580913.82,2.15258746,41.374784768
2023S001215    ,3,Sants-Montjuïc,18,Sants,30602,Badal,0112 0114,Dimecres,2023,3,March,1,Afternoon,20,No és causa del  vianant,Motorcycle,Home,39,Driver,Desconegut                                                                                                                                            ,Unknown,Es desconeix,Ferit lleu: Hospitalització fins a 24h,427518.76 ,4580549.61,2.132165705,41.371352046
2023S001217    ,5,Sarrià-Sant Gervasi,25,Sant Gervasi - la Bonanova,701267,Dalt (Besòs),000860000,Thursday,2023,3,March,2,Morning,7,No és causa del  vianant,Car,Home,29,Driver,Desconegut                                                                                                                                            ,Unknown,Es desconeix,Ferit lleu: Hospitalització fins a 24h,427143.16 ,4584946.47,2.127145712,41.410918844
2023S001217    ,5,Sarrià-Sant Gervasi,25,Sant Gervasi - la Bonanova,701267,Dalt (Besòs),000860000,Thursday,2023,3,March,2,Morning,7,No és causa del  vianant,Car,Dona,53,Driver,Desconegut                                                                                                                                            ,Unknown,Taxi,Ferit lleu: Hospitalització fins a 24h,427143.16 ,4584946.47,2.127145712,41.410918844
2023S001218    ,3,Sants-Montjuïc,12,la Marina del Prat Vermell,701266,Litoral (Llobregat),001130000,Thursday,2023,3,March,2,Morning,9,No és causa del  vianant,Car,Dona,44,Driver,Desconegut                                                                                                                                            ,Unknown,Es desconeix,Ferit lleu: Amb assistència sanitària en lloc d'accident,430993.73 ,4580287.98,2.173743955,41.369301221
2023S001219    ,4,Les Corts,20,la Maternitat i Sant Ramon,144601,Diagonal,0649 0651,Thursday,2023,3,March,2,Morning,10,No és causa del  vianant,Motorcycle,Home,29,Driver,Desconegut                                                                                                                                            ,Unknown,In itínere,Ferit lleu: Amb assistència sanitària en lloc d'accident,425960.02 ,4582013.56,2.113349923,41.384395273
2023S001220    ,6,Gràcia,31,la Vila de Gràcia,253006,Pérez Galdós,0045 0045,Thursday,2023,3,March,2,Morning,8,No és causa del  vianant,Bicicleta,Home,32,Driver,Desconegut                                                                                                                                            ,Unknown,Es desconeix,Ferit lleu: Hospitalització fins a 24h,429128.89 ,4584439.44,2.150961784,41.406529861
2023S001221    ,1,Ciutat Vella,1,el Raval,198804,Paral·lel,0052 0052,Thursday,2023,3,March,2,Morning,10,No és causa del  vianant,Motorcycle,Dona,54,Driver,Desconegut                                                                                                                                            ,Unknown,Es desconeix,Ferit lleu: Hospitalització fins a 24h,430783.34 ,4580931.82,2.171154952,41.375082036
2023S001222    ,2,Eixample,8,l'Antiga Esquerra de l'Eixample,100800,Diputació,0191 0191,Thursday,2023,3,March,2,Morning,11,No és causa del  vianant,Motorcycle,Dona,29,Driver,Desconegut                                                                                                                                            ,Unknown,Es desconeix,Ferit lleu: Hospitalització fins a 24h,429922.08 ,4582109.9 ,2.160720404,41.385618056
2023S001224    ,1,Ciutat Vella,3,la Barceloneta,197903,Marítim de la Barceloneta,0033 0033,Thursday,2023,3,March,2,Afternoon,14,No és causa del  vianant,Taxi,Dona,24,Pedestrian,En pas sense regular                                                                                                                                  ,In itinere,Unknown,Ferit greu: hospitalització superior a 24h,432850    ,4581986.52,2.195749604,41.384756676
2023S001225    ,3,Sants-Montjuïc,11,el Poble-sec,198804,Paral·lel,0123 0125,Thursday,2023,3,March,2,Afternoon,15,No és causa del  vianant,Autobús articulat,Dona,75,Passatger,Desconegut                                                                                                                                            ,Unknown,Unknown,Ferit lleu: Hospitalització fins a 24h,429837.24 ,4580910.41,2.159844744,41.374807226
2023S001227    ,2,Eixample,6,la Sagrada Família,268003,Provença,0475 0479,Thursday,2023,3,March,2,Afternoon,17,No és causa del  vianant,Car,Home,48,Driver,Desconegut                                                                                                                                            ,Unknown,Es desconeix,Ferit lleu: Amb assistència sanitària en lloc d'accident,431273.03 ,4584371.26,2.176619797,41.406102064
2023S001228    ,2,Eixample,7,la Dreta de l'Eixample,31300,Bailèn,0131 0131,Thursday,2023,3,March,2,Afternoon,17,No és causa del  vianant,Motorcycle,Dona,38,Driver,Desconegut                                                                                                                                            ,Unknown,Oci i entreteniment,Ferit lleu: Hospitalització fins a 24h,430598.6  ,4583522.16,2.168649068,41.398396523
2023S001229    ,5,Sarrià-Sant Gervasi,25,Sant Gervasi - la Bonanova,701267,Dalt (Besòs),000920000,Thursday,2023,3,March,2,Afternoon,18,No és causa del  vianant,Motorcycle,Home,24,Driver,Desconegut                                                                                                                                            ,Unknown,Altres activitats,Ferit lleu: Hospitalització fins a 24h,427706.4  ,4585327.86,2.133838523,41.414404747
2023S001230    ,4,Les Corts,19,les Corts,144601,Diagonal,0632 0632,Thursday,2023,3,March,2,Afternoon,19,No és causa del  vianant,Motorcycle,Home,19,Driver,Desconegut                                                                                                                                            ,Unknown,Es desconeix,Ferit lleu: Amb assistència sanitària en lloc d'accident,427954.95 ,4582701.1 ,2.137125048,41.390768909
2023S001232    ,2,Eixample,8,l'Antiga Esquerra de l'Eixample,32700,Balmes,0167B0167B,Thursday,2023,3,March,2,Afternoon,20,No és causa del  vianant,Motorcycle,Dona,30,Passatger,Desconegut                                                                                                                                            ,Unknown,Unknown,Ferit lleu: Amb assistència sanitària en lloc d'accident,429430.09 ,4583191.25,2.154710596,41.395314373
2023S001232    ,2,Eixample,8,l'Antiga Esquerra de l'Eixample,32700,Balmes,0167B0167B,Thursday,2023,3,March,2,Afternoon,20,No és causa del  vianant,Motorcycle,Home,29,Driver,Desconegut                                                                                                                                            ,Unknown,En missió,Ferit lleu: Rebutja assistència sanitària,429430.09 ,4583191.25,2.154710596,41.395314373
2023S001233    ,2,Eixample,9,la Nova Esquerra de l'Eixample,285807,Rocafort,0179 0179,Thursday,2023,3,March,2,Afternoon,20,No és causa del  vianant,Motorcycle,Home,49,Driver,Desconegut                                                                                                                                            ,Unknown,Oci i entreteniment,Ferit lleu: Hospitalització fins a 24h,428909.27 ,4581807.57,2.148643625,41.382806159
2023S001236    ,8,Nou Barris,48,la Guineueta,75101,Caçador,0004X0004X,Thursday,2023,3,March,2,Afternoon,21,No és causa del  vianant,Motorcycle,Home,39,Driver,Desconegut                                                                                                                                            ,Unknown,Es desconeix,Ferit greu: hospitalització superior a 24h,430471.16 ,4588315.38,2.166573355,41.441556316
2023S001237    ,2,Eixample,8,l'Antiga Esquerra de l'Eixample,350308,València,0215 0215,Friday,2023,3,March,3,Morning,6,No és causa del  vianant,Car,Dona,56,Passatger,Desconegut                                                                                                                                            ,Unknown,Unknown,Ferit lleu: Rebutja assistència sanitària,429929.89 ,4582678.07,2.160748048,41.39073606
2023S001240    ,6,Gràcia,32,el Camp d'en Grassot i Gràcia Nova,297001,Sant Antoni Maria Claret,0064 0064,Thursday,2023,3,March,2,Afternoon,19,No és causa del  vianant,Furgoneta,Home,53,Driver,Desconegut                                                                                                                                            ,Unknown,Es desconeix,Ferit lleu: Hospitalització fins a 24h,430455.01 ,4584334.58,2.166838135,41.405701307
2023S001240    ,6,Gràcia,32,el Camp d'en Grassot i Gràcia Nova,297001,Sant Antoni Maria Claret,0064 0064,Thursday,2023,3,March,2,Afternoon,19,No és causa del  vianant,Motorcycle,Home,33,Driver,Desconegut                                                                                                                                            ,Unknown,Es desconeix,Ferit lleu: Amb assistència sanitària en lloc d'accident,430455.01 ,4584334.58,2.166838135,41.405701307
2023S001241    ,3,Sants-Montjuïc,17,Sants - Badal,187207,Madrid,0114 0114,Dimecres,2023,3,March,1,Morning,11,No és causa del  vianant,Bus,Dona,74,Passatger,Desconegut                                                                                                                                            ,Unknown,Unknown,Ferit lleu: Hospitalització fins a 24h,427216.45 ,4581384.09,2.128450919,41.378840595
2023S001242    ,6,Gràcia,31,la Vila de Gràcia,344101,Gràcia,0119 0119,Thursday,2023,3,March,2,Afternoon,20,No és causa del  vianant,Bicicleta,Home,49,Driver,Desconegut                                                                                                                                            ,Unknown,Altres activitats,Ferit lleu: Rebutja assistència sanitària,429486.47 ,4583668.21,2.155329373,41.399615133
2023S001243    ,7,Horta-Guinardó,43,Horta,701080,Estatut,0001 0001,Friday,2023,3,March,3,Morning,8,No és causa del  vianant,Motorcycle,Home,54,Driver,Desconegut                                                                                                                                            ,Unknown,In itínere,Ferit lleu: Hospitalització fins a 24h,429578.3  ,4586995.75,2.156040252,41.429593088
2023S001245    ,6,Gràcia,28,Vallcarca i els Penitents,189905,Maignon,0001B0001B,Friday,2023,3,March,3,Morning,8,No és causa del  vianant,Motorcycle,Home,30,Driver,Desconegut                                                                                                                                            ,Unknown,In itínere,Ferit lleu: Amb assistència sanitària en lloc d'accident,429042.62 ,4584625.18,2.149907954,41.408195136
2023S001247    ,7,Horta-Guinardó,33,el Baix Guinardó,152905,Guinardó,0044 0044,Friday,2023,3,March,3,Morning,9,No és causa del  vianant,Motorcycle,Home,36,Driver,Desconegut                                                                                                                                            ,Unknown,Es desconeix,Ferit lleu: Hospitalització fins a 24h,430432.84 ,4585050.82,2.166490535,41.412150316
2023S001248    ,5,Sarrià-Sant Gervasi,26,Sant Gervasi - Galvany,223606,Muntaner,0438 0438,Friday,2023,3,March,3,Morning,10,No és causa del  vianant,Motorcycle,Dona,53,Driver,Desconegut                                                                                                                                            ,Unknown,Es desconeix,Ferit lleu: Hospitalització fins a 24h,428591.72 ,4583490.1 ,2.144647725,41.397931956
2023S001248    ,5,Sarrià-Sant Gervasi,26,Sant Gervasi - Galvany,223606,Muntaner,0438 0438,Friday,2023,3,March,3,Morning,10,No és causa del  vianant,Motorcycle,Home,59,Driver,Desconegut                                                                                                                                            ,Unknown,Es desconeix,Ferit lleu: Hospitalització fins a 24h,428591.72 ,4583490.1 ,2.144647725,41.397931956
2023S001249    ,2,Eixample,9,la Nova Esquerra de l'Eixample,100800,Diputació,0113 0117,Friday,2023,3,March,3,Morning,9,No és causa del  vianant,Motorcycle,Home,41,Driver,Desconegut                                                                                                                                            ,Unknown,Es desconeix,Ferit lleu: Hospitalització fins a 24h,429539.89 ,4581737.49,2.15619309,41.382230478
2023S001250    ,5,Sarrià-Sant Gervasi,26,Sant Gervasi - Galvany,344101,Gràcia,0034 0036,Friday,2023,3,March,3,Morning,11,No és causa del  vianant,Motorcycle,Dona,37,Driver,Desconegut                                                                                                                                            ,Unknown,En missió,Ferit lleu: Hospitalització fins a 24h,428847.87 ,4583171.57,2.147749066,41.395085792
2023S001251    ,1,Ciutat Vella,3,la Barceloneta,701266,Litoral (Llobregat),000900000,Friday,2023,3,March,3,Morning,13,No és causa del  vianant,Motorcycle,Home,29,Passatger,Desconegut                                                                                                                                            ,Unknown,Unknown,Ferit lleu: Hospitalització fins a 24h,432683.81 ,4582138.32,2.193745254,41.386110004
2023S001251    ,1,Ciutat Vella,3,la Barceloneta,701266,Litoral (Llobregat),000900000,Friday,2023,3,March,3,Morning,13,No és causa del  vianant,Furgoneta,Home,22,Driver,Desconegut                                                                                                                                            ,Unknown,Es desconeix,Ferit lleu: Rebutja assistència sanitària,432683.81 ,4582138.32,2.193745254,41.386110004
2023S001251    ,1,Ciutat Vella,3,la Barceloneta,701266,Litoral (Llobregat),000900000,Friday,2023,3,March,3,Morning,13,No és causa del  vianant,Motorcycle,Home,31,Driver,Desconegut                                                                                                                                            ,Unknown,Es desconeix,Ferit lleu: Hospitalització fins a 24h,432683.81 ,4582138.32,2.193745254,41.386110004
2023S001252    ,2,Eixample,8,l'Antiga Esquerra de l'Eixample,144601,Diagonal,0433 0433,Friday,2023,3,March,3,Morning,13,No és causa del  vianant,Ciclomotor,Home,28,Driver,Desconegut                                                                                                                                            ,Unknown,In itínere,Ferit lleu: Hospitalització fins a 24h,429144.63 ,4583098.78,2.151307076,41.394456414
2023S001253    ,9,Sant Andreu,60,Sant Andreu,295709,Sant Adrià,0041 0041,Thursday,2023,3,March,2,Afternoon,21,No és causa del  vianant,Bicicleta,Home,26,Driver,Desconegut                                                                                                                                            ,Unknown,Es desconeix,Ferit lleu: Hospitalització fins a 24h,432802.29 ,4587594.8 ,2.19455587,41.435264892
2023S001254    ,8,Nou Barris,45,Porta,190700,Malgrat,0079 0079,Friday,2023,3,March,3,Morning,13,No és causa del  vianant,Veh. mobilitat personal amb motor,Home,50,Driver,Desconegut                                                                                                                                            ,Unknown,Es desconeix,Ferit lleu: Hospitalització fins a 24h,431574.84 ,4587181.36,2.179912237,41.431437475
2023S001255    ,6,Gràcia,28,Vallcarca i els Penitents,279600,República Argentina,0228 0228,Friday,2023,3,March,3,Afternoon,14,No és causa del  vianant,Bus,Dona,82,Passatger,Desconegut                                                                                                                                            ,Unknown,Unknown,Ferit lleu: Hospitalització fins a 24h,428299.95 ,4585022.26,2.140976177,41.411705537
2023S001257    ,10,Sant Martí,73,la Verneda i la Pau,153205,Guipúscoa,0154X0154X,Friday,2023,3,March,3,Afternoon,15,No és causa del  vianant,Motorcycle,Home,67,Driver,Desconegut                                                                                                                                            ,Unknown,Oci i entreteniment,Ferit greu: hospitalització superior a 24h,433747.09 ,4586199.04,2.206016613,41.42277223
2023S001258    ,2,Eixample,5,el Fort Pienc,71600,Casp,0130 0130,Friday,2023,3,March,3,Afternoon,17,No és causa del  vianant,Motorcycle,Home,47,Driver,Desconegut                                                                                                                                            ,Unknown,Es desconeix,Ferit lleu: Amb assistència sanitària en lloc d'accident,431464.86 ,4583206.91,2.179046532,41.395631502
2023S001259    ,2,Eixample,9,la Nova Esquerra de l'Eixample,331507,Tarragona,0074 0076,Friday,2023,3,March,3,Afternoon,17,No és causa del  vianant,Bus,Dona,56,Passatger,Desconegut                                                                                                                                            ,Unknown,Unknown,Ferit lleu: Hospitalització fins a 24h,428769.74 ,4581177.12,2.147049191,41.377115564
2023S001259    ,2,Eixample,9,la Nova Esquerra de l'Eixample,331507,Tarragona,0074 0076,Friday,2023,3,March,3,Afternoon,17,No és causa del  vianant,Veh. mobilitat personal amb motor,Home,27,Driver,Desconegut                                                                                                                                            ,Unknown,Oci i entreteniment,Ferit lleu: Hospitalització fins a 24h,428769.74 ,4581177.12,2.147049191,41.377115564
2023S001260    ,10,Sant Martí,70,el Besòs i el Maresme,701414,C-31,020850000,Friday,2023,3,March,3,Afternoon,16,No és causa del  vianant,Furgoneta,Dona,52,Passatger,Desconegut                                                                                                                                            ,Unknown,Unknown,Ferit lleu: Hospitalització fins a 24h,434078.33 ,4585946.2 ,2.210007828,41.420522231
2023S001261    ,8,Nou Barris,44,Vilapicina i la Torre Llobeta,111704,Escòcia,0001 0001,Friday,2023,3,March,3,Afternoon,17,Creuar per fora pas de vianants,Motorcycle,Dona,24,Pedestrian,Fora del pas                                                                                                                                          ,Oci i entreteniment,Unknown,Ferit lleu: Amb assistència sanitària en lloc d'accident,431897.58 ,4586858.7 ,2.183811023,41.428558832
2023S001262    ,8,Nou Barris,46,el Turó de la Peira,295403,Sant Iscle,0075 0077,Friday,2023,3,March,3,Afternoon,21,No és causa del  vianant,Motorcycle,Home,45,Driver,Desconegut                                                                                                                                            ,Unknown,Altres activitats,Ferit lleu: Hospitalització fins a 24h,430719.98 ,4587528.65,2.169641832,41.434492061
2023S001263    ,7,Horta-Guinardó,38,la Teixonera,701268,Dalt (Llobregat),001060000,Friday,2023,3,March,3,Afternoon,21,No és causa del  vianant,Motorcycle,Home,29,Driver,Desconegut                                                                                                                                            ,Unknown,Oci i entreteniment,Ferit lleu: Amb assistència sanitària en lloc d'accident,428435.52 ,4586389.61,2.142436248,41.424032783
2023S001264    ,2,Eixample,5,el Fort Pienc,197302,Marina,0124 0124,Friday,2023,3,March,3,Afternoon,21,No és causa del  vianant,Car,Dona,53,Driver,Desconegut                                                                                                                                            ,Unknown,Es desconeix,Ferit lleu: Hospitalització fins a 24h,431945.45 ,4583251.92,2.18478981,41.396077733
2023S001266    ,8,Nou Barris,44,Vilapicina i la Torre Llobeta,332703,Teide,0011 0011,Saturday,2023,3,March,4,Morning,8,Desobeir el senyal del semàfor,Motorcycle,Home,24,Pedestrian,En pas regulat per semàfor                                                                                                                            ,Oci i entreteniment,Unknown,Ferit greu: hospitalització superior a 24h,430664.81 ,4587074.55,2.169033673,41.430397388
2023S001268    ,10,Sant Martí,72,Sant Martí de Provençals,153205,Guipúscoa,0027 0027,Saturday,2023,3,March,4,Morning,8,No és causa del  vianant,Bicicleta,Home,60,Driver,Desconegut                                                                                                                                            ,Unknown,En missió,Ferit lleu: Hospitalització fins a 24h,432792.64 ,4585292.45,2.194696433,41.414527519
2023S001269    ,9,Sant Andreu,60,Sant Andreu,339101,Torras i Bages,0085 0085,Saturday,2023,3,March,4,Morning,12,No és causa del  vianant,Car,Dona,32,Driver,Desconegut                                                                                                                                            ,Unknown,Oci i entreteniment,Ferit lleu: Amb assistència sanitària en lloc d'accident,432483.55 ,4588310.59,2.190661065,41.441685023
2023S001270    ,10,Sant Martí,71,Provençals del Poblenou,144601,Diagonal,0186B0186B,Saturday,2023,3,March,4,Morning,13,No és causa del  vianant,Tren o tramvia,Home,58,Driver,Desconegut                                                                                                                                            ,Unknown,Altres activitats,Ferit lleu: Hospitalització fins a 24h,432706.68 ,4584237.28,2.193785375,41.405016704
2023S001270    ,10,Sant Martí,71,Provençals del Poblenou,144601,Diagonal,0186B0186B,Saturday,2023,3,March,4,Morning,13,No és causa del  vianant,Ambulància,Home,23,Driver,Desconegut                                                                                                                                            ,Unknown,"Bombers, policia, ambulància",Ferit lleu: Hospitalització fins a 24h,432706.68 ,4584237.28,2.193785375,41.405016704
2023S001270    ,10,Sant Martí,71,Provençals del Poblenou,144601,Diagonal,0186B0186B,Saturday,2023,3,March,4,Morning,13,No és causa del  vianant,Ambulància,Dona,44,Passatger,Desconegut                                                                                                                                            ,Unknown,Unknown,Ferit lleu: Hospitalització fins a 24h,432706.68 ,4584237.28,2.193785375,41.405016704
2023S001270    ,10,Sant Martí,71,Provençals del Poblenou,144601,Diagonal,0186B0186B,Saturday,2023,3,March,4,Morning,13,No és causa del  vianant,Tren o tramvia,Dona,20,Passatger,Desconegut                                                                                                                                            ,Unknown,Unknown,Ferit lleu: Rebutja assistència sanitària,432706.68 ,4584237.28,2.193785375,41.405016704
2023S001270    ,10,Sant Martí,71,Provençals del Poblenou,144601,Diagonal,0186B0186B,Saturday,2023,3,March,4,Morning,13,No és causa del  vianant,Tren o tramvia,Dona,39,Passatger,Desconegut                                                                                                                                            ,Unknown,Unknown,Ferit lleu: Hospitalització fins a 24h,432706.68 ,4584237.28,2.193785375,41.405016704
2023S001270    ,10,Sant Martí,71,Provençals del Poblenou,144601,Diagonal,0186B0186B,Saturday,2023,3,March,4,Morning,13,No és causa del  vianant,Tren o tramvia,Dona,52,Passatger,Desconegut                                                                                                                                            ,Unknown,Unknown,Ferit lleu: Hospitalització fins a 24h,432706.68 ,4584237.28,2.193785375,41.405016704
2023S001270    ,10,Sant Martí,71,Provençals del Poblenou,144601,Diagonal,0186B0186B,Saturday,2023,3,March,4,Morning,13,No és causa del  vianant,Tren o tramvia,Dona,62,Passatger,Desconegut                                                                                                                                            ,Unknown,Unknown,Ferit lleu: Hospitalització fins a 24h,432706.68 ,4584237.28,2.193785375,41.405016704
2023S001270    ,10,Sant Martí,71,Provençals del Poblenou,144601,Diagonal,0186B0186B,Saturday,2023,3,March,4,Morning,13,No és causa del  vianant,Tren o tramvia,Home,48,Passatger,Desconegut                                                                                                                                            ,Unknown,Unknown,Ferit lleu: Hospitalització fins a 24h,432706.68 ,4584237.28,2.193785375,41.405016704
2023S001272    ,2,Eixample,7,la Dreta de l'Eixample,289105,Rosselló,0250 0250,Saturday,2023,3,March,4,Afternoon,15,No és causa del  vianant,Ciclomotor,Dona,45,Driver,Desconegut                                                                                                                                            ,Unknown,En missió,Ferit lleu: Hospitalització fins a 24h,430028.14 ,4583341.24,2.161846456,41.396717571
2023S001273    ,2,Eixample,7,la Dreta de l'Eixample,278459,Reina Victòria,9998 9998,Saturday,2023,3,March,4,Afternoon,16,No és causa del  vianant,Motorcycle,Dona,32,Passatger,Desconegut                                                                                                                                            ,Unknown,Unknown,Ferit lleu: Hospitalització fins a 24h,430531.07 ,4582463.6 ,2.167962805,41.388856573
2023S001273    ,2,Eixample,7,la Dreta de l'Eixample,278459,Reina Victòria,9998 9998,Saturday,2023,3,March,4,Afternoon,16,No és causa del  vianant,Motorcycle,Home,35,Driver,Desconegut                                                                                                                                            ,Unknown,Oci i entreteniment,Ferit lleu: Rebutja assistència sanitària,430531.07 ,4582463.6 ,2.167962805,41.388856573
2023S001275    ,2,Eixample,6,la Sagrada Família,178308,Lepant,0319B0319B,Saturday,2023,3,March,4,Afternoon,19,No és causa del  vianant,Motorcycle,Dona,17,Passatger,Desconegut                                                                                                                                            ,Unknown,Unknown,Ferit lleu: Hospitalització fins a 24h,430992.2  ,4584476.26,2.173248277,41.407023693
2023S001276    ,9,Sant Andreu,57,la Trinitat Vella,701267,Dalt (Besòs),001590000,Saturday,2023,3,March,4,Afternoon,19,No és causa del  vianant,Car,Dona,52,Passatger,Desconegut                                                                                                                                            ,Unknown,Unknown,Ferit lleu: Hospitalització fins a 24h,432697    ,4588930.46,2.193146846,41.447285914
2023S001277    ,9,Sant Andreu,60,Sant Andreu,281409,Ribes,0028 0040,Saturday,2023,3,March,4,Afternoon,20,No és causa del  vianant,Motorcycle,Dona,27,Passatger,Desconegut                                                                                                                                            ,Unknown,Unknown,Ferit lleu: Amb assistència sanitària en lloc d'accident,432356.44 ,4588770.96,2.189088044,41.44582071
2023S001277    ,9,Sant Andreu,60,Sant Andreu,281409,Ribes,0028 0040,Saturday,2023,3,March,4,Afternoon,20,No és causa del  vianant,Motorcycle,Home,28,Driver,Desconegut                                                                                                                                            ,Unknown,Oci i entreteniment,Ferit lleu: Hospitalització fins a 24h,432356.44 ,4588770.96,2.189088044,41.44582071
2023S001278    ,2,Eixample,6,la Sagrada Família,350308,València,0414 0414,Saturday,2023,3,March,4,Afternoon,20,No és causa del  vianant,Motorcycle,Dona,54,Passatger,Desconegut                                                                                                                                            ,Unknown,Unknown,Ferit lleu: Hospitalització fins a 24h,431156.75 ,4583866.96,2.17528614,41.401550038