Case_Number,District_Code,District_Name,Neighborhood_Code,Neighborhood_Name,Street_Code,Street_Name,Postal_Code,Day_of_Week,Year,Month_Code,Month_Name,Day_of_Month,Shift_Description,Hour_of_Day,Pedestrian_Cause_Description,Involved_Vehicle_Type,Gender_Description,Age,Person_Type_Description,Pedestrian_Accident_Location_Description,Pedestrian_Movement_Reason_Description,Driver_Movement_Reason_Description,Victimization_Description,UTM_X_Coordinate,UTM_Y_Coordinate,Longitude,Latitude
2023S001279    ,2,Eixample,8,l'Antiga Esquerra de l'Eixample,100800,Diputació,0187 0187,Saturday,2023,3,March,4,Afternoon,20,No és causa del  vianant,Motorcycle,Home,26,Driver,Desconegut                                                                                                                                            ,Unknown,Oci i entreteniment,Ferit lleu: Amb assistència sanitària en lloc d'accident,429887.54 ,4582093.8 ,2.160309201,41.385470037
2023S001280    ,2,Eixample,7,la Dreta de l'Eixample,350308,València,0335 0335,Saturday,2023,3,March,4,Afternoon,21,No és causa del  vianant,Ciclomotor,Dona,37,Driver,Desconegut                                                                                                                                            ,Unknown,Oci i entreteniment,Ferit lleu: Hospitalització fins a 24h,430647.07 ,4583400.23,2.169242815,41.397302523
2023S001281    ,9,Sant Andreu,59,el Bon Pastor,295709,Sant Adrià,0044U0044U,Diumenge,2023,3,March,5,Night,0,No és causa del  vianant,Motorcycle,Home,26,Driver,Desconegut                                                                                                                                            ,Unknown,Oci i entreteniment,Ferit lleu: Hospitalització fins a 24h,432802.29 ,4587594.8 ,2.19455587,41.435264892
2023S001282    ,3,Sants-Montjuïc,12,la Marina del Prat Vermell,701265,Litoral (Besòs),0021S0000,Saturday,2023,3,March,4,Night,23,No és causa del  vianant,Motorcycle,Home,33,Driver,Desconegut                                                                                                                                            ,Unknown,In itínere,Ferit lleu: Hospitalització fins a 24h,430774.47 ,4579826.64,2.171175144,41.365127217
2023S001283    ,3,Sants-Montjuïc,17,Sants - Badal,30602,Badal,0157 0159,Diumenge,2023,3,March,5,Morning,6,No és causa del  vianant,Car,Dona,26,Passatger,Desconegut                                                                                                                                            ,Unknown,Unknown,Ferit lleu: Hospitalització fins a 24h,427380.7  ,4580912.45,2.130471518,41.37460756
2023S001283    ,3,Sants-Montjuïc,17,Sants - Badal,30602,Badal,0157 0159,Diumenge,2023,3,March,5,Morning,6,No és causa del  vianant,Car,Home,30,Driver,Desconegut                                                                                                                                            ,Unknown,Oci i entreteniment,Ferit lleu: Hospitalització fins a 24h,427380.7  ,4580912.45,2.130471518,41.37460756
2023S001285    ,10,Sant Martí,68,el Poblenou,700654,Litoral,0064 0068,Diumenge,2023,3,March,5,Morning,11,No és causa del  vianant,Car,Home,73,Driver,Desconegut                                                                                                                                            ,Unknown,Es desconeix,Ferit lleu: Amb assistència sanitària en lloc d'accident,433600.12 ,4582986.31,2.204610681,41.393823857
2023S001286    ,10,Sant Martí,68,el Poblenou,701265,Litoral (Besòs),000760000,Diumenge,2023,3,March,5,Morning,11,No és causa del  vianant,Car,Dona,58,Passatger,Desconegut                                                                                                                                            ,Unknown,Unknown,Ferit lleu: Rebutja assistència sanitària,433705.19 ,4583102.38,2.205854682,41.394877946
2023S001286    ,10,Sant Martí,68,el Poblenou,701265,Litoral (Besòs),000760000,Diumenge,2023,3,March,5,Morning,11,No és causa del  vianant,Car,Home,48,Passatger,Desconegut                                                                                                                                            ,Unknown,Unknown,Ferit lleu: Amb assistència sanitària en lloc d'accident,433705.19 ,4583102.38,2.205854682,41.394877946
2023S001286    ,10,Sant Martí,68,el Poblenou,701265,Litoral (Besòs),000760000,Diumenge,2023,3,March,5,Morning,11,No és causa del  vianant,Car,Dona,47,Driver,Desconegut                                                                                                                                            ,Unknown,Es desconeix,Ferit lleu: Hospitalització fins a 24h,433705.19 ,4583102.38,2.205854682,41.394877946
2023S001287    ,10,Sant Martí,68,el Poblenou,701266,Litoral (Llobregat),000760000,Diumenge,2023,3,March,5,Morning,11,No és causa del  vianant,Car,Dona,41,Passatger,Desconegut                                                                                                                                            ,Unknown,Unknown,Ferit lleu: Amb assistència sanitària en lloc d'accident,433705.19 ,4583102.38,2.205854682,41.394877946
2023S001287    ,10,Sant Martí,68,el Poblenou,701266,Litoral (Llobregat),000760000,Diumenge,2023,3,March,5,Morning,11,No és causa del  vianant,Car,Home,10,Passatger,Desconegut                                                                                                                                            ,Unknown,Unknown,Ferit lleu: Amb assistència sanitària en lloc d'accident,433705.19 ,4583102.38,2.205854682,41.394877946
2023S001287    ,10,Sant Martí,68,el Poblenou,701266,Litoral (Llobregat),000760000,Diumenge,2023,3,March,5,Morning,11,No és causa del  vianant,Furgoneta,Home,50,Driver,Desconegut                                                                                                                                            ,Unknown,Es desconeix,Ferit lleu: Hospitalització fins a 24h,433705.19 ,4583102.38,2.205854682,41.394877946
2023S001288    ,5,Sarrià-Sant Gervasi,26,Sant Gervasi - Galvany,28000,Augusta,0115 0115,Diumenge,2023,3,March,5,Morning,10,No és causa del  vianant,Motorcycle,Home,21,Driver,Desconegut                                                                                                                                            ,Unknown,Oci i entreteniment,Ferit lleu: Hospitalització fins a 24h,428713.85 ,4583795.76,2.146072551,41.400695763
2023S001289    ,1,Ciutat Vella,1,el Raval,701367,Raval,0017 0021,Diumenge,2023,3,March,5,Morning,12,No és causa del  vianant,Car,Dona,59,Driver,Desconegut                                                                                                                                            ,Unknown,Es desconeix,Ferit lleu: Hospitalització fins a 24h,430645.89 ,4581367.68,2.169461534,41.378995862
2023S001290    ,2,Eixample,6,la Sagrada Família,238400,Padilla,0209 0209,Diumenge,2023,3,March,5,Afternoon,14,No és causa del  vianant,Motorcycle,Dona,40,Passatger,Desconegut                                                                                                                                            ,Unknown,Unknown,Ferit lleu: Hospitalització fins a 24h,431553.57 ,4584083.99,2.180008377,41.40353866
2023S001290    ,2,Eixample,6,la Sagrada Família,238400,Padilla,0209 0209,Diumenge,2023,3,March,5,Afternoon,14,No és causa del  vianant,Motorcycle,Home,31,Driver,Desconegut                                                                                                                                            ,Unknown,Oci i entreteniment,Ferit lleu: Hospitalització fins a 24h,431553.57 ,4584083.99,2.180008377,41.40353866
2023S001291    ,10,Sant Martí,67,la Vila Olímpica del Poblenou,197302,Marina,0033 0033,Diumenge,2023,3,March,5,Afternoon,16,No és causa del  vianant,Veh. mobilitat personal amb motor,Home,15,Driver,Desconegut                                                                                                                                            ,Unknown,Oci i entreteniment,Ferit lleu: Hospitalització fins a 24h,432592.28 ,4582626.29,2.19259629,41.390497358
2023S001292    ,8,Nou Barris,53,la Trinitat Nova,186306,Llosa,0001X0001X,Diumenge,2023,3,March,5,Morning,13,No és causa del  vianant,Motorcycle,Home,18,Driver,Desconegut                                                                                                                                            ,Unknown,Es desconeix,Ferit lleu: Hospitalització fins a 24h,432310.95 ,4589160.32,2.188499855,41.449323702
2023S001293    ,4,Les Corts,20,la Maternitat i Sant Ramon,700811,Albert Bastardas,0014 0018,Diumenge,2023,3,March,5,Afternoon,18,No és causa del  vianant,Motorcycle,Home,44,Driver,Desconegut                                                                                                                                            ,Unknown,En missió,Ferit lleu: Hospitalització fins a 24h,425508.34 ,4581563.21,2.108003801,41.38029745
2023S001294    ,1,Ciutat Vella,1,el Raval,140203,Drassanes,0017 0021,Diumenge,2023,3,March,5,Afternoon,14,No és causa del  vianant,Motorcycle,Home,39,Driver,Desconegut                                                                                                                                            ,Unknown,Es desconeix,Ferit lleu: Hospitalització fins a 24h,430949.91 ,4581096.04,2.173127947,41.376575438
2023S001295    ,2,Eixample,7,la Dreta de l'Eixample,349309,Universitat,0001 0001,Diumenge,2023,3,March,5,Night,23,No és causa del  vianant,Motorcycle,Home,37,Driver,Desconegut                                                                                                                                            ,Unknown,In itínere,Ferit lleu: Hospitalització fins a 24h,430251.51 ,4582138.13,2.164656842,41.385900961
2023S001297    ,9,Sant Andreu,59,el Bon Pastor,701355,La Barcelonesa,0002X0002X,Dilluns,2023,3,March,6,Night,5,No és causa del  vianant,Motorcycle,Home,27,Driver,Desconegut                                                                                                                                            ,Unknown,Oci i entreteniment,Ferit greu: hospitalització superior a 24h,432932.5  ,4587713.32,2.196101103,41.436343255
2023S001298    ,6,Gràcia,31,la Vila de Gràcia,267000,Riera de Cassoles,0032 0032,Dilluns,2023,3,March,6,Morning,7,No és causa del  vianant,Bus,Home,15,Pedestrian,En pas regulat per semàfor                                                                                                                            ,Unknown,Unknown,Ferit lleu: Amb assistència sanitària en lloc d'accident,429033.99 ,4584119.1 ,2.149864084,41.403636302
2023S001299    ,5,Sarrià-Sant Gervasi,25,Sant Gervasi - la Bonanova,302000,Sant Gervasi,0049 0049,Dilluns,2023,3,March,6,Morning,7,Creuar per fora pas de vianants,Car,Home,53,Pedestrian,Fora del pas                                                                                                                                          ,Unknown,Unknown,Ferit lleu: Hospitalització fins a 24h,427970.87 ,4584863.31,2.137058057,41.410244499
2023S001301    ,2,Eixample,8,l'Antiga Esquerra de l'Eixample,144601,Diagonal,0417 0417,Dilluns,2023,3,March,6,Morning,9,No és causa del  vianant,Motorcycle,Home,28,Driver,Desconegut                                                                                                                                            ,Unknown,In itínere,Ferit lleu: Hospitalització fins a 24h,429366.4  ,4583143.68,2.15395436,41.394880332
2023S001302    ,10,Sant Martí,66,el Parc i la Llacuna del Poblenou,197302,Marina,0081 0083,Dilluns,2023,3,March,6,Morning,7,No és causa del  vianant,Bicicleta,Dona,27,Driver,Desconegut                                                                                                                                            ,Unknown,Es desconeix,Ferit lleu: Rebutja assistència sanitària,432301.89 ,4582921.06,2.189090234,41.393127869
2023S001302    ,10,Sant Martí,66,el Parc i la Llacuna del Poblenou,197302,Marina,0081 0083,Dilluns,2023,3,March,6,Morning,7,No és causa del  vianant,Motorcycle,Home,36,Driver,Desconegut                                                                                                                                            ,Unknown,Es desconeix,Ferit lleu: Hospitalització fins a 24h,432301.89 ,4582921.06,2.189090234,41.393127869
2023S001303    ,2,Eixample,5,el Fort Pienc,169409,Corts Catalanes,0731 0731,Dilluns,2023,3,March,6,Morning,8,No és causa del  vianant,Veh. mobilitat personal amb motor,Dona,26,Driver,Desconegut                                                                                                                                            ,Unknown,Oci i entreteniment,Ferit lleu: Hospitalització fins a 24h,431553.84 ,4583500.42,2.180077624,41.398282643
2023S001304    ,9,Sant Andreu,63,Navas,209900,Meridiana,0233 0233,Dilluns,2023,3,March,6,Morning,10,No és causa del  vianant,Furgoneta,Dona,58,Passatger,Desconegut                                                                                                                                            ,Unknown,Unknown,Ferit lleu: Amb assistència sanitària en lloc d'accident,432121.88 ,4585817.68,2.18661216,41.419201695
2023S001306    ,3,Sants-Montjuïc,12,la Marina del Prat Vermell,369408,Zona Franca,0009 0009,Dilluns,2023,3,March,6,Morning,11,No és causa del  vianant,Motorcycle,Home,49,Driver,Desconegut                                                                                                                                            ,Unknown,Es desconeix,Ferit lleu: Hospitalització fins a 24h,428571.92 ,4578313.01,2.145021247,41.351301906
2023S001307    ,4,Les Corts,19,les Corts,144601,Diagonal,0632 0632,Diumenge,2023,3,March,5,Night,22,No és causa del  vianant,Car,Dona,28,Passatger,Desconegut                                                                                                                                            ,Unknown,Unknown,Ferit lleu: Amb assistència sanitària en lloc d'accident,427954.95 ,4582701.1 ,2.137125048,41.390768909
2023S001308    ,6,Gràcia,28,Vallcarca i els Penitents,158107,Vallcarca,0158E0158E,Dilluns,2023,3,March,6,Morning,13,No és causa del  vianant,Motorcycle,Dona,32,Passatger,Desconegut                                                                                                                                            ,Unknown,Unknown,Ferit lleu: Hospitalització fins a 24h,428461.6  ,4585247.52,2.142883481,41.413748775
2023S001308    ,6,Gràcia,28,Vallcarca i els Penitents,158107,Vallcarca,0158E0158E,Dilluns,2023,3,March,6,Morning,13,No és causa del  vianant,Motorcycle,Dona,32,Driver,Desconegut                                                                                                                                            ,Unknown,In itínere,Ferit lleu: Hospitalització fins a 24h,428461.6  ,4585247.52,2.142883481,41.413748775
2023S001309    ,2,Eixample,9,la Nova Esquerra de l'Eixample,18505,Aragó,0108 0108,Dilluns,2023,3,March,6,Morning,12,No és causa del  vianant,Taxi,Home,28,Pedestrian,En pas regulat per semàfor                                                                                                                            ,Es desconeix,Unknown,Ferit lleu: Hospitalització fins a 24h,429354.29 ,4581928.4 ,2.153951329,41.383933657
2023S001310    ,2,Eixample,9,la Nova Esquerra de l'Eixample,100800,Diputació,0063 0063,Dilluns,2023,3,March,6,Morning,12,No és causa del  vianant,Motorcycle,Home,46,Driver,Desconegut                                                                                                                                            ,Unknown,En missió,Ferit lleu: Hospitalització fins a 24h,429385.75 ,4581571.52,2.154369163,41.38072212
2023S001311    ,10,Sant Martí,71,Provençals del Poblenou,701414,C-31,020700000,Dilluns,2023,3,March,6,Morning,13,No és causa del  vianant,Motorcycle,Home,25,Driver,Desconegut                                                                                                                                            ,Unknown,En missió,Ferit lleu: Hospitalització fins a 24h,432986.83 ,4584903.52,2.197062924,41.411040761
2023S001312    ,2,Eixample,9,la Nova Esquerra de l'Eixample,169409,Corts Catalanes,0421 0421,Dilluns,2023,3,March,6,Morning,10,No és causa del  vianant,Car,Home,29,Driver,Desconegut                                                                                                                                            ,Unknown,Oci i entreteniment,Ferit lleu: Rebutja assistència sanitària,429223.68 ,4581256.55,2.152467904,41.37787104
2023S001313    ,2,Eixample,8,l'Antiga Esquerra de l'Eixample,110304,Enric Granados,0137 0137,Dilluns,2023,3,March,6,Morning,13,No és causa del  vianant,Bicicleta,Dona,55,Driver,Desconegut                                                                                                                                            ,Unknown,Es desconeix,Ferit lleu: Hospitalització fins a 24h,429387.02 ,4583027.46,2.154214551,41.393835391
2023S001314    ,10,Sant Martí,71,Provençals del Poblenou,143609,Josep Pla,0181 0181,Dilluns,2023,3,March,6,Afternoon,16,No és causa del  vianant,Motorcycle,Home,19,Driver,Desconegut                                                                                                                                            ,Unknown,Oci i entreteniment,Ferit lleu: Hospitalització fins a 24h,433698.21 ,4585495.05,2.205508932,41.416427549
2023S001315    ,2,Eixample,9,la Nova Esquerra de l'Eixample,110803,Entença,0126 0126,Dilluns,2023,3,March,6,Afternoon,16,No és causa del  vianant,Motorcycle,Home,28,Driver,Desconegut                                                                                                                                            ,Unknown,Es desconeix,Ferit lleu: Rebutja assistència sanitària,428876.92 ,4581648.35,2.148275464,41.381369259
2023S001316    ,9,Sant Andreu,63,Navas,121402,Felip II,0009B0009B,Dilluns,2023,3,March,6,Afternoon,15,No és causa del  vianant,Autobús articulat,Home,82,Passatger,Desconegut                                                                                                                                            ,Unknown,Unknown,Ferit lleu: Hospitalització fins a 24h,432508.78 ,4585577.91,2.191268323,41.417074769
2023S001317    ,3,Sants-Montjuïc,12,la Marina del Prat Vermell,701498,B-10 (Besòs),001160000,Dilluns,2023,3,March,6,Afternoon,18,No és causa del  vianant,Car,Dona,33,Driver,Desconegut                                                                                                                                            ,Unknown,In itínere,Ferit lleu: Hospitalització fins a 24h,430873.62 ,4580015.85,2.172338941,41.366839906
2023S001318    ,9,Sant Andreu,63,Navas,194406,Maragall,0056U0056U,Dilluns,2023,3,March,6,Afternoon,14,No és causa del  vianant,Motorcycle,Dona,36,Driver,Desconegut                                                                                                                                            ,Unknown,Oci i entreteniment,Ferit lleu: Hospitalització fins a 24h,431616.51 ,4585567.7 ,2.180593521,41.416907331
2023S001319    ,6,Gràcia,31,la Vila de Gràcia,123408,Lesseps,0002 0002,Dilluns,2023,3,March,6,Afternoon,17,Desobeir el senyal del semàfor,Car,Dona,12,Pedestrian,En pas regulat per semàfor                                                                                                                            ,Unknown,Unknown,Ferit lleu: Hospitalització fins a 24h,429080.35 ,4584382.04,2.150387834,41.406008597
2023S001320    ,5,Sarrià-Sant Gervasi,25,Sant Gervasi - la Bonanova,44800,Bonanova,0009 0009,Dilluns,2023,3,March,6,Afternoon,17,No és causa del  vianant,Motorcycle,Home,18,Driver,Desconegut                                                                                                                                            ,Unknown,Es desconeix,Ferit lleu: Rebutja assistència sanitària,427694.87 ,4584403.28,2.133811115,41.406076407
2023S001321    ,7,Horta-Guinardó,43,Horta,329505,Tajo,0045 0045,Dilluns,2023,3,March,6,Afternoon,17,No és causa del  vianant,Ciclomotor,Dona,33,Driver,Desconegut                                                                                                                                            ,Unknown,Es desconeix,Ferit lleu: Rebutja assistència sanitària,430061.56 ,4586971.82,2.161826275,41.429419807
2023S001322    ,2,Eixample,5,el Fort Pienc,169409,Corts Catalanes,0788 0788,Dilluns,2023,3,March,6,Afternoon,18,No és causa del  vianant,Motorcycle,Home,54,Driver,Desconegut                                                                                                                                            ,Unknown,Es desconeix,Ferit lleu: Hospitalització fins a 24h,431752.74 ,4583658.63,2.18243892,41.399724511
2023S001323    ,6,Gràcia,28,Vallcarca i els Penitents,158107,Vallcarca,0001X0001X,Dilluns,2023,3,March,6,Afternoon,21,No és causa del  vianant,Motorcycle,Home,35,Driver,Desconegut                                                                                                                                            ,Unknown,Es desconeix,Ferit lleu: Hospitalització fins a 24h,429028.69 ,4584584.14,2.149746123,41.407824274
2023S001324    ,2,Eixample,8,l'Antiga Esquerra de l'Eixample,191204,Mallorca,0140 0140,Dilluns,2023,3,March,6,Afternoon,20,No és causa del  vianant,Ciclomotor,Dona,52,Driver,Desconegut                                                                                                                                            ,Unknown,Es desconeix,Ferit lleu: Amb assistència sanitària en lloc d'accident,429356.73 ,4582306.06,2.153936448,41.387335328
2023S001325    ,10,Sant Martí,72,Sant Martí de Provençals,153205,Guipúscoa,0042 0042,Dilluns,2023,3,March,6,Afternoon,19,No és causa del  vianant,Car,Home,45,Driver,Desconegut                                                                                                                                            ,Unknown,Oci i entreteniment,Ferit lleu: Hospitalització fins a 24h,432877.17 ,4585348.9 ,2.195701525,41.415043017
2023S001326    ,7,Horta-Guinardó,40,Montbau,352507,Vall d'Hebron,0171 0171,Dilluns,2023,3,March,6,Afternoon,20,No és causa del  vianant,Ciclomotor,Dona,50,Driver,Desconegut                                                                                                                                            ,Unknown,Es desconeix,Ferit lleu: Amb assistència sanitària en lloc d'accident,428793.34 ,4587907.42,2.146539062,41.437734867
2023S001327    ,5,Sarrià-Sant Gervasi,25,Sant Gervasi - la Bonanova,9402,Alacant,0033 0033,Dilluns,2023,3,March,6,Afternoon,20,No és causa del  vianant,Ciclomotor,Dona,20,Driver,Desconegut                                                                                                                                            ,Unknown,Es desconeix,Ferit lleu: Amb assistència sanitària en lloc d'accident,427843.38 ,4583906.46,2.135646963,41.401615103
2023S001328    ,10,Sant Martí,68,el Poblenou,110009,Ramon Turró,0173 0173,Dilluns,2023,3,March,6,Afternoon,18,No és causa del  vianant,Motorcycle,Dona,24,Driver,Desconegut                                                                                                                                            ,Unknown,In itínere,Ferit lleu: Rebutja assistència sanitària,433364.06 ,4583561.24,2.201723924,41.398982575
2023S001329    ,5,Sarrià-Sant Gervasi,25,Sant Gervasi - la Bonanova,701267,Dalt (Besòs),000910000,Dilluns,2023,3,March,6,Afternoon,20,No és causa del  vianant,Car,Dona,21,Driver,Desconegut                                                                                                                                            ,Unknown,Es desconeix,Ferit lleu: Hospitalització fins a 24h,427607.67 ,4585312.48,2.13265913,41.414257334
2023S001329    ,5,Sarrià-Sant Gervasi,25,Sant Gervasi - la Bonanova,701267,Dalt (Besòs),000910000,Dilluns,2023,3,March,6,Afternoon,20,No és causa del  vianant,Car,Dona,44,Driver,Desconegut                                                                                                                                            ,Unknown,Es desconeix,Ferit lleu: Hospitalització fins a 24h,427607.67 ,4585312.48,2.13265913,41.414257334
2023S001331    ,2,Eixample,8,l'Antiga Esquerra de l'Eixample,223606,Muntaner,0105 0105,Dimarts,2023,3,March,7,Night,1,No és causa del  vianant,Ciclomotor,Home,55,Driver,Desconegut                                                                                                                                            ,Unknown,In itínere,Ferit lleu: Hospitalització fins a 24h,429548.35 ,4582493.34,2.156206316,41.389038911
2023S001332    ,10,Sant Martí,68,el Poblenou,701265,Litoral (Besòs),000760000,Dimarts,2023,3,March,7,Morning,6,No és causa del  vianant,Car,Home,35,Driver,Desconegut                                                                                                                                            ,Unknown,In itínere,Ferit lleu: Amb assistència sanitària en lloc d'accident,433600.12 ,4582986.31,2.204610681,41.393823857
2023S001332    ,10,Sant Martí,68,el Poblenou,701265,Litoral (Besòs),000760000,Dimarts,2023,3,March,7,Morning,6,No és causa del  vianant,Car,Home,61,Driver,Desconegut                                                                                                                                            ,Unknown,In itínere,Ferit lleu: Amb assistència sanitària en lloc d'accident,433600.12 ,4582986.31,2.204610681,41.393823857
2023S001333    ,10,Sant Martí,70,el Besòs i el Maresme,701449,Josep Narcís Roca,0013X0013X,Dilluns,2023,3,March,6,Afternoon,19,No és causa del  vianant,Motorcycle,Dona,24,Driver,Desconegut                                                                                                                                            ,Unknown,Altres activitats,Ferit lleu: Hospitalització fins a 24h,435012.77 ,4585164.65,2.221273049,41.413559163
2023S001334    ,10,Sant Martí,72,Sant Martí de Provençals,30409,Bac de Roda,0204 0204,Dilluns,2023,3,March,6,Afternoon,18,No és causa del  vianant,Motorcycle,Home,52,Driver,Desconegut                                                                                                                                            ,Unknown,In itínere,Ferit lleu: Hospitalització fins a 24h,432699.04 ,4585390.07,2.193565689,41.415398916
2023S001335    ,2,Eixample,5,el Fort Pienc,169409,Corts Catalanes,0751 0751,Dimarts,2023,3,March,7,Morning,10,No és causa del  vianant,Motorcycle,Dona,45,Driver,Desconegut                                                                                                                                            ,Unknown,Es desconeix,Ferit lleu: Amb assistència sanitària en lloc d'accident,431778.91 ,4583757.15,2.182740851,41.400614074
2023S001336    ,10,Sant Martí,72,Sant Martí de Provençals,115603,Espronceda,0276 0276,Dimarts,2023,3,March,7,Morning,10,No és causa del  vianant,Veh. mobilitat personal amb motor,Home,12,Passatger,Desconegut                                                                                                                                            ,Unknown,Unknown,Ferit lleu: Amb assistència sanitària en lloc d'accident,432695.3  ,4585200.75,2.193542015,41.413693452
2023S001336    ,10,Sant Martí,72,Sant Martí de Provençals,115603,Espronceda,0276 0276,Dimarts,2023,3,March,7,Morning,10,No és causa del  vianant,Veh. mobilitat personal amb motor,Dona,44,Driver,Desconegut                                                                                                                                            ,Unknown,Es desconeix,Ferit lleu: Amb assistència sanitària en lloc d'accident,432695.3  ,4585200.75,2.193542015,41.413693452
2023S001337    ,2,Eixample,7,la Dreta de l'Eixample,18505,Aragó,0297 0297,Dimarts,2023,3,March,7,Morning,9,No és causa del  vianant,Motorcycle,Home,50,Driver,Desconegut                                                                                                                                            ,Unknown,Es desconeix,Ferit lleu: Amb assistència sanitària en lloc d'accident,430498.67 ,4583050.27,2.167507952,41.394137725
2023S001338    ,3,Sants-Montjuïc,12,la Marina del Prat Vermell,370531,Número 6 Zona Franca,0090 0090,Dimecres,2023,2,February,15,Morning,8,No és causa del  vianant,Motorcycle,Home,23,Driver,Desconegut                                                                                                                                            ,Unknown,In itínere,Ferit lleu: Hospitalització fins a 24h,426247.25 ,4575440.61,2.117584159,41.325221571
2023S001339    ,3,Sants-Montjuïc,11,el Poble-sec,700796,Jocs del 92,0011 0011,Dimarts,2023,3,March,7,Morning,11,No és causa del  vianant,Motorcycle,Home,53,Driver,Desconegut                                                                                                                                            ,Unknown,Es desconeix,Ferit lleu: Hospitalització fins a 24h,428670.26 ,4579620.55,2.146042877,41.363087235
2023S001340    ,2,Eixample,8,l'Antiga Esquerra de l'Eixample,23403,Aribau,0181 0181,Dimarts,2023,3,March,7,Morning,12,No és causa del  vianant,Motorcycle,Home,54,Driver,Desconegut                                                                                                                                            ,Unknown,Es desconeix,Ferit lleu: Hospitalització fins a 24h,429175.76 ,4583066.92,2.15168314,41.394172206
2023S001341    ,2,Eixample,7,la Dreta de l'Eixample,18505,Aragó,0375 0375,Dimarts,2023,3,March,7,Morning,10,No és causa del  vianant,Motorcycle,Home,45,Driver,Desconegut                                                                                                                                            ,Unknown,Es desconeix,Ferit lleu: Hospitalització fins a 24h,430977.58 ,4583518.03,2.1731827,41.398391964
2023S001342    ,9,Sant Andreu,62,el Congrés i els Indians,255704,Pinar del Río,0013 0013,Dimarts,2023,3,March,7,Morning,10,No és causa del  vianant,Bicicleta,Home,18,Driver,Desconegut                                                                                                                                            ,Unknown,Oci i entreteniment,Ferit lleu: Hospitalització fins a 24h,431817.68 ,4586165.14,2.182933111,41.422305384
2023S001343    ,9,Sant Andreu,63,Navas,194406,Maragall,0060 0064,Dilluns,2023,3,March,6,Afternoon,18,No és causa del  vianant,Bus,Home,87,Passatger,Desconegut                                                                                                                                            ,Unknown,Unknown,Ferit greu: hospitalització superior a 24h,431617.26 ,4585588.82,2.180600106,41.417097616
2023S001344    ,2,Eixample,7,la Dreta de l'Eixample,18505,Aragó,0297 0297,Dimarts,2023,3,March,7,Morning,13,No és causa del  vianant,Motorcycle,Home,25,Driver,Desconegut                                                                                                                                            ,Unknown,Es desconeix,Ferit lleu: Hospitalització fins a 24h,430498.67 ,4583050.27,2.167507952,41.394137725
2023S001345    ,2,Eixample,7,la Dreta de l'Eixample,18505,Aragó,0250 0250,Friday,2023,2,February,17,Afternoon,15,No és causa del  vianant,Bicicleta,Home,41,Driver,Desconegut                                                                                                                                            ,Unknown,Es desconeix,Ferit greu: hospitalització superior a 24h,430109.98 ,4582647.64,2.162905446,41.390477664
2023S001346    ,8,Nou Barris,50,les Roquetes,341409,Torres,0051 0051,Dimarts,2023,3,March,7,Afternoon,14,No és causa del  vianant,Car,Home,10,Pedestrian,En pas sense regular                                                                                                                                  ,Es desconeix,Unknown,Ferit lleu: Hospitalització fins a 24h,431204.6  ,4588902.84,2.175285252,41.446910563
2023S001348    ,6,Gràcia,28,Vallcarca i els Penitents,701268,Dalt (Llobregat),001000000,Dimarts,2023,3,March,7,Afternoon,16,No és causa del  vianant,Motorcycle,Home,48,Driver,Desconegut                                                                                                                                            ,Unknown,Altres activitats,Ferit lleu: Hospitalització fins a 24h,428210.43 ,4585888.55,2.139802315,41.419499855
2023S001349    ,10,Sant Martí,67,la Vila Olímpica del Poblenou,110009,Ramon Turró,0022 0022,Dilluns,2023,3,March,6,Afternoon,19,No és causa del  vianant,Bicicleta,Home,46,Driver,Desconegut                                                                                                                                            ,Unknown,Es desconeix,Ferit lleu: Hospitalització fins a 24h,432500.22 ,4582719.72,2.191484826,41.391331132
2023S001350    ,2,Eixample,7,la Dreta de l'Eixample,359404,Cinc d'Oros,9999 9999,Dimarts,2023,3,March,7,Afternoon,19,No és causa del  vianant,Motorcycle,Home,32,Driver,Desconegut                                                                                                                                            ,Unknown,Oci i entreteniment,Ferit lleu: Hospitalització fins a 24h,429834.22 ,4583321.69,2.15952922,41.396524584
2023S001351    ,5,Sarrià-Sant Gervasi,26,Sant Gervasi - Galvany,144601,Diagonal,0614 0614,Dimarts,2023,3,March,7,Afternoon,18,Creuar per fora pas de vianants,Motorcycle,Dona,59,Pedestrian,Fora del pas                                                                                                                                          ,Oci i entreteniment,Unknown,Ferit lleu: Amb assistència sanitària en lloc d'accident,428300.11 ,4582870.53,2.141233088,41.392325761
2023S001351    ,5,Sarrià-Sant Gervasi,26,Sant Gervasi - Galvany,144601,Diagonal,0614 0614,Dimarts,2023,3,March,7,Afternoon,18,Creuar per fora pas de vianants,Motorcycle,Home,39,Driver,Fora del pas                                                                                                                                          ,Unknown,Es desconeix,Ferit lleu: Hospitalització fins a 24h,428300.11 ,4582870.53,2.141233088,41.392325761
2023S001352    ,-1,Unknown,-1,Unknown,-1,Unknown,Unknown,Dimarts,2023,3,March,7,Afternoon,21,No és causa del  vianant,Motorcycle,Home,50,Driver,Desconegut                                                                                                                                            ,Unknown,Transport professional de mercaderies,Ferit lleu: Hospitalització fins a 24h,432755.06 ,4588382.55,2.193902886,41.442355942
2023S001354    ,10,Sant Martí,64,el Camp de l'Arpa del Clot,297001,Sant Antoni Maria Claret,0286 0286,Dimarts,2023,3,March,7,Afternoon,21,No és causa del  vianant,Motorcycle,Dona,28,Driver,Desconegut                                                                                                                                            ,Unknown,Oci i entreteniment,Ferit lleu: Hospitalització fins a 24h,431373.14 ,4585218.56,2.177721255,41.413741982