Case_Number,District_Code,District_Name,Neighborhood_Code,Neighborhood_Name,Street_Code,Street_Name,Postal_Code,Day_of_Week,Year,Month_Code,Month_Name,Day_of_Month,Shift_Description,Hour_of_Day,Pedestrian_Cause_Description,Involved_Vehicle_Type,Gender_Description,Age,Person_Type_Description,Pedestrian_Accident_Location_Description,Pedestrian_Movement_Reason_Description,Driver_Movement_Reason_Description,Victimization_Description,UTM_X_Coordinate,UTM_Y_Coordinate,Longitude,Latitude
2023S001355    ,10,Sant Martí,67,la Vila Olímpica del Poblenou,700654,Litoral,9993 9993,Dimecres,2023,3,March,8,Night,5,No és causa del  vianant,Car,Home,18,Passatger,Desconegut                                                                                                                                            ,Unknown,Unknown,Ferit lleu: Hospitalització fins a 24h,432888.89 ,4582323.45,2.196177347,41.38779457
2023S001355    ,10,Sant Martí,67,la Vila Olímpica del Poblenou,700654,Litoral,9993 9993,Dimecres,2023,3,March,8,Night,5,No és causa del  vianant,Car,Home,20,Passatger,Desconegut                                                                                                                                            ,Unknown,Unknown,Ferit lleu: Hospitalització fins a 24h,432888.89 ,4582323.45,2.196177347,41.38779457
2023S001355    ,10,Sant Martí,67,la Vila Olímpica del Poblenou,700654,Litoral,9993 9993,Dimecres,2023,3,March,8,Night,5,No és causa del  vianant,Car,Dona,46,Driver,Desconegut                                                                                                                                            ,Unknown,In itínere,Ferit lleu: Amb assistència sanitària en lloc d'accident,432888.89 ,4582323.45,2.196177347,41.38779457
2023S001356    ,2,Eixample,9,la Nova Esquerra de l'Eixample,349706,Comte d'Urgell,0113 0113,Dimecres,2023,3,March,8,Morning,9,No és causa del  vianant,Bicicleta,Dona,23,Driver,Desconegut                                                                                                                                            ,Unknown,In itínere,Ferit lleu: Hospitalització fins a 24h,429447.81 ,4582020.17,2.155059021,41.38476841
2023S001357    ,2,Eixample,5,el Fort Pienc,197302,Marina,0187 0187,Dimecres,2023,3,March,8,Morning,11,No és causa del  vianant,Car,Dona,43,Driver,Desconegut                                                                                                                                            ,Unknown,Es desconeix,Ferit lleu: Hospitalització fins a 24h,431545.26 ,4583698.06,2.179952636,41.400061997
2023S001359    ,2,Eixample,7,la Dreta de l'Eixample,144601,Diagonal,0436 0436,Dimecres,2023,3,March,8,Morning,11,No és causa del  vianant,Veh. mobilitat personal amb motor,Home,56,Driver,Desconegut                                                                                                                                            ,Unknown,Es desconeix,Ferit lleu: Hospitalització fins a 24h,429990.74 ,4583398.96,2.161392432,41.397234179
2023S001360    ,2,Eixample,6,la Sagrada Família,350308,València,0479 0483,Dimecres,2023,3,March,8,Morning,7,Altres,Veh. mobilitat personal amb motor,Dona,51,Pedestrian,En pas regulat per semàfor                                                                                                                            ,Unknown,Unknown,Ferit lleu: Amb assistència sanitària en lloc d'accident,431430.8  ,4584164.94,2.178530573,41.404257284
2023S001361    ,4,Les Corts,19,les Corts,227800,Nicaragua,0096 0098,Dimecres,2023,3,March,8,Morning,13,No és causa del  vianant,Motorcycle,Dona,64,Driver,Desconegut                                                                                                                                            ,Unknown,En missió,Ferit lleu: Hospitalització fins a 24h,428085.94 ,4582094.4 ,2.138763748,41.385316319
2023S001362    ,2,Eixample,7,la Dreta de l'Eixample,278459,Reina Victòria,9998 9998,Dimecres,2023,3,March,8,Morning,13,No és causa del  vianant,Ciclomotor,Dona,20,Driver,Desconegut                                                                                                                                            ,Unknown,Oci i entreteniment,Ferit lleu: Rebutja assistència sanitària,430495.65 ,4582501.94,2.16753479,41.389198828
2023S001363    ,3,Sants-Montjuïc,17,Sants - Badal,36100,Bassegoda,0002 0002,Dimecres,2023,3,March,8,Afternoon,14,No és causa del  vianant,Furgoneta,Dona,44,Pedestrian,En zona peatonal                                                                                                                                      ,Unknown,Unknown,Ferit lleu: Amb assistència sanitària en lloc d'accident,427029    ,4580999.55,2.126255757,41.375360206
2023S001364    ,4,Les Corts,19,les Corts,187207,Madrid,0125B0125B,Dimecres,2023,3,March,8,Morning,13,No és causa del  vianant,Motorcycle,Home,66,Driver,Desconegut                                                                                                                                            ,Unknown,Es desconeix,Ferit lleu: Amb assistència sanitària en lloc d'accident,427343.61 ,4581494.04,2.129958279,41.379842371
2023S001365    ,10,Sant Martí,71,Provençals del Poblenou,253902,Perú,0140 0142,Dimecres,2023,3,March,8,Morning,13,No és causa del  vianant,Motorcycle,Home,33,Passatger,Desconegut                                                                                                                                            ,Unknown,Unknown,Ferit lleu: Hospitalització fins a 24h,433186.49 ,4584891.95,2.19945291,41.410953186
2023S001365    ,10,Sant Martí,71,Provençals del Poblenou,253902,Perú,0140 0142,Dimecres,2023,3,March,8,Morning,13,No és causa del  vianant,Motorcycle,Home,61,Driver,Desconegut                                                                                                                                            ,Unknown,En missió,Ferit lleu: Hospitalització fins a 24h,433186.49 ,4584891.95,2.19945291,41.410953186
2023S001367    ,2,Eixample,9,la Nova Esquerra de l'Eixample,361406,Viladomat,0209 0209,Dimecres,2023,3,March,8,Afternoon,14,No és causa del  vianant,Motorcycle,Dona,66,Driver,Desconegut                                                                                                                                            ,Unknown,Oci i entreteniment,Ferit lleu: Hospitalització fins a 24h,429069.9  ,4582025.34,2.150539021,41.384781725
2023S001367    ,2,Eixample,9,la Nova Esquerra de l'Eixample,361406,Viladomat,0209 0209,Dimecres,2023,3,March,8,Afternoon,14,No és causa del  vianant,Motorcycle,Home,37,Driver,Desconegut                                                                                                                                            ,Unknown,Oci i entreteniment,Ferit lleu: Hospitalització fins a 24h,429069.9  ,4582025.34,2.150539021,41.384781725
2023S001368    ,2,Eixample,8,l'Antiga Esquerra de l'Eixample,70607,Casanova,0056 0056,Dimarts,2023,3,March,7,Morning,12,No és causa del  vianant,Veh. mobilitat personal amb motor,Dona,38,Driver,Desconegut                                                                                                                                            ,Unknown,In itínere,Ferit lleu: Hospitalització fins a 24h,429827.12 ,4582016.53,2.159595588,41.38476882
2023S001369    ,5,Sarrià-Sant Gervasi,26,Sant Gervasi - Galvany,188607,Mestre Nicolau,0001 0003,Dimecres,2023,3,March,8,Afternoon,20,Creuar per fora pas de vianants,Motorcycle,Home,59,Pedestrian,Fora del pas                                                                                                                                          ,Unknown,Unknown,Ferit lleu: Hospitalització fins a 24h,428286.78 ,4582808.35,2.141081024,41.39176454
2023S001369    ,5,Sarrià-Sant Gervasi,26,Sant Gervasi - Galvany,188607,Mestre Nicolau,0001 0003,Dimecres,2023,3,March,8,Afternoon,20,Creuar per fora pas de vianants,Motorcycle,Dona,58,Driver,Fora del pas                                                                                                                                          ,Unknown,Es desconeix,Ferit lleu: Hospitalització fins a 24h,428286.78 ,4582808.35,2.141081024,41.39176454
2023S001370    ,9,Sant Andreu,57,la Trinitat Vella,314100,Santa Coloma,0125 0125,Dimecres,2023,3,March,8,Afternoon,19,No és causa del  vianant,Motorcycle,Home,42,Driver,Desconegut                                                                                                                                            ,Unknown,Oci i entreteniment,Ferit lleu: Hospitalització fins a 24h,432968.51 ,4589200.56,2.196366967,41.449741345
2023S001372    ,10,Sant Martí,69,Diagonal Mar i el Front Marítim del Poblenou,701266,Litoral (Llobregat),000640000,Dimecres,2023,3,March,8,Afternoon,20,No és causa del  vianant,Motorcycle,Dona,33,Passatger,Desconegut                                                                                                                                            ,Unknown,Unknown,Ferit lleu: Hospitalització fins a 24h,434723.77 ,4584307.91,2.217907814,41.405819268
2023S001372    ,10,Sant Martí,69,Diagonal Mar i el Front Marítim del Poblenou,701266,Litoral (Llobregat),000640000,Dimecres,2023,3,March,8,Afternoon,20,No és causa del  vianant,Motorcycle,Home,37,Driver,Desconegut                                                                                                                                            ,Unknown,Oci i entreteniment,Ferit lleu: Hospitalització fins a 24h,434723.77 ,4584307.91,2.217907814,41.405819268
2023S001373    ,2,Eixample,6,la Sagrada Família,73900,Castillejos,0269C0269C,Saturday,2023,4,April,1,Afternoon,19,No és causa del  vianant,Bicicleta,Dona,26,Driver,Desconegut                                                                                                                                            ,Unknown,In itínere,Ferit lleu: Hospitalització fins a 24h,431369.9  ,4584462.66,2.177768274,41.406933556
2023S001374    ,2,Eixample,7,la Dreta de l'Eixample,305100,Sant Joan,0127 0127,Thursday,2023,3,March,9,Night,2,No és causa del  vianant,Car,Dona,26,Passatger,Desconegut                                                                                                                                            ,Unknown,Unknown,Ferit lleu: Amb assistència sanitària en lloc d'accident,430505.46 ,4583808.03,2.167502145,41.400963212
2023S001374    ,2,Eixample,7,la Dreta de l'Eixample,305100,Sant Joan,0127 0127,Thursday,2023,3,March,9,Night,2,No és causa del  vianant,Car,Dona,32,Passatger,Desconegut                                                                                                                                            ,Unknown,Unknown,Ferit lleu: Amb assistència sanitària en lloc d'accident,430505.46 ,4583808.03,2.167502145,41.400963212
2023S001374    ,2,Eixample,7,la Dreta de l'Eixample,305100,Sant Joan,0127 0127,Thursday,2023,3,March,9,Night,2,No és causa del  vianant,Car,Dona,54,Driver,Desconegut                                                                                                                                            ,Unknown,Oci i entreteniment,Ferit lleu: Hospitalització fins a 24h,430505.46 ,4583808.03,2.167502145,41.400963212
2023S001374    ,2,Eixample,7,la Dreta de l'Eixample,305100,Sant Joan,0127 0127,Thursday,2023,3,March,9,Night,2,No és causa del  vianant,Car,Home,41,Driver,Desconegut                                                                                                                                            ,Unknown,Taxi,Ferit lleu: Hospitalització fins a 24h,430505.46 ,4583808.03,2.167502145,41.400963212
2023S001375    ,2,Eixample,6,la Sagrada Família,18505,Aragó,0477 0477,Thursday,2023,3,March,9,Morning,6,No és causa del  vianant,Motorcycle,Home,21,Driver,Desconegut                                                                                                                                            ,Unknown,In itínere,Ferit lleu: Hospitalització fins a 24h,431553.57 ,4584083.99,2.180008377,41.40353866
2023S001376    ,2,Eixample,9,la Nova Esquerra de l'Eixample,289105,Rosselló,0106 0106,Thursday,2023,3,March,9,Morning,9,No és causa del  vianant,Veh. mobilitat personal amb motor,Dona,25,Driver,Desconegut                                                                                                                                            ,Unknown,Es desconeix,Ferit lleu: Hospitalització fins a 24h,429073.81 ,4582402.87,2.150541557,41.388182352
2023S001377    ,2,Eixample,9,la Nova Esquerra de l'Eixample,245802,París,0040 0044,Thursday,2023,3,March,9,Morning,8,No és causa del  vianant,Motorcycle,Home,39,Driver,Desconegut                                                                                                                                            ,Unknown,Es desconeix,Ferit lleu: Hospitalització fins a 24h,428441.07 ,4582143.05,2.143004994,41.385786177
2023S001378    ,2,Eixample,5,el Fort Pienc,362409,Vilanova,0001 0001,Thursday,2023,3,March,9,Morning,10,No és causa del  vianant,Motorcycle,Home,56,Driver,Desconegut                                                                                                                                            ,Unknown,In itínere,Ferit lleu: Hospitalització fins a 24h,431498.75 ,4582712.9 ,2.1795078,41.391184987
2023S001379    ,5,Sarrià-Sant Gervasi,26,Sant Gervasi - Galvany,28000,Augusta,0202 0226,Thursday,2023,3,March,9,Morning,10,No és causa del  vianant,Motorcycle,Dona,49,Driver,Desconegut                                                                                                                                            ,Unknown,Es desconeix,Ferit lleu: Hospitalització fins a 24h,428171.82 ,4583499.48,2.139624062,41.397979019
2023S001379    ,5,Sarrià-Sant Gervasi,26,Sant Gervasi - Galvany,28000,Augusta,0202 0226,Thursday,2023,3,March,9,Morning,10,No és causa del  vianant,Car,Home,42,Driver,Desconegut                                                                                                                                            ,Unknown,Es desconeix,Ferit lleu: Hospitalització fins a 24h,428171.82 ,4583499.48,2.139624062,41.397979019
2023S001380    ,2,Eixample,5,el Fort Pienc,335100,Tetuan,0036 0037,Thursday,2023,3,March,9,Morning,12,No és causa del  vianant,Motorcycle,Home,51,Driver,Desconegut                                                                                                                                            ,Unknown,Es desconeix,Ferit lleu: Hospitalització fins a 24h,431246.5  ,4583153.05,2.17644085,41.395127752
2023S001381    ,9,Sant Andreu,60,Sant Andreu,301109,Palmeres,0018 0018,Dimecres,2023,3,March,8,Afternoon,21,No és causa del  vianant,Bicicleta,Home,21,Driver,Desconegut                                                                                                                                            ,Unknown,Oci i entreteniment,Ferit lleu: Hospitalització fins a 24h,432126.89 ,4587346.1 ,2.186500429,41.432968102
2023S001382    ,10,Sant Martí,72,Sant Martí de Provençals,30409,Bac de Roda,0201 0201,Thursday,2023,3,March,9,Morning,11,No és causa del  vianant,Veh. mobilitat personal amb motor,Home,19,Driver,Desconegut                                                                                                                                            ,Unknown,En missió,Ferit lleu: Hospitalització fins a 24h,432792.64 ,4585292.45,2.194696433,41.414527519
2023S001383    ,2,Eixample,5,el Fort Pienc,335100,Tetuan,0036 0037,Friday,2023,3,March,10,Morning,12,No és causa del  vianant,Motorcycle,Home,48,Driver,Desconegut                                                                                                                                            ,Unknown,In itínere,Ferit lleu: Hospitalització fins a 24h,427842.47 ,4582730.17,2.135776326,41.391020643
2023S001384    ,4,Les Corts,19,les Corts,187207,Madrid,0171 0177,Thursday,2023,3,March,9,Morning,8,No és causa del  vianant,Motorcycle,Dona,43,Driver,Desconegut                                                                                                                                            ,Unknown,Es desconeix,Ferit lleu: Hospitalització fins a 24h,427587.44 ,4581597.92,2.132861568,41.380799971
2023S001385    ,4,Les Corts,20,la Maternitat i Sant Ramon,187207,Madrid,0049 0049,Thursday,2023,3,March,9,Morning,13,No és causa del  vianant,Motorcycle,Home,77,Pedestrian,En pas regulat per semàfor                                                                                                                            ,Unknown,Unknown,Ferit lleu: Hospitalització fins a 24h,426988.51 ,4581237.65,2.125742918,41.377501006
2023S001385    ,4,Les Corts,20,la Maternitat i Sant Ramon,187207,Madrid,0049 0049,Thursday,2023,3,March,9,Morning,13,No és causa del  vianant,Motorcycle,Home,30,Driver,En pas regulat per semàfor                                                                                                                            ,Unknown,In itínere,Ferit lleu: Hospitalització fins a 24h,426988.51 ,4581237.65,2.125742918,41.377501006
2023S001386    ,2,Eixample,7,la Dreta de l'Eixample,144601,Diagonal,0335 0335,Thursday,2023,3,March,9,Morning,13,No és causa del  vianant,Autobús articulat,Home,43,Passatger,Desconegut                                                                                                                                            ,Unknown,Unknown,Ferit lleu: Hospitalització fins a 24h,430563.02 ,4583529.38,2.168222651,41.398458478
2023S001387    ,6,Gràcia,32,el Camp d'en Grassot i Gràcia Nova,321605,Pau Alsina,0048 0048,Thursday,2023,3,March,9,Afternoon,15,No és causa del  vianant,Motorcycle,Home,38,Driver,Desconegut                                                                                                                                            ,Unknown,Es desconeix,Ferit lleu: Hospitalització fins a 24h,430233.88 ,4584619.51,2.164159938,41.408248402
2023S001388    ,9,Sant Andreu,59,el Bon Pastor,701265,Litoral (Besòs),000120000,Dilluns,2023,2,February,20,Afternoon,15,No és causa del  vianant,Bicicleta,Home,43,Driver,Desconegut                                                                                                                                            ,Unknown,Es desconeix,Ferit lleu: Rebutja assistència sanitària,433767.83 ,4588493.8 ,2.206013173,41.443442174
2023S001389    ,10,Sant Martí,64,el Camp de l'Arpa del Clot,161101,Independència,0267 0267,Thursday,2023,3,March,9,Afternoon,15,No és causa del  vianant,Car,Dona,33,Pedestrian,En pas regulat per semàfor                                                                                                                            ,Unknown,Unknown,Ferit lleu: Hospitalització fins a 24h,431934.16 ,4584454.66,2.184519459,41.406909506
2023S001390    ,5,Sarrià-Sant Gervasi,26,Sant Gervasi - Galvany,32700,Balmes,0317 0317,Thursday,2023,3,March,9,Afternoon,18,No és causa del  vianant,Furgoneta,Dona,86,Pedestrian,Altres                                                                                                                                                ,Unknown,Unknown,Ferit lleu: Hospitalització fins a 24h,428585.03 ,4584020.96,2.144505048,41.402712615
2023S001391    ,8,Nou Barris,44,Vilapicina i la Torre Llobeta,258509,Pitàgores,0009 0009,Thursday,2023,3,March,9,Afternoon,16,No és causa del  vianant,Car,Dona,33,Pedestrian,En pas sense regular                                                                                                                                  ,Unknown,Unknown,Ferit lleu: Hospitalització fins a 24h,430364.02 ,4586837.25,2.165461369,41.42823408
2023S001392    ,2,Eixample,10,Sant Antoni,114000,Espanya,0001 0001,Thursday,2023,3,March,9,Afternoon,19,Desobeir el senyal del semàfor,Motorcycle,Home,27,Driver,Desconegut                                                                                                                                            ,Unknown,Es desconeix,Ferit lleu: Hospitalització fins a 24h,428974.33 ,4580977.98,2.149518925,41.37534007
2023S001393    ,2,Eixample,6,la Sagrada Família,350308,València,0501 0501,Thursday,2023,3,March,9,Afternoon,18,No és causa del  vianant,Car,Dona,4,Pedestrian,En pas regulat per semàfor                                                                                                                            ,Altres activitats,Unknown,Ferit lleu: Hospitalització fins a 24h,431555.53 ,4584270.88,2.180010678,41.405222088
2023S001394    ,2,Eixample,7,la Dreta de l'Eixample,100800,Diputació,0232 0232,Thursday,2023,3,March,9,Afternoon,19,No és causa del  vianant,Motorcycle,Home,21,Driver,Desconegut                                                                                                                                            ,Unknown,Altres activitats,Ferit lleu: Amb assistència sanitària en lloc d'accident,430208.68 ,4582391.9 ,2.16411538,41.38818287
2023S001395    ,2,Eixample,7,la Dreta de l'Eixample,18505,Aragó,0225 0225,Thursday,2023,3,March,9,Night,22,No és causa del  vianant,Motorcycle,Home,32,Driver,Desconegut                                                                                                                                            ,Unknown,Es desconeix,Ferit lleu: Hospitalització fins a 24h,430022.75 ,4582583.06,2.16186964,41.389888424
2023S001396    ,5,Sarrià-Sant Gervasi,26,Sant Gervasi - Galvany,32700,Balmes,0341 0341,Thursday,2023,3,March,9,Night,23,No és causa del  vianant,Motorcycle,Home,45,Driver,Desconegut                                                                                                                                            ,Unknown,In itínere,Ferit lleu: Hospitalització fins a 24h,428441.83 ,4584080.3 ,2.142785045,41.403234328
2023S001398    ,5,Sarrià-Sant Gervasi,26,Sant Gervasi - Galvany,143904,General Mitre,0084 0084,Friday,2023,3,March,10,Morning,8,No és causa del  vianant,Motorcycle,Home,54,Driver,Desconegut                                                                                                                                            ,Unknown,In itínere,Ferit lleu: Hospitalització fins a 24h,427714.85 ,4583654.89,2.134139547,41.399337763
2023S001399    ,2,Eixample,6,la Sagrada Família,178308,Lepant,0314 0314,Friday,2023,3,March,10,Morning,8,No és causa del  vianant,Bicicleta,Dona,39,Driver,Desconegut                                                                                                                                            ,Unknown,Es desconeix,Ferit lleu: Hospitalització fins a 24h,431089.06 ,4584377.39,2.174418284,41.406141516
2023S001400    ,4,Les Corts,19,les Corts,320704,Sarrià,0026 0026,Friday,2023,3,March,10,Morning,10,No és causa del  vianant,Car,Dona,79,Driver,Desconegut                                                                                                                                            ,Unknown,En missió,Ferit lleu: Hospitalització fins a 24h,428437.93 ,4582692.26,2.142902528,41.390732431
2023S001400    ,4,Les Corts,19,les Corts,320704,Sarrià,0026 0026,Friday,2023,3,March,10,Morning,10,No és causa del  vianant,Furgoneta,Home,34,Driver,Desconegut                                                                                                                                            ,Unknown,Transport professional de mercaderies,Ferit lleu: Hospitalització fins a 24h,428437.93 ,4582692.26,2.142902528,41.390732431
2023S001401    ,7,Horta-Guinardó,35,el Guinardó,365702,Mare de Déu de Montserrat,0272 0272,Friday,2023,3,March,10,Morning,10,No és causa del  vianant,Motorcycle,Home,39,Driver,Desconegut                                                                                                                                            ,Unknown,Es desconeix,Ferit lleu: Hospitalització fins a 24h,431229.64 ,4586341.65,2.175876609,41.423845002
2023S001402    ,5,Sarrià-Sant Gervasi,25,Sant Gervasi - la Bonanova,701267,Dalt (Besòs),000930000,Friday,2023,3,March,10,Morning,11,No és causa del  vianant,Motorcycle,Dona,58,Driver,Desconegut                                                                                                                                            ,Unknown,Es desconeix,Ferit lleu: Hospitalització fins a 24h,427869.96 ,4585406.47,2.135786027,41.415127459
2023S001404    ,2,Eixample,5,el Fort Pienc,169409,Corts Catalanes,0731 0731,Friday,2023,3,March,10,Afternoon,14,No és causa del  vianant,Motorcycle,Home,39,Driver,Desconegut                                                                                                                                            ,Unknown,Es desconeix,Ferit lleu: Hospitalització fins a 24h,431553.84 ,4583500.42,2.180077624,41.398282643
2023S001405    ,4,Les Corts,21,Pedralbes,244300,Pius XII,9998 9998,Friday,2023,3,March,10,Morning,13,No és causa del  vianant,Motorcycle,Home,52,Driver,Desconegut                                                                                                                                            ,Unknown,En missió,Ferit lleu: Hospitalització fins a 24h,426793.07 ,4582325.32,2.12327447,41.387279445
2023S001406    ,4,Les Corts,20,la Maternitat i Sant Ramon,144601,Diagonal,0689 0701,Friday,2023,3,March,10,Morning,13,No és causa del  vianant,Car,Dona,22,Pedestrian,Desconegut                                                                                                                                            ,Unknown,Unknown,Ferit lleu: Hospitalització fins a 24h,425818.02 ,4582082.48,2.111643341,41.385002917
2023S001407    ,5,Sarrià-Sant Gervasi,27,el Putxet i el Farró,143904,General Mitre,0184 0186,Friday,2023,3,March,10,Afternoon,15,No és causa del  vianant,Motorcycle,Home,42,Driver,Desconegut                                                                                                                                            ,Unknown,Es desconeix,Ferit lleu: Hospitalització fins a 24h,428457.94 ,4584276.82,2.142954517,41.405005741
2023S001409    ,2,Eixample,7,la Dreta de l'Eixample,169409,Corts Catalanes,0601 0601,Friday,2023,3,March,10,Afternoon,16,No és causa del  vianant,Bus,Dona,31,Passatger,En pas regulat per semàfor                                                                                                                            ,Unknown,Unknown,Ferit lleu: Hospitalització fins a 24h,430452.15 ,4582422.95,2.167023614,41.388483628
2023S001409    ,2,Eixample,7,la Dreta de l'Eixample,169409,Corts Catalanes,0601 0601,Friday,2023,3,March,10,Afternoon,16,No és causa del  vianant,Bus,Dona,33,Passatger,En pas regulat per semàfor                                                                                                                            ,Unknown,Unknown,Ferit lleu: Hospitalització fins a 24h,430452.15 ,4582422.95,2.167023614,41.388483628
2023S001409    ,2,Eixample,7,la Dreta de l'Eixample,169409,Corts Catalanes,0601 0601,Friday,2023,3,March,10,Afternoon,16,No és causa del  vianant,Bus,Dona,44,Passatger,En pas regulat per semàfor                                                                                                                            ,Unknown,Unknown,Ferit lleu: Hospitalització fins a 24h,430452.15 ,4582422.95,2.167023614,41.388483628
2023S001410    ,10,Sant Martí,67,la Vila Olímpica del Poblenou,700884,Voluntaris Olímpics,9999 9999,Friday,2023,3,March,10,Afternoon,16,No és causa del  vianant,Motorcycle,Home,44,Driver,Desconegut                                                                                                                                            ,Unknown,Es desconeix,Ferit lleu: Hospitalització fins a 24h,432786.88 ,4582237.77,2.194966859,41.387014349
2023S001411    ,4,Les Corts,19,les Corts,231502,Numància,0110 0110,Friday,2023,3,March,10,Afternoon,18,Transitar a peu per la calçada,Bicicleta,Home,40,Pedestrian,Fora del pas                                                                                                                                          ,Oci i entreteniment,Unknown,Ferit lleu: Rebutja assistència sanitària,427873.03 ,4582129.02,2.136213439,41.385609057
2023S001411    ,4,Les Corts,19,les Corts,231502,Numància,0110 0110,Friday,2023,3,March,10,Afternoon,18,Transitar a peu per la calçada,Bicicleta,Home,51,Driver,Fora del pas                                                                                                                                          ,Unknown,Oci i entreteniment,Ferit lleu: Hospitalització fins a 24h,427873.03 ,4582129.02,2.136213439,41.385609057
2023S001412    ,2,Eixample,6,la Sagrada Família,144601,Diagonal,0332 0332,Friday,2023,3,March,10,Afternoon,14,No és causa del  vianant,Veh. mobilitat personal amb motor,Dona,54,Driver,Desconegut                                                                                                                                            ,Unknown,Oci i entreteniment,Ferit lleu: Hospitalització fins a 24h,431167.04 ,4583702.85,2.175427899,41.400072831
2023S001414    ,2,Eixample,8,l'Antiga Esquerra de l'Eixample,32700,Balmes,0121 0121,Friday,2023,3,March,10,Afternoon,17,No és causa del  vianant,Bicicleta,Dona,27,Driver,Desconegut                                                                                                                                            ,Unknown,Altres activitats,Ferit greu: hospitalització superior a 24h,429713.19 ,4582884.26,2.158132367,41.392574226
2023S001415    ,5,Sarrià-Sant Gervasi,24,les Tres Torres,236007,Orient,0005 0005,Friday,2023,3,March,10,Afternoon,20,No és causa del  vianant,Motorcycle,Dona,39,Passatger,Desconegut                                                                                                                                            ,Unknown,Unknown,Ferit lleu: Hospitalització fins a 24h,427200.37 ,4583487.59,2.128005711,41.397784521
2023S001415    ,5,Sarrià-Sant Gervasi,24,les Tres Torres,236007,Orient,0005 0005,Friday,2023,3,March,10,Afternoon,20,No és causa del  vianant,Motorcycle,Home,37,Driver,Desconegut                                                                                                                                            ,Unknown,Es desconeix,Ferit greu: hospitalització superior a 24h,427200.37 ,4583487.59,2.128005711,41.397784521
2023S001416    ,2,Eixample,5,el Fort Pienc,197302,Marina,0178 0178,Friday,2023,3,March,10,Afternoon,19,No és causa del  vianant,Veh. mobilitat personal amb motor,Home,33,Driver,Desconegut                                                                                                                                            ,Unknown,Es desconeix,Ferit lleu: Hospitalització fins a 24h,431648.43 ,4583591.24,2.181198802,41.399108683
2023S001417    ,5,Sarrià-Sant Gervasi,24,les Tres Torres,320704,Sarrià,0138 0140,Friday,2023,3,March,10,Afternoon,17,No és causa del  vianant,Motorcycle,Home,46,Driver,Desconegut                                                                                                                                            ,Unknown,Es desconeix,Ferit greu: hospitalització superior a 24h,427490.82 ,4582894.09,2.131550955,41.392465363
2023S001418    ,7,Horta-Guinardó,43,Horta,700651,Estatut de Catalunya,0072 0078,Friday,2023,3,March,10,Afternoon,16,No és causa del  vianant,Motorcycle,Home,27,Driver,Desconegut                                                                                                                                            ,Unknown,Es desconeix,Ferit lleu: Amb assistència sanitària en lloc d'accident,429359.09 ,4587764.57,2.153327026,41.436498274
2023S001419    ,-1,Unknown,-1,Unknown,-1,Unknown,Unknown,Friday,2023,3,March,10,Afternoon,16,No és causa del  vianant,Bicicleta,Dona,2,Pedestrian,A la vorera / Andana                                                                                                                                  ,Altres activitats,Unknown,Ferit lleu: Hospitalització fins a 24h,432441.12 ,4580997.51,2.190970111,41.37581465
2023S001420    ,2,Eixample,6,la Sagrada Família,238400,Padilla,0296B0296B,Saturday,2023,3,March,11,Night,0,No és causa del  vianant,Car,Dona,14,Passatger,Desconegut                                                                                                                                            ,Unknown,Unknown,Ferit lleu: Amb assistència sanitària en lloc d'accident,431087.38 ,4584563.89,2.174376938,41.407821118
2023S001420    ,2,Eixample,6,la Sagrada Família,238400,Padilla,0296B0296B,Saturday,2023,3,March,11,Night,0,No és causa del  vianant,Furgoneta,Home,34,Driver,Desconegut                                                                                                                                            ,Unknown,Oci i entreteniment,Ferit lleu: Amb assistència sanitària en lloc d'accident,431087.38 ,4584563.89,2.174376938,41.407821118
2023S001421    ,2,Eixample,7,la Dreta de l'Eixample,335100,Tetuan,0014 0014,Saturday,2023,3,March,11,Night,1,No és causa del  vianant,Motorcycle,Home,52,Driver,Desconegut                                                                                                                                            ,Unknown,Es desconeix,Ferit lleu: Hospitalització fins a 24h,431096.96 ,4583105.03,2.174657685,41.394682444
2023S001423    ,9,Sant Andreu,63,Navas,209900,Meridiana,0248 0248,Saturday,2023,3,March,11,Night,5,No és causa del  vianant,Ciclomotor,Home,21,Driver,Desconegut                                                                                                                                            ,Unknown,Es desconeix,Ferit lleu: Hospitalització fins a 24h,432144.91 ,4585599.05,2.186912263,41.417234509
2023S001426    ,4,Les Corts,21,Pedralbes,101700,Doctor Ferran,0022 0022,Saturday,2023,3,March,11,Morning,11,Transitar a peu per la calçada,Car,Dona,53,Pedestrian,Fora del pas                                                                                                                                          ,Oci i entreteniment,Unknown,Ferit lleu: Hospitalització fins a 24h,426888.27 ,4582665.64,2.124371898,41.39035323
2023S001428    ,2,Eixample,6,la Sagrada Família,191204,Mallorca,0419B0419B,Saturday,2023,3,March,11,Morning,12,No és causa del  vianant,Motorcycle,Home,28,Driver,Desconegut                                                                                                                                            ,Unknown,Es desconeix,Ferit lleu: Hospitalització fins a 24h,431277.27 ,4584186.43,2.176691518,41.404437721
2023S001429    ,2,Eixample,9,la Nova Esquerra de l'Eixample,169409,Corts Catalanes,0421 0421,Saturday,2023,3,March,11,Morning,13,No és causa del  vianant,Motorcycle,Home,26,Driver,Desconegut                                                                                                                                            ,Unknown,Es desconeix,Ferit lleu: Hospitalització fins a 24h,429223.68 ,4581256.55,2.152467904,41.37787104