Case_Number,District_Code,District_Name,Neighborhood_Code,Neighborhood_Name,Street_Code,Street_Name,Postal_Code,Day_of_Week,Year,Month_Code,Month_Name,Day_of_Month,Shift_Description,Hour_of_Day,Pedestrian_Cause_Description,Involved_Vehicle_Type,Gender_Description,Age,Person_Type_Description,Pedestrian_Accident_Location_Description,Pedestrian_Movement_Reason_Description,Driver_Movement_Reason_Description,Victimization_Description,UTM_X_Coordinate,UTM_Y_Coordinate,Longitude,Latitude
2023S001509    ,5,Sarrià-Sant Gervasi,25,Sant Gervasi - la Bonanova,701268,Dalt (Llobregat),000800000,Thursday,2023,3,March,16,Morning,9,No és causa del  vianant,Furgoneta,Home,42,Driver,Desconegut                                                                                                                                            ,Unknown,In itínere,Ferit lleu: Hospitalització fins a 24h,426396.34 ,4584242.92,2.118296657,41.40451421
2023S001510    ,10,Sant Martí,67,la Vila Olímpica del Poblenou,197302,Marina,0020 0020,Thursday,2023,3,March,16,Morning,10,No és causa del  vianant,Motorcycle,Home,29,Driver,Desconegut                                                                                                                                            ,Unknown,Es desconeix,Ferit lleu: Hospitalització fins a 24h,432751.35 ,4582465.56,2.194516637,41.389063026
2023S001512    ,1,Ciutat Vella,1,el Raval,282106,Riera Alta,0041 0041,Thursday,2023,3,March,16,Morning,11,No és causa del  vianant,Veh. mobilitat personal amb motor,Dona,33,Driver,Desconegut                                                                                                                                            ,Unknown,Oci i entreteniment,Ferit lleu: Hospitalització fins a 24h,430279.57 ,4581536.36,2.165061697,41.380483436
2023S001513    ,2,Eixample,8,l'Antiga Esquerra de l'Eixample,169409,Corts Catalanes,0535 0537,Thursday,2023,3,March,16,Morning,11,No és causa del  vianant,Car,Dona,69,Passatger,Desconegut                                                                                                                                            ,Unknown,Unknown,Ferit lleu: Hospitalització fins a 24h,429790.86 ,4581812.21,2.159185646,41.38292541
2023S001515    ,1,Ciutat Vella,1,el Raval,296600,Sant Antoni Abat,0013 0013,Thursday,2023,3,March,16,Afternoon,16,No és causa del  vianant,Furgoneta,Dona,3,Pedestrian,A la vorera / Andana                                                                                                                                  ,Unknown,Unknown,Ferit lleu: Hospitalització fins a 24h,430308.21 ,4581410.08,2.16541871,41.379348553
2023S001516    ,2,Eixample,7,la Dreta de l'Eixample,268003,Provença,0274 0274,Thursday,2023,3,March,16,Morning,11,Desobeir el senyal del semàfor,Veh. mobilitat personal amb motor,Dona,45,Driver,Desconegut                                                                                                                                            ,Unknown,Es desconeix,Ferit lleu: Hospitalització fins a 24h,429910.69 ,4583022.27,2.16047856,41.393834481
2023S001517    ,7,Horta-Guinardó,43,Horta,159507,Eivissa,0022 0022,Thursday,2023,3,March,16,Afternoon,15,No és causa del  vianant,Motorcycle,Home,56,Driver,Desconegut                                                                                                                                            ,Unknown,Es desconeix,Ferit lleu: Hospitalització fins a 24h,430018.25 ,4587073.69,2.161296179,41.430333537
2023S001519    ,3,Sants-Montjuïc,15,Hostafrancs,331507,Tarragona,0131U0139U,Thursday,2023,3,March,16,Afternoon,15,No és causa del  vianant,Motorcycle,Home,26,Driver,Desconegut                                                                                                                                            ,Unknown,Es desconeix,Ferit lleu: Hospitalització fins a 24h,428675.41 ,4581275.47,2.14590966,41.377993009
2023S001520    ,1,Ciutat Vella,3,la Barceloneta,701265,Litoral (Besòs),000980000,Thursday,2023,3,March,16,Afternoon,18,Desobeir el senyal del semàfor,Car,Dona,34,Pedestrian,En zona peatonal                                                                                                                                      ,Oci i entreteniment,Unknown,Ferit lleu: Hospitalització fins a 24h,432177.35 ,4581332.41,2.187778614,41.378808812
2023S001521    ,2,Eixample,7,la Dreta de l'Eixample,305100,Sant Joan,0023 0023,Thursday,2023,3,March,16,Morning,13,No és causa del  vianant,Bicicleta,Dona,80,Pedestrian,En pas regulat per semàfor                                                                                                                            ,Altres activitats,Unknown,Ferit lleu: Hospitalització fins a 24h,431370    ,4582923.54,2.177944045,41.393071178
2023S001522    ,3,Sants-Montjuïc,15,Hostafrancs,108700,Elisi,0031U0031U,Thursday,2023,3,March,16,Afternoon,17,No és causa del  vianant,Motorcycle,Dona,56,Driver,Desconegut                                                                                                                                            ,Unknown,Altres activitats,Ferit lleu: Hospitalització fins a 24h,428585.98 ,4581366.46,2.144829559,41.378804588
2023S001523    ,4,Les Corts,19,les Corts,144601,Diagonal,0632 0632,Dimecres,2023,3,March,8,Afternoon,14,No és causa del  vianant,Veh. mobilitat personal amb motor,Home,17,Driver,Desconegut                                                                                                                                            ,Unknown,Oci i entreteniment,Ferit lleu: Hospitalització fins a 24h,427954.95 ,4582701.1 ,2.137125048,41.390768909
2023S001524    ,2,Eixample,9,la Nova Esquerra de l'Eixample,191204,Mallorca,0118 0118,Thursday,2023,3,March,16,Afternoon,21,No és causa del  vianant,Motorcycle,Home,24,Driver,Desconegut                                                                                                                                            ,Unknown,Oci i entreteniment,Ferit lleu: Hospitalització fins a 24h,429260.74 ,4582212.74,2.152799369,41.386486386
2023S001524    ,2,Eixample,9,la Nova Esquerra de l'Eixample,191204,Mallorca,0118 0118,Thursday,2023,3,March,16,Afternoon,21,No és causa del  vianant,Car,Dona,30,Driver,Desconegut                                                                                                                                            ,Unknown,Oci i entreteniment,Ferit lleu: Hospitalització fins a 24h,429260.74 ,4582212.74,2.152799369,41.386486386
2023S001525    ,5,Sarrià-Sant Gervasi,24,les Tres Torres,236007,Orient,0005 0005,Thursday,2023,3,March,16,Night,23,No és causa del  vianant,Motorcycle,Home,31,Driver,Desconegut                                                                                                                                            ,Unknown,In itínere,Ferit lleu: Amb assistència sanitària en lloc d'accident,427200.37 ,4583487.59,2.128005711,41.397784521
2023S001526    ,7,Horta-Guinardó,35,el Guinardó,194406,Maragall,0213 0213,Friday,2023,3,March,17,Night,2,No és causa del  vianant,Motorcycle,Dona,20,Passatger,Desconegut                                                                                                                                            ,Unknown,Unknown,Ferit lleu: Hospitalització fins a 24h,431284.48 ,4586466.4 ,2.176518648,41.424973277
2023S001526    ,7,Horta-Guinardó,35,el Guinardó,194406,Maragall,0213 0213,Friday,2023,3,March,17,Night,2,No és causa del  vianant,Motorcycle,Home,34,Passatger,Desconegut                                                                                                                                            ,Unknown,Unknown,Ferit lleu: Hospitalització fins a 24h,431284.48 ,4586466.4 ,2.176518648,41.424973277
2023S001526    ,7,Horta-Guinardó,35,el Guinardó,194406,Maragall,0213 0213,Friday,2023,3,March,17,Night,2,No és causa del  vianant,Motorcycle,Home,32,Driver,Desconegut                                                                                                                                            ,Unknown,Oci i entreteniment,Ferit lleu: Hospitalització fins a 24h,431284.48 ,4586466.4 ,2.176518648,41.424973277
2023S001527    ,8,Nou Barris,44,Vilapicina i la Torre Llobeta,119003,Fabra i Puig,0187 0187,Thursday,2023,3,March,16,Night,22,No és causa del  vianant,Veh. mobilitat personal amb motor,Home,30,Driver,Desconegut                                                                                                                                            ,Unknown,Es desconeix,Ferit lleu: Hospitalització fins a 24h,431360.13 ,4587054.3 ,2.177357118,41.430274759
2023S001528    ,1,Ciutat Vella,4,"Sant Pere, Santa Caterina i la Ribera",201400,Picasso,0016 0016,Friday,2023,3,March,17,Morning,8,No és causa del  vianant,Bicicleta,Home,31,Driver,Desconegut                                                                                                                                            ,Unknown,Es desconeix,Ferit lleu: Amb assistència sanitària en lloc d'accident,431805.99 ,4582306.49,2.183228228,41.387550687
2023S001528    ,1,Ciutat Vella,4,"Sant Pere, Santa Caterina i la Ribera",201400,Picasso,0016 0016,Friday,2023,3,March,17,Morning,8,No és causa del  vianant,Motorcycle,Dona,40,Driver,Desconegut                                                                                                                                            ,Unknown,In itínere,Ferit lleu: Amb assistència sanitària en lloc d'accident,431805.99 ,4582306.49,2.183228228,41.387550687
2023S001529    ,7,Horta-Guinardó,43,Horta,701080,Estatut,0001X0001X,Friday,2023,3,March,17,Morning,7,No és causa del  vianant,Motorcycle,Dona,29,Driver,Desconegut                                                                                                                                            ,Unknown,In itínere,Ferit lleu: Hospitalització fins a 24h,429578.3  ,4586995.75,2.156040252,41.429593088
2023S001530    ,3,Sants-Montjuïc,11,el Poble-sec,700025,Josep Carner,0048 0056,Friday,2023,3,March,17,Morning,10,No és causa del  vianant,Motorcycle,Home,24,Driver,Desconegut                                                                                                                                            ,Unknown,Es desconeix,Ferit lleu: Hospitalització fins a 24h,431068.13 ,4580535.56,2.174605329,41.371537487
2023S001531    ,3,Sants-Montjuïc,12,la Marina del Prat Vermell,701266,Litoral (Llobregat),001530000,Friday,2023,3,March,17,Morning,10,No és causa del  vianant,Car,Home,46,Driver,Desconegut                                                                                                                                            ,Unknown,Oci i entreteniment,Ferit lleu: Hospitalització fins a 24h,428249.07 ,4579028.48,2.141077652,41.357717206
2023S001532    ,7,Horta-Guinardó,33,el Baix Guinardó,297001,Sant Antoni Maria Claret,0163 0165,Friday,2023,3,March,17,Morning,12,No és causa del  vianant,Veh. mobilitat personal amb motor,Dona,34,Driver,Desconegut                                                                                                                                            ,Unknown,Es desconeix,Ferit lleu: Amb assistència sanitària en lloc d'accident,431087.05 ,4584936.71,2.174330508,41.411178957
2023S001533    ,5,Sarrià-Sant Gervasi,25,Sant Gervasi - la Bonanova,200305,Marquesa de Vilallonga,0009 0009,Friday,2023,3,March,17,Morning,10,No és causa del  vianant,Motorcycle,Home,51,Driver,Desconegut                                                                                                                                            ,Unknown,In itínere,Ferit lleu: Amb assistència sanitària en lloc d'accident,427166.23 ,4584303.42,2.127499147,41.405129263
2023S001534    ,8,Nou Barris,44,Vilapicina i la Torre Llobeta,194406,Maragall,0312 0312,Friday,2023,3,March,17,Morning,11,No és causa del  vianant,Motorcycle,Home,45,Driver,Desconegut                                                                                                                                            ,Unknown,In itínere,Ferit lleu: Hospitalització fins a 24h,430643.76 ,4586736.33,2.168820585,41.427349346
2023S001535    ,9,Sant Andreu,60,Sant Andreu,103706,Doctor Santponç,0055 0055,Friday,2023,3,March,17,Morning,11,No és causa del  vianant,Car,Dona,76,Passatger,Desconegut                                                                                                                                            ,Unknown,Unknown,Ferit lleu: Amb assistència sanitària en lloc d'accident,432544.56 ,4587196.86,2.191515718,41.431659155
2023S001536    ,7,Horta-Guinardó,41,la Vall d'Hebron,701268,Dalt (Llobregat),001100000,Friday,2023,3,March,17,Morning,9,No és causa del  vianant,Autobús articulat,Dona,79,Passatger,Desconegut                                                                                                                                            ,Unknown,Unknown,Ferit lleu: Hospitalització fins a 24h,428602.27 ,4586836.15,2.144378835,41.428069426
2023S001537    ,2,Eixample,8,l'Antiga Esquerra de l'Eixample,32700,Balmes,0167B0167B,Friday,2023,3,March,17,Morning,11,No és causa del  vianant,Motorcycle,Dona,27,Driver,Desconegut                                                                                                                                            ,Unknown,Es desconeix,Ferit lleu: Rebutja assistència sanitària,429430.09 ,4583191.25,2.154710596,41.395314373
2023S001538    ,3,Sants-Montjuïc,13,la Marina de Port,135203,Foc,0101 0139,Friday,2023,3,March,17,Morning,7,No és causa del  vianant,Veh. mobilitat personal amb motor,Home,57,Driver,Desconegut                                                                                                                                            ,Unknown,Es desconeix,Ferit lleu: Hospitalització fins a 24h,428989.33 ,4579247.93,2.149900984,41.359759382
2023S001539    ,1,Ciutat Vella,2,el Barri Gòtic,82901,Colom,0001 0001,Friday,2023,3,March,17,Morning,8,No és causa del  vianant,Motorcycle,Dona,56,Driver,Desconegut                                                                                                                                            ,Unknown,In itínere,Ferit lleu: Hospitalització fins a 24h,431645.93 ,4581570.38,2.181397078,41.380907151
2023S001539    ,1,Ciutat Vella,2,el Barri Gòtic,82901,Colom,0001 0001,Friday,2023,3,March,17,Morning,8,No és causa del  vianant,Bicicleta,Dona,51,Driver,Desconegut                                                                                                                                            ,Unknown,Oci i entreteniment,Ferit lleu: Amb assistència sanitària en lloc d'accident,431645.93 ,4581570.38,2.181397078,41.380907151
2023S001540    ,9,Sant Andreu,58,Baró de Viver,314100,Santa Coloma,0114X0114X,Friday,2023,3,March,17,Morning,12,No és causa del  vianant,Motorcycle,Dona,23,Driver,Desconegut                                                                                                                                            ,Unknown,Es desconeix,Ferit lleu: Hospitalització fins a 24h,432968.51 ,4589200.56,2.196366967,41.449741345
2023S001541    ,3,Sants-Montjuïc,11,el Poble-sec,108007,Elkano,0034B0034B,Friday,2023,3,March,17,Morning,12,No és causa del  vianant,Car,Dona,70,Pedestrian,En pas sense regular                                                                                                                                  ,Unknown,Unknown,Ferit lleu: Hospitalització fins a 24h,430128.96 ,4580715.14,2.163355397,41.373073882
2023S001542    ,2,Eixample,7,la Dreta de l'Eixample,148307,Gràcia,0034S0034S,Thursday,2023,3,March,16,Morning,10,No és causa del  vianant,Veh. mobilitat personal amb motor,Home,23,Driver,Desconegut                                                                                                                                            ,Unknown,Oci i entreteniment,Ferit lleu: Hospitalització fins a 24h,430456.33 ,4582637.21,2.167048993,41.390413762
2023S001543    ,2,Eixample,8,l'Antiga Esquerra de l'Eixample,169409,Corts Catalanes,0541 0541,Friday,2023,3,March,17,Afternoon,16,No és causa del  vianant,Motorcycle,Home,65,Driver,Desconegut                                                                                                                                            ,Unknown,Es desconeix,Ferit greu: hospitalització superior a 24h,429830.06 ,4581854.64,2.159649507,41.383310985
2023S001543    ,2,Eixample,8,l'Antiga Esquerra de l'Eixample,169409,Corts Catalanes,0541 0541,Friday,2023,3,March,17,Afternoon,16,No és causa del  vianant,Motorcycle,Home,31,Driver,Desconegut                                                                                                                                            ,Unknown,Oci i entreteniment,Ferit lleu: Hospitalització fins a 24h,429830.06 ,4581854.64,2.159649507,41.383310985
2023S001545    ,9,Sant Andreu,59,el Bon Pastor,179504,Lima,0003 0003,Thursday,2023,3,March,16,Morning,13,No és causa del  vianant,Motorcycle,Home,34,Driver,Desconegut                                                                                                                                            ,Unknown,In itínere,Ferit lleu: Hospitalització fins a 24h,433371.15 ,4588051.99,2.201313731,41.439430088
2023S001546    ,8,Nou Barris,52,la Prosperitat,351901,Valldaura,0271 0271,Friday,2023,3,March,17,Afternoon,18,No és causa del  vianant,Furgoneta,Dona,76,Pedestrian,En pas regulat per semàfor                                                                                                                            ,Unknown,Unknown,Ferit lleu: Hospitalització fins a 24h,431871.63 ,4588069.37,2.183363927,41.439460718
2023S001546    ,8,Nou Barris,52,la Prosperitat,351901,Valldaura,0271 0271,Friday,2023,3,March,17,Afternoon,18,No és causa del  vianant,Furgoneta,Home,80,Pedestrian,En pas regulat per semàfor                                                                                                                            ,Unknown,Unknown,Ferit lleu: Hospitalització fins a 24h,431871.63 ,4588069.37,2.183363927,41.439460718
2023S001547    ,8,Nou Barris,53,la Trinitat Nova,701267,Dalt (Besòs),001500000,Friday,2023,3,March,17,Afternoon,14,No és causa del  vianant,Motorcycle,Dona,26,Driver,Desconegut                                                                                                                                            ,Unknown,Es desconeix,Ferit lleu: Amb assistència sanitària en lloc d'accident,431724.23 ,4588823.72,2.181514384,41.446242348
2023S001547    ,8,Nou Barris,53,la Trinitat Nova,701267,Dalt (Besòs),001500000,Friday,2023,3,March,17,Afternoon,14,No és causa del  vianant,Motorcycle,Home,23,Driver,Desconegut                                                                                                                                            ,Unknown,Es desconeix,Ferit lleu: Hospitalització fins a 24h,431724.23 ,4588823.72,2.181514384,41.446242348
2023S001548    ,4,Les Corts,20,la Maternitat i Sant Ramon,144601,Diagonal,0645 0645,Friday,2023,3,March,17,Afternoon,20,No és causa del  vianant,Motorcycle,Home,21,Driver,Desconegut                                                                                                                                            ,Unknown,Es desconeix,Ferit lleu: Hospitalització fins a 24h,426268.3  ,4582116.22,2.117024063,41.385348216
2023S001550    ,2,Eixample,7,la Dreta de l'Eixample,144601,Diagonal,0371 0371,Friday,2023,3,March,17,Afternoon,18,No és causa del  vianant,Motorcycle,Home,43,Driver,Desconegut                                                                                                                                            ,Unknown,In itínere,Ferit lleu: Rebutja assistència sanitària,429996.53 ,4583374.37,2.161464532,41.397013209
2023S001551    ,1,Ciutat Vella,3,la Barceloneta,701266,Litoral (Llobregat),000920000,Friday,2023,3,March,17,Afternoon,17,No és causa del  vianant,Motorcycle,Home,44,Driver,Desconegut                                                                                                                                            ,Unknown,Oci i entreteniment,Ferit lleu: Hospitalització fins a 24h,432275.46 ,4581857.73,2.188893064,41.383548507
2023S001552    ,10,Sant Martí,65,el Clot,18505,Aragó,0651 0653,Friday,2023,3,March,17,Afternoon,15,No és causa del  vianant,Motorcycle,Dona,29,Driver,Desconegut                                                                                                                                            ,Unknown,Es desconeix,Ferit lleu: Hospitalització fins a 24h,432504.38 ,4585011.18,2.191278943,41.41197003
2023S001553    ,10,Sant Martí,64,el Camp de l'Arpa del Clot,90502,Còrsega,0671 0671,Friday,2023,3,March,17,Afternoon,18,No és causa del  vianant,Motorcycle,Home,33,Driver,En pas regulat per semàfor                                                                                                                            ,Unknown,Altres activitats,Ferit lleu: Amb assistència sanitària en lloc d'accident,431466.56 ,4584937.05,2.178870867,41.411214488
2023S001553    ,10,Sant Martí,64,el Camp de l'Arpa del Clot,90502,Còrsega,0671 0671,Friday,2023,3,March,17,Afternoon,18,No és causa del  vianant,Motorcycle,Home,8,Pedestrian,En pas regulat per semàfor                                                                                                                            ,Altres activitats,Unknown,Ferit lleu: Amb assistència sanitària en lloc d'accident,431466.56 ,4584937.05,2.178870867,41.411214488
2023S001554    ,2,Eixample,7,la Dreta de l'Eixample,145003,Girona,0181 0181,Friday,2023,3,March,17,Afternoon,16,No és causa del  vianant,Veh. mobilitat personal amb motor,Dona,36,Driver,Desconegut                                                                                                                                            ,Unknown,Es desconeix,Ferit lleu: Hospitalització fins a 24h,430240.33 ,4583682.16,2.16434519,41.39980657
2023S001555    ,2,Eixample,6,la Sagrada Família,18505,Aragó,0475 0475,Friday,2023,3,March,17,Afternoon,21,No és causa del  vianant,Motorcycle,Dona,27,Driver,Desconegut                                                                                                                                            ,Unknown,Es desconeix,Ferit lleu: Amb assistència sanitària en lloc d'accident,431567.75 ,4584113.44,2.180174673,41.403805115
2023S001556    ,4,Les Corts,21,Pedralbes,144601,Diagonal,0680X0680X,Friday,2023,3,March,17,Afternoon,21,No és causa del  vianant,Motorcycle,Home,54,Driver,Desconegut                                                                                                                                            ,Unknown,Es desconeix,Ferit lleu: Hospitalització fins a 24h,426879.75 ,4582417.88,2.124299923,41.388120983
2023S001558    ,5,Sarrià-Sant Gervasi,26,Sant Gervasi - Galvany,344101,Gràcia,0091 0091,Saturday,2023,3,March,18,Morning,9,No és causa del  vianant,Motorcycle,Home,49,Driver,Desconegut                                                                                                                                            ,Unknown,Es desconeix,Ferit lleu: Amb assistència sanitària en lloc d'accident,429197.14 ,4583444.59,2.151894676,41.397575629
2023S001559    ,10,Sant Martí,64,el Camp de l'Arpa del Clot,368507,Xifré,0031 0033,Saturday,2023,3,March,18,Morning,10,No és causa del  vianant,Ciclomotor,Dona,26,Passatger,Desconegut                                                                                                                                            ,Unknown,Unknown,Ferit lleu: Hospitalització fins a 24h,431795.29 ,4584723.7 ,2.182827808,41.40932089
2023S001560    ,4,Les Corts,21,Pedralbes,115400,Esplugues,0029 0033,Saturday,2023,3,March,18,Morning,12,No és causa del  vianant,Motorcycle,Dona,39,Driver,Desconegut                                                                                                                                            ,Unknown,Es desconeix,Ferit lleu: Hospitalització fins a 24h,425229.83 ,4582089.59,2.104608405,41.385012472
2023S001561    ,2,Eixample,10,Sant Antoni,169409,Corts Catalanes,0578 0578,Saturday,2023,3,March,18,Morning,13,No és causa del  vianant,Taxi,Home,59,Pedestrian,En pas regulat per semàfor                                                                                                                            ,Unknown,Unknown,Ferit lleu: Hospitalització fins a 24h,430025.03 ,4582004.98,2.161963719,41.384682041
2023S001562    ,10,Sant Martí,67,la Vila Olímpica del Poblenou,701265,Litoral (Besòs),000810000,Saturday,2023,3,March,18,Morning,13,No és causa del  vianant,Motorcycle,Home,44,Driver,Desconegut                                                                                                                                            ,Unknown,Es desconeix,Ferit lleu: Amb assistència sanitària en lloc d'accident,433420.34 ,4582846.47,2.202475763,41.392549479
2023S001563    ,2,Eixample,9,la Nova Esquerra de l'Eixample,287201,Roma,0030 0030,Saturday,2023,3,March,18,Morning,10,No és causa del  vianant,Ciclomotor,Home,18,Driver,Desconegut                                                                                                                                            ,Unknown,Es desconeix,Ferit lleu: Hospitalització fins a 24h,428666.7  ,4581674.2 ,2.14575855,41.38158346
2023S001565    ,10,Sant Martí,69,Diagonal Mar i el Front Marítim del Poblenou,700892,Garcia Fària,0014S0014S,Saturday,2023,3,March,18,Morning,13,No és causa del  vianant,Car,Home,22,Passatger,Desconegut                                                                                                                                            ,Unknown,Unknown,Ferit lleu: Amb assistència sanitària en lloc d'accident,434371.96 ,4583978.79,2.213734829,41.402826298
2023S001565    ,10,Sant Martí,69,Diagonal Mar i el Front Marítim del Poblenou,700892,Garcia Fària,0014S0014S,Saturday,2023,3,March,18,Morning,13,No és causa del  vianant,Car,Dona,28,Driver,Desconegut                                                                                                                                            ,Unknown,Es desconeix,Ferit lleu: Hospitalització fins a 24h,434371.96 ,4583978.79,2.213734829,41.402826298
2023S001566    ,9,Sant Andreu,60,Sant Andreu,296202,Gran de Sant Andreu,0087 0087,Saturday,2023,3,March,18,Afternoon,14,No és causa del  vianant,Bus,Dona,54,Passatger,Desconegut                                                                                                                                            ,Unknown,Unknown,Ferit lleu: Hospitalització fins a 24h,432394.7  ,4587024.47,2.18974154,41.430093887
2023S001567    ,2,Eixample,7,la Dreta de l'Eixample,169409,Corts Catalanes,0648 0648,Saturday,2023,3,March,18,Afternoon,18,No és causa del  vianant,Motorcycle,Home,17,Driver,Desconegut                                                                                                                                            ,Unknown,Es desconeix,Ferit lleu: Hospitalització fins a 24h,430694.58 ,4582659.98,2.169895858,41.390639421
2023S001567    ,2,Eixample,7,la Dreta de l'Eixample,169409,Corts Catalanes,0648 0648,Saturday,2023,3,March,18,Afternoon,18,No és causa del  vianant,Taxi,Home,62,Driver,Desconegut                                                                                                                                            ,Unknown,Es desconeix,Ferit lleu: Amb assistència sanitària en lloc d'accident,430694.58 ,4582659.98,2.169895858,41.390639421
2023S001569    ,9,Sant Andreu,59,el Bon Pastor,701266,Litoral (Llobregat),000110000,Saturday,2023,3,March,18,Afternoon,21,No és causa del  vianant,Car,Dona,29,Driver,Desconegut                                                                                                                                            ,Unknown,Oci i entreteniment,Ferit lleu: Amb assistència sanitària en lloc d'accident,433710.93 ,4588545.21,2.205326443,41.443900509
2023S001571    ,2,Eixample,6,la Sagrada Família,350308,València,0524 0526,Diumenge,2023,3,March,19,Night,3,No és causa del  vianant,Motorcycle,Home,29,Driver,Desconegut                                                                                                                                            ,Unknown,Oci i entreteniment,Ferit lleu: Hospitalització fins a 24h,431636.85 ,4584335.14,2.180976227,41.405807782
2023S001573    ,3,Sants-Montjuïc,16,la Bordeta,282252,Blanca,0223 0223,Diumenge,2023,3,March,19,Morning,6,No és causa del  vianant,Motorcycle,Dona,28,Driver,Desconegut                                                                                                                                            ,Unknown,In itínere,Ferit lleu: Amb assistència sanitària en lloc d'accident,427525.62 ,4579997.41,2.132313762,41.366379197
2023S001574    ,5,Sarrià-Sant Gervasi,24,les Tres Torres,16204,Àngel Guimerà,0031 0031,Diumenge,2023,3,March,19,Morning,8,No és causa del  vianant,Veh. mobilitat personal amb motor,Dona,55,Driver,Desconegut                                                                                                                                            ,Unknown,In itínere,Ferit lleu: Hospitalització fins a 24h,427553.4  ,4583352.71,2.132244534,41.396601612
2023S001578    ,6,Gràcia,28,Vallcarca i els Penitents,158107,Vallcarca,0223 0225,Diumenge,2023,3,March,19,Afternoon,18,No és causa del  vianant,Motorcycle,Home,54,Driver,Desconegut                                                                                                                                            ,Unknown,Es desconeix,Ferit lleu: Amb assistència sanitària en lloc d'accident,428293.92 ,4585771.93,2.140815128,41.418456967
2023S001579    ,2,Eixample,8,l'Antiga Esquerra de l'Eixample,55807,Francesc Macià,0010 0011,Diumenge,2023,3,March,19,Afternoon,19,No és causa del  vianant,Motorcycle,Home,34,Driver,Desconegut                                                                                                                                            ,Unknown,Oci i entreteniment,Ferit lleu: Hospitalització fins a 24h,428631.84 ,4582893.65,2.145197946,41.392563516
2023S001580    ,2,Eixample,7,la Dreta de l'Eixample,289105,Rosselló,0261 0261,Diumenge,2023,3,March,19,Afternoon,20,No és causa del  vianant,Motorcycle,Dona,34,Passatger,Desconegut                                                                                                                                            ,Unknown,Unknown,Ferit lleu: Hospitalització fins a 24h,429867.03 ,4583167.94,2.15993948,41.395142674
2023S001580    ,2,Eixample,7,la Dreta de l'Eixample,289105,Rosselló,0261 0261,Diumenge,2023,3,March,19,Afternoon,20,No és causa del  vianant,Motorcycle,Home,39,Driver,Desconegut                                                                                                                                            ,Unknown,Oci i entreteniment,Ferit lleu: Hospitalització fins a 24h,429867.03 ,4583167.94,2.15993948,41.395142674
2023S001581    ,10,Sant Martí,69,Diagonal Mar i el Front Marítim del Poblenou,700892,Garcia Fària,0037X0037X,Diumenge,2023,3,March,19,Afternoon,19,No és causa del  vianant,Car,Dona,47,Passatger,Desconegut                                                                                                                                            ,Unknown,Unknown,Ferit lleu: Amb assistència sanitària en lloc d'accident,434217.23 ,4583928.75,2.211889326,41.402362947
2023S001581    ,10,Sant Martí,69,Diagonal Mar i el Front Marítim del Poblenou,700892,Garcia Fària,0037X0037X,Diumenge,2023,3,March,19,Afternoon,19,No és causa del  vianant,Car,Home,49,Driver,Desconegut                                                                                                                                            ,Unknown,Oci i entreteniment,Ferit lleu: Amb assistència sanitària en lloc d'accident,434217.23 ,4583928.75,2.211889326,41.402362947
2023S001582    ,7,Horta-Guinardó,43,Horta,157308,Horta a Cerdanyola,001160000,Diumenge,2023,3,March,19,Afternoon,19,No és causa del  vianant,Bus,Dona,67,Passatger,Desconegut                                                                                                                                            ,Unknown,Unknown,Ferit lleu: Hospitalització fins a 24h,429359.09 ,4587764.57,2.153327026,41.436498274
2023S001583    ,1,Ciutat Vella,1,el Raval,68503,Carretes,0044 0044,Diumenge,2023,3,March,19,Night,22,No és causa del  vianant,Bicicleta,Dona,31,Driver,Desconegut                                                                                                                                            ,Unknown,Oci i entreteniment,Ferit lleu: Hospitalització fins a 24h,430463.95 ,4581204.46,2.167304649,41.377510076
2023S001584    ,2,Eixample,8,l'Antiga Esquerra de l'Eixample,169409,Corts Catalanes,0583 0583,Dilluns,2023,3,March,20,Night,3,No és causa del  vianant,Motorcycle,Home,34,Driver,Desconegut                                                                                                                                            ,Unknown,Es desconeix,Ferit lleu: Hospitalització fins a 24h,430121.36 ,4582099.83,2.163104777,41.385544703
2023S001585    ,5,Sarrià-Sant Gervasi,23,Sarrià,701267,Dalt (Besòs),000670000,Dilluns,2023,3,March,20,Morning,6,No és causa del  vianant,Car,Home,52,Driver,Desconegut                                                                                                                                            ,Unknown,In itínere,Ferit lleu: Rebutja assistència sanitària,425982.38 ,4583777.91,2.113401582,41.400288051
2023S001586    ,10,Sant Martí,71,Provençals del Poblenou,701414,C-31,020820000,Diumenge,2023,3,March,19,Afternoon,20,No és causa del  vianant,Car,Dona,47,Passatger,Desconegut                                                                                                                                            ,Unknown,Unknown,Ferit lleu: Amb assistència sanitària en lloc d'accident,433865.68 ,4585738.91,2.207486014,41.41863774
2023S001586    ,10,Sant Martí,71,Provençals del Poblenou,701414,C-31,020820000,Diumenge,2023,3,March,19,Afternoon,20,No és causa del  vianant,Car,Home,65,Driver,Desconegut                                                                                                                                            ,Unknown,Es desconeix,Ferit lleu: Amb assistència sanitària en lloc d'accident,433865.68 ,4585738.91,2.207486014,41.41863774
2023S001587    ,4,Les Corts,20,la Maternitat i Sant Ramon,343903,Corts,0082 0082,Diumenge,2023,3,March,19,Afternoon,21,Creuar per fora pas de vianants,Motorcycle,Home,21,Pedestrian,Fora del pas                                                                                                                                          ,Unknown,Unknown,Ferit lleu: Rebutja assistència sanitària,426863.59 ,4581468.65,2.124221297,41.379570181