Case_Number,District_Code,District_Name,Neighborhood_Code,Neighborhood_Name,Street_Code,Street_Name,Postal_Code,Day_of_Week,Year,Month_Code,Month_Name,Day_of_Month,Shift_Description,Hour_of_Day,Pedestrian_Cause_Description,Involved_Vehicle_Type,Gender_Description,Age,Person_Type_Description,Pedestrian_Accident_Location_Description,Pedestrian_Movement_Reason_Description,Driver_Movement_Reason_Description,Victimization_Description,UTM_X_Coordinate,UTM_Y_Coordinate,Longitude,Latitude
2023S001587    ,4,Les Corts,20,la Maternitat i Sant Ramon,343903,Corts,0082 0082,Diumenge,2023,3,March,19,Afternoon,21,Creuar per fora pas de vianants,Motorcycle,Dona,43,Driver,Fora del pas                                                                                                                                          ,Unknown,Oci i entreteniment,Ferit lleu: Hospitalització fins a 24h,426863.59 ,4581468.65,2.124221297,41.379570181
2023S001588    ,2,Eixample,9,la Nova Esquerra de l'Eixample,320704,Sarrià,0017 0017,Dilluns,2023,3,March,20,Morning,9,No és causa del  vianant,Motorcycle,Home,50,Driver,Desconegut                                                                                                                                            ,Unknown,Altres activitats,Ferit lleu: Hospitalització fins a 24h,428772.16 ,4582594   ,2.146911477,41.389877123
2023S001589    ,10,Sant Martí,69,Diagonal Mar i el Front Marítim del Poblenou,701266,Litoral (Llobregat),000650000,Dilluns,2023,3,March,13,Morning,8,No és causa del  vianant,Motorcycle,Dona,46,Driver,Desconegut                                                                                                                                            ,Unknown,In itínere,Ferit lleu: Hospitalització fins a 24h,434371.96 ,4583978.79,2.213734829,41.402826298
2023S001590    ,3,Sants-Montjuïc,17,Sants - Badal,701434,Mig (Descendent),000120000,Dilluns,2023,3,March,20,Morning,11,No és causa del  vianant,Motorcycle,Dona,39,Passatger,Desconegut                                                                                                                                            ,Unknown,Unknown,Ferit lleu: Hospitalització fins a 24h,427381.03 ,4581010.6 ,2.1304637,41.37549159
2023S001590    ,3,Sants-Montjuïc,17,Sants - Badal,701434,Mig (Descendent),000120000,Dilluns,2023,3,March,20,Morning,11,No és causa del  vianant,Motorcycle,Home,57,Driver,Desconegut                                                                                                                                            ,Unknown,Es desconeix,Ferit lleu: Hospitalització fins a 24h,427381.03 ,4581010.6 ,2.1304637,41.37549159
2023S001591    ,8,Nou Barris,48,la Guineueta,351901,Valldaura,0210 0212,Dilluns,2023,3,March,20,Morning,8,No és causa del  vianant,Motorcycle,Dona,48,Driver,Desconegut                                                                                                                                            ,Unknown,Es desconeix,Ferit lleu: Hospitalització fins a 24h,430960.45 ,4587988.16,2.172467274,41.438651417
2023S001592    ,2,Eixample,8,l'Antiga Esquerra de l'Eixample,169409,Corts Catalanes,0581 0581,Dilluns,2023,3,March,20,Morning,11,No és causa del  vianant,Motorcycle,Home,41,Driver,Desconegut                                                                                                                                            ,Unknown,In itínere,Ferit lleu: Amb assistència sanitària en lloc d'accident,430080.36 ,4582095.48,2.162614957,41.38550196
2023S001593    ,2,Eixample,6,la Sagrada Família,191204,Mallorca,0467 0467,Dilluns,2023,3,March,20,Morning,11,No és causa del  vianant,Motorcycle,Home,59,Driver,Desconegut                                                                                                                                            ,Unknown,Es desconeix,Ferit lleu: Hospitalització fins a 24h,431507.85 ,4584411.22,2.179424403,41.406482024
2023S001594    ,2,Eixample,7,la Dreta de l'Eixample,305100,Sant Joan,0129 0129,Dilluns,2023,3,March,20,Morning,7,Altres,Veh. mobilitat personal amb motor,Home,59,Pedestrian,En pas regulat per semàfor                                                                                                                            ,Unknown,Unknown,Ferit lleu: Amb assistència sanitària en lloc d'accident,430442.41 ,4583837.14,2.166744598,41.401219941
2023S001595    ,3,Sants-Montjuïc,14,la Font de la Guatlla,161305,Indíbil,0005B0005B,Dilluns,2023,3,March,20,Morning,11,No és causa del  vianant,Motorcycle,Home,37,Driver,Desconegut                                                                                                                                            ,Unknown,En missió,Ferit lleu: Amb assistència sanitària en lloc d'accident,428491.57 ,4580362.53,2.143819113,41.369754145
2023S001596    ,2,Eixample,8,l'Antiga Esquerra de l'Eixample,32700,Balmes,0119 0119,Dilluns,2023,3,March,20,Morning,13,No és causa del  vianant,Bus,Dona,68,Passatger,Desconegut                                                                                                                                            ,Unknown,Unknown,Ferit lleu: Hospitalització fins a 24h,429743.72 ,4582869.41,2.158499241,41.392443146
2023S001597    ,8,Nou Barris,46,el Turó de la Peira,59808,Canfranc,0009 0009,Dilluns,2023,3,March,20,Morning,9,No és causa del  vianant,Motorcycle,Home,45,Driver,Desconegut                                                                                                                                            ,Unknown,Oci i entreteniment,Ferit lleu: Hospitalització fins a 24h,430520.14 ,4587180.1 ,2.167290219,41.431335528
2023S001598    ,10,Sant Martí,65,el Clot,18505,Aragó,0594 0594,Dilluns,2023,3,March,20,Morning,13,No és causa del  vianant,Bicicleta,Home,26,Driver,Desconegut                                                                                                                                            ,Unknown,Es desconeix,Ferit lleu: Hospitalització fins a 24h,432184.11 ,4584725.86,2.187479223,41.409373262
2023S001599    ,10,Sant Martí,72,Sant Martí de Provençals,153205,Guipúscoa,0024 0028,Dilluns,2023,3,March,20,Afternoon,14,No és causa del  vianant,Bicicleta,Dona,42,Driver,Desconegut                                                                                                                                            ,Unknown,Oci i entreteniment,Ferit lleu: Hospitalització fins a 24h,432764.09 ,4585237.96,2.194360905,41.414034354
2023S001600    ,4,Les Corts,21,Pedralbes,113426,Escultor Ramir Rocamora,0001 0001,Dilluns,2023,3,March,20,Afternoon,17,Creuar per fora pas de vianants,Car,Home,5,Pedestrian,Fora del pas                                                                                                                                          ,Oci i entreteniment,Unknown,Ferit lleu: Hospitalització fins a 24h,425408.14 ,4583072.35,2.1066197,41.393880306
2023S001601    ,5,Sarrià-Sant Gervasi,27,el Putxet i el Farró,156407,Homer,0027 0027,Dilluns,2023,3,March,20,Afternoon,14,No és causa del  vianant,Motorcycle,Dona,61,Passatger,Desconegut                                                                                                                                            ,Unknown,Unknown,Ferit lleu: Hospitalització fins a 24h,428782.99 ,4584455.28,2.146821953,41.406641939
2023S001601    ,5,Sarrià-Sant Gervasi,27,el Putxet i el Farró,156407,Homer,0027 0027,Dilluns,2023,3,March,20,Afternoon,14,No és causa del  vianant,Motorcycle,Home,66,Driver,Desconegut                                                                                                                                            ,Unknown,Oci i entreteniment,Ferit greu: hospitalització superior a 24h,428782.99 ,4584455.28,2.146821953,41.406641939
2023S001602    ,2,Eixample,7,la Dreta de l'Eixample,247659,Pau Claris,0133 0133,Dilluns,2023,3,March,20,Afternoon,15,No és causa del  vianant,Motorcycle,Dona,53,Driver,Desconegut                                                                                                                                            ,Unknown,In itínere,Ferit lleu: Hospitalització fins a 24h,430403.06 ,4582955.17,2.166375326,41.393272917
2023S001603    ,2,Eixample,7,la Dreta de l'Eixample,169409,Corts Catalanes,9999 9999,Dilluns,2023,3,March,20,Afternoon,16,No és causa del  vianant,Bus,Dona,56,Passatger,Desconegut                                                                                                                                            ,Unknown,Unknown,Ferit lleu: Hospitalització fins a 24h,430557.69 ,4582525.42,2.168274082,41.389415667
2023S001604    ,7,Horta-Guinardó,43,Horta,701268,Dalt (Llobregat),001250000,Dilluns,2023,3,March,20,Afternoon,15,No és causa del  vianant,Motorcycle,Home,52,Driver,Desconegut                                                                                                                                            ,Unknown,Oci i entreteniment,Ferit lleu: Hospitalització fins a 24h,429398.22 ,4587988.75,2.153769143,41.438520813
2023S001607    ,10,Sant Martí,65,el Clot,18505,Aragó,0594 0594,Diumenge,2023,3,March,19,Afternoon,20,No és causa del  vianant,Bicicleta,Dona,25,Driver,Desconegut                                                                                                                                            ,Unknown,Es desconeix,Ferit lleu: Rebutja assistència sanitària,432184.11 ,4584725.86,2.187479223,41.409373262
2023S001608    ,10,Sant Martí,65,el Clot,115603,Espronceda,0309 0311,Dilluns,2023,3,March,20,Afternoon,16,No és causa del  vianant,Motorcycle,Home,40,Driver,Desconegut                                                                                                                                            ,Unknown,Altres activitats,Ferit lleu: Amb assistència sanitària en lloc d'accident,432602.82 ,4585296.58,2.192424871,41.41454881
2023S001609    ,10,Sant Martí,73,la Verneda i la Pau,169409,Corts Catalanes,1157 1157,Dilluns,2023,3,March,20,Afternoon,21,No és causa del  vianant,Motorcycle,Dona,46,Driver,Desconegut                                                                                                                                            ,Unknown,Es desconeix,Ferit lleu: Hospitalització fins a 24h,433942.83 ,4585841.27,2.20839795,41.419566019
2023S001610    ,5,Sarrià-Sant Gervasi,24,les Tres Torres,51500,Buïgas,0014 0018,Dilluns,2023,3,March,20,Afternoon,19,No és causa del  vianant,Car,Dona,82,Pedestrian,A la vorera / Andana                                                                                                                                  ,Es desconeix,Unknown,Ferit lleu: Hospitalització fins a 24h,427467.26 ,4583045.9 ,2.13125098,41.393830529
2023S001610    ,5,Sarrià-Sant Gervasi,24,les Tres Torres,51500,Buïgas,0014 0018,Dilluns,2023,3,March,20,Afternoon,19,No és causa del  vianant,Car,Home,79,Pedestrian,A la vorera / Andana                                                                                                                                  ,Es desconeix,Unknown,Ferit lleu: Hospitalització fins a 24h,427467.26 ,4583045.9 ,2.13125098,41.393830529
2023S001611    ,10,Sant Martí,65,el Clot,42306,Bilbao,0212 0212,Dilluns,2023,3,March,20,Afternoon,19,No és causa del  vianant,Veh. mobilitat personal amb motor,Home,18,Driver,Desconegut                                                                                                                                            ,Unknown,Es desconeix,Ferit lleu: Hospitalització fins a 24h,432597.47 ,4584914.91,2.192403405,41.411110771
2023S001612    ,5,Sarrià-Sant Gervasi,25,Sant Gervasi - la Bonanova,302000,Sant Gervasi,0023 0023,Dilluns,2023,3,March,20,Afternoon,21,No és causa del  vianant,Motorcycle,Home,38,Driver,Desconegut                                                                                                                                            ,Unknown,Es desconeix,Ferit lleu: Hospitalització fins a 24h,427749.63 ,4584715.78,2.134428868,41.408895891
2023S001615    ,3,Sants-Montjuïc,18,Sants,173905,Jocs Florals,0084 0084,Dimarts,2023,3,March,21,Night,3,No és causa del  vianant,Motorcycle,Dona,52,Passatger,Desconegut                                                                                                                                            ,Unknown,Unknown,Ferit lleu: Hospitalització fins a 24h,427778.68 ,4580713.05,2.135253934,41.372847469
2023S001615    ,3,Sants-Montjuïc,18,Sants,173905,Jocs Florals,0084 0084,Dimarts,2023,3,March,21,Night,3,No és causa del  vianant,Motorcycle,Home,48,Driver,Desconegut                                                                                                                                            ,Unknown,In itínere,Ferit lleu: Hospitalització fins a 24h,427778.68 ,4580713.05,2.135253934,41.372847469
2023S001616    ,1,Ciutat Vella,2,el Barri Gòtic,269108,Portal de la Pau,0007 0007,Dimarts,2023,3,March,21,Morning,8,No és causa del  vianant,Bicicleta,Home,46,Driver,Desconegut                                                                                                                                            ,Unknown,Oci i entreteniment,Ferit lleu: Hospitalització fins a 24h,431431.34 ,4581018.46,2.178893425,41.375917885
2023S001618    ,2,Eixample,9,la Nova Esquerra de l'Eixample,110803,Entença,0085 0087,Dimarts,2023,3,March,21,Morning,10,No és causa del  vianant,Motorcycle,Home,67,Driver,Desconegut                                                                                                                                            ,Unknown,Es desconeix,Ferit lleu: Rebutja assistència sanitària,429077.73 ,4581429.31,2.150702457,41.379414175
2023S001619    ,4,Les Corts,21,Pedralbes,701267,Dalt (Besòs),000480000,Dimarts,2023,3,March,21,Morning,7,No és causa del  vianant,Motorcycle,Home,27,Driver,Desconegut                                                                                                                                            ,Unknown,Es desconeix,Ferit lleu: Hospitalització fins a 24h,425046.27 ,4581845.73,2.102443429,41.382799046
2023S001620    ,2,Eixample,7,la Dreta de l'Eixample,247659,Pau Claris,0083 0083,Dimarts,2023,3,March,21,Morning,10,No és causa del  vianant,Motorcycle,Dona,30,Driver,Desconegut                                                                                                                                            ,Unknown,In itínere,Ferit lleu: Rebutja assistència sanitària,430798.03 ,4582553.37,2.171145312,41.389688129
2023S001621    ,4,Les Corts,21,Pedralbes,101700,Doctor Ferran,0001 0001,Thursday,2023,4,April,13,Morning,7,No és causa del  vianant,Bicicleta,Home,18,Driver,Desconegut                                                                                                                                            ,Unknown,In itínere,Ferit lleu: Rebutja assistència sanitària,426968.02 ,4582381.68,2.12535995,41.387802968
2023S001622    ,4,Les Corts,19,les Corts,144601,Diagonal,0565X0565X,Dimarts,2023,3,March,21,Morning,11,No és causa del  vianant,Autobús articulat,Home,73,Passatger,Desconegut                                                                                                                                            ,Unknown,Unknown,Ferit lleu: Hospitalització fins a 24h,427769.46 ,4582595.23,2.134919226,41.389798734
2023S001623    ,9,Sant Andreu,62,el Congrés i els Indians,274505,Ramon Albó,0078 0078,Dimarts,2023,3,March,21,Morning,12,No és causa del  vianant,Bus,Dona,79,Passatger,Desconegut                                                                                                                                            ,Unknown,Unknown,Ferit lleu: Hospitalització fins a 24h,431347.03 ,4586778.61,2.177231673,41.427790596
2023S001624    ,5,Sarrià-Sant Gervasi,23,Sarrià,700969,Gaspar Cassadó,0008 0008,Dimarts,2023,3,March,21,Morning,13,No és causa del  vianant,Car,Dona,28,Driver,Desconegut                                                                                                                                            ,Unknown,In itínere,Ferit lleu: Hospitalització fins a 24h,425910.22 ,4583445.84,2.112579087,41.397290598
2023S001625    ,9,Sant Andreu,63,Navas,209900,Meridiana,0231L0231L,Dimarts,2023,3,March,21,Morning,13,No és causa del  vianant,Motorcycle,Home,50,Driver,Desconegut                                                                                                                                            ,Unknown,Es desconeix,Ferit lleu: Hospitalització fins a 24h,432172.85 ,4585767.82,2.187227628,41.418756928
2023S001625    ,9,Sant Andreu,63,Navas,209900,Meridiana,0231L0231L,Dimarts,2023,3,March,21,Morning,13,No és causa del  vianant,Car,Dona,21,Driver,Desconegut                                                                                                                                            ,Unknown,Es desconeix,Ferit lleu: Amb assistència sanitària en lloc d'accident,432172.85 ,4585767.82,2.187227628,41.418756928
2023S001626    ,6,Gràcia,31,la Vila de Gràcia,144601,Diagonal,0478 0480,Dimarts,2023,3,March,21,Afternoon,14,No és causa del  vianant,Car,Dona,25,Passatger,Desconegut                                                                                                                                            ,Unknown,Unknown,Ferit lleu: Hospitalització fins a 24h,429514.18 ,4583218.13,2.155713254,41.395563851
2023S001626    ,6,Gràcia,31,la Vila de Gràcia,144601,Diagonal,0478 0480,Dimarts,2023,3,March,21,Afternoon,14,No és causa del  vianant,Car,Dona,26,Driver,Desconegut                                                                                                                                            ,Unknown,Oci i entreteniment,Ferit lleu: Hospitalització fins a 24h,429514.18 ,4583218.13,2.155713254,41.395563851
2023S001627    ,10,Sant Martí,65,el Clot,81603,Clot,0123 0127,Dimarts,2023,3,March,21,Afternoon,15,No és causa del  vianant,Motorcycle,Home,35,Driver,Desconegut                                                                                                                                            ,Unknown,In itínere,Ferit lleu: Amb assistència sanitària en lloc d'accident,432349.81 ,4584858.95,2.189446694,41.410585936
2023S001628    ,2,Eixample,7,la Dreta de l'Eixample,18505,Aragó,0258 0258,Dimarts,2023,3,March,21,Afternoon,15,No és causa del  vianant,Bicicleta,Dona,25,Driver,Desconegut                                                                                                                                            ,Unknown,Es desconeix,Ferit lleu: Hospitalització fins a 24h,430155.92 ,4582713.39,2.163447302,41.391073846
2023S001629    ,1,Ciutat Vella,4,"Sant Pere, Santa Caterina i la Ribera",163504,Isabel II,0002 0002,Dimarts,2023,3,March,21,Afternoon,16,Altres,Motorcycle,Dona,48,Passatger,Desconegut                                                                                                                                            ,Unknown,Unknown,Ferit lleu: Hospitalització fins a 24h,431742.93 ,4581619.47,2.182551501,41.381357531
2023S001629    ,1,Ciutat Vella,4,"Sant Pere, Santa Caterina i la Ribera",163504,Isabel II,0002 0002,Dimarts,2023,3,March,21,Afternoon,16,Altres,Motorcycle,Home,48,Driver,Desconegut                                                                                                                                            ,Unknown,Es desconeix,Ferit lleu: Hospitalització fins a 24h,431742.93 ,4581619.47,2.182551501,41.381357531
2023S001630    ,5,Sarrià-Sant Gervasi,27,el Putxet i el Farró,143904,General Mitre,0170 0170,Dimarts,2023,3,March,21,Afternoon,19,No és causa del  vianant,Motorcycle,Home,26,Driver,Desconegut                                                                                                                                            ,Unknown,Oci i entreteniment,Ferit lleu: Hospitalització fins a 24h,428349.96 ,4584274.88,2.141663025,41.404978646
2023S001631    ,9,Sant Andreu,60,Sant Andreu,242509,Palomar,0017U0017U,Dimarts,2023,3,March,21,Afternoon,18,No és causa del  vianant,Motorcycle,Home,26,Driver,Desconegut                                                                                                                                            ,Unknown,Es desconeix,Ferit lleu: Hospitalització fins a 24h,432497.93 ,4588360.48,2.190827609,41.442135575
2023S001632    ,6,Gràcia,31,la Vila de Gràcia,341908,Torrijos,0010 0010,Dimarts,2023,3,March,21,Afternoon,19,No és causa del  vianant,Veh. mobilitat personal amb motor,Dona,36,Driver,Desconegut                                                                                                                                            ,Unknown,Oci i entreteniment,Ferit lleu: Hospitalització fins a 24h,429861.57 ,4583996.38,2.15977815,41.402603672
2023S001633    ,9,Sant Andreu,63,Navas,209900,Meridiana,0231B0231B,Dimarts,2023,3,March,21,Afternoon,18,No és causa del  vianant,Motorcycle,Dona,29,Passatger,Desconegut                                                                                                                                            ,Unknown,Unknown,Ferit lleu: Hospitalització fins a 24h,432105.85 ,4585583.44,2.186446664,41.417090614
2023S001633    ,9,Sant Andreu,63,Navas,209900,Meridiana,0231B0231B,Dimarts,2023,3,March,21,Afternoon,18,No és causa del  vianant,Motorcycle,Home,32,Driver,Desconegut                                                                                                                                            ,Unknown,Es desconeix,Ferit lleu: Hospitalització fins a 24h,432105.85 ,4585583.44,2.186446664,41.417090614
2023S001634    ,6,Gràcia,32,el Camp d'en Grassot i Gràcia Nova,161407,Indústria,0065 0065,Dimarts,2023,3,March,21,Afternoon,17,No és causa del  vianant,Motorcycle,Home,58,Driver,Desconegut                                                                                                                                            ,Unknown,En missió,Ferit lleu: Hospitalització fins a 24h,430558.76 ,4584233.91,2.168090833,41.40480358
2023S001635    ,10,Sant Martí,65,el Clot,350308,València,0702 0704,Thursday,2023,3,March,23,Afternoon,17,No és causa del  vianant,Veh. mobilitat personal amb motor,Home,4,Pedestrian,Altres                                                                                                                                                ,Unknown,Unknown,Ferit lleu: Amb assistència sanitària en lloc d'accident,432583.82 ,4585225.59,2.192205461,41.41390783
2023S001636    ,4,Les Corts,21,Pedralbes,115400,Esplugues,0065 0065,Dimarts,2023,3,March,21,Afternoon,19,No és causa del  vianant,Car,Dona,48,Passatger,Desconegut                                                                                                                                            ,Unknown,Unknown,Ferit lleu: Amb assistència sanitària en lloc d'accident,425489.25 ,4582703.59,2.107635203,41.390566576
2023S001637    ,3,Sants-Montjuïc,13,la Marina de Port,12600,Alts Forns,0087 0087,Dimarts,2023,3,March,21,Afternoon,20,No és causa del  vianant,Veh. mobilitat personal amb motor,Dona,16,Driver,Desconegut                                                                                                                                            ,Unknown,Altres activitats,Ferit lleu: Hospitalització fins a 24h,428408.42 ,4579250.73,2.14295627,41.359733132
2023S001637    ,3,Sants-Montjuïc,13,la Marina de Port,12600,Alts Forns,0087 0087,Dimarts,2023,3,March,21,Afternoon,20,No és causa del  vianant,Veh. mobilitat personal amb motor,Dona,16,Passatger,Desconegut                                                                                                                                            ,Unknown,Unknown,Ferit lleu: Hospitalització fins a 24h,428408.42 ,4579250.73,2.14295627,41.359733132
2023S001638    ,4,Les Corts,19,les Corts,278302,Reina Maria Cristina,9997 9997,Dilluns,2023,3,March,20,Night,0,No és causa del  vianant,Car,Home,21,Pedestrian,En pas regulat per semàfor                                                                                                                            ,Unknown,Unknown,Ferit lleu: Hospitalització fins a 24h,427207    ,4582445.17,2.128210374,41.38839647
2023S001639    ,6,Gràcia,32,el Camp d'en Grassot i Gràcia Nova,305100,Sant Joan,0172 0172,Dimarts,2023,3,March,21,Afternoon,18,No és causa del  vianant,Bicicleta,Dona,30,Driver,Desconegut                                                                                                                                            ,Unknown,Altres activitats,Ferit lleu: Hospitalització fins a 24h,430316.22 ,4584039.74,2.165211781,41.403033758
2023S001640    ,5,Sarrià-Sant Gervasi,26,Sant Gervasi - Galvany,32700,Balmes,0190 0190,Dimarts,2023,3,March,21,Afternoon,20,No és causa del  vianant,Car,Dona,47,Passatger,Desconegut                                                                                                                                            ,Unknown,Unknown,Ferit lleu: Hospitalització fins a 24h,429286.11 ,4583360.78,2.152968663,41.396828615
2023S001641    ,1,Ciutat Vella,2,el Barri Gòtic,18006,Antonio López,0001 0001,Dimarts,2023,3,March,21,Afternoon,16,No és causa del  vianant,Motorcycle,Dona,48,Passatger,Desconegut                                                                                                                                            ,Unknown,Unknown,Ferit lleu: Hospitalització fins a 24h,431713.95 ,4581617.07,2.182205218,41.381333454
2023S001641    ,1,Ciutat Vella,2,el Barri Gòtic,18006,Antonio López,0001 0001,Dimarts,2023,3,March,21,Afternoon,16,No és causa del  vianant,Motorcycle,Home,48,Driver,Desconegut                                                                                                                                            ,Unknown,Es desconeix,Ferit lleu: Hospitalització fins a 24h,431713.95 ,4581617.07,2.182205218,41.381333454
2023S001642    ,1,Ciutat Vella,3,la Barceloneta,701266,Litoral (Llobregat),000900000,Dimarts,2023,3,March,21,Night,23,No és causa del  vianant,Motorcycle,Home,37,Driver,Desconegut                                                                                                                                            ,Unknown,In itínere,Ferit lleu: Amb assistència sanitària en lloc d'accident,432447.21 ,4581959.6 ,2.190935626,41.384480472
2023S001644    ,3,Sants-Montjuïc,13,la Marina de Port,169409,Corts Catalanes,0144 0144,Dimecres,2023,3,March,22,Morning,9,No és causa del  vianant,Motorcycle,Dona,30,Driver,Desconegut                                                                                                                                            ,Unknown,In itínere,Ferit greu: hospitalització superior a 24h,427913.63 ,4579902.09,2.136963952,41.365555541
2023S001645    ,4,Les Corts,19,les Corts,144601,Diagonal,0632 0632,Dimecres,2023,3,March,22,Morning,8,No és causa del  vianant,Motorcycle,Dona,37,Driver,Desconegut                                                                                                                                            ,Unknown,Es desconeix,Ferit lleu: Hospitalització fins a 24h,427954.95 ,4582701.1 ,2.137125048,41.390768909
2023S001646    ,2,Eixample,7,la Dreta de l'Eixample,305100,Sant Joan,0009 0009,Dilluns,2023,3,March,20,Morning,12,No és causa del  vianant,Bus,Dona,77,Passatger,Desconegut                                                                                                                                            ,Unknown,Unknown,Ferit lleu: Hospitalització fins a 24h,431408.09 ,4582848.1 ,2.17840817,41.392394963
2023S001648    ,10,Sant Martí,65,el Clot,209900,Meridiana,0097 0097B,Dimecres,2023,3,March,22,Morning,11,No és causa del  vianant,Veh. mobilitat personal amb motor,Home,34,Driver,Desconegut                                                                                                                                            ,Unknown,En missió,Ferit lleu: Hospitalització fins a 24h,432129.07 ,4584436.31,2.186853243,41.406760723
2023S001649    ,9,Sant Andreu,60,Sant Andreu,119003,Fabra i Puig,0116 0116,Dimecres,2023,3,March,22,Morning,12,No és causa del  vianant,Motorcycle,Home,32,Driver,Desconegut                                                                                                                                            ,Unknown,Es desconeix,Ferit lleu: Hospitalització fins a 24h,431893.62 ,4587024.9 ,2.183744899,41.430055403
2023S001650    ,2,Eixample,7,la Dreta de l'Eixample,305100,Sant Joan,0052 0052,Dimecres,2023,3,March,22,Afternoon,14,No és causa del  vianant,Bicicleta,Dona,19,Driver,Desconegut                                                                                                                                            ,Unknown,Oci i entreteniment,Ferit lleu: Hospitalització fins a 24h,431068.55 ,4583231.96,2.174303422,41.395823228
2023S001651    ,2,Eixample,9,la Nova Esquerra de l'Eixample,245802,París,0087S0087S,Dimecres,2023,3,March,22,Afternoon,16,No és causa del  vianant,Bicicleta,Home,31,Driver,Desconegut                                                                                                                                            ,Unknown,Es desconeix,Ferit lleu: Hospitalització fins a 24h,428740.94 ,4582467.07,2.146553031,41.388731143
2023S001652    ,3,Sants-Montjuïc,12,la Marina del Prat Vermell,701265,Litoral (Besòs),001300000,Dimecres,2023,3,March,22,Afternoon,17,No és causa del  vianant,Furgoneta,Home,37,Driver,Desconegut                                                                                                                                            ,Unknown,Es desconeix,Ferit lleu: Amb assistència sanitària en lloc d'accident,430303.25 ,4579227.37,2.165610432,41.359689073
2023S001653    ,7,Horta-Guinardó,33,el Baix Guinardó,76807,Sardenya,0480 0490,Dimecres,2023,3,March,22,Afternoon,15,No és causa del  vianant,Bicicleta,Dona,28,Driver,Desconegut                                                                                                                                            ,Unknown,Oci i entreteniment,Ferit lleu: Hospitalització fins a 24h,430301.77 ,4584769.93,2.164954789,41.409609076
2023S001654    ,2,Eixample,7,la Dreta de l'Eixample,176801,Roger de Llúria,0095 0095,Dimecres,2023,3,March,22,Afternoon,17,No és causa del  vianant,Veh. mobilitat personal amb motor,Dona,18,Driver,Desconegut                                                                                                                                            ,Unknown,Oci i entreteniment,Ferit lleu: Hospitalització fins a 24h,430338.38 ,4583199.55,2.165573592,41.395468366
2023S001655    ,3,Sants-Montjuïc,11,el Poble-sec,130200,Font-trobada,0002X0002X,Dimecres,2023,3,March,22,Afternoon,14,No és causa del  vianant,Motorcycle,Home,27,Driver,Desconegut                                                                                                                                            ,Unknown,"Anada/tornada de ponts, festius, vacances",Ferit lleu: Hospitalització fins a 24h,430577.5  ,4580475.76,2.168745937,41.370956691
2023S001656    ,2,Eixample,10,Sant Antoni,323203,Sepúlveda,0145 0145,Dimecres,2023,3,March,22,Afternoon,19,No és causa del  vianant,Motorcycle,Home,48,Driver,Desconegut                                                                                                                                            ,Unknown,Altres activitats,Ferit lleu: Amb assistència sanitària en lloc d'accident,429938.15 ,4581711.74,2.160958652,41.382033355
2023S001656    ,2,Eixample,10,Sant Antoni,323203,Sepúlveda,0145 0145,Dimecres,2023,3,March,22,Afternoon,19,No és causa del  vianant,Motorcycle,Home,62,Driver,Desconegut                                                                                                                                            ,Unknown,In itínere,Ferit lleu: Amb assistència sanitària en lloc d'accident,429938.15 ,4581711.74,2.160958652,41.382033355
2023S001657    ,4,Les Corts,20,la Maternitat i Sant Ramon,244209,Joan XXIII,0018 0018,Dimecres,2023,3,March,22,Afternoon,16,No és causa del  vianant,Bus,Dona,66,Passatger,Desconegut                                                                                                                                            ,Unknown,Unknown,Ferit lleu: Hospitalització fins a 24h,426748.46 ,4582183.44,2.12275813,41.385997527
2023S001658    ,5,Sarrià-Sant Gervasi,24,les Tres Torres,97308,Dalmases,0046 0046,Dimecres,2023,3,March,22,Afternoon,18,No és causa del  vianant,Autobús articulat,Dona,65,Passatger,Desconegut                                                                                                                                            ,Unknown,Unknown,Ferit lleu: Hospitalització fins a 24h,427169.82 ,4583981.48,2.12758085,41.402230012
2023S001659    ,3,Sants-Montjuïc,13,la Marina de Port,369408,Zona Franca,0216 0216,Dimecres,2023,3,March,22,Afternoon,20,No és causa del  vianant,Motorcycle,Dona,55,Driver,Desconegut                                                                                                                                            ,Unknown,Es desconeix,Ferit lleu: Hospitalització fins a 24h,427961.38 ,4579479.03,2.137585096,41.36174946
2023S001660    ,2,Eixample,7,la Dreta de l'Eixample,169409,Corts Catalanes,0681 0683,Dimecres,2023,3,March,22,Afternoon,19,No és causa del  vianant,Autobús articulat,Dona,56,Passatger,Desconegut                                                                                                                                            ,Unknown,Unknown,Ferit lleu: Amb assistència sanitària en lloc d'accident,431320.59 ,4583309.03,2.177309331,41.396538951
2023S001660    ,2,Eixample,7,la Dreta de l'Eixample,169409,Corts Catalanes,0681 0683,Dimecres,2023,3,March,22,Afternoon,19,No és causa del  vianant,Autobús articulat,Dona,75,Passatger,Desconegut                                                                                                                                            ,Unknown,Unknown,Ferit lleu: Hospitalització fins a 24h,431320.59 ,4583309.03,2.177309331,41.396538951
2023S001660    ,2,Eixample,7,la Dreta de l'Eixample,169409,Corts Catalanes,0681 0683,Dimecres,2023,3,March,22,Afternoon,19,No és causa del  vianant,Autobús articulat,Dona,9,Passatger,Desconegut                                                                                                                                            ,Unknown,Unknown,Ferit lleu: Hospitalització fins a 24h,431320.59 ,4583309.03,2.177309331,41.396538951
2023S001661    ,2,Eixample,7,la Dreta de l'Eixample,268003,Provença,0354 0354,Dimecres,2023,3,March,22,Afternoon,20,No és causa del  vianant,Veh. mobilitat personal amb motor,Home,19,Driver,Desconegut                                                                                                                                            ,Unknown,Es desconeix,Ferit lleu: Amb assistència sanitària en lloc d'accident,430539.73 ,4583639.73,2.167931401,41.399450352