Case_Number,District_Code,District_Name,Neighborhood_Code,Neighborhood_Name,Street_Code,Street_Name,Postal_Code,Day_of_Week,Year,Month_Code,Month_Name,Day_of_Month,Shift_Description,Hour_of_Day,Pedestrian_Cause_Description,Involved_Vehicle_Type,Gender_Description,Age,Person_Type_Description,Pedestrian_Accident_Location_Description,Pedestrian_Movement_Reason_Description,Driver_Movement_Reason_Description,Victimization_Description,UTM_X_Coordinate,UTM_Y_Coordinate,Longitude,Latitude
2023S001737    ,2,Eixample,7,la Dreta de l'Eixample,148307,Gràcia,0101 0101,Diumenge,2023,3,March,26,Morning,11,No és causa del  vianant,Car,Dona,30,Driver,Desconegut                                                                                                                                            ,Unknown,Es desconeix,Ferit lleu: Hospitalització fins a 24h,429914.38 ,4583230.13,2.160498625,41.395706928
2023S001737    ,2,Eixample,7,la Dreta de l'Eixample,148307,Gràcia,0101 0101,Diumenge,2023,3,March,26,Morning,11,No és causa del  vianant,Car,Home,19,Driver,Desconegut                                                                                                                                            ,Unknown,Es desconeix,Ferit lleu: Hospitalització fins a 24h,429914.38 ,4583230.13,2.160498625,41.395706928
2023S001739    ,8,Nou Barris,52,la Prosperitat,351901,Valldaura,0261 0269,Diumenge,2023,3,March,26,Afternoon,14,No és causa del  vianant,Bicicleta,Home,57,Driver,Desconegut                                                                                                                                            ,Unknown,Es desconeix,Ferit lleu: Amb assistència sanitària en lloc d'accident,431735.72 ,4588048.32,2.181739593,41.439259578
2023S001740    ,6,Gràcia,31,la Vila de Gràcia,90502,Còrsega,0381 0387,Diumenge,2023,3,March,26,Morning,13,No és causa del  vianant,Motorcycle,Home,37,Driver,Desconegut                                                                                                                                            ,Unknown,Es desconeix,Ferit lleu: Amb assistència sanitària en lloc d'accident,430122.62 ,4583622.77,2.162944036,41.399261438
2023S001741    ,8,Nou Barris,44,Vilapicina i la Torre Llobeta,319400,Santiago Rusiñol,0002A0002A,Diumenge,2023,3,March,26,Afternoon,17,No és causa del  vianant,Motorcycle,Home,37,Driver,Desconegut                                                                                                                                            ,Unknown,Es desconeix,Ferit lleu: Hospitalització fins a 24h,430586.36 ,4586901.14,2.168114758,41.428828768
2023S001743    ,2,Eixample,6,la Sagrada Família,197302,Marina,0219 0219,Diumenge,2023,3,March,26,Afternoon,15,No és causa del  vianant,Motorcycle,Home,36,Driver,Desconegut                                                                                                                                            ,Unknown,Es desconeix,Ferit lleu: Hospitalització fins a 24h,431342.93 ,4583916.81,2.177507581,41.40201495
2023S001744    ,5,Sarrià-Sant Gervasi,27,el Putxet i el Farró,32700,Balmes,0364 0364,Diumenge,2023,3,March,26,Afternoon,17,Altres,Car,Dona,41,Pedestrian,Desconegut                                                                                                                                            ,Es desconeix,Unknown,Ferit lleu: Hospitalització fins a 24h,428350.22 ,4584186.37,2.141676619,41.404181495
2023S001745    ,7,Horta-Guinardó,33,el Baix Guinardó,152905,Guinardó,0052 0052,Diumenge,2023,3,March,26,Afternoon,15,No és causa del  vianant,Motorcycle,Home,53,Driver,Desconegut                                                                                                                                            ,Unknown,Es desconeix,Ferit lleu: Hospitalització fins a 24h,430535.97 ,4585057.12,2.167723657,41.412215983
2023S001746    ,4,Les Corts,21,Pedralbes,244300,Pius XII,0002X0002X,Diumenge,2023,3,March,26,Afternoon,15,No és causa del  vianant,Motorcycle,Home,26,Driver,Desconegut                                                                                                                                            ,Unknown,Oci i entreteniment,Ferit lleu: Hospitalització fins a 24h,426793.07 ,4582325.32,2.12327447,41.387279445
2023S001747    ,10,Sant Martí,69,Diagonal Mar i el Front Marítim del Poblenou,701266,Litoral (Llobregat),000630000,Dilluns,2023,3,March,27,Night,0,No és causa del  vianant,Veh. mobilitat personal amb motor,Home,26,Driver,En pas regulat per semàfor                                                                                                                            ,Unknown,En missió,Ferit lleu: Hospitalització fins a 24h,434475.69 ,4584153.16,2.214956803,41.404405275
2023S001748    ,7,Horta-Guinardó,37,el Carmel,78303,Ciències,0040 0060,Dilluns,2023,3,March,27,Afternoon,16,No és causa del  vianant,Motorcycle,Home,47,Driver,Desconegut                                                                                                                                            ,Unknown,Altres activitats,Ferit lleu: Rebutja assistència sanitària,429768.57 ,4586492.53,2.158375733,41.42507745
2023S001749    ,9,Sant Andreu,61,la Sagrera,233701,Olesa,0075 0077,Dilluns,2023,3,March,27,Morning,7,No és causa del  vianant,Veh. mobilitat personal amb motor,Dona,41,Driver,Desconegut                                                                                                                                            ,Unknown,In itínere,Ferit lleu: Amb assistència sanitària en lloc d'accident,432123.08 ,4586455   ,2.186554943,41.424941935
2023S001750    ,3,Sants-Montjuïc,12,la Marina del Prat Vermell,701498,B-10 (Besòs),001160000,Dilluns,2023,3,March,27,Morning,8,No és causa del  vianant,Motorcycle,Home,34,Driver,Desconegut                                                                                                                                            ,Unknown,Es desconeix,Ferit lleu: Hospitalització fins a 24h,430955.86 ,4580106.64,2.173311835,41.36766469
2023S001751    ,3,Sants-Montjuïc,11,el Poble-sec,198804,Paral·lel,0001X0001X,Dilluns,2023,3,March,27,Morning,10,Altres,Motorcycle,Home,40,Pedestrian,En pas regulat per semàfor                                                                                                                            ,Unknown,Unknown,Ferit lleu: Hospitalització fins a 24h,431166.25 ,4580844.37,2.175743425,41.374327259
2023S001752    ,1,Ciutat Vella,3,la Barceloneta,701266,Litoral (Llobregat),000980000,Dilluns,2023,3,March,27,Morning,7,No és causa del  vianant,Motorcycle,Dona,47,Driver,Desconegut                                                                                                                                            ,Unknown,In itínere,Ferit lleu: Hospitalització fins a 24h,432004.03 ,4581708.23,2.185663873,41.382179091
2023S001753    ,2,Eixample,10,Sant Antoni,361406,Viladomat,0044 0044,Dilluns,2023,3,March,27,Morning,10,No és causa del  vianant,Furgoneta,Home,87,Pedestrian,En pas regulat per semàfor                                                                                                                            ,Unknown,Unknown,Ferit lleu: Hospitalització fins a 24h,429930.96 ,4581144.61,2.160938278,41.376924765
2023S001754    ,7,Horta-Guinardó,35,el Guinardó,363605,Villar,0073 0073,Dilluns,2023,3,March,27,Morning,11,No és causa del  vianant,Motorcycle,Home,36,Driver,Desconegut                                                                                                                                            ,Unknown,Oci i entreteniment,Ferit lleu: Hospitalització fins a 24h,431292.76 ,4585627.89,2.176713047,41.41742181
2023S001755    ,3,Sants-Montjuïc,18,Sants,312400,Sants,0129 0129,Dilluns,2023,3,March,27,Morning,11,No és causa del  vianant,Autobús articulat,Dona,85,Passatger,Desconegut                                                                                                                                            ,Unknown,Unknown,Ferit lleu: Amb assistència sanitària en lloc d'accident,427699.16 ,4580990.75,2.13427,41.375341468
2023S001756    ,2,Eixample,6,la Sagrada Família,350308,València,0443 0443,Dilluns,2023,3,March,27,Afternoon,18,No és causa del  vianant,Veh. mobilitat personal amb motor,Home,26,Driver,Desconegut                                                                                                                                            ,Unknown,In itínere,Ferit lleu: Rebutja assistència sanitària,431290.31 ,4584028.52,2.176865445,41.40301659
2023S001757    ,2,Eixample,7,la Dreta de l'Eixample,289105,Rosselló,0281B0281B,Dilluns,2023,3,March,27,Morning,13,No és causa del  vianant,Motorcycle,Home,31,Driver,Desconegut                                                                                                                                            ,Unknown,Es desconeix,Ferit lleu: Hospitalització fins a 24h,430134.59 ,4583421.81,2.163110418,41.397452499
2023S001758    ,4,Les Corts,20,la Maternitat i Sant Ramon,701434,Mig (Descendent),000230000,Dilluns,2023,3,March,27,Afternoon,15,No és causa del  vianant,Motorcycle,Dona,50,Driver,Desconegut                                                                                                                                            ,Unknown,Oci i entreteniment,Ferit lleu: Hospitalització fins a 24h,427119.02 ,4582149.08,2.127193816,41.385721735
2023S001759    ,10,Sant Martí,68,el Poblenou,346800,Poblenou,0041 0041,Dilluns,2023,3,March,27,Afternoon,14,No és causa del  vianant,Bicicleta,Dona,64,Pedestrian,En pas sense regular                                                                                                                                  ,Unknown,Unknown,Ferit lleu: Hospitalització fins a 24h,433462.25 ,4583656.26,2.202887993,41.399846532
2023S001760    ,8,Nou Barris,49,Canyelles,701268,Dalt (Llobregat),001410000,Dilluns,2023,3,March,27,Afternoon,15,No és causa del  vianant,Ciclomotor,Dona,56,Driver,Desconegut                                                                                                                                            ,Unknown,Es desconeix,Ferit lleu: Amb assistència sanitària en lloc d'accident,430896.38 ,4588524.61,2.171639034,41.443477503
2023S001761    ,3,Sants-Montjuïc,12,la Marina del Prat Vermell,701265,Litoral (Besòs),001500000,Dilluns,2023,3,March,27,Afternoon,17,No és causa del  vianant,Motorcycle,Dona,25,Passatger,Desconegut                                                                                                                                            ,Unknown,Unknown,Ferit lleu: Hospitalització fins a 24h,428737.42 ,4578084   ,2.147026335,41.349253949
2023S001762    ,10,Sant Martí,64,el Camp de l'Arpa del Clot,209900,Meridiana,0155 0155,Dilluns,2023,3,March,27,Afternoon,17,No és causa del  vianant,Motorcycle,Home,56,Driver,Desconegut                                                                                                                                            ,Unknown,Altres activitats,Ferit lleu: Hospitalització fins a 24h,432136.49 ,4585039.63,2.186874308,41.412195273
2023S001763    ,2,Eixample,9,la Nova Esquerra de l'Eixample,100800,Diputació,0065 0065,Dilluns,2023,3,March,27,Afternoon,19,No és causa del  vianant,Motorcycle,Dona,31,Driver,Desconegut                                                                                                                                            ,Unknown,Es desconeix,Ferit lleu: Amb assistència sanitària en lloc d'accident,429362.86 ,4581579.84,2.15409447,41.380795045
2023S001764    ,2,Eixample,9,la Nova Esquerra de l'Eixample,184402,Llança,0023 0023,Dilluns,2023,3,March,27,Afternoon,17,No és causa del  vianant,Motorcycle,Home,44,Driver,Desconegut                                                                                                                                            ,Unknown,In itínere,Ferit lleu: Hospitalització fins a 24h,428779.58 ,4581367.12,2.147144514,41.378827701
2023S001765    ,4,Les Corts,19,les Corts,144601,Diagonal,0593 0595,Dilluns,2023,3,March,27,Night,23,No és causa del  vianant,Motorcycle,Home,30,Driver,Desconegut                                                                                                                                            ,Unknown,En missió,Ferit lleu: Amb assistència sanitària en lloc d'accident,427409.93 ,4582477.77,2.13063341,41.388708434
2023S001766    ,2,Eixample,6,la Sagrada Família,297001,Sant Antoni Maria Claret,0216 0220,Dimarts,2023,3,March,28,Night,5,No és causa del  vianant,Furgoneta,Dona,41,Driver,Desconegut                                                                                                                                            ,Unknown,In itínere,Ferit lleu: Hospitalització fins a 24h,431087.05 ,4584936.71,2.174330508,41.411178957
2023S001767    ,2,Eixample,5,el Fort Pienc,100800,Diputació,0452 0452,Dimarts,2023,3,March,28,Morning,7,No és causa del  vianant,Motorcycle,Home,58,Driver,Desconegut                                                                                                                                            ,Unknown,Oci i entreteniment,Ferit lleu: Hospitalització fins a 24h,431648.46 ,4583800.82,2.181175486,41.400996311
2023S001768    ,8,Nou Barris,44,Vilapicina i la Torre Llobeta,45701,Quinze,0009 0009,Dimarts,2023,3,March,28,Morning,7,No és causa del  vianant,Motorcycle,Dona,32,Driver,Desconegut                                                                                                                                            ,Unknown,Es desconeix,Ferit lleu: Amb assistència sanitària en lloc d'accident,431199.85 ,4586709.33,2.175478275,41.427154015
2023S001769    ,9,Sant Andreu,61,la Sagrera,209900,Meridiana,0325 0325,Dimarts,2023,3,March,28,Morning,11,No és causa del  vianant,Car,Dona,46,Driver,Desconegut                                                                                                                                            ,Unknown,Oci i entreteniment,Ferit lleu: Amb assistència sanitària en lloc d'accident,432061.56 ,4586534.41,2.185809843,41.425651952
2023S001769    ,9,Sant Andreu,61,la Sagrera,209900,Meridiana,0325 0325,Dimarts,2023,3,March,28,Morning,11,No és causa del  vianant,Car,Home,52,Driver,Desconegut                                                                                                                                            ,Unknown,Taxi,Ferit lleu: Amb assistència sanitària en lloc d'accident,432061.56 ,4586534.41,2.185809843,41.425651952
2023S001770    ,2,Eixample,10,Sant Antoni,323203,Sepúlveda,0073 0073,Dilluns,2023,3,March,27,Night,23,No és causa del  vianant,Motorcycle,Home,47,Driver,Desconegut                                                                                                                                            ,Unknown,En missió,Ferit lleu: Amb assistència sanitària en lloc d'accident,429560.8  ,4581362.48,2.156486755,41.378854716
2023S001771    ,9,Sant Andreu,57,la Trinitat Vella,120807,Favència,0399 0411,Dimarts,2023,3,March,28,Morning,11,No és causa del  vianant,Car,Dona,66,Driver,Desconegut                                                                                                                                            ,Unknown,Es desconeix,Ferit lleu: Hospitalització fins a 24h,432417.82 ,4588880.76,2.189810484,41.446814813
2023S001772    ,6,Gràcia,28,Vallcarca i els Penitents,158107,Vallcarca,0194 0196,Dimarts,2023,3,March,28,Morning,11,Altres,Car,Dona,40,Pedestrian,En pas regulat per semàfor                                                                                                                            ,Es desconeix,Unknown,Ferit lleu: Hospitalització fins a 24h,428379.67 ,4585475.09,2.141876298,41.415791103
2023S001773    ,2,Eixample,7,la Dreta de l'Eixample,148307,Gràcia,0072S0072S,Dimarts,2023,3,March,28,Morning,12,No és causa del  vianant,Bicicleta,Home,50,Driver,Desconegut                                                                                                                                            ,Unknown,Es desconeix,Ferit lleu: Hospitalització fins a 24h,430187.73 ,4582930.63,2.163802698,41.39303322
2023S001774    ,9,Sant Andreu,59,el Bon Pastor,63850,Caracas,0016 0016,Dimarts,2023,3,March,28,Morning,13,No és causa del  vianant,Motorcycle,Home,40,Driver,Desconegut                                                                                                                                            ,Unknown,Es desconeix,Ferit lleu: Hospitalització fins a 24h,433515.07 ,4588286.99,2.203010449,41.441558597
2023S001775    ,2,Eixample,7,la Dreta de l'Eixample,176801,Roger de Llúria,0125 0127,Dimarts,2023,3,March,28,Morning,11,Creuar per fora pas de vianants,Motorcycle,Home,86,Pedestrian,Fora del pas                                                                                                                                          ,Es desconeix,Unknown,Ferit lleu: Hospitalització fins a 24h,430174.8  ,4583366.79,2.16359773,41.396960447
2023S001775    ,2,Eixample,7,la Dreta de l'Eixample,176801,Roger de Llúria,0125 0127,Dimarts,2023,3,March,28,Morning,11,Creuar per fora pas de vianants,Motorcycle,Dona,34,Driver,Fora del pas                                                                                                                                          ,Unknown,En missió,Ferit lleu: Hospitalització fins a 24h,430174.8  ,4583366.79,2.16359773,41.396960447
2023S001776    ,2,Eixample,6,la Sagrada Família,105304,Dos de Maig,0331 0335,Dimarts,2023,3,March,28,Morning,13,No és causa del  vianant,Bus,Dona,79,Passatger,Desconegut                                                                                                                                            ,Unknown,Unknown,Ferit lleu: Hospitalització fins a 24h,431221.46 ,4584975.31,2.175934177,41.411538135
2023S001777    ,8,Nou Barris,46,el Turó de la Peira,119003,Fabra i Puig,0270 0272,Dimarts,2023,3,March,28,Morning,13,No és causa del  vianant,Motorcycle,Home,53,Driver,Desconegut                                                                                                                                            ,Unknown,Es desconeix,Ferit lleu: Hospitalització fins a 24h,431044.49 ,4587077.41,2.17357711,41.430455851
2023S001777    ,8,Nou Barris,46,el Turó de la Peira,119003,Fabra i Puig,0270 0272,Dimarts,2023,3,March,28,Morning,13,No és causa del  vianant,Motorcycle,Home,58,Driver,Desconegut                                                                                                                                            ,Unknown,Es desconeix,Ferit lleu: Hospitalització fins a 24h,431044.49 ,4587077.41,2.17357711,41.430455851
2023S001779    ,2,Eixample,8,l'Antiga Esquerra de l'Eixample,349706,Comte d'Urgell,0162 0166,Dimarts,2023,3,March,28,Morning,13,No és causa del  vianant,Motorcycle,Home,57,Driver,Desconegut                                                                                                                                            ,Unknown,Oci i entreteniment,Ferit lleu: Hospitalització fins a 24h,429260.74 ,4582212.74,2.152799369,41.386486386
2023S001782    ,10,Sant Martí,65,el Clot,180401,Lope de Vega,0290 0298,Dimarts,2023,3,March,28,Afternoon,18,No és causa del  vianant,Motorcycle,Home,58,Driver,Desconegut                                                                                                                                            ,Unknown,Es desconeix,Ferit lleu: Rebutja assistència sanitària,432654.08 ,4585068.34,2.193063593,41.412497419
2023S001782    ,10,Sant Martí,65,el Clot,180401,Lope de Vega,0290 0298,Dimarts,2023,3,March,28,Afternoon,18,No és causa del  vianant,Veh. mobilitat personal amb motor,Dona,24,Driver,Desconegut                                                                                                                                            ,Unknown,Es desconeix,Ferit lleu: Hospitalització fins a 24h,432654.08 ,4585068.34,2.193063593,41.412497419
2023S001784    ,5,Sarrià-Sant Gervasi,25,Sant Gervasi - la Bonanova,701629,Isaac Newton,0024 0024,Dimarts,2023,3,March,28,Afternoon,16,No és causa del  vianant,Furgoneta,Home,26,Driver,Desconegut                                                                                                                                            ,Unknown,Transport professional de mercaderies,Ferit lleu: Hospitalització fins a 24h,427350.84 ,4585168.98,2.12960359,41.412941704
2023S001785    ,7,Horta-Guinardó,43,Horta,701267,Dalt (Besòs),0004E0000,Dimarts,2023,3,March,28,Afternoon,14,No és causa del  vianant,Motorcycle,Home,25,Driver,Desconegut                                                                                                                                            ,Unknown,Es desconeix,Ferit lleu: Hospitalització fins a 24h,429880.2  ,4588120.61,2.159522554,41.43975068
2023S001786    ,2,Eixample,7,la Dreta de l'Eixample,176801,Roger de Llúria,0153 0153,Dimarts,2023,3,March,28,Afternoon,19,Creuar per fora pas de vianants,Veh. mobilitat personal amb motor,Dona,20,Driver,Fora del pas                                                                                                                                          ,Unknown,Altres activitats,Ferit lleu: Hospitalització fins a 24h,430074.7  ,4583500.57,2.162384957,41.398156655
2023S001786    ,2,Eixample,7,la Dreta de l'Eixample,176801,Roger de Llúria,0153 0153,Dimarts,2023,3,March,28,Afternoon,19,Creuar per fora pas de vianants,Veh. mobilitat personal amb motor,Home,67,Pedestrian,Fora del pas                                                                                                                                          ,Altres activitats,Unknown,Ferit lleu: Hospitalització fins a 24h,430074.7  ,4583500.57,2.162384957,41.398156655
2023S001787    ,2,Eixample,7,la Dreta de l'Eixample,349309,Universitat,0002 0002,Dimarts,2023,3,March,28,Afternoon,21,No és causa del  vianant,Motorcycle,Home,27,Driver,Desconegut                                                                                                                                            ,Unknown,In itínere,Ferit lleu: Amb assistència sanitària en lloc d'accident,430317.75 ,4582155.6 ,2.165447007,41.386064051
2023S001788    ,5,Sarrià-Sant Gervasi,27,el Putxet i el Farró,279600,República Argentina,0013 0013,Dimarts,2023,3,March,28,Afternoon,18,Creuar per fora pas de vianants,Bus,Dona,45,Passatger,Desconegut                                                                                                                                            ,Unknown,Unknown,Ferit lleu: Rebutja assistència sanitària,428886.17 ,4584556.98,2.14804433,41.407567051
2023S001788    ,5,Sarrià-Sant Gervasi,27,el Putxet i el Farró,279600,República Argentina,0013 0013,Dimarts,2023,3,March,28,Afternoon,18,Creuar per fora pas de vianants,Bus,Dona,50,Passatger,Desconegut                                                                                                                                            ,Unknown,Unknown,Ferit lleu: Hospitalització fins a 24h,428886.17 ,4584556.98,2.14804433,41.407567051
2023S001788    ,5,Sarrià-Sant Gervasi,27,el Putxet i el Farró,279600,República Argentina,0013 0013,Dimarts,2023,3,March,28,Afternoon,18,Creuar per fora pas de vianants,Bus,Home,55,Passatger,Desconegut                                                                                                                                            ,Unknown,Unknown,Ferit lleu: Hospitalització fins a 24h,428886.17 ,4584556.98,2.14804433,41.407567051
2023S001788    ,5,Sarrià-Sant Gervasi,27,el Putxet i el Farró,279600,República Argentina,0013 0013,Dimarts,2023,3,March,28,Afternoon,18,Creuar per fora pas de vianants,Bus,Home,83,Passatger,Desconegut                                                                                                                                            ,Unknown,Unknown,Ferit lleu: Hospitalització fins a 24h,428886.17 ,4584556.98,2.14804433,41.407567051
2023S001789    ,2,Eixample,6,la Sagrada Família,350308,València,0470 0470,Dimecres,2023,3,March,29,Night,3,No és causa del  vianant,Motorcycle,Home,50,Driver,Desconegut                                                                                                                                            ,Unknown,In itínere,Ferit lleu: Hospitalització fins a 24h,431371.11 ,4584089.39,2.177825098,41.403571733
2023S001790    ,5,Sarrià-Sant Gervasi,27,el Putxet i el Farró,279600,República Argentina,0267 0269,Dimecres,2023,3,March,29,Morning,9,Creuar per fora pas de vianants,Motorcycle,Home,25,Driver,Fora del pas                                                                                                                                          ,Unknown,Altres activitats,Ferit lleu: Hospitalització fins a 24h,428111.39 ,4585196.93,2.138699515,41.413261864
2023S001791    ,3,Sants-Montjuïc,17,Sants - Badal,282252,Blanca,0069 0069,Dimarts,2023,3,March,28,Morning,12,No és causa del  vianant,Car,Dona,49,Passatger,Desconegut                                                                                                                                            ,Unknown,Unknown,Ferit lleu: Hospitalització fins a 24h,426949.99 ,4580746.51,2.125341534,41.373074
2023S001792    ,5,Sarrià-Sant Gervasi,26,Sant Gervasi - Galvany,144601,Diagonal,0490 0500,Dimecres,2023,3,March,29,Morning,10,No és causa del  vianant,Motorcycle,Dona,29,Driver,Desconegut                                                                                                                                            ,Unknown,Es desconeix,Ferit lleu: Amb assistència sanitària en lloc d'accident,429430.09 ,4583191.25,2.154710596,41.395314373
2023S001793    ,4,Les Corts,19,les Corts,343903,Corts,0319 0319,Thursday,2023,2,February,23,Afternoon,19,No és causa del  vianant,Motorcycle,Dona,25,Driver,Desconegut                                                                                                                                            ,Unknown,En missió,Ferit greu: hospitalització superior a 24h,427970.13 ,4582393.03,2.137343254,41.3879956
2023S001794    ,2,Eixample,7,la Dreta de l'Eixample,247659,Pau Claris,0073 0075,Dimecres,2023,3,March,29,Morning,9,No és causa del  vianant,Motorcycle,Dona,27,Driver,Desconegut                                                                                                                                            ,Unknown,Es desconeix,Ferit lleu: Hospitalització fins a 24h,430865.87 ,4582500.65,2.171962691,41.389219133
2023S001795    ,3,Sants-Montjuïc,12,la Marina del Prat Vermell,700127,Major de Mercabarna,0069 0069,Dimecres,2023,3,March,29,Morning,11,No és causa del  vianant,Altres vehicles amb motor,Home,54,Pedestrian,En pas sense regular                                                                                                                                  ,Es desconeix,Unknown,Ferit lleu: Hospitalització fins a 24h,426097.79 ,4576076.61,2.115721029,41.330936114
2023S001796    ,5,Sarrià-Sant Gervasi,26,Sant Gervasi - Galvany,248403,Prats de Molló,0008 0008,Dimecres,2023,3,March,29,Morning,11,No és causa del  vianant,Car,Home,55,Driver,Desconegut                                                                                                                                            ,Unknown,Altres activitats,Ferit lleu: Hospitalització fins a 24h,427987.74 ,4583875.1 ,2.137377524,41.401345606
2023S001797    ,5,Sarrià-Sant Gervasi,25,Sant Gervasi - la Bonanova,128503,Folgueroles,0051 0053,Dimecres,2023,3,March,29,Morning,11,No és causa del  vianant,Car,Dona,78,Pedestrian,En pas regulat per semàfor                                                                                                                            ,Oci i entreteniment,Unknown,Ferit lleu: Hospitalització fins a 24h,428027.99 ,4584509.27,2.137783544,41.407060926
2023S001798    ,7,Horta-Guinardó,39,Sant Genís dels Agudells,701267,Dalt (Besòs),001050000,Thursday,2023,3,March,30,Morning,8,No és causa del  vianant,Motorcycle,Home,22,Driver,Desconegut                                                                                                                                            ,Unknown,Es desconeix,Ferit lleu: Amb assistència sanitària en lloc d'accident,428389.44 ,4586359.41,2.141888429,41.423756676
2023S001799    ,8,Nou Barris,53,la Trinitat Nova,291402,Sa Tuna,0005X0005X,Dimecres,2023,3,March,29,Morning,13,No és causa del  vianant,Motorcycle,Home,57,Driver,Desconegut                                                                                                                                            ,Unknown,Es desconeix,Ferit lleu: Hospitalització fins a 24h,432267.62 ,4589429.39,2.187950959,41.451743461
2023S001800    ,2,Eixample,7,la Dreta de l'Eixample,268003,Provença,0306 0306,Dimecres,2023,3,March,29,Morning,12,Desobeir el senyal del semàfor,Bicicleta,Home,62,Pedestrian,Fora del pas                                                                                                                                          ,Unknown,Unknown,Ferit lleu: Hospitalització fins a 24h,430121.86 ,4583246.63,2.162978379,41.395873604
2023S001801    ,1,Ciutat Vella,3,la Barceloneta,701266,Litoral (Llobregat),000920000,Dimecres,2023,3,March,29,Afternoon,14,No és causa del  vianant,Motorcycle,Dona,34,Driver,Desconegut                                                                                                                                            ,Unknown,Es desconeix,Ferit lleu: Hospitalització fins a 24h,432487.96 ,4581946.87,2.191424374,41.384369239
2023S001802    ,3,Sants-Montjuïc,17,Sants - Badal,312400,Sants,0333 0335,Dimecres,2023,3,March,29,Afternoon,15,No és causa del  vianant,Motorcycle,Home,39,Driver,Desconegut                                                                                                                                            ,Unknown,Oci i entreteniment,Ferit lleu: Hospitalització fins a 24h,427090.12 ,4581013.41,2.126984908,41.37549058
2023S001803    ,2,Eixample,6,la Sagrada Família,18505,Aragó,0437 0439,Dimecres,2023,3,March,29,Morning,12,No és causa del  vianant,Motorcycle,Dona,34,Driver,Desconegut                                                                                                                                            ,Unknown,Es desconeix,Ferit lleu: Hospitalització fins a 24h,431379.76 ,4583943.12,2.177945163,41.402255063
2023S001804    ,5,Sarrià-Sant Gervasi,26,Sant Gervasi - Galvany,143904,General Mitre,0110 0110,Dimecres,2023,3,March,29,Afternoon,15,No és causa del  vianant,Motorcycle,Home,22,Driver,Desconegut                                                                                                                                            ,Unknown,Es desconeix,Ferit lleu: Hospitalització fins a 24h,427908.03 ,4583855.67,2.136426356,41.401163461
2023S001805    ,4,Les Corts,19,les Corts,144601,Diagonal,0579 0587,Dimecres,2023,3,March,29,Afternoon,16,No és causa del  vianant,Motorcycle,Home,23,Driver,Desconegut                                                                                                                                            ,Unknown,Es desconeix,Ferit lleu: Amb assistència sanitària en lloc d'accident,427575.97 ,4582577.49,2.13260725,41.389621548
2023S001807    ,8,Nou Barris,49,Canyelles,701267,Dalt (Besòs),001400000,Dimecres,2023,3,March,29,Afternoon,19,No és causa del  vianant,Motorcycle,Dona,54,Driver,Desconegut                                                                                                                                            ,Unknown,Es desconeix,Ferit lleu: Hospitalització fins a 24h,430808.39 ,4588463.43,2.170592827,41.442918895
2023S001808    ,7,Horta-Guinardó,33,el Baix Guinardó,332306,Taxdirt,0065 0065,Dimecres,2023,3,March,29,Afternoon,15,Desobeir el senyal del semàfor,Motorcycle,Home,33,Pedestrian,Desconegut                                                                                                                                            ,Oci i entreteniment,Unknown,Ferit lleu: Hospitalització fins a 24h,430596.75 ,4584883.22,2.168470787,41.410654979
2023S001809    ,7,Horta-Guinardó,43,Horta,701267,Dalt (Besòs),001280000,Dimecres,2023,3,March,29,Afternoon,18,No és causa del  vianant,Car,Dona,54,Driver,Desconegut                                                                                                                                            ,Unknown,Es desconeix,Ferit lleu: Hospitalització fins a 24h,429689.7  ,4588056.11,2.157249965,41.439153087
2023S001810    ,1,Ciutat Vella,1,el Raval,216906,Montalegre,0003B0003B,Dimecres,2023,3,March,29,Afternoon,16,No és causa del  vianant,Veh. mobilitat personal amb motor,Home,67,Pedestrian,A la vorera / Andana                                                                                                                                  ,Unknown,Unknown,Ferit lleu: Hospitalització fins a 24h,430428.62 ,4581912.36,2.16680087,41.383882864
2023S001811    ,6,Gràcia,30,la Salut,312207,Sanllehy,0002 0002,Dimecres,2023,3,March,29,Afternoon,19,No és causa del  vianant,Bus,Dona,57,Passatger,Desconegut                                                                                                                                            ,Unknown,Unknown,Ferit lleu: Rebutja assistència sanitària,429952.7  ,4585213.43,2.160727316,41.413573158
2023S001812    ,10,Sant Martí,71,Provençals del Poblenou,701414,C-31,020830000,Dimecres,2023,3,March,29,Night,23,No és causa del  vianant,Veh. mobilitat personal amb motor,Home,36,Pedestrian,A la vorera / Andana                                                                                                                                  ,Unknown,Unknown,Ferit lleu: Hospitalització fins a 24h,433942.83 ,4585841.27,2.20839795,41.419566019
2023S001813    ,3,Sants-Montjuïc,12,la Marina del Prat Vermell,370203,Número 3 Zona Franca,0069 0075,Thursday,2023,3,March,30,Morning,6,No és causa del  vianant,Motorcycle,Home,47,Driver,Desconegut                                                                                                                                            ,Unknown,In itínere,Ferit lleu: Amb assistència sanitària en lloc d'accident,427265.97 ,4576644.81,2.129611526,41.336160036
2023S001814    ,4,Les Corts,20,la Maternitat i Sant Ramon,244300,Pius XII,0005 0005,Thursday,2023,3,March,30,Morning,6,No és causa del  vianant,Motorcycle,Home,56,Driver,Desconegut                                                                                                                                            ,Unknown,Es desconeix,Ferit lleu: Hospitalització fins a 24h,426803.22 ,4582287.89,2.123400382,41.386943252