Case_Number,District_Code,District_Name,Neighborhood_Code,Neighborhood_Name,Street_Code,Street_Name,Postal_Code,Day_of_Week,Year,Month_Code,Month_Name,Day_of_Month,Shift_Description,Hour_of_Day,Pedestrian_Cause_Description,Involved_Vehicle_Type,Gender_Description,Age,Person_Type_Description,Pedestrian_Accident_Location_Description,Pedestrian_Movement_Reason_Description,Driver_Movement_Reason_Description,Victimization_Description,UTM_X_Coordinate,UTM_Y_Coordinate,Longitude,Latitude
2023S001815    ,3,Sants-Montjuïc,11,el Poble-sec,701266,Litoral (Llobregat),001310000,Thursday,2023,3,March,30,Morning,8,No és causa del  vianant,Motorcycle,Home,40,Driver,Desconegut                                                                                                                                            ,Unknown,In itínere,Ferit lleu: Amb assistència sanitària en lloc d'accident,430515.24 ,4579432.98,2.168121075,41.361559281
2023S001816    ,10,Sant Martí,73,la Verneda i la Pau,343200,Trajana,0042 0042,Thursday,2023,3,March,30,Morning,6,No és causa del  vianant,Bus,Dona,53,Passatger,Desconegut                                                                                                                                            ,Unknown,Unknown,Ferit lleu: Hospitalització fins a 24h,433501.25 ,4586845.07,2.203003786,41.428570514
2023S001817    ,2,Eixample,9,la Nova Esquerra de l'Eixample,361406,Viladomat,0161 0163,Thursday,2023,3,March,30,Morning,9,No és causa del  vianant,Motorcycle,Home,39,Driver,Desconegut                                                                                                                                            ,Unknown,In itínere,Ferit lleu: Hospitalització fins a 24h,429303.99 ,4581772.08,2.153368051,41.382521313
2023S001818    ,5,Sarrià-Sant Gervasi,25,Sant Gervasi - la Bonanova,143904,General Mitre,0115 0115,Thursday,2023,3,March,30,Morning,8,No és causa del  vianant,Motorcycle,Dona,29,Driver,Desconegut                                                                                                                                            ,Unknown,Es desconeix,Ferit lleu: Hospitalització fins a 24h,427891.79 ,4583865.87,2.136230879,41.401253871
2023S001819    ,6,Gràcia,32,el Camp d'en Grassot i Gràcia Nova,297001,Sant Antoni Maria Claret,0037 0037,Thursday,2023,3,March,30,Morning,7,No és causa del  vianant,Motorcycle,Dona,14,Passatger,Desconegut                                                                                                                                            ,Unknown,Unknown,Ferit lleu: Amb assistència sanitària en lloc d'accident,430369.52 ,4584234.59,2.165826945,41.404793327
2023S001820    ,2,Eixample,7,la Dreta de l'Eixample,144601,Diagonal,0422 0422,Thursday,2023,3,March,30,Morning,11,No és causa del  vianant,Motorcycle,Home,50,Driver,Desconegut                                                                                                                                            ,Unknown,Es desconeix,Ferit lleu: Amb assistència sanitària en lloc d'accident,430134.59 ,4583421.81,2.163110418,41.397452499
2023S001821    ,8,Nou Barris,46,el Turó de la Peira,103003,Doctor Pi i Molist,0077 0077,Thursday,2023,3,March,30,Morning,9,No és causa del  vianant,Motorcycle,Dona,25,Driver,Desconegut                                                                                                                                            ,Unknown,Es desconeix,Ferit lleu: Hospitalització fins a 24h,430992.73 ,4587449.92,2.172915126,41.433806465
2023S001822    ,10,Sant Martí,64,el Camp de l'Arpa del Clot,194406,Maragall,0033 0035,Thursday,2023,3,March,30,Morning,11,No és causa del  vianant,Motorcycle,Dona,24,Passatger,Desconegut                                                                                                                                            ,Unknown,Unknown,Ferit lleu: Hospitalització fins a 24h,431607.86 ,4585359.6 ,2.180513566,41.415032305
2023S001822    ,10,Sant Martí,64,el Camp de l'Arpa del Clot,194406,Maragall,0033 0035,Thursday,2023,3,March,30,Morning,11,No és causa del  vianant,Motorcycle,Dona,20,Driver,Desconegut                                                                                                                                            ,Unknown,Oci i entreteniment,Ferit lleu: Hospitalització fins a 24h,431607.86 ,4585359.6 ,2.180513566,41.415032305
2023S001823    ,7,Horta-Guinardó,39,Sant Genís dels Agudells,168803,Jordà,0011X0011X,Thursday,2023,3,March,30,Morning,12,No és causa del  vianant,Motorcycle,Dona,59,Driver,Desconegut                                                                                                                                            ,Unknown,Es desconeix,Ferit lleu: Hospitalització fins a 24h,428296.56 ,4586532.34,2.140756506,41.425305894
2023S001824    ,4,Les Corts,21,Pedralbes,701268,Dalt (Llobregat),0010S0000,Thursday,2023,3,March,30,Morning,13,No és causa del  vianant,Car,Home,28,Driver,Desconegut                                                                                                                                            ,Unknown,Es desconeix,Ferit lleu: Rebutja assistència sanitària,425389.21 ,4582352.54,2.106482002,41.38739555
2023S001824    ,4,Les Corts,21,Pedralbes,701268,Dalt (Llobregat),0010S0000,Thursday,2023,3,March,30,Morning,13,No és causa del  vianant,Car,Home,45,Driver,Desconegut                                                                                                                                            ,Unknown,Es desconeix,Ferit lleu: Hospitalització fins a 24h,425389.21 ,4582352.54,2.106482002,41.38739555
2023S001825    ,9,Sant Andreu,58,Baró de Viver,701497,B-10 (Llobregat),000050000,Thursday,2023,3,March,30,Morning,13,No és causa del  vianant,Motorcycle,Home,27,Driver,Desconegut                                                                                                                                            ,Unknown,Es desconeix,Ferit lleu: Hospitalització fins a 24h,433072.09 ,4589234.17,2.197603194,41.450052707
2023S001826    ,7,Horta-Guinardó,43,Horta,701309,Botticelli,0001X0001X,Thursday,2023,3,March,30,Morning,13,No és causa del  vianant,Motorcycle,Dona,31,Driver,Desconegut                                                                                                                                            ,Unknown,Es desconeix,Ferit lleu: Hospitalització fins a 24h,429350.45 ,4587439.72,2.153261616,41.433571724
2023S001827    ,9,Sant Andreu,60,Sant Andreu,119003,Fabra i Puig,0116 0116,Thursday,2023,3,March,30,Afternoon,14,No és causa del  vianant,Car,Home,42,Driver,Desconegut                                                                                                                                            ,Unknown,Es desconeix,Ferit lleu: Amb assistència sanitària en lloc d'accident,431870.03 ,4587039.84,2.183460905,41.430187961
2023S001828    ,8,Nou Barris,46,el Turó de la Peira,295403,Sant Iscle,0086 0088,Thursday,2023,3,March,30,Afternoon,17,No és causa del  vianant,Ciclomotor,Dona,35,Driver,Desconegut                                                                                                                                            ,Unknown,Es desconeix,Ferit lleu: Hospitalització fins a 24h,430715.02 ,4587570.96,2.169577617,41.434872703
2023S001829    ,10,Sant Martí,66,el Parc i la Llacuna del Poblenou,144601,Diagonal,0220 0228,Thursday,2023,3,March,30,Afternoon,16,No és causa del  vianant,Veh. mobilitat personal amb motor,Home,48,Pedestrian,A la vorera / Andana                                                                                                                                  ,Unknown,Unknown,Ferit lleu: Amb assistència sanitària en lloc d'accident,432509.96 ,4584146.81,2.191442156,41.404185365
2023S001829    ,10,Sant Martí,66,el Parc i la Llacuna del Poblenou,144601,Diagonal,0220 0228,Thursday,2023,3,March,30,Afternoon,16,No és causa del  vianant,Veh. mobilitat personal amb motor,Home,33,Driver,A la vorera / Andana                                                                                                                                  ,Unknown,In itínere,Ferit lleu: Amb assistència sanitària en lloc d'accident,432509.96 ,4584146.81,2.191442156,41.404185365
2023S001830    ,10,Sant Martí,65,el Clot,350308,València,0671 0671,Thursday,2023,3,March,30,Afternoon,15,No és causa del  vianant,Motorcycle,Home,51,Driver,Desconegut                                                                                                                                            ,Unknown,En missió,Ferit lleu: Hospitalització fins a 24h,432411.1  ,4585107.29,2.190152196,41.412827821
2023S001831    ,2,Eixample,7,la Dreta de l'Eixample,169409,Corts Catalanes,0700 0700,Thursday,2023,3,March,30,Afternoon,18,No és causa del  vianant,Bus,Dona,75,Passatger,Desconegut                                                                                                                                            ,Unknown,Unknown,Ferit lleu: Hospitalització fins a 24h,431015.19 ,4583010.59,2.173690414,41.393824837
2023S001832    ,9,Sant Andreu,57,la Trinitat Vella,701267,Dalt (Besòs),001580000,Thursday,2023,3,March,30,Afternoon,17,No és causa del  vianant,Motorcycle,Home,30,Driver,Desconegut                                                                                                                                            ,Unknown,In itínere,Ferit lleu: Hospitalització fins a 24h,432874.92 ,4588954.69,2.195273947,41.447519052
2023S001833    ,1,Ciutat Vella,2,el Barri Gòtic,144204,Ample,0053 0053,Thursday,2023,3,March,30,Afternoon,17,No és causa del  vianant,Bicicleta,Home,48,Driver,Desconegut                                                                                                                                            ,Unknown,Es desconeix,Ferit lleu: Hospitalització fins a 24h,431582.16 ,4581606.15,2.180630457,41.381223898
2023S001834    ,2,Eixample,6,la Sagrada Família,238400,Padilla,0296B0296B,Thursday,2023,3,March,30,Afternoon,17,No és causa del  vianant,Motorcycle,Dona,37,Passatger,Desconegut                                                                                                                                            ,Unknown,Unknown,Ferit lleu: Amb assistència sanitària en lloc d'accident,431087.38 ,4584563.89,2.174376938,41.407821118
2023S001835    ,2,Eixample,7,la Dreta de l'Eixample,169409,Corts Catalanes,0604 0604,Thursday,2023,3,March,30,Afternoon,18,Desobeir el senyal del semàfor,Taxi,Home,54,Pedestrian,En pas regulat per semàfor                                                                                                                            ,Unknown,Unknown,Ferit lleu: Hospitalització fins a 24h,430311.08 ,4582286.33,2.165352193,41.387240918
2023S001836    ,2,Eixample,10,Sant Antoni,308709,Sant Pau,0015 0015,Thursday,2023,3,March,30,Afternoon,21,No és causa del  vianant,Motorcycle,Dona,25,Passatger,Desconegut                                                                                                                                            ,Unknown,Unknown,Ferit lleu: Amb assistència sanitària en lloc d'accident,430412.82 ,4581010.62,2.166715521,41.375759793
2023S001836    ,2,Eixample,10,Sant Antoni,308709,Sant Pau,0015 0015,Thursday,2023,3,March,30,Afternoon,21,No és causa del  vianant,Bicicleta,Dona,29,Driver,Desconegut                                                                                                                                            ,Unknown,En missió,Ferit lleu: Hospitalització fins a 24h,430412.82 ,4581010.62,2.166715521,41.375759793
2023S001836    ,2,Eixample,10,Sant Antoni,308709,Sant Pau,0015 0015,Thursday,2023,3,March,30,Afternoon,21,No és causa del  vianant,Motorcycle,Home,32,Driver,Desconegut                                                                                                                                            ,Unknown,En missió,Ferit lleu: Amb assistència sanitària en lloc d'accident,430412.82 ,4581010.62,2.166715521,41.375759793
2023S001837    ,2,Eixample,5,el Fort Pienc,305100,Sant Joan,0002 0002,Thursday,2023,3,March,30,Night,23,No és causa del  vianant,Autobús articulat,Dona,32,Passatger,Desconegut                                                                                                                                            ,Unknown,Unknown,Ferit lleu: Amb assistència sanitària en lloc d'accident,431530.8  ,4582759.73,2.179885827,41.391609502
2023S001838    ,2,Eixample,6,la Sagrada Família,191204,Mallorca,0417 0417,Friday,2023,3,March,31,Night,5,No és causa del  vianant,Car,Dona,59,Driver,Desconegut                                                                                                                                            ,Unknown,In itínere,Ferit lleu: Hospitalització fins a 24h,431277.27 ,4584186.43,2.176691518,41.404437721
2023S001838    ,2,Eixample,6,la Sagrada Família,191204,Mallorca,0417 0417,Friday,2023,3,March,31,Night,5,No és causa del  vianant,Car,Home,39,Driver,Desconegut                                                                                                                                            ,Unknown,In itínere,Ferit lleu: Amb assistència sanitària en lloc d'accident,431277.27 ,4584186.43,2.176691518,41.404437721
2023S001839    ,6,Gràcia,28,Vallcarca i els Penitents,120104,Farigola,0050 0050,Friday,2023,3,March,31,Morning,8,No és causa del  vianant,Bicicleta,Dona,36,Driver,Desconegut                                                                                                                                            ,Unknown,Es desconeix,Ferit lleu: Amb assistència sanitària en lloc d'accident,428790.8  ,4585228.64,2.146824324,41.413607982
2023S001840    ,10,Sant Martí,71,Provençals del Poblenou,701414,C-31,020750000,Friday,2023,3,March,31,Morning,10,No és causa del  vianant,Motorcycle,Dona,29,Driver,Desconegut                                                                                                                                            ,Unknown,Es desconeix,Ferit lleu: Amb assistència sanitària en lloc d'accident,433372.35 ,4585277.86,2.201633992,41.41444441
2023S001841    ,9,Sant Andreu,60,Sant Andreu,701767,Teresa Boronat i Fabra,0032 0032,Friday,2023,3,March,31,Morning,8,No és causa del  vianant,Car,Dona,7,Pedestrian,En pas regulat per semàfor                                                                                                                            ,En missió,Unknown,Ferit lleu: Hospitalització fins a 24h,432483.54 ,4588714.69,2.190615754,41.445324612
2023S001842    ,1,Ciutat Vella,2,el Barri Gòtic,82901,Colom,0001 0001,Friday,2023,3,March,31,Morning,10,No és causa del  vianant,Motorcycle,Home,57,Driver,Desconegut                                                                                                                                            ,Unknown,Es desconeix,Ferit lleu: Hospitalització fins a 24h,431645.93 ,4581570.38,2.181397078,41.380907151
2023S001843    ,4,Les Corts,19,les Corts,187207,Madrid,0125C0125C,Friday,2023,3,March,31,Morning,13,No és causa del  vianant,Motorcycle,Home,55,Driver,Desconegut                                                                                                                                            ,Unknown,In itínere,Ferit lleu: Hospitalització fins a 24h,427343.61 ,4581494.04,2.129958279,41.379842371
2023S001844    ,6,Gràcia,28,Vallcarca i els Penitents,701267,Dalt (Besòs),000990000,Friday,2023,3,March,31,Morning,13,No és causa del  vianant,Motorcycle,Home,60,Driver,Desconegut                                                                                                                                            ,Unknown,En missió,Ferit lleu: Hospitalització fins a 24h,428175.88 ,4585794.94,2.139400038,41.41865366
2023S001845    ,-1,Unknown,-1,Unknown,-1,Unknown,Unknown,Friday,2023,3,March,31,Morning,13,No és causa del  vianant,Motorcycle,Dona,28,Driver,Desconegut                                                                                                                                            ,Unknown,Oci i entreteniment,Ferit lleu: Hospitalització fins a 24h,426451.5  ,4581657.08,2.119270698,41.381229711
2023S001846    ,3,Sants-Montjuïc,12,la Marina del Prat Vermell,701265,Litoral (Besòs),001380000,Friday,2023,3,March,31,Afternoon,14,No és causa del  vianant,Motorcycle,Home,43,Driver,Desconegut                                                                                                                                            ,Unknown,Oci i entreteniment,Ferit lleu: Hospitalització fins a 24h,429644.79 ,4578490.83,2.157824421,41.352997967
2023S001847    ,6,Gràcia,32,el Camp d'en Grassot i Gràcia Nova,109203,Encarnació,0129 0129,Friday,2023,3,March,31,Morning,12,No és causa del  vianant,Motorcycle,Home,41,Driver,Desconegut                                                                                                                                            ,Unknown,En missió,Ferit lleu: Hospitalització fins a 24h,430246.54 ,4584707.28,2.16430127,41.409040015
2023S001848    ,10,Sant Martí,66,el Parc i la Llacuna del Poblenou,330107,Tànger,0037 0037,Friday,2023,3,March,31,Afternoon,14,Creuar per fora pas de vianants,Motorcycle,Home,58,Pedestrian,Fora del pas                                                                                                                                          ,Unknown,Unknown,Ferit lleu: Hospitalització fins a 24h,432377.89 ,4583707.32,2.189911379,41.400215898
2023S001848    ,10,Sant Martí,66,el Parc i la Llacuna del Poblenou,330107,Tànger,0037 0037,Friday,2023,3,March,31,Afternoon,14,Creuar per fora pas de vianants,Motorcycle,Home,56,Driver,Fora del pas                                                                                                                                          ,Unknown,In itínere,Ferit lleu: Hospitalització fins a 24h,432377.89 ,4583707.32,2.189911379,41.400215898
2023S001849    ,5,Sarrià-Sant Gervasi,24,les Tres Torres,143904,General Mitre,0081 0091,Friday,2023,3,March,31,Afternoon,16,No és causa del  vianant,Motorcycle,Home,29,Passatger,Desconegut                                                                                                                                            ,Unknown,Unknown,Ferit lleu: Hospitalització fins a 24h,427681.98 ,4583578.13,2.133755545,41.398643459
2023S001849    ,5,Sarrià-Sant Gervasi,24,les Tres Torres,143904,General Mitre,0081 0091,Friday,2023,3,March,31,Afternoon,16,No és causa del  vianant,Motorcycle,Home,33,Driver,Desconegut                                                                                                                                            ,Unknown,Es desconeix,Ferit lleu: Hospitalització fins a 24h,427681.98 ,4583578.13,2.133755545,41.398643459
2023S001850    ,2,Eixample,9,la Nova Esquerra de l'Eixample,162002,Josep Tarradellas,0118 0118,Friday,2023,3,March,31,Afternoon,17,No és causa del  vianant,Veh. mobilitat personal amb motor,Dona,38,Driver,Desconegut                                                                                                                                            ,Unknown,Es desconeix,Ferit lleu: Hospitalització fins a 24h,428499.73 ,4582666.13,2.143644741,41.390502587
2023S001852    ,1,Ciutat Vella,2,el Barri Gòtic,74404,Catalunya,0021 0022,Friday,2023,3,March,31,Afternoon,18,No és causa del  vianant,Motorcycle,Dona,65,Driver,Desconegut                                                                                                                                            ,Unknown,Es desconeix,Ferit lleu: Hospitalització fins a 24h,430782.37 ,4582171.27,2.171001704,41.386245321
2023S001852    ,1,Ciutat Vella,2,el Barri Gòtic,74404,Catalunya,0021 0022,Friday,2023,3,March,31,Afternoon,18,No és causa del  vianant,Motorcycle,Dona,52,Driver,Desconegut                                                                                                                                            ,Unknown,Oci i entreteniment,Ferit lleu: Amb assistència sanitària en lloc d'accident,430782.37 ,4582171.27,2.171001704,41.386245321
2023S001853    ,2,Eixample,8,l'Antiga Esquerra de l'Eixample,349706,Comte d'Urgell,0255 0255,Friday,2023,3,March,31,Afternoon,18,No és causa del  vianant,Taxi,Dona,58,Passatger,Desconegut                                                                                                                                            ,Unknown,Unknown,Ferit lleu: Hospitalització fins a 24h,428682.37 ,4582826.09,2.145810261,41.391959513
2023S001854    ,2,Eixample,6,la Sagrada Família,18505,Aragó,0530 0532,Friday,2023,3,March,31,Afternoon,17,No és causa del  vianant,Ciclomotor,Home,29,Driver,Desconegut                                                                                                                                            ,Unknown,Es desconeix,Ferit lleu: Hospitalització fins a 24h,431800.46 ,4584294.95,2.182938003,41.405459708
2023S001855    ,10,Sant Martí,69,Diagonal Mar i el Front Marítim del Poblenou,144601,Diagonal,0032 0032,Friday,2023,3,March,31,Afternoon,19,No és causa del  vianant,Veh. mobilitat personal amb motor,Dona,25,Driver,Desconegut                                                                                                                                            ,Unknown,Oci i entreteniment,Ferit lleu: Hospitalització fins a 24h,434359.57 ,4584802.93,2.213497176,41.410248122
2023S001856    ,2,Eixample,5,el Fort Pienc,169409,Corts Catalanes,0814 0814,Friday,2023,3,March,31,Afternoon,18,No és causa del  vianant,Motorcycle,Dona,35,Driver,Desconegut                                                                                                                                            ,Unknown,Es desconeix,Ferit lleu: Hospitalització fins a 24h,431843.45 ,4583785.44,2.183509686,41.40087435
2023S001857    ,5,Sarrià-Sant Gervasi,23,Sarrià,37350,J. V. Foix,0092 0092,Friday,2023,3,March,31,Afternoon,21,No és causa del  vianant,Car,Home,27,Passatger,Desconegut                                                                                                                                            ,Unknown,Unknown,Ferit lleu: Amb assistència sanitària en lloc d'accident,426447.33 ,4583515.33,2.11899507,41.397965798
2023S001857    ,5,Sarrià-Sant Gervasi,23,Sarrià,37350,J. V. Foix,0092 0092,Friday,2023,3,March,31,Afternoon,21,No és causa del  vianant,Car,Dona,23,Driver,Desconegut                                                                                                                                            ,Unknown,Es desconeix,Ferit lleu: Amb assistència sanitària en lloc d'accident,426447.33 ,4583515.33,2.11899507,41.397965798
2023S001858    ,8,Nou Barris,50,les Roquetes,212304,Mina de la Ciutat,0018 0018,Friday,2023,3,March,31,Afternoon,17,No és causa del  vianant,Motorcycle,Home,21,Driver,Desconegut                                                                                                                                            ,Unknown,Es desconeix,Ferit lleu: Hospitalització fins a 24h,431098.46 ,4588931.48,2.174011445,41.447159403
2023S001858    ,8,Nou Barris,50,les Roquetes,212304,Mina de la Ciutat,0018 0018,Friday,2023,3,March,31,Afternoon,17,No és causa del  vianant,Car,Dona,38,Driver,Desconegut                                                                                                                                            ,Unknown,Es desconeix,Ferit lleu: Hospitalització fins a 24h,431098.46 ,4588931.48,2.174011445,41.447159403
2023S001859    ,8,Nou Barris,49,Canyelles,701267,Dalt (Besòs),001400000,Friday,2023,3,March,31,Afternoon,18,No és causa del  vianant,Motorcycle,Home,36,Driver,Desconegut                                                                                                                                            ,Unknown,Altres activitats,Ferit lleu: Hospitalització fins a 24h,430785.04 ,4588472.05,2.170312348,41.442994518
2023S001860    ,2,Eixample,7,la Dreta de l'Eixample,350308,València,0241 0241,Friday,2023,3,March,31,Afternoon,16,No és causa del  vianant,Bicicleta,Home,18,Driver,Desconegut                                                                                                                                            ,Unknown,Oci i entreteniment,Ferit lleu: Hospitalització fins a 24h,430094.67 ,4582858.13,2.16269803,41.392372148
2023S001862    ,2,Eixample,8,l'Antiga Esquerra de l'Eixample,144601,Diagonal,0433 0433,Saturday,2023,4,April,1,Night,0,No és causa del  vianant,Motorcycle,Home,22,Driver,Desconegut                                                                                                                                            ,Unknown,Altres activitats,Ferit lleu: Hospitalització fins a 24h,429144.63 ,4583098.78,2.151307076,41.394456414
2023S001862    ,2,Eixample,8,l'Antiga Esquerra de l'Eixample,144601,Diagonal,0433 0433,Saturday,2023,4,April,1,Night,0,No és causa del  vianant,Motorcycle,Dona,19,Passatger,Desconegut                                                                                                                                            ,Unknown,Unknown,Ferit lleu: Hospitalització fins a 24h,429144.63 ,4583098.78,2.151307076,41.394456414
2023S001863    ,5,Sarrià-Sant Gervasi,24,les Tres Torres,701434,Mig (Descendent),000400000,Saturday,2023,4,April,1,Morning,7,No és causa del  vianant,Motorcycle,Dona,36,Driver,Desconegut                                                                                                                                            ,Unknown,Es desconeix,Ferit lleu: Hospitalització fins a 24h,427605.52 ,4583482.64,2.1328524,41.397776536
2023S001864    ,5,Sarrià-Sant Gervasi,23,Sarrià,320908,Sarrià a Vallvidrera,0137 0139,Saturday,2023,4,April,1,Morning,8,No és causa del  vianant,Furgoneta,Dona,28,Driver,Desconegut                                                                                                                                            ,Unknown,En missió,Ferit lleu: Amb assistència sanitària en lloc d'accident,425786.69 ,4584456.33,2.110977589,41.406380216
2023S001865    ,8,Nou Barris,53,la Trinitat Nova,132205,Fosca,0014X0014X,Saturday,2023,4,April,1,Morning,11,No és causa del  vianant,Car,Dona,75,Pedestrian,En pas sense regular                                                                                                                                  ,Es desconeix,Unknown,Ferit lleu: Hospitalització fins a 24h,431898.5  ,4589028.91,2.183577297,41.448105232
2023S001866    ,5,Sarrià-Sant Gervasi,25,Sant Gervasi - la Bonanova,701268,Dalt (Llobregat),000800000,Saturday,2023,4,April,1,Morning,11,No és causa del  vianant,Motorcycle,Home,51,Passatger,Desconegut                                                                                                                                            ,Unknown,Unknown,Ferit lleu: Hospitalització fins a 24h,426771.17 ,4584613.55,2.122735672,41.407886559
2023S001866    ,5,Sarrià-Sant Gervasi,25,Sant Gervasi - la Bonanova,701268,Dalt (Llobregat),000800000,Saturday,2023,4,April,1,Morning,11,No és causa del  vianant,Motorcycle,Home,52,Driver,Desconegut                                                                                                                                            ,Unknown,En missió,Ferit lleu: Hospitalització fins a 24h,426771.17 ,4584613.55,2.122735672,41.407886559
2023S001869    ,2,Eixample,8,l'Antiga Esquerra de l'Eixample,70607,Casanova,0062 0062,Saturday,2023,4,April,1,Morning,13,No és causa del  vianant,Bicicleta,Home,34,Driver,Desconegut                                                                                                                                            ,Unknown,Oci i entreteniment,Ferit lleu: Hospitalització fins a 24h,429799.14 ,4582062.17,2.159255686,41.385177442
2023S001870    ,9,Sant Andreu,63,Navas,121402,Felip II,0105X0105X,Saturday,2023,4,April,1,Morning,13,No és causa del  vianant,Bicicleta,Home,31,Driver,Desconegut                                                                                                                                            ,Unknown,Es desconeix,Ferit lleu: Amb assistència sanitària en lloc d'accident,432046.36 ,4586051.66,2.185682233,41.421302692
2023S001871    ,2,Eixample,5,el Fort Pienc,169409,Corts Catalanes,0790 0790,Saturday,2023,4,April,1,Afternoon,14,No és causa del  vianant,Car,Home,48,Driver,Desconegut                                                                                                                                            ,Unknown,Es desconeix,Ferit lleu: Hospitalització fins a 24h,431743.43 ,4583649.58,2.182328577,41.399642209
2023S001872    ,3,Sants-Montjuïc,18,Sants,138802,Galileu,0005 0005,Saturday,2023,4,April,1,Afternoon,18,Creuar per fora pas de vianants,Motorcycle,Dona,57,Pedestrian,Fora del pas                                                                                                                                          ,In itinere,Unknown,Ferit greu: hospitalització superior a 24h,427827.31 ,4581129.52,2.135785776,41.376602829
2023S001873    ,7,Horta-Guinardó,33,el Baix Guinardó,76807,Sardenya,0472 0472,Saturday,2023,4,April,1,Afternoon,18,No és causa del  vianant,Bicicleta,Home,36,Driver,Desconegut                                                                                                                                            ,Unknown,Es desconeix,Ferit lleu: Hospitalització fins a 24h,430319.49 ,4584766.44,2.165167184,41.40957918
2023S001874    ,9,Sant Andreu,59,el Bon Pastor,123306,Ferran Junoy,0054 0054,Saturday,2023,4,April,1,Afternoon,18,No és causa del  vianant,Motorcycle,Home,46,Driver,Desconegut                                                                                                                                            ,Unknown,Oci i entreteniment,Ferit lleu: Hospitalització fins a 24h,432996.94 ,4588404.96,2.196795611,41.442578016
2023S001875    ,2,Eixample,7,la Dreta de l'Eixample,144601,Diagonal,9995 9995,Saturday,2023,4,April,1,Afternoon,21,No és causa del  vianant,Motorcycle,Home,39,Driver,Desconegut                                                                                                                                            ,Unknown,Es desconeix,Ferit lleu: Amb assistència sanitària en lloc d'accident,430924.97 ,4583640.29,2.17253945,41.399488602
2023S001876    ,8,Nou Barris,44,Vilapicina i la Torre Llobeta,119003,Fabra i Puig,0095 0095,Saturday,2023,4,April,1,Afternoon,19,No és causa del  vianant,Motorcycle,Home,52,Driver,Desconegut                                                                                                                                            ,Unknown,Oci i entreteniment,Ferit lleu: Amb assistència sanitària en lloc d'accident,431870.03 ,4587039.84,2.183460905,41.430187961
2023S001877    ,6,Gràcia,28,Vallcarca i els Penitents,158107,Vallcarca,0081 0081,Saturday,2023,4,April,1,Night,23,No és causa del  vianant,Car,Dona,21,Passatger,Desconegut                                                                                                                                            ,Unknown,Unknown,Ferit lleu: Amb assistència sanitària en lloc d'accident,428771.36 ,4584915.84,2.146628584,41.410788993
2023S001877    ,6,Gràcia,28,Vallcarca i els Penitents,158107,Vallcarca,0081 0081,Saturday,2023,4,April,1,Night,23,No és causa del  vianant,Car,Home,24,Passatger,Desconegut                                                                                                                                            ,Unknown,Unknown,Ferit lleu: Amb assistència sanitària en lloc d'accident,428771.36 ,4584915.84,2.146628584,41.410788993
2023S001877    ,6,Gràcia,28,Vallcarca i els Penitents,158107,Vallcarca,0081 0081,Saturday,2023,4,April,1,Night,23,No és causa del  vianant,Car,Home,26,Driver,Desconegut                                                                                                                                            ,Unknown,Oci i entreteniment,Ferit lleu: Amb assistència sanitària en lloc d'accident,428771.36 ,4584915.84,2.146628584,41.410788993
2023S001877    ,6,Gràcia,28,Vallcarca i els Penitents,158107,Vallcarca,0081 0081,Saturday,2023,4,April,1,Night,23,No és causa del  vianant,Car,Home,38,Driver,Desconegut                                                                                                                                            ,Unknown,Oci i entreteniment,Ferit lleu: Amb assistència sanitària en lloc d'accident,428771.36 ,4584915.84,2.146628584,41.410788993
2023S001878    ,2,Eixample,6,la Sagrada Família,350308,València,0416 0416,Diumenge,2023,4,April,2,Night,0,No és causa del  vianant,Motorcycle,Home,43,Driver,Desconegut                                                                                                                                            ,Unknown,En missió,Ferit lleu: Hospitalització fins a 24h,431169.93 ,4583892.6 ,2.175440883,41.401782098
2023S001879    ,7,Horta-Guinardó,33,el Baix Guinardó,365702,Mare de Déu de Montserrat,0112 0112,Diumenge,2023,4,April,2,Night,3,No és causa del  vianant,Motorcycle,Home,30,Driver,Desconegut                                                                                                                                            ,Unknown,Oci i entreteniment,Ferit lleu: Hospitalització fins a 24h,430663.84 ,4585414   ,2.16921257,41.415441326
2023S001883    ,7,Horta-Guinardó,37,el Carmel,97807,Dante Alighieri,0159 0163,Diumenge,2023,4,April,2,Morning,9,No és causa del  vianant,Veh. mobilitat personal amb motor,Dona,41,Pedestrian,A la vorera / Andana                                                                                                                                  ,Unknown,Unknown,Ferit lleu: Amb assistència sanitària en lloc d'accident,429337.52 ,4586510.71,2.153215525,41.42520337
2023S001884    ,2,Eixample,5,el Fort Pienc,76807,Sardenya,0181 0181,Diumenge,2023,4,April,2,Night,2,No és causa del  vianant,Ciclomotor,Home,54,Driver,Desconegut                                                                                                                                            ,Unknown,En missió,Ferit lleu: Hospitalització fins a 24h,431553.84 ,4583500.42,2.180077624,41.398282643
2023S001886    ,10,Sant Martí,65,el Clot,89004,Consell de Cent,0611 0611,Friday,2023,4,April,21,Afternoon,17,No és causa del  vianant,Veh. mobilitat personal amb motor,Dona,29,Driver,Desconegut                                                                                                                                            ,Unknown,Oci i entreteniment,Ferit lleu: Hospitalització fins a 24h,432028.36 ,4584359.69,2.185657054,41.406062115
2023S001888    ,-1,Unknown,-1,Unknown,-1,Unknown,Unknown,Diumenge,2023,4,April,2,Night,22,No és causa del  vianant,Motorcycle,Home,42,Pedestrian,Fora del pas                                                                                                                                          ,Oci i entreteniment,Unknown,Ferit lleu: Hospitalització fins a 24h,428306.42 ,4579508.49,2.141706451,41.362045612