Case_Number,District_Code,District_Name,Neighborhood_Code,Neighborhood_Name,Street_Code,Street_Name,Postal_Code,Day_of_Week,Year,Month_Code,Month_Name,Day_of_Month,Shift_Description,Hour_of_Day,Pedestrian_Cause_Description,Involved_Vehicle_Type,Gender_Description,Age,Person_Type_Description,Pedestrian_Accident_Location_Description,Pedestrian_Movement_Reason_Description,Driver_Movement_Reason_Description,Victimization_Description,UTM_X_Coordinate,UTM_Y_Coordinate,Longitude,Latitude
2023S001889    ,3,Sants-Montjuïc,12,la Marina del Prat Vermell,369408,Zona Franca,0053 0059,Dilluns,2023,4,April,3,Morning,6,No és causa del  vianant,Veh. mobilitat personal amb motor,Home,57,Driver,Desconegut                                                                                                                                            ,Unknown,In itínere,Ferit lleu: Amb assistència sanitària en lloc d'accident,428434.43 ,4578635.81,2.143339773,41.354197055
2023S001890    ,2,Eixample,8,l'Antiga Esquerra de l'Eixample,32700,Balmes,0079B0079B,Diumenge,2023,4,April,2,Morning,8,No és causa del  vianant,Motorcycle,Home,40,Driver,Desconegut                                                                                                                                            ,Unknown,En missió,Ferit lleu: Hospitalització fins a 24h,429929.89 ,4582678.07,2.160748048,41.39073606
2023S001891    ,4,Les Corts,19,les Corts,701433,Mig (Ascendent),000240000,Dilluns,2023,4,April,3,Morning,9,No és causa del  vianant,Veh. mobilitat personal amb motor,Dona,38,Driver,Desconegut                                                                                                                                            ,Unknown,In itínere,Ferit lleu: Amb assistència sanitària en lloc d'accident,427115.13 ,4582227.97,2.1271378,41.386431913
2023S001892    ,4,Les Corts,19,les Corts,144601,Diagonal,0501 0501,Dilluns,2023,4,April,3,Morning,8,No és causa del  vianant,Motorcycle,Home,33,Driver,Desconegut                                                                                                                                            ,Unknown,Es desconeix,Ferit lleu: Hospitalització fins a 24h,428368.43 ,4582801.58,2.142058373,41.391710846
2023S001893    ,4,Les Corts,19,les Corts,144601,Diagonal,0511 0511,Dilluns,2023,4,April,3,Morning,9,No és causa del  vianant,Motorcycle,Home,51,Driver,Desconegut                                                                                                                                            ,Unknown,Es desconeix,Ferit lleu: Hospitalització fins a 24h,428279.91 ,4582772.81,2.141003068,41.391443832
2023S001894    ,4,Les Corts,19,les Corts,231502,Numància,0052 0054,Dilluns,2023,4,April,3,Morning,9,No és causa del  vianant,Motorcycle,Dona,34,Driver,Desconegut                                                                                                                                            ,Unknown,In itínere,Ferit lleu: Amb assistència sanitària en lloc d'accident,428088.18 ,4581907.76,2.1388127,41.383635521
2023S001895    ,2,Eixample,7,la Dreta de l'Eixample,49509,Bruc,0149 0149,Dilluns,2023,4,April,3,Morning,9,No és causa del  vianant,Veh. mobilitat personal amb motor,Dona,44,Driver,Desconegut                                                                                                                                            ,Unknown,Es desconeix,Ferit lleu: Amb assistència sanitària en lloc d'accident,430164.88 ,4583567.29,2.163455937,41.398765421
2023S001896    ,5,Sarrià-Sant Gervasi,24,les Tres Torres,139805,Ganduxer,0115 0115,Dilluns,2023,4,April,3,Morning,11,No és causa del  vianant,Motorcycle,Home,72,Driver,Desconegut                                                                                                                                            ,Unknown,En missió,Ferit lleu: Hospitalització fins a 24h,427578.35 ,4583878.29,2.13248006,41.401337546
2023S001896    ,5,Sarrià-Sant Gervasi,24,les Tres Torres,139805,Ganduxer,0115 0115,Dilluns,2023,4,April,3,Morning,11,No és causa del  vianant,Motorcycle,Home,53,Driver,Desconegut                                                                                                                                            ,Unknown,In itínere,Ferit lleu: Rebutja assistència sanitària,427578.35 ,4583878.29,2.13248006,41.401337546
2023S001897    ,10,Sant Martí,67,la Vila Olímpica del Poblenou,701265,Litoral (Besòs),000870000,Dilluns,2023,4,April,3,Morning,8,No és causa del  vianant,Motorcycle,Dona,25,Driver,Desconegut                                                                                                                                            ,Unknown,In itínere,Ferit lleu: Hospitalització fins a 24h,432888.89 ,4582323.45,2.196177347,41.38779457
2023S001897    ,10,Sant Martí,67,la Vila Olímpica del Poblenou,701265,Litoral (Besòs),000870000,Dilluns,2023,4,April,3,Morning,8,No és causa del  vianant,Motorcycle,Home,37,Driver,Desconegut                                                                                                                                            ,Unknown,In itínere,Ferit lleu: Amb assistència sanitària en lloc d'accident,432888.89 ,4582323.45,2.196177347,41.38779457
2023S001898    ,1,Ciutat Vella,2,el Barri Gòtic,74404,Catalunya,0023 0023,Dilluns,2023,4,April,3,Morning,13,No és causa del  vianant,Ciclomotor,Home,43,Driver,Desconegut                                                                                                                                            ,Unknown,En missió,Ferit lleu: Rebutja assistència sanitària,430704.97 ,4582088.39,2.170085544,41.385492178
2023S001899    ,3,Sants-Montjuïc,16,la Bordeta,160903,Ildefons Cerdà,0007 0007,Dimarts,2023,4,April,4,Afternoon,18,No és causa del  vianant,Motorcycle,Home,48,Driver,Desconegut                                                                                                                                            ,Unknown,Es desconeix,Ferit lleu: Rebutja assistència sanitària,427718.43 ,4579750.57,2.134648336,41.364173341
2023S001899    ,3,Sants-Montjuïc,16,la Bordeta,160903,Ildefons Cerdà,0007 0007,Dimarts,2023,4,April,4,Afternoon,18,No és causa del  vianant,Taxi,Home,53,Driver,Desconegut                                                                                                                                            ,Unknown,Taxi,Ferit lleu: Rebutja assistència sanitària,427718.43 ,4579750.57,2.134648336,41.364173341
2023S001900    ,7,Horta-Guinardó,33,el Baix Guinardó,178308,Lepant,0410 0414,Dilluns,2023,4,April,3,Morning,12,No és causa del  vianant,Motorcycle,Home,41,Driver,Desconegut                                                                                                                                            ,Unknown,In itínere,Ferit lleu: Hospitalització fins a 24h,430640.9  ,4584844.24,2.169003456,41.410307713
2023S001901    ,2,Eixample,6,la Sagrada Família,268003,Provença,0475 0479,Dilluns,2023,4,April,3,Morning,11,Desobeir el senyal del semàfor,Veh. mobilitat personal amb motor,Home,72,Pedestrian,En pas regulat per semàfor                                                                                                                            ,Unknown,Unknown,Ferit lleu: Hospitalització fins a 24h,431246.65 ,4584359.7 ,2.17630553,41.40599569
2023S001901    ,2,Eixample,6,la Sagrada Família,268003,Provença,0475 0479,Dilluns,2023,4,April,3,Morning,11,Desobeir el senyal del semàfor,Veh. mobilitat personal amb motor,Home,44,Driver,En pas regulat per semàfor                                                                                                                            ,Unknown,In itínere,Ferit lleu: Amb assistència sanitària en lloc d'accident,431246.65 ,4584359.7 ,2.17630553,41.40599569
2023S001903    ,10,Sant Martí,66,el Parc i la Llacuna del Poblenou,76807,Sardenya,0087 0087,Dilluns,2023,4,April,3,Morning,12,No és causa del  vianant,Furgoneta,Home,40,Pedestrian,En pas regulat per semàfor                                                                                                                            ,Unknown,Unknown,Ferit lleu: Hospitalització fins a 24h,432028.1  ,4583016.96,2.185804783,41.393968508
2023S001904    ,10,Sant Martí,72,Sant Martí de Provençals,169409,Corts Catalanes,1003 1003,Dilluns,2023,4,April,3,Morning,12,No és causa del  vianant,Veh. mobilitat personal amb motor,Dona,49,Driver,Desconegut                                                                                                                                            ,Unknown,Es desconeix,Ferit lleu: Hospitalització fins a 24h,433179.73 ,4585090.27,2.19935012,41.412738837
2023S001905    ,5,Sarrià-Sant Gervasi,26,Sant Gervasi - Galvany,292802,Sagués,0001 0003,Friday,2023,3,March,24,Morning,12,No és causa del  vianant,Motorcycle,Dona,85,Pedestrian,A la vorera / Andana                                                                                                                                  ,Unknown,Unknown,Ferit lleu: Hospitalització fins a 24h,428675.75 ,4583011.99,2.145709179,41.393633258
2023S001906    ,7,Horta-Guinardó,43,Horta,97807,Dante Alighieri,0073B0073B,Dilluns,2023,4,April,3,Afternoon,15,No és causa del  vianant,Bicicleta,Dona,26,Driver,Desconegut                                                                                                                                            ,Unknown,Oci i entreteniment,Ferit lleu: Amb assistència sanitària en lloc d'accident,429736.42 ,4586778.56,2.157957756,41.427650798
2023S001907    ,3,Sants-Montjuïc,12,la Marina del Prat Vermell,700134,Transversal 8,0032 0032,Dilluns,2023,4,April,3,Afternoon,15,No és causa del  vianant,Altres vehicles amb motor,Home,45,Pedestrian,En pas sense regular                                                                                                                                  ,In itinere,Unknown,Ferit lleu: Hospitalització fins a 24h,425885.17 ,4576227.05,2.11316208,41.332271541
2023S001908    ,9,Sant Andreu,61,la Sagrera,121402,Felip II,0006 0006,Dilluns,2023,4,April,3,Afternoon,16,No és causa del  vianant,Motorcycle,Dona,52,Driver,Desconegut                                                                                                                                            ,Unknown,En missió,Ferit lleu: Hospitalització fins a 24h,432508.78 ,4585577.91,2.191268323,41.417074769
2023S001909    ,5,Sarrià-Sant Gervasi,27,el Putxet i el Farró,143904,General Mitre,0188 0188,Dilluns,2023,4,April,3,Afternoon,17,No és causa del  vianant,Motorcycle,Home,24,Driver,Desconegut                                                                                                                                            ,Unknown,Es desconeix,Ferit lleu: Hospitalització fins a 24h,428474.74 ,4584283.01,2.143154757,41.405062988
2023S001910    ,7,Horta-Guinardó,40,Montbau,701267,Dalt (Besòs),001090000,Dilluns,2023,4,April,3,Afternoon,15,No és causa del  vianant,Motorcycle,Home,57,Driver,Desconegut                                                                                                                                            ,Unknown,Es desconeix,Ferit lleu: Hospitalització fins a 24h,428532.81 ,4586759.65,2.143556667,41.427374242
2023S001911    ,10,Sant Martí,67,la Vila Olímpica del Poblenou,700654,Litoral,0042 0056,Dilluns,2023,4,April,3,Afternoon,18,No és causa del  vianant,Motorcycle,Home,50,Driver,Desconegut                                                                                                                                            ,Unknown,Es desconeix,Ferit lleu: Hospitalització fins a 24h,433340.44 ,4582687.96,2.201537576,41.391115195
2023S001912    ,5,Sarrià-Sant Gervasi,23,Sarrià,193108,Manuel Girona,0071 0071,Dilluns,2023,4,April,3,Afternoon,14,No és causa del  vianant,Veh. mobilitat personal amb motor,Dona,42,Driver,Desconegut                                                                                                                                            ,Unknown,In itínere,Ferit lleu: Hospitalització fins a 24h,427236.22 ,4582883.08,2.128507197,41.392343194
2023S001913    ,1,Ciutat Vella,4,"Sant Pere, Santa Caterina i la Ribera",323600,Serra Xic,0001 0001,Dilluns,2023,4,April,3,Afternoon,17,Transitar a peu per la calçada,Veh. mobilitat personal amb motor,Home,3,Pedestrian,Fora del pas                                                                                                                                          ,Es desconeix,Unknown,Ferit lleu: Hospitalització fins a 24h,431563.84 ,4582336.22,2.18032887,41.38779788
2023S001914    ,2,Eixample,10,Sant Antoni,308709,Sant Pau,0017 0019,Dilluns,2023,4,April,3,Afternoon,20,No és causa del  vianant,Unknown,Home,5,Pedestrian,A la vorera / Andana                                                                                                                                  ,Unknown,Unknown,Ferit lleu: Rebutja assistència sanitària,430358.15 ,4581066.85,2.166055351,41.376261508
2023S001915    ,4,Les Corts,21,Pedralbes,115400,Esplugues,0065 0065,Dilluns,2023,4,April,3,Afternoon,16,No és causa del  vianant,Motorcycle,Home,58,Driver,Desconegut                                                                                                                                            ,Unknown,Es desconeix,Ferit lleu: Hospitalització fins a 24h,425462.15 ,4582543.11,2.107330849,41.389118693
2023S001916    ,2,Eixample,9,la Nova Esquerra de l'Eixample,169409,Corts Catalanes,0443 0443,Dilluns,2023,4,April,3,Afternoon,17,No és causa del  vianant,Motorcycle,Home,23,Driver,Desconegut                                                                                                                                            ,Unknown,Es desconeix,Ferit lleu: Rebutja assistència sanitària,429355.61 ,4581351.42,2.154034414,41.378737103
2023S001917    ,10,Sant Martí,66,el Parc i la Llacuna del Poblenou,270901,Pujades,0027 0027,Dilluns,2023,4,April,3,Afternoon,21,No és causa del  vianant,Motorcycle,Home,47,Driver,Desconegut                                                                                                                                            ,Unknown,Es desconeix,Ferit lleu: Hospitalització fins a 24h,432405.38 ,4583010.31,2.190318066,41.39394043
2023S001918    ,5,Sarrià-Sant Gervasi,26,Sant Gervasi - Galvany,318804,Santaló,0144B0144B,Dilluns,2023,4,April,3,Afternoon,19,No és causa del  vianant,Bicicleta,Dona,50,Driver,Desconegut                                                                                                                                            ,Unknown,Es desconeix,Ferit lleu: Amb assistència sanitària en lloc d'accident,428197.76 ,4583780.01,2.139901051,41.400507961
2023S001919    ,10,Sant Martí,65,el Clot,217104,Muntanya,0001 0003,Dilluns,2023,4,April,3,Afternoon,21,No és causa del  vianant,Motorcycle,Dona,28,Passatger,Desconegut                                                                                                                                            ,Unknown,Unknown,Ferit lleu: Hospitalització fins a 24h,432349.81 ,4584858.95,2.189446694,41.410585936
2023S001919    ,10,Sant Martí,65,el Clot,217104,Muntanya,0001 0003,Dilluns,2023,4,April,3,Afternoon,21,No és causa del  vianant,Motorcycle,Home,31,Driver,Desconegut                                                                                                                                            ,Unknown,Es desconeix,Ferit lleu: Hospitalització fins a 24h,432349.81 ,4584858.95,2.189446694,41.410585936
2023S001920    ,9,Sant Andreu,59,el Bon Pastor,134007,Fra Juníper Serra,0075B0075B,Dilluns,2023,4,April,3,Night,22,No és causa del  vianant,Motorcycle,Home,61,Driver,Desconegut                                                                                                                                            ,Unknown,Altres activitats,Ferit lleu: Hospitalització fins a 24h,433445.33 ,4587428.54,2.202270304,41.43382102
2023S001921    ,5,Sarrià-Sant Gervasi,27,el Putxet i el Farró,279600,República Argentina,0063B0063B,Dilluns,2023,4,April,3,Night,22,No és causa del  vianant,Motorcycle,Home,23,Driver,En pas regulat per semàfor                                                                                                                            ,Unknown,En missió,Ferit lleu: Hospitalització fins a 24h,428741.96 ,4584793.21,2.146291302,41.409681905
2023S001922    ,2,Eixample,5,el Fort Pienc,9209,Alí Bei,0130 0130,Dilluns,2023,4,April,3,Afternoon,20,No és causa del  vianant,Furgoneta,Dona,62,Driver,Desconegut                                                                                                                                            ,Unknown,Altres activitats,Ferit lleu: Hospitalització fins a 24h,432044.16 ,4583396.5 ,2.185954255,41.397388277
2023S001922    ,2,Eixample,5,el Fort Pienc,9209,Alí Bei,0130 0130,Dilluns,2023,4,April,3,Afternoon,20,No és causa del  vianant,Car,Dona,38,Driver,Desconegut                                                                                                                                            ,Unknown,Altres activitats,Ferit lleu: Hospitalització fins a 24h,432044.16 ,4583396.5 ,2.185954255,41.397388277
2023S001923    ,3,Sants-Montjuïc,18,Sants,48404,Brasil,0058 0060,Dilluns,2023,4,April,3,Afternoon,21,No és causa del  vianant,Motorcycle,Home,42,Driver,En pas regulat per semàfor                                                                                                                            ,Unknown,In itínere,Ferit lleu: Hospitalització fins a 24h,427269.91 ,4581441.24,2.129083318,41.37936016
2023S001924    ,4,Les Corts,21,Pedralbes,144601,Diagonal,0712 0716,Dilluns,2023,4,April,3,Night,22,No és causa del  vianant,Motorcycle,Home,53,Driver,Desconegut                                                                                                                                            ,Unknown,In itínere,Ferit lleu: Hospitalització fins a 24h,425419.34 ,4581867.11,2.106902121,41.383026294
2023S001925    ,5,Sarrià-Sant Gervasi,24,les Tres Torres,28000,Augusta,0320 0322,Dimarts,2023,4,April,4,Morning,9,No és causa del  vianant,Car,Dona,36,Driver,Desconegut                                                                                                                                            ,Unknown,In itínere,Ferit lleu: Amb assistència sanitària en lloc d'accident,427013    ,4583581.84,2.125753169,41.398616397
2023S001927    ,2,Eixample,8,l'Antiga Esquerra de l'Eixample,268003,Provença,0164B0164B,Dimarts,2023,4,April,4,Morning,11,No és causa del  vianant,Bicicleta,Dona,25,Driver,Desconegut                                                                                                                                            ,Unknown,En missió,Ferit lleu: Amb assistència sanitària en lloc d'accident,429263.55 ,4582400.41,2.152811049,41.388176913
2023S001928    ,4,Les Corts,19,les Corts,66508,Carles III,0030 0036,Dimarts,2023,4,April,4,Morning,10,No és causa del  vianant,Motorcycle,Dona,52,Driver,Desconegut                                                                                                                                            ,Unknown,En missió,Ferit lleu: Hospitalització fins a 24h,427237.23 ,4581703.8 ,2.128660994,41.38172198
2023S001929    ,2,Eixample,6,la Sagrada Família,350308,València,0510 0510,Dimarts,2023,4,April,4,Morning,13,No és causa del  vianant,Ciclomotor,Home,21,Driver,Desconegut                                                                                                                                            ,Unknown,In itínere,Ferit lleu: Hospitalització fins a 24h,431555.53 ,4584270.88,2.180010678,41.405222088
2023S001930    ,2,Eixample,7,la Dreta de l'Eixample,169409,Corts Catalanes,0604 0604,Dimarts,2023,4,April,4,Morning,12,No és causa del  vianant,Ciclomotor,Home,57,Driver,Desconegut                                                                                                                                            ,Unknown,Oci i entreteniment,Ferit lleu: Amb assistència sanitària en lloc d'accident,430311.08 ,4582286.33,2.165352193,41.387240918
2023S001931    ,3,Sants-Montjuïc,13,la Marina de Port,12600,Alts Forns,0029X0029X,Dimarts,2023,4,April,4,Morning,12,No és causa del  vianant,Motorcycle,Home,61,Driver,Desconegut                                                                                                                                            ,Unknown,Es desconeix,Ferit lleu: Hospitalització fins a 24h,427848.32 ,4578955.76,2.13629577,41.357026413
2023S001932    ,10,Sant Martí,64,el Camp de l'Arpa del Clot,18505,Aragó,0541 0541,Dimarts,2023,4,April,4,Morning,12,No és causa del  vianant,Motorcycle,Dona,30,Driver,Desconegut                                                                                                                                            ,Unknown,In itínere,Ferit lleu: Rebutja assistència sanitària,431916.38 ,4584407.25,2.184312092,41.406480992
2023S001934    ,5,Sarrià-Sant Gervasi,23,Sarrià,700969,Gaspar Cassadó,0010 0010,Dimarts,2023,4,April,4,Afternoon,15,No és causa del  vianant,Car,Home,8,Passatger,Desconegut                                                                                                                                            ,Unknown,Unknown,Ferit lleu: Amb assistència sanitària en lloc d'accident,425957.43 ,4583635.47,2.113120568,41.39900286
2023S001935    ,3,Sants-Montjuïc,11,el Poble-sec,218606,Montjuïc,0030 0030,Dimarts,2023,4,April,4,Morning,13,No és causa del  vianant,Motorcycle,Home,49,Driver,Desconegut                                                                                                                                            ,Unknown,In itínere,Ferit lleu: Hospitalització fins a 24h,430804.07 ,4580633.24,2.171436926,41.372394592
2023S001936    ,7,Horta-Guinardó,33,el Baix Guinardó,178308,Lepant,0410 0414,Dimarts,2023,4,April,4,Morning,12,No és causa del  vianant,Motorcycle,Home,26,Driver,Desconegut                                                                                                                                            ,Unknown,Es desconeix,Ferit lleu: Amb assistència sanitària en lloc d'accident,430640.9  ,4584844.24,2.169003456,41.410307713
2023S001937    ,2,Eixample,7,la Dreta de l'Eixample,169409,Corts Catalanes,0604 0604,Dimarts,2023,4,April,4,Afternoon,17,No és causa del  vianant,Motorcycle,Home,50,Driver,Desconegut                                                                                                                                            ,Unknown,Es desconeix,Ferit lleu: Hospitalització fins a 24h,430311.08 ,4582286.33,2.165352193,41.387240918
2023S001938    ,7,Horta-Guinardó,39,Sant Genís dels Agudells,701267,Dalt (Besòs),001020000,Dimarts,2023,4,April,4,Afternoon,17,No és causa del  vianant,Motorcycle,Home,31,Driver,Desconegut                                                                                                                                            ,Unknown,Es desconeix,Ferit lleu: Hospitalització fins a 24h,428267.82 ,4586070.18,2.140467447,41.421140848
2023S001938    ,7,Horta-Guinardó,39,Sant Genís dels Agudells,701267,Dalt (Besòs),001020000,Dimarts,2023,4,April,4,Afternoon,17,No és causa del  vianant,Motorcycle,Home,58,Driver,Desconegut                                                                                                                                            ,Unknown,Es desconeix,Ferit lleu: Amb assistència sanitària en lloc d'accident,428267.82 ,4586070.18,2.140467447,41.421140848
2023S001940    ,-1,Unknown,-1,Unknown,-1,Unknown,Unknown,Dimarts,2023,4,April,4,Night,22,No és causa del  vianant,Motorcycle,Home,24,Driver,Desconegut                                                                                                                                            ,Unknown,Es desconeix,Ferit lleu: Hospitalització fins a 24h,426553.57 ,4581377.45,2.120525176,41.378720526
2023S001941    ,2,Eixample,7,la Dreta de l'Eixample,145003,Girona,0156 0156,Dimarts,2023,4,April,4,Night,22,No és causa del  vianant,Car,Dona,91,Pedestrian,A la vorera / Andana                                                                                                                                  ,Unknown,Unknown,Ferit lleu: Hospitalització fins a 24h,430353.66 ,4583597.36,2.165710572,41.399052635
2023S001943    ,7,Horta-Guinardó,43,Horta,352507,Vall d'Hebron,0308 0308,Dimarts,2023,4,April,4,Afternoon,21,No és causa del  vianant,Motorcycle,Home,44,Driver,Desconegut                                                                                                                                            ,Unknown,Es desconeix,Ferit lleu: Hospitalització fins a 24h,429791.18 ,4588054.13,2.158464801,41.439144138
2023S001944    ,5,Sarrià-Sant Gervasi,25,Sant Gervasi - la Bonanova,701103,Alfonso Comín,0013 0013,Dimecres,2023,4,April,5,Morning,7,No és causa del  vianant,Motorcycle,Dona,46,Driver,Desconegut                                                                                                                                            ,Unknown,In itínere,Ferit lleu: Amb assistència sanitària en lloc d'accident,427928.18 ,4585365.18,2.136487518,41.414760803
2023S001945    ,4,Les Corts,21,Pedralbes,144601,Diagonal,0712 0716,Dimecres,2023,4,April,5,Morning,8,No és causa del  vianant,Motorcycle,Home,38,Driver,Desconegut                                                                                                                                            ,Unknown,In itínere,Ferit lleu: Hospitalització fins a 24h,425387.6  ,4581831.03,2.106527004,41.382698393
2023S001946    ,5,Sarrià-Sant Gervasi,26,Sant Gervasi - Galvany,144601,Diagonal,0600 0600,Dimecres,2023,4,April,5,Morning,10,No és causa del  vianant,Motorcycle,Home,44,Driver,Desconegut                                                                                                                                            ,Unknown,Es desconeix,Ferit lleu: Hospitalització fins a 24h,428614.3  ,4582926.6 ,2.144984276,41.392858727
2023S001947    ,2,Eixample,7,la Dreta de l'Eixample,268003,Provença,0320 0320,Dimecres,2023,4,April,5,Morning,11,Desobeir el senyal del semàfor,Bicicleta,Dona,57,Driver,En pas regulat per semàfor                                                                                                                            ,Unknown,Oci i entreteniment,Ferit lleu: Hospitalització fins a 24h,430216.17 ,4583338.88,2.164095783,41.396712664
2023S001948    ,3,Sants-Montjuïc,13,la Marina de Port,369408,Zona Franca,0135 0139,Dimecres,2023,4,April,5,Morning,12,No és causa del  vianant,Motorcycle,Home,39,Driver,Desconegut                                                                                                                                            ,Unknown,Altres activitats,Ferit lleu: Hospitalització fins a 24h,428182.64 ,4579064.62,2.140279272,41.358036782
2023S001949    ,7,Horta-Guinardó,43,Horta,701268,Dalt (Llobregat),001230000,Dimecres,2023,4,April,5,Morning,12,No és causa del  vianant,Motorcycle,Home,65,Driver,Desconegut                                                                                                                                            ,Unknown,Es desconeix,Ferit lleu: Hospitalització fins a 24h,429214.54 ,4587909.27,2.151580033,41.43778879
2023S001951    ,9,Sant Andreu,59,el Bon Pastor,701498,B-10 (Besòs),000090000,Dimecres,2023,4,April,5,Morning,13,No és causa del  vianant,Car,Home,24,Passatger,Desconegut                                                                                                                                            ,Unknown,Unknown,Ferit lleu: Hospitalització fins a 24h,433421.61 ,4589026.1 ,2.201810267,41.448207775
2023S001951    ,9,Sant Andreu,59,el Bon Pastor,701498,B-10 (Besòs),000090000,Dimecres,2023,4,April,5,Morning,13,No és causa del  vianant,Car,Home,26,Passatger,Desconegut                                                                                                                                            ,Unknown,Unknown,Ferit lleu: Amb assistència sanitària en lloc d'accident,433421.61 ,4589026.1 ,2.201810267,41.448207775
2023S001951    ,9,Sant Andreu,59,el Bon Pastor,701498,B-10 (Besòs),000090000,Dimecres,2023,4,April,5,Morning,13,No és causa del  vianant,Car,Dona,26,Driver,Desconegut                                                                                                                                            ,Unknown,Oci i entreteniment,Ferit lleu: Hospitalització fins a 24h,433421.61 ,4589026.1 ,2.201810267,41.448207775
2023S001954    ,10,Sant Martí,65,el Clot,42306,Bilbao,0241 0243,Dimecres,2023,4,April,5,Afternoon,16,No és causa del  vianant,Car,Home,59,Driver,Desconegut                                                                                                                                            ,Unknown,Es desconeix,Ferit lleu: Hospitalització fins a 24h,432504.38 ,4585011.18,2.191278943,41.41197003
2023S001954    ,10,Sant Martí,65,el Clot,42306,Bilbao,0241 0243,Dimecres,2023,4,April,5,Afternoon,16,No és causa del  vianant,Furgoneta,Home,33,Driver,Desconegut                                                                                                                                            ,Unknown,In itínere,Ferit lleu: Hospitalització fins a 24h,432504.38 ,4585011.18,2.191278943,41.41197003
2023S001955    ,2,Eixample,7,la Dreta de l'Eixample,31300,Bailèn,0147 0147,Dimecres,2023,4,April,5,Afternoon,17,No és causa del  vianant,Motorcycle,Home,62,Driver,Desconegut                                                                                                                                            ,Unknown,Es desconeix,Ferit lleu: Amb assistència sanitària en lloc d'accident,430447.65 ,4583661.67,2.166827449,41.399639994
2023S001956    ,8,Nou Barris,48,la Guineueta,186601,República,0002B0002B,Dimecres,2023,4,April,5,Afternoon,14,No és causa del  vianant,Motorcycle,Dona,31,Driver,Desconegut                                                                                                                                            ,Unknown,Es desconeix,Ferit lleu: Hospitalització fins a 24h,431112.53 ,4587960.49,2.174290656,41.438415272
2023S001957    ,2,Eixample,7,la Dreta de l'Eixample,144601,Diagonal,0373 0373,Dimecres,2023,4,April,5,Morning,13,No és causa del  vianant,Motorcycle,Dona,17,Passatger,Desconegut                                                                                                                                            ,Unknown,Unknown,Ferit lleu: Hospitalització fins a 24h,429996.53 ,4583374.37,2.161464532,41.397013209
2023S001957    ,2,Eixample,7,la Dreta de l'Eixample,144601,Diagonal,0373 0373,Dimecres,2023,4,April,5,Morning,13,No és causa del  vianant,Motorcycle,Dona,53,Driver,Desconegut                                                                                                                                            ,Unknown,Es desconeix,Ferit lleu: Hospitalització fins a 24h,429996.53 ,4583374.37,2.161464532,41.397013209
2023S001959    ,9,Sant Andreu,60,Sant Andreu,239300,Pare Manyanet,0017 0017,Dimecres,2023,4,April,5,Afternoon,17,No és causa del  vianant,Ciclomotor,Dona,52,Driver,Desconegut                                                                                                                                            ,Unknown,Es desconeix,Ferit lleu: Hospitalització fins a 24h,432596.77 ,4586785.63,2.192186428,41.427959723
2023S001961    ,6,Gràcia,31,la Vila de Gràcia,206403,Gran de Gràcia,0113 0113,Dilluns,2023,4,April,3,Morning,11,Desobeir el senyal del semàfor,Bus,Dona,89,Pedestrian,En pas regulat per semàfor                                                                                                                            ,Unknown,Unknown,Ferit lleu: Hospitalització fins a 24h,429348.81 ,4583864.56,2.153659806,41.401371496
2023S001962    ,6,Gràcia,28,Vallcarca i els Penitents,69200,Ca l'Alegre,0015 0015,Dimecres,2023,4,April,5,Night,23,No és causa del  vianant,Motorcycle,Home,19,Driver,Desconegut                                                                                                                                            ,Unknown,En missió,Ferit lleu: Amb assistència sanitària en lloc d'accident,428022.17 ,4585473.76,2.137599123,41.415747166
2023S001963    ,4,Les Corts,20,la Maternitat i Sant Ramon,2050,Adolf Florensa,0010 0010,Dimecres,2023,4,April,5,Night,23,No és causa del  vianant,Motorcycle,Dona,29,Driver,Desconegut                                                                                                                                            ,Unknown,Oci i entreteniment,Ferit lleu: Hospitalització fins a 24h,426080.86 ,4581904.76,2.114808296,41.383426475
2023S001964    ,9,Sant Andreu,61,la Sagrera,292507,Gran de la Sagrera,0192 0192,Thursday,2023,4,April,6,Night,4,No és causa del  vianant,Motorcycle,Home,27,Driver,Desconegut                                                                                                                                            ,Unknown,Oci i entreteniment,Ferit lleu: Hospitalització fins a 24h,432501.46 ,4586666.34,2.191059183,41.426877308
2023S001965    ,7,Horta-Guinardó,35,el Guinardó,217206,Muntanya,0062 0062,Thursday,2023,4,April,6,Morning,6,No és causa del  vianant,Motorcycle,Home,58,Driver,Desconegut                                                                                                                                            ,Unknown,In itínere,Ferit lleu: Amb assistència sanitària en lloc d'accident,431255.89 ,4585992.74,2.176230406,41.420704736
2023S001966    ,9,Sant Andreu,60,Sant Andreu,701267,Dalt (Besòs),0001E0000,Thursday,2023,4,April,6,Morning,7,No és causa del  vianant,Motorcycle,Home,39,Driver,Desconegut                                                                                                                                            ,Unknown,In itínere,Ferit lleu: Hospitalització fins a 24h,432477.29 ,4588892.56,2.190521045,41.446926099
2023S001968    ,2,Eixample,5,el Fort Pienc,169409,Corts Catalanes,0745 0747,Thursday,2023,4,April,6,Morning,11,No és causa del  vianant,Car,Home,66,Driver,Desconegut                                                                                                                                            ,Unknown,Oci i entreteniment,Ferit lleu: Amb assistència sanitària en lloc d'accident,431631.24 ,4583539.9 ,2.180998983,41.398644817
2023S001969    ,2,Eixample,9,la Nova Esquerra de l'Eixample,191204,Mallorca,0109 0111,Thursday,2023,4,April,6,Night,4,No és causa del  vianant,Veh. mobilitat personal amb motor,Home,33,Driver,Desconegut                                                                                                                                            ,Unknown,In itínere,Ferit lleu: Hospitalització fins a 24h,429260.74 ,4582212.74,2.152799369,41.386486386