Case_Number,District_Code,District_Name,Neighborhood_Code,Neighborhood_Name,Street_Code,Street_Name,Postal_Code,Day_of_Week,Year,Month_Code,Month_Name,Day_of_Month,Shift_Description,Hour_of_Day,Pedestrian_Cause_Description,Involved_Vehicle_Type,Gender_Description,Age,Person_Type_Description,Pedestrian_Accident_Location_Description,Pedestrian_Movement_Reason_Description,Driver_Movement_Reason_Description,Victimization_Description,UTM_X_Coordinate,UTM_Y_Coordinate,Longitude,Latitude
2023S002105    ,6,Gràcia,32,el Camp d'en Grassot i Gràcia Nova,297001,Sant Antoni Maria Claret,0013 0013,Thursday,2023,4,April,13,Afternoon,16,No és causa del  vianant,Motorcycle,Dona,44,Driver,Desconegut                                                                                                                                            ,Unknown,Oci i entreteniment,Ferit lleu: Hospitalització fins a 24h,430228.01 ,4584092.68,2.164150481,41.403502916
2023S002106    ,9,Sant Andreu,60,Sant Andreu,120807,Favència,0482 0482,Thursday,2023,4,April,13,Afternoon,15,No és causa del  vianant,Furgoneta,Home,51,Passatger,Desconegut                                                                                                                                            ,Unknown,Unknown,Ferit lleu: Hospitalització fins a 24h,432311    ,4588875   ,2.18853245,41.44675393
2023S002107    ,2,Eixample,10,Sant Antoni,198804,Paral·lel,0188 0190,Thursday,2023,4,April,13,Afternoon,17,No és causa del  vianant,Motorcycle,Dona,27,Driver,Desconegut                                                                                                                                            ,Unknown,Es desconeix,Ferit lleu: Hospitalització fins a 24h,429230.33 ,4580913.82,2.15258746,41.374784768
2023S002108    ,5,Sarrià-Sant Gervasi,26,Sant Gervasi - Galvany,144601,Diagonal,0490 0500,Diumenge,2023,4,April,2,Night,5,No és causa del  vianant,Car,Home,32,Driver,Desconegut                                                                                                                                            ,Unknown,In itínere,Ferit lleu: Hospitalització fins a 24h,429430.09 ,4583191.25,2.154710596,41.395314373
2023S002109    ,2,Eixample,7,la Dreta de l'Eixample,18505,Aragó,0286 0286,Thursday,2023,4,April,13,Afternoon,17,No és causa del  vianant,Motorcycle,Home,58,Driver,Desconegut                                                                                                                                            ,Unknown,Es desconeix,Ferit lleu: Hospitalització fins a 24h,430435.12 ,4582966.26,2.166757506,41.393375576
2023S002110    ,8,Nou Barris,53,la Trinitat Nova,260307,Platja d'Aro,0022X0022X,Thursday,2023,4,April,13,Afternoon,19,No és causa del  vianant,Bus,Dona,59,Passatger,Desconegut                                                                                                                                            ,Unknown,Unknown,Ferit lleu: Hospitalització fins a 24h,432090.63 ,4589133.51,2.185865449,41.449063613
2023S002111    ,2,Eixample,7,la Dreta de l'Eixample,349309,Universitat,0018 0018,Thursday,2023,4,April,13,Afternoon,19,No és causa del  vianant,Bus,Dona,79,Passatger,Desconegut                                                                                                                                            ,Unknown,Unknown,Ferit lleu: Hospitalització fins a 24h,430467.86 ,4582264.18,2.167229734,41.387054994
2023S002112    ,3,Sants-Montjuïc,11,el Poble-sec,198804,Paral·lel,0181 0183,Thursday,2023,4,April,13,Afternoon,20,No és causa del  vianant,Car,Dona,65,Pedestrian,A la vorera / Andana                                                                                                                                  ,Unknown,Unknown,Ferit lleu: Hospitalització fins a 24h,429362.65 ,4580936.13,2.154167022,41.374997338
2023S002114    ,2,Eixample,6,la Sagrada Família,191204,Mallorca,0403X0403X,Thursday,2023,4,April,13,Night,22,No és causa del  vianant,Bus,Home,46,Passatger,Desconegut                                                                                                                                            ,Unknown,Unknown,Ferit lleu: Hospitalització fins a 24h,431237.48 ,4584132.97,2.176221603,41.403952819
2023S002115    ,10,Sant Martí,71,Provençals del Poblenou,322608,Selva de Mar,0091U0091U,Thursday,2023,4,April,13,Afternoon,20,No és causa del  vianant,Car,Home,18,Driver,Desconegut                                                                                                                                            ,Unknown,Altres activitats,Ferit lleu: Hospitalització fins a 24h,433757.51 ,4584880.79,2.206285746,41.410899963
2023S002115    ,10,Sant Martí,71,Provençals del Poblenou,322608,Selva de Mar,0091U0091U,Thursday,2023,4,April,13,Afternoon,20,No és causa del  vianant,Car,Home,18,Passatger,Desconegut                                                                                                                                            ,Unknown,Unknown,Ferit lleu: Hospitalització fins a 24h,433757.51 ,4584880.79,2.206285746,41.410899963
2023S002115    ,10,Sant Martí,71,Provençals del Poblenou,322608,Selva de Mar,0091U0091U,Thursday,2023,4,April,13,Afternoon,20,No és causa del  vianant,Car,Home,34,Driver,Desconegut                                                                                                                                            ,Unknown,Taxi,Ferit lleu: Hospitalització fins a 24h,433757.51 ,4584880.79,2.206285746,41.410899963
2023S002117    ,2,Eixample,8,l'Antiga Esquerra de l'Eixample,349706,Comte d'Urgell,0224 0226,Thursday,2023,4,April,13,Morning,11,No és causa del  vianant,Motorcycle,Home,27,Driver,Desconegut                                                                                                                                            ,Unknown,Altres activitats,Ferit lleu: Hospitalització fins a 24h,428979.42 ,4582501.01,2.149401184,41.389057932
2023S002118    ,9,Sant Andreu,57,la Trinitat Vella,701502,B-20 (Besòs),001640000,Thursday,2023,4,April,13,Morning,12,No és causa del  vianant,Motorcycle,Home,28,Passatger,Desconegut                                                                                                                                            ,Unknown,Unknown,Ferit lleu: Hospitalització fins a 24h,432720.04 ,4588904.37,2.193425555,41.447052863
2023S002119    ,2,Eixample,7,la Dreta de l'Eixample,268003,Provença,0275 0275,Friday,2023,4,April,14,Morning,6,No és causa del  vianant,Motorcycle,Dona,21,Driver,Desconegut                                                                                                                                            ,Unknown,Altres activitats,Ferit lleu: Hospitalització fins a 24h,430121.86 ,4583246.63,2.162978379,41.395873604
2023S002120    ,5,Sarrià-Sant Gervasi,26,Sant Gervasi - Galvany,32700,Balmes,0246 0246,Thursday,2023,4,April,13,Night,23,No és causa del  vianant,Motorcycle,Dona,22,Pedestrian,En pas regulat per semàfor                                                                                                                            ,Unknown,Unknown,Ferit lleu: Amb assistència sanitària en lloc d'accident,429053.8  ,4583669.19,2.150153816,41.399585878
2023S002120    ,5,Sarrià-Sant Gervasi,26,Sant Gervasi - Galvany,32700,Balmes,0246 0246,Thursday,2023,4,April,13,Night,23,No és causa del  vianant,Motorcycle,Home,27,Driver,En pas regulat per semàfor                                                                                                                            ,Unknown,Oci i entreteniment,Ferit lleu: Amb assistència sanitària en lloc d'accident,429053.8  ,4583669.19,2.150153816,41.399585878
2023S002121    ,8,Nou Barris,53,la Trinitat Nova,209900,Meridiana,0611 0611,Friday,2023,4,April,14,Morning,6,No és causa del  vianant,Motorcycle,Home,50,Driver,Desconegut                                                                                                                                            ,Unknown,In itínere,Ferit lleu: Hospitalització fins a 24h,432291.22 ,4589271.11,2.18825124,41.450319882
2023S002122    ,6,Gràcia,31,la Vila de Gràcia,228100,Nil Fabra,0014 0014,Friday,2023,4,April,14,Morning,9,No és causa del  vianant,Car,Dona,32,Pedestrian,En pas sense regular                                                                                                                                  ,Unknown,Unknown,Ferit lleu: Hospitalització fins a 24h,429168.68 ,4584367.58,2.151446202,41.405886154
2023S002123    ,2,Eixample,9,la Nova Esquerra de l'Eixample,87009,Comte Borrell,0197 0197,Friday,2023,4,April,14,Night,2,No és causa del  vianant,Furgoneta,Dona,21,Pedestrian,En pas regulat per semàfor                                                                                                                            ,Unknown,Unknown,Ferit lleu: Hospitalització fins a 24h,429258.94 ,4582024.98,2.152799777,41.384795137
2023S002124    ,2,Eixample,6,la Sagrada Família,191204,Mallorca,0404 0404,Friday,2023,4,April,14,Morning,11,No és causa del  vianant,Motorcycle,Home,47,Driver,Desconegut                                                                                                                                            ,Unknown,Es desconeix,Ferit lleu: Hospitalització fins a 24h,431076.4  ,4583988.83,2.174311104,41.402640794
2023S002125    ,2,Eixample,5,el Fort Pienc,197302,Marina,0157 0167,Dimecres,2023,4,April,12,Afternoon,18,No és causa del  vianant,Ciclomotor,Dona,18,Driver,Desconegut                                                                                                                                            ,Unknown,Es desconeix,Ferit lleu: Hospitalització fins a 24h,431706.18 ,4583574.16,2.181891515,41.398959759
2023S002126    ,2,Eixample,7,la Dreta de l'Eixample,191204,Mallorca,0345 0345,Thursday,2023,4,April,13,Morning,7,Altres,Motorcycle,Dona,36,Pedestrian,En pas regulat per semàfor                                                                                                                            ,In itinere,Unknown,Ferit lleu: Hospitalització fins a 24h,430789.42 ,4583711.39,2.170909912,41.400117314
2023S002127    ,9,Sant Andreu,62,el Congrés i els Indians,269403,Puerto Príncipe,0045 0045,Friday,2023,4,April,14,Morning,11,No és causa del  vianant,Veh. mobilitat personal amb motor,Home,18,Driver,Desconegut                                                                                                                                            ,Unknown,Oci i entreteniment,Ferit lleu: Amb assistència sanitària en lloc d'accident,431668.71 ,4586186.92,2.18114809,41.422488886
2023S002128    ,7,Horta-Guinardó,33,el Baix Guinardó,344101,Gràcia,0365 0365,Friday,2023,4,April,14,Morning,12,No és causa del  vianant,Veh. mobilitat personal amb motor,Home,45,Driver,Desconegut                                                                                                                                            ,Unknown,Es desconeix,Ferit lleu: Hospitalització fins a 24h,430628.82 ,4584632.37,2.168883237,41.408398428
2023S002129    ,5,Sarrià-Sant Gervasi,23,Sarrià,207701,Mendel,0002 0002,Friday,2023,4,April,14,Morning,13,No és causa del  vianant,Motorcycle,Home,38,Driver,Desconegut                                                                                                                                            ,Unknown,En missió,Ferit lleu: Hospitalització fins a 24h,426516.72 ,4583448.01,2.119833235,41.397365824
2023S002130    ,5,Sarrià-Sant Gervasi,26,Sant Gervasi - Galvany,143904,General Mitre,0072 0072,Dimecres,2023,3,March,29,Afternoon,19,No és causa del  vianant,Motorcycle,Dona,39,Driver,Desconegut                                                                                                                                            ,Unknown,Es desconeix,Ferit lleu: Rebutja assistència sanitària,427631.17 ,4583529.52,2.1331536,41.398201075
2023S002131    ,2,Eixample,9,la Nova Esquerra de l'Eixample,191204,Mallorca,0118 0118,Friday,2023,4,April,14,Afternoon,16,No és causa del  vianant,Veh. mobilitat personal amb motor,Home,37,Driver,Desconegut                                                                                                                                            ,Unknown,Es desconeix,Ferit lleu: Amb assistència sanitària en lloc d'accident,429260.74 ,4582212.74,2.152799369,41.386486386
2023S002132    ,2,Eixample,6,la Sagrada Família,178308,Lepant,0314 0314,Friday,2023,4,April,14,Afternoon,15,No és causa del  vianant,Motorcycle,Home,28,Driver,Desconegut                                                                                                                                            ,Unknown,Es desconeix,Ferit lleu: Hospitalització fins a 24h,431089.06 ,4584377.39,2.174418284,41.406141516
2023S002133    ,5,Sarrià-Sant Gervasi,24,les Tres Torres,700807,Ricard Zamora,0001 0001X,Friday,2023,4,April,14,Afternoon,17,No és causa del  vianant,Car,Dona,14,Passatger,Desconegut                                                                                                                                            ,Unknown,Unknown,Ferit lleu: Amb assistència sanitària en lloc d'accident,427578.87 ,4582861.02,2.132608014,41.392175452
2023S002133    ,5,Sarrià-Sant Gervasi,24,les Tres Torres,700807,Ricard Zamora,0001 0001X,Friday,2023,4,April,14,Afternoon,17,No és causa del  vianant,Furgoneta,Home,51,Driver,Desconegut                                                                                                                                            ,Unknown,Oci i entreteniment,Ferit lleu: Amb assistència sanitària en lloc d'accident,427578.87 ,4582861.02,2.132608014,41.392175452
2023S002134    ,9,Sant Andreu,60,Sant Andreu,209900,Meridiana,0444 0448,Friday,2023,4,April,14,Afternoon,18,No és causa del  vianant,Car,Dona,60,Passatger,Desconegut                                                                                                                                            ,Unknown,Unknown,Ferit lleu: Amb assistència sanitària en lloc d'accident,431890.58 ,4587477.65,2.183657471,41.434132911
2023S002136    ,7,Horta-Guinardó,33,el Baix Guinardó,56504,Camèlies,0078 0080,Friday,2023,4,April,14,Afternoon,20,No és causa del  vianant,Motorcycle,Home,38,Driver,Desconegut                                                                                                                                            ,Unknown,Es desconeix,Ferit lleu: Hospitalització fins a 24h,430443.36 ,4585232   ,2.166595554,41.413783052
2023S002136    ,7,Horta-Guinardó,33,el Baix Guinardó,56504,Camèlies,0078 0080,Friday,2023,4,April,14,Afternoon,20,No és causa del  vianant,Motorcycle,Home,40,Driver,Desconegut                                                                                                                                            ,Unknown,In itínere,Ferit lleu: Amb assistència sanitària en lloc d'accident,430443.36 ,4585232   ,2.166595554,41.413783052
2023S002137    ,6,Gràcia,31,la Vila de Gràcia,206403,Gran de Gràcia,0189 0189,Friday,2023,4,April,14,Afternoon,20,No és causa del  vianant,Motorcycle,Home,59,Driver,Desconegut                                                                                                                                            ,Unknown,Es desconeix,Ferit lleu: Hospitalització fins a 24h,429216.96 ,4584141.06,2.152050271,41.403850227
2023S002138    ,10,Sant Martí,66,el Parc i la Llacuna del Poblenou,30500,Badajoz,0163 0163,Friday,2023,4,April,14,Afternoon,20,No és causa del  vianant,Motorcycle,Home,24,Driver,Desconegut                                                                                                                                            ,Unknown,Oci i entreteniment,Ferit lleu: Hospitalització fins a 24h,432422.94 ,4583950.03,2.190423152,41.402405709
2023S002139    ,2,Eixample,10,Sant Antoni,308709,Sant Pau,0041 0041,Friday,2023,4,April,14,Afternoon,19,No és causa del  vianant,Veh. mobilitat personal amb motor,Home,49,Driver,Desconegut                                                                                                                                            ,Unknown,Es desconeix,Ferit lleu: Amb assistència sanitària en lloc d'accident,430267.36 ,4581160.03,2.164959012,41.377092886
2023S002140    ,2,Eixample,7,la Dreta de l'Eixample,144601,Diagonal,0393 0393,Friday,2023,4,April,14,Afternoon,20,No és causa del  vianant,Motorcycle,Home,27,Driver,Desconegut                                                                                                                                            ,Unknown,Es desconeix,Ferit lleu: Amb assistència sanitària en lloc d'accident,429676.49 ,4583244.7 ,2.157651543,41.395817376
2023S002142    ,4,Les Corts,19,les Corts,231502,Numància,0173 0173,Saturday,2023,4,April,15,Morning,9,No és causa del  vianant,Bicicleta,Home,62,Driver,Desconegut                                                                                                                                            ,Unknown,Oci i entreteniment,Ferit lleu: Hospitalització fins a 24h,427575.97 ,4582577.49,2.13260725,41.389621548
2023S002143    ,2,Eixample,7,la Dreta de l'Eixample,148307,Gràcia,0054 0054,Saturday,2023,4,April,15,Morning,11,No és causa del  vianant,Veh. mobilitat personal amb motor,Dona,44,Pedestrian,En pas regulat per semàfor                                                                                                                            ,Oci i entreteniment,Unknown,Ferit lleu: Rebutja assistència sanitària,430277.16 ,4582833.02,2.164883567,41.39216184
2023S002144    ,9,Sant Andreu,57,la Trinitat Vella,701501,B-20 (Llobregat),001650000,Saturday,2023,4,April,15,Morning,13,No és causa del  vianant,Car,Home,59,Passatger,Desconegut                                                                                                                                            ,Unknown,Unknown,Ferit lleu: Hospitalització fins a 24h,432969.16 ,4589201.62,2.19637463,41.449750946
2023S002144    ,9,Sant Andreu,57,la Trinitat Vella,701501,B-20 (Llobregat),001650000,Saturday,2023,4,April,15,Morning,13,No és causa del  vianant,Car,Home,62,Passatger,Desconegut                                                                                                                                            ,Unknown,Unknown,Ferit lleu: Hospitalització fins a 24h,432969.16 ,4589201.62,2.19637463,41.449750946
2023S002145    ,8,Nou Barris,50,les Roquetes,94900,Simancas,0120 0122,Saturday,2023,4,April,15,Morning,8,No és causa del  vianant,Bus,Dona,65,Passatger,Desconegut                                                                                                                                            ,Unknown,Unknown,Ferit lleu: Hospitalització fins a 24h,430855.93 ,4588636.67,2.171142024,41.444483299
2023S002146    ,2,Eixample,8,l'Antiga Esquerra de l'Eixample,349706,Comte d'Urgell,0202 0202,Saturday,2023,4,April,15,Morning,11,No és causa del  vianant,Motorcycle,Home,23,Driver,Desconegut                                                                                                                                            ,Unknown,Es desconeix,Ferit lleu: Hospitalització fins a 24h,429073.81 ,4582402.87,2.150541557,41.388182352
2023S002147    ,7,Horta-Guinardó,37,el Carmel,101201,Doctor Bové,0102 0102,Saturday,2023,4,April,15,Morning,11,No és causa del  vianant,Bus,Dona,84,Passatger,Desconegut                                                                                                                                            ,Unknown,Unknown,Ferit lleu: Hospitalització fins a 24h,429946.65 ,4586046.94,2.160558347,41.421079747
2023S002148    ,3,Sants-Montjuïc,18,Sants,48404,Brasil,0058 0060,Saturday,2023,4,April,15,Afternoon,14,No és causa del  vianant,Motorcycle,Home,43,Driver,Desconegut                                                                                                                                            ,Unknown,Oci i entreteniment,Ferit lleu: Hospitalització fins a 24h,427304.66 ,4581433.69,2.12949976,41.379295302
2023S002149    ,8,Nou Barris,48,la Guineueta,75101,Caçador,0004X0004X,Saturday,2023,4,April,15,Afternoon,14,No és causa del  vianant,Motorcycle,Home,34,Driver,Desconegut                                                                                                                                            ,Unknown,Oci i entreteniment,Ferit lleu: Hospitalització fins a 24h,430471.16 ,4588315.38,2.166573355,41.441556316
2023S002151    ,1,Ciutat Vella,1,el Raval,250904,Pelai,0036 0036,Saturday,2023,4,April,15,Afternoon,15,No és causa del  vianant,Ciclomotor,Home,54,Driver,Desconegut                                                                                                                                            ,Unknown,In itínere,Ferit lleu: Hospitalització fins a 24h,430506.27 ,4582109.55,2.167706841,41.38566561
2023S002153    ,2,Eixample,10,Sant Antoni,169409,Corts Catalanes,0576 0576,Saturday,2023,4,April,15,Afternoon,17,No és causa del  vianant,Bicicleta,Home,19,Driver,Desconegut                                                                                                                                            ,Unknown,Es desconeix,Ferit lleu: Hospitalització fins a 24h,430025.03 ,4582004.98,2.161963719,41.384682041
2023S002154    ,3,Sants-Montjuïc,12,la Marina del Prat Vermell,700122,Longitudinal 5,0083 0087,Saturday,2023,4,April,15,Afternoon,14,No és causa del  vianant,"Camió rígid <= 3,5 tones",Home,29,Driver,Desconegut                                                                                                                                            ,Unknown,In itínere,Ferit lleu: Hospitalització fins a 24h,426321.07 ,4575916.69,2.118408397,41.329516221
2023S002154    ,3,Sants-Montjuïc,12,la Marina del Prat Vermell,700122,Longitudinal 5,0083 0087,Saturday,2023,4,April,15,Afternoon,14,No és causa del  vianant,Car,Home,35,Driver,Desconegut                                                                                                                                            ,Unknown,In itínere,Ferit lleu: Amb assistència sanitària en lloc d'accident,426321.07 ,4575916.69,2.118408397,41.329516221
2023S002155    ,8,Nou Barris,52,la Prosperitat,282650,Rio de Janeiro,0101 0101,Saturday,2023,4,April,15,Afternoon,19,No és causa del  vianant,Car,Dona,37,Driver,Desconegut                                                                                                                                            ,Unknown,Es desconeix,Ferit lleu: Hospitalització fins a 24h,431910.57 ,4588208.12,2.183814356,41.440713696
2023S002156    ,6,Gràcia,30,la Salut,328400,Sostres,0001 0001,Saturday,2023,4,April,15,Afternoon,14,No és causa del  vianant,Motorcycle,Home,79,Driver,Desconegut                                                                                                                                            ,Unknown,Oci i entreteniment,Ferit lleu: Hospitalització fins a 24h,429142.1  ,4584907.7 ,2.151064954,41.410748466
2023S002157    ,8,Nou Barris,44,Vilapicina i la Torre Llobeta,113302,Escultor Llimona,0017 0017,Saturday,2023,4,April,15,Afternoon,19,Creuar per fora pas de vianants,Car,Home,11,Pedestrian,Fora del pas                                                                                                                                          ,Unknown,Unknown,Ferit lleu: Hospitalització fins a 24h,430663.35 ,4586801.92,2.169047488,41.427941784
2023S002158    ,2,Eixample,10,Sant Antoni,308709,Sant Pau,0061 0063,Saturday,2023,4,April,15,Afternoon,20,No és causa del  vianant,Car,Home,33,Pedestrian,En pas regulat per semàfor                                                                                                                            ,Es desconeix,Unknown,Ferit lleu: Rebutja assistència sanitària,430183.08 ,4581247.36,2.163941165,41.377872129
2023S002159    ,2,Eixample,7,la Dreta de l'Eixample,305100,Sant Joan,0025 0025,Saturday,2023,4,April,15,Afternoon,18,No és causa del  vianant,Veh. mobilitat personal amb motor,Home,6,Pedestrian,En zona peatonal                                                                                                                                      ,Oci i entreteniment,Unknown,Ferit lleu: Hospitalització fins a 24h,431370    ,4582923.54,2.177944045,41.393071178
2023S002160    ,2,Eixample,5,el Fort Pienc,9209,Alí Bei,0049 0049,Saturday,2023,4,April,15,Afternoon,20,No és causa del  vianant,Motorcycle,Home,23,Driver,Desconegut                                                                                                                                            ,Unknown,En missió,Ferit lleu: Hospitalització fins a 24h,431558.69 ,4582921.93,2.180201058,41.393072766
2023S002161    ,4,Les Corts,20,la Maternitat i Sant Ramon,244300,Pius XII,0003 0003,Saturday,2023,4,April,15,Afternoon,14,No és causa del  vianant,Car,Dona,43,Driver,Desconegut                                                                                                                                            ,Unknown,In itínere,Ferit lleu: Hospitalització fins a 24h,426793.07 ,4582325.32,2.12327447,41.387279445
2023S002161    ,4,Les Corts,20,la Maternitat i Sant Ramon,244300,Pius XII,0003 0003,Saturday,2023,4,April,15,Afternoon,14,No és causa del  vianant,Car,Home,47,Driver,Desconegut                                                                                                                                            ,Unknown,Oci i entreteniment,Ferit lleu: Hospitalització fins a 24h,426793.07 ,4582325.32,2.12327447,41.387279445
2023S002162    ,8,Nou Barris,45,Porta,7600,Alcúdia,0066 0066,Saturday,2023,4,April,15,Night,23,No és causa del  vianant,Motorcycle,Home,25,Driver,Desconegut                                                                                                                                            ,Unknown,Es desconeix,Ferit lleu: Amb assistència sanitària en lloc d'accident,431166.21 ,4587770.13,2.17495484,41.436705376
2023S002164    ,7,Horta-Guinardó,35,el Guinardó,194406,Maragall,0203 0203,Diumenge,2023,4,April,16,Night,3,No és causa del  vianant,Veh. mobilitat personal amb motor,Dona,22,Driver,Desconegut                                                                                                                                            ,Unknown,In itínere,Ferit lleu: Hospitalització fins a 24h,431356.18 ,4586363.82,2.177388289,41.424055507
2023S002165    ,7,Horta-Guinardó,37,el Carmel,185700,Llobregós,0076 0076,Diumenge,2023,4,April,16,Morning,9,No és causa del  vianant,Ciclomotor,Home,48,Driver,Desconegut                                                                                                                                            ,Unknown,Oci i entreteniment,Ferit lleu: Hospitalització fins a 24h,429742.01 ,4586532.19,2.158053296,41.425432329
2023S002166    ,9,Sant Andreu,60,Sant Andreu,322007,Segre,0031 0031,Diumenge,2023,4,April,16,Morning,10,No és causa del  vianant,Motorcycle,Home,60,Driver,Desconegut                                                                                                                                            ,Unknown,Oci i entreteniment,Ferit lleu: Hospitalització fins a 24h,432607.67 ,4587457.23,2.192241947,41.434009525
2023S002167    ,9,Sant Andreu,61,la Sagrera,292507,Gran de la Sagrera,0002 0008,Diumenge,2023,4,April,16,Morning,10,No és causa del  vianant,Motorcycle,Dona,40,Driver,Desconegut                                                                                                                                            ,Unknown,In itínere,Ferit lleu: Hospitalització fins a 24h,432508.78 ,4585577.91,2.191268323,41.417074769
2023S002167    ,9,Sant Andreu,61,la Sagrera,292507,Gran de la Sagrera,0002 0008,Diumenge,2023,4,April,16,Morning,10,No és causa del  vianant,Veh. mobilitat personal amb motor,Home,26,Driver,Desconegut                                                                                                                                            ,Unknown,Oci i entreteniment,Ferit lleu: Hospitalització fins a 24h,432508.78 ,4585577.91,2.191268323,41.417074769
2023S002168    ,2,Eixample,9,la Nova Esquerra de l'Eixample,169409,Corts Catalanes,0413 0413,Diumenge,2023,4,April,16,Morning,11,No és causa del  vianant,Ciclomotor,Dona,22,Driver,Desconegut                                                                                                                                            ,Unknown,Es desconeix,Ferit lleu: Hospitalització fins a 24h,429196.86 ,4581230.59,2.152150234,41.377634866
2023S002169    ,3,Sants-Montjuïc,18,Sants,40300,Berlín,0056 0056,Diumenge,2023,4,April,16,Morning,11,No és causa del  vianant,Car,Dona,52,Passatger,Desconegut                                                                                                                                            ,Unknown,Unknown,Ferit lleu: Amb assistència sanitària en lloc d'accident,428246.73 ,4581933.68,2.140705677,41.383883138
2023S002169    ,3,Sants-Montjuïc,18,Sants,40300,Berlín,0056 0056,Diumenge,2023,4,April,16,Morning,11,No és causa del  vianant,Car,Home,48,Driver,Desconegut                                                                                                                                            ,Unknown,Oci i entreteniment,Ferit lleu: Amb assistència sanitària en lloc d'accident,428246.73 ,4581933.68,2.140705677,41.383883138
2023S002170    ,4,Les Corts,21,Pedralbes,101700,Doctor Ferran,0016B0016B,Diumenge,2023,4,April,16,Morning,12,No és causa del  vianant,Motorcycle,Home,31,Driver,Desconegut                                                                                                                                            ,Unknown,Es desconeix,Ferit lleu: Amb assistència sanitària en lloc d'accident,426904.38 ,4582617.31,2.124570407,41.389919407
2023S002171    ,2,Eixample,7,la Dreta de l'Eixample,144601,Diagonal,0444 0444,Diumenge,2023,4,April,16,Morning,13,No és causa del  vianant,Motorcycle,Home,75,Driver,Desconegut                                                                                                                                            ,Unknown,Es desconeix,Ferit lleu: Hospitalització fins a 24h,429925.34 ,4583325.78,2.160618642,41.396569371
2023S002172    ,2,Eixample,6,la Sagrada Família,238400,Padilla,0200 0200,Diumenge,2023,4,April,16,Morning,13,No és causa del  vianant,Taxi,Dona,44,Passatger,Desconegut                                                                                                                                            ,Unknown,Unknown,Ferit lleu: Hospitalització fins a 24h,431553.57 ,4584083.99,2.180008377,41.40353866
2023S002173    ,10,Sant Martí,68,el Poblenou,700654,Litoral,0051 0051,Diumenge,2023,4,April,16,Morning,13,No és causa del  vianant,Motorcycle,Dona,36,Driver,Desconegut                                                                                                                                            ,Unknown,Es desconeix,Ferit lleu: Amb assistència sanitària en lloc d'accident,433600.12 ,4582986.31,2.204610681,41.393823857
2023S002174    ,6,Gràcia,31,la Vila de Gràcia,112004,Escorial,0015 0015,Diumenge,2023,4,April,16,Afternoon,18,No és causa del  vianant,Ciclomotor,Dona,53,Driver,Desconegut                                                                                                                                            ,Unknown,Es desconeix,Ferit lleu: Hospitalització fins a 24h,430053.12 ,4584415.06,2.162021102,41.406391275
2023S002175    ,3,Sants-Montjuïc,12,la Marina del Prat Vermell,700127,Major de Mercabarna,0126 0126,Diumenge,2023,4,April,16,Afternoon,19,No és causa del  vianant,Car,Dona,30,Passatger,Desconegut                                                                                                                                            ,Unknown,Unknown,Ferit lleu: Hospitalització fins a 24h,425964.47 ,4575862.85,2.114154056,41.32899861
2023S002175    ,3,Sants-Montjuïc,12,la Marina del Prat Vermell,700127,Major de Mercabarna,0126 0126,Diumenge,2023,4,April,16,Afternoon,19,No és causa del  vianant,Car,Dona,43,Driver,Desconegut                                                                                                                                            ,Unknown,In itínere,Ferit lleu: Hospitalització fins a 24h,425964.47 ,4575862.85,2.114154056,41.32899861
2023S002176    ,8,Nou Barris,48,la Guineueta,153001,Guineueta,0001 0001,Diumenge,2023,4,April,16,Afternoon,20,No és causa del  vianant,Car,Dona,9,Passatger,Desconegut                                                                                                                                            ,Unknown,Unknown,Ferit lleu: Hospitalització fins a 24h,430443.88 ,4588097.93,2.166271878,41.439595466
2023S002176    ,8,Nou Barris,48,la Guineueta,153001,Guineueta,0001 0001,Diumenge,2023,4,April,16,Afternoon,20,No és causa del  vianant,Car,Home,16,Passatger,Desconegut                                                                                                                                            ,Unknown,Unknown,Ferit lleu: Hospitalització fins a 24h,430443.88 ,4588097.93,2.166271878,41.439595466
2023S002177    ,2,Eixample,8,l'Antiga Esquerra de l'Eixample,32700,Balmes,0079B0079B,Diumenge,2023,4,April,16,Afternoon,19,No és causa del  vianant,Motorcycle,Home,58,Driver,Desconegut                                                                                                                                            ,Unknown,Oci i entreteniment,Ferit lleu: Hospitalització fins a 24h,429929.89 ,4582678.07,2.160748048,41.39073606
2023S002178    ,5,Sarrià-Sant Gervasi,24,les Tres Torres,701434,Mig (Descendent),000360000,Dilluns,2023,4,April,17,Night,0,No és causa del  vianant,Ciclomotor,Dona,19,Passatger,Altres                                                                                                                                                ,Unknown,Unknown,Ferit lleu: Amb assistència sanitària en lloc d'accident,427636.7  ,4583121.38,2.133268547,41.39452562
2023S002178    ,5,Sarrià-Sant Gervasi,24,les Tres Torres,701434,Mig (Descendent),000360000,Dilluns,2023,4,April,17,Night,0,No és causa del  vianant,Ciclomotor,Home,21,Driver,Altres                                                                                                                                                ,Unknown,Oci i entreteniment,Ferit lleu: Amb assistència sanitària en lloc d'accident,427636.7  ,4583121.38,2.133268547,41.39452562
2023S002178    ,5,Sarrià-Sant Gervasi,24,les Tres Torres,701434,Mig (Descendent),000360000,Dilluns,2023,4,April,17,Night,0,No és causa del  vianant,Motorcycle,Home,27,Driver,Altres                                                                                                                                                ,Unknown,Oci i entreteniment,Ferit lleu: Amb assistència sanitària en lloc d'accident,427636.7  ,4583121.38,2.133268547,41.39452562