Case_Number,District_Code,District_Name,Neighborhood_Code,Neighborhood_Name,Street_Code,Street_Name,Postal_Code,Day_of_Week,Year,Month_Code,Month_Name,Day_of_Month,Shift_Description,Hour_of_Day,Pedestrian_Cause_Description,Involved_Vehicle_Type,Gender_Description,Age,Person_Type_Description,Pedestrian_Accident_Location_Description,Pedestrian_Movement_Reason_Description,Driver_Movement_Reason_Description,Victimization_Description,UTM_X_Coordinate,UTM_Y_Coordinate,Longitude,Latitude
2023S002262    ,1,Ciutat Vella,3,la Barceloneta,701266,Litoral (Llobregat),000960000,Thursday,2023,4,April,20,Morning,8,No és causa del  vianant,Motorcycle,Home,24,Driver,Desconegut                                                                                                                                            ,Unknown,Es desconeix,Ferit lleu: Amb assistència sanitària en lloc d'accident,432191.59 ,4581803.96,2.1878961,41.383057145
2023S002263    ,7,Horta-Guinardó,41,la Vall d'Hebron,701268,Dalt (Llobregat),001090000,Thursday,2023,4,April,20,Morning,8,No és causa del  vianant,Bus,Dona,58,Passatger,Desconegut                                                                                                                                            ,Unknown,Unknown,Ferit lleu: Hospitalització fins a 24h,428602.27 ,4586836.15,2.144378835,41.428069426
2023S002264    ,3,Sants-Montjuïc,11,el Poble-sec,195500,Margarit,0015 0015,Thursday,2023,4,April,20,Morning,8,No és causa del  vianant,Bicicleta,Home,26,Driver,En pas sense regular                                                                                                                                  ,Unknown,En missió,Ferit lleu: Hospitalització fins a 24h,430158.02 ,4580817.07,2.163691112,41.373994459
2023S002265    ,4,Les Corts,21,Pedralbes,144601,Diagonal,0712 0716,Thursday,2023,4,April,20,Morning,9,No és causa del  vianant,Car,Home,31,Driver,Desconegut                                                                                                                                            ,Unknown,In itínere,Ferit lleu: Rebutja assistència sanitària,425404.65 ,4581888.6 ,2.106723804,41.383218483
2023S002266    ,3,Sants-Montjuïc,11,el Poble-sec,116402,Estadi,0065 0069,Thursday,2023,4,April,20,Morning,10,No és causa del  vianant,Furgoneta,Home,77,Driver,Desconegut                                                                                                                                            ,Unknown,En missió,Ferit lleu: Hospitalització fins a 24h,429542.24 ,4579962.72,2.156427585,41.366245885
2023S002267    ,2,Eixample,7,la Dreta de l'Eixample,100800,Diputació,0286 0286,Thursday,2023,4,April,20,Morning,11,No és causa del  vianant,Motorcycle,Home,36,Driver,Desconegut                                                                                                                                            ,Unknown,Es desconeix,Ferit lleu: Amb assistència sanitària en lloc d'accident,430698.15 ,4582888.23,2.169912423,41.392695506
2023S002268    ,2,Eixample,6,la Sagrada Família,289105,Rosselló,0437 0437,Thursday,2023,4,April,20,Morning,13,No és causa del  vianant,Motorcycle,Dona,33,Driver,Desconegut                                                                                                                                            ,Unknown,En missió,Ferit lleu: Hospitalització fins a 24h,431040.41 ,4584317.58,2.173843107,41.405598653
2023S002269    ,2,Eixample,8,l'Antiga Esquerra de l'Eixample,350308,València,0163 0165,Thursday,2023,4,April,20,Morning,13,No és causa del  vianant,Motorcycle,Home,51,Driver,Desconegut                                                                                                                                            ,Unknown,In itínere,Ferit lleu: Rebutja assistència sanitària,429641.8  ,4582396.81,2.157335169,41.388177681
2023S002270    ,9,Sant Andreu,62,el Congrés i els Indians,121402,Felip II,0144 0148,Thursday,2023,4,April,20,Afternoon,14,No és causa del  vianant,Motorcycle,Dona,55,Driver,Desconegut                                                                                                                                            ,Unknown,Es desconeix,Ferit lleu: Hospitalització fins a 24h,431783.85 ,4586303.31,2.182512709,41.423546963
2023S002271    ,2,Eixample,7,la Dreta de l'Eixample,278459,Reina Victòria,9998 9998,Thursday,2023,4,April,20,Afternoon,14,No és causa del  vianant,Car,Dona,42,Driver,Desconegut                                                                                                                                            ,Unknown,In itínere,Ferit lleu: Hospitalització fins a 24h,430531.07 ,4582463.6 ,2.167962805,41.388856573
2023S002272    ,2,Eixample,8,l'Antiga Esquerra de l'Eixample,144601,Diagonal,0423 0425,Thursday,2023,4,April,20,Afternoon,17,No és causa del  vianant,Motorcycle,Dona,48,Driver,Desconegut                                                                                                                                            ,Unknown,Es desconeix,Ferit lleu: Hospitalització fins a 24h,429301.07 ,4583149.39,2.153172296,41.394926017
2023S002273    ,5,Sarrià-Sant Gervasi,23,Sarrià,144408,General Vives,0001 0001,Thursday,2023,4,April,20,Afternoon,15,No és causa del  vianant,Motorcycle,Home,58,Driver,Desconegut                                                                                                                                            ,Unknown,En missió,Ferit lleu: Hospitalització fins a 24h,426191.44 ,4584068.24,2.115866867,41.402922151
2023S002274    ,8,Nou Barris,50,les Roquetes,120807,Favència,0167 0167,Thursday,2023,4,April,20,Afternoon,16,No és causa del  vianant,Motorcycle,Home,29,Driver,Desconegut                                                                                                                                            ,Unknown,Oci i entreteniment,Ferit lleu: Hospitalització fins a 24h,431626.51 ,4588805.26,2.180346738,41.446067764
2023S002275    ,2,Eixample,7,la Dreta de l'Eixample,148307,Gràcia,0013 0013,Thursday,2023,4,April,20,Afternoon,17,Desobeir el senyal del semàfor,Autobús articulat,Dona,62,Pedestrian,En pas regulat per semàfor                                                                                                                            ,Unknown,Unknown,Ferit lleu: Hospitalització fins a 24h,430495.65 ,4582501.94,2.16753479,41.389198828
2023S002275    ,2,Eixample,7,la Dreta de l'Eixample,148307,Gràcia,0013 0013,Thursday,2023,4,April,20,Afternoon,17,Desobeir el senyal del semàfor,Autobús articulat,Home,78,Passatger,En pas regulat per semàfor                                                                                                                            ,Unknown,Unknown,Ferit lleu: Hospitalització fins a 24h,430495.65 ,4582501.94,2.16753479,41.389198828
2023S002275    ,2,Eixample,7,la Dreta de l'Eixample,148307,Gràcia,0013 0013,Thursday,2023,4,April,20,Afternoon,17,Desobeir el senyal del semàfor,Autobús articulat,Home,83,Passatger,En pas regulat per semàfor                                                                                                                            ,Unknown,Unknown,Ferit lleu: Rebutja assistència sanitària,430495.65 ,4582501.94,2.16753479,41.389198828
2023S002276    ,5,Sarrià-Sant Gervasi,25,Sant Gervasi - la Bonanova,701629,Isaac Newton,0034U0034U,Thursday,2023,4,April,20,Afternoon,15,No és causa del  vianant,Car,Dona,19,Driver,Desconegut                                                                                                                                            ,Unknown,Altres activitats,Ferit lleu: Hospitalització fins a 24h,427504.46 ,4585298.73,2.131425947,41.414124185
2023S002276    ,5,Sarrià-Sant Gervasi,25,Sant Gervasi - la Bonanova,701629,Isaac Newton,0034U0034U,Thursday,2023,4,April,20,Afternoon,15,No és causa del  vianant,Car,Home,35,Driver,Desconegut                                                                                                                                            ,Unknown,Altres activitats,Ferit lleu: Hospitalització fins a 24h,427504.46 ,4585298.73,2.131425947,41.414124185
2023S002276    ,5,Sarrià-Sant Gervasi,25,Sant Gervasi - la Bonanova,701629,Isaac Newton,0034U0034U,Thursday,2023,4,April,20,Afternoon,15,No és causa del  vianant,Car,Home,23,Passatger,Desconegut                                                                                                                                            ,Unknown,Unknown,Ferit lleu: Hospitalització fins a 24h,427504.46 ,4585298.73,2.131425947,41.414124185
2023S002277    ,10,Sant Martí,64,el Camp de l'Arpa del Clot,18505,Aragó,0607 0607,Thursday,2023,4,April,20,Afternoon,19,No és causa del  vianant,Veh. mobilitat personal amb motor,Home,30,Driver,Desconegut                                                                                                                                            ,Unknown,Es desconeix,Ferit lleu: Hospitalització fins a 24h,432131.07 ,4584631.66,2.186855248,41.408520352
2023S002278    ,10,Sant Martí,66,el Parc i la Llacuna del Poblenou,144601,Diagonal,0240 0252,Thursday,2023,4,April,20,Afternoon,18,No és causa del  vianant,Motorcycle,Home,53,Driver,Desconegut                                                                                                                                            ,Unknown,Es desconeix,Ferit lleu: Hospitalització fins a 24h,432432.33 ,4584176.43,2.190510191,41.40444562
2023S002279    ,2,Eixample,9,la Nova Esquerra de l'Eixample,268003,Provença,0056 0056,Thursday,2023,4,April,20,Afternoon,20,Desobeir el senyal del semàfor,Veh. mobilitat personal amb motor,Home,58,Driver,Desconegut                                                                                                                                            ,Unknown,Es desconeix,Ferit lleu: Hospitalització fins a 24h,428690.81 ,4581838.58,2.14602751,41.383066112
2023S002281    ,4,Les Corts,19,les Corts,4307,Agustina Saragossa,0001 0001,Thursday,2023,4,April,20,Night,23,No és causa del  vianant,Motorcycle,Home,28,Driver,Desconegut                                                                                                                                            ,Unknown,In itínere,Ferit lleu: Hospitalització fins a 24h,427714.63 ,4582690.85,2.134252053,41.390655017
2023S002282    ,6,Gràcia,31,la Vila de Gràcia,344101,Gràcia,0106 0106,Thursday,2023,4,April,20,Afternoon,21,Creuar per fora pas de vianants,Car,Home,58,Pedestrian,Fora del pas                                                                                                                                          ,Unknown,Unknown,Ferit lleu: Hospitalització fins a 24h,429422.4  ,4583634.07,2.154566972,41.399302022
2023S002283    ,9,Sant Andreu,59,el Bon Pastor,318906,Santander,0077B0077B,Friday,2023,4,April,21,Morning,7,No és causa del  vianant,Car,Home,61,Pedestrian,En pas regulat per semàfor                                                                                                                            ,Es desconeix,Unknown,Ferit greu: hospitalització superior a 24h,433668.32 ,4587114.2 ,2.204973582,41.431008312
2023S002285    ,4,Les Corts,21,Pedralbes,701268,Dalt (Llobregat),000460000,Friday,2023,4,April,21,Morning,9,No és causa del  vianant,Motorcycle,Home,30,Driver,Desconegut                                                                                                                                            ,Unknown,In itínere,Ferit lleu: Hospitalització fins a 24h,425238.83 ,4581781.81,2.10475403,41.382241273
2023S002286    ,4,Les Corts,21,Pedralbes,232403,Bisbe Català,0008 0008,Friday,2023,4,April,21,Morning,10,No és causa del  vianant,Motorcycle,Dona,23,Driver,Desconegut                                                                                                                                            ,Unknown,En missió,Ferit lleu: Hospitalització fins a 24h,426003.58 ,4583256.71,2.113718899,41.39559579
2023S002287    ,2,Eixample,10,Sant Antoni,349207,Universitat,9999 9999,Friday,2023,4,April,21,Morning,12,No és causa del  vianant,Veh. mobilitat personal amb motor,Dona,73,Pedestrian,Desconegut                                                                                                                                            ,Oci i entreteniment,Unknown,Ferit lleu: Amb assistència sanitària en lloc d'accident,430243.47 ,4582101.92,2.164564862,41.385574131
2023S002288    ,4,Les Corts,19,les Corts,144601,Diagonal,0609 0615,Thursday,2023,4,April,20,Night,0,No és causa del  vianant,Veh. mobilitat personal amb motor,Dona,21,Driver,Desconegut                                                                                                                                            ,Unknown,In itínere,Ferit lleu: Rebutja assistència sanitària,427207    ,4582445.17,2.128210374,41.38839647
2023S002289    ,2,Eixample,8,l'Antiga Esquerra de l'Eixample,223606,Muntaner,0034 0034,Friday,2023,4,April,21,Morning,12,No és causa del  vianant,Bicicleta,Home,36,Driver,Desconegut                                                                                                                                            ,Unknown,Oci i entreteniment,Ferit lleu: Hospitalització fins a 24h,429953.37 ,4582064.24,2.161099886,41.385209537
2023S002290    ,4,Les Corts,19,les Corts,144601,Diagonal,0545 0545,Friday,2023,4,April,21,Afternoon,14,No és causa del  vianant,Motorcycle,Home,42,Driver,Desconegut                                                                                                                                            ,Unknown,In itínere,Ferit lleu: Rebutja assistència sanitària,427769.46 ,4582595.23,2.134919226,41.389798734
2023S002291    ,2,Eixample,8,l'Antiga Esquerra de l'Eixample,90502,Còrsega,0281 0281,Friday,2023,4,April,21,Morning,13,Desobeir el senyal del semàfor,Motorcycle,Dona,53,Pedestrian,En pas regulat per semàfor                                                                                                                            ,En missió,Unknown,Ferit lleu: Hospitalització fins a 24h,429525.55 ,4583049.74,2.155868857,41.394048218
2023S002291    ,2,Eixample,8,l'Antiga Esquerra de l'Eixample,90502,Còrsega,0281 0281,Friday,2023,4,April,21,Morning,13,Desobeir el senyal del semàfor,Motorcycle,Home,46,Driver,En pas regulat per semàfor                                                                                                                            ,Unknown,In itínere,Ferit lleu: Amb assistència sanitària en lloc d'accident,429525.55 ,4583049.74,2.155868857,41.394048218
2023S002292    ,10,Sant Martí,64,el Camp de l'Arpa del Clot,209900,Meridiana,0121 0121,Friday,2023,4,April,21,Afternoon,14,Altres,Veh. mobilitat personal amb motor,Home,54,Pedestrian,A la vorera / Andana                                                                                                                                  ,Unknown,Unknown,Ferit lleu: Hospitalització fins a 24h,432108    ,4584685.07,2.186573258,41.40899945
2023S002293    ,4,Les Corts,21,Pedralbes,701267,Dalt (Besòs),000580000,Friday,2023,4,April,21,Afternoon,14,No és causa del  vianant,Car,Home,42,Driver,Desconegut                                                                                                                                            ,Unknown,Oci i entreteniment,Ferit lleu: Hospitalització fins a 24h,425576.68 ,4582827.98,2.108665559,41.391694999
2023S002294    ,9,Sant Andreu,63,Navas,297001,Sant Antoni Maria Claret,0416 0418,Thursday,2023,4,April,20,Night,22,No és causa del  vianant,Veh. mobilitat personal amb motor,Dona,32,Driver,Desconegut                                                                                                                                            ,Unknown,Es desconeix,Ferit lleu: Rebutja assistència sanitària,431894.18 ,4585708.57,2.183899947,41.418199697
2023S002295    ,4,Les Corts,19,les Corts,278302,Reina Maria Cristina,9998 9998,Friday,2023,4,April,21,Afternoon,15,No és causa del  vianant,Autobús articulat,Dona,60,Passatger,Desconegut                                                                                                                                            ,Unknown,Unknown,Ferit lleu: Hospitalització fins a 24h,427207    ,4582445.17,2.128210374,41.38839647
2023S002295    ,4,Les Corts,19,les Corts,278302,Reina Maria Cristina,9998 9998,Friday,2023,4,April,21,Afternoon,15,No és causa del  vianant,Autobús articulat,Home,48,Passatger,Desconegut                                                                                                                                            ,Unknown,Unknown,Ferit lleu: Rebutja assistència sanitària,427207    ,4582445.17,2.128210374,41.38839647
2023S002296    ,4,Les Corts,20,la Maternitat i Sant Ramon,66508,Carles III,0001 0005,Friday,2023,4,April,21,Afternoon,16,No és causa del  vianant,Motorcycle,Home,46,Driver,Desconegut                                                                                                                                            ,Unknown,Es desconeix,Ferit lleu: Hospitalització fins a 24h,427269.91 ,4581441.24,2.129083318,41.37936016
2023S002297    ,5,Sarrià-Sant Gervasi,25,Sant Gervasi - la Bonanova,701629,Isaac Newton,0030U0030U,Friday,2023,4,April,21,Afternoon,15,No és causa del  vianant,Car,Home,50,Driver,Desconegut                                                                                                                                            ,Unknown,In itínere,Ferit lleu: Hospitalització fins a 24h,427504.46 ,4585298.73,2.131425947,41.414124185
2023S002298    ,2,Eixample,6,la Sagrada Família,268003,Provença,0419 0425,Friday,2023,4,April,21,Afternoon,16,Creuar per fora pas de vianants,Bicicleta,Dona,71,Pedestrian,Fora del pas                                                                                                                                          ,Es desconeix,Unknown,Ferit lleu: Hospitalització fins a 24h,431004.88 ,4584123.83,2.173440167,41.403850558
2023S002299    ,10,Sant Martí,66,el Parc i la Llacuna del Poblenou,144601,Diagonal,0280X0280X,Friday,2023,4,April,21,Afternoon,15,No és causa del  vianant,Bicicleta,Dona,34,Driver,Desconegut                                                                                                                                            ,Unknown,Es desconeix,Ferit lleu: Hospitalització fins a 24h,432278.76 ,4584102.02,2.188681418,41.403762501
2023S002300    ,2,Eixample,6,la Sagrada Família,191204,Mallorca,0496 0496,Friday,2023,4,April,21,Afternoon,15,No és causa del  vianant,Veh. mobilitat personal amb motor,Home,18,Driver,Desconegut                                                                                                                                            ,Unknown,Oci i entreteniment,Ferit lleu: Hospitalització fins a 24h,431582.81 ,4584470.52,2.180314441,41.407022508
2023S002300    ,2,Eixample,6,la Sagrada Família,191204,Mallorca,0496 0496,Friday,2023,4,April,21,Afternoon,15,No és causa del  vianant,Veh. mobilitat personal amb motor,Home,22,Driver,Desconegut                                                                                                                                            ,Unknown,Oci i entreteniment,Ferit lleu: Hospitalització fins a 24h,431582.81 ,4584470.52,2.180314441,41.407022508
2023S002301    ,4,Les Corts,21,Pedralbes,102500,Doctor Joaquín Albarrán,0001 0001,Friday,2023,4,April,21,Afternoon,16,No és causa del  vianant,Motorcycle,Home,29,Driver,Desconegut                                                                                                                                            ,Unknown,Es desconeix,Ferit lleu: Hospitalització fins a 24h,425522.17 ,4582629.29,2.108038061,41.38990044
2023S002302    ,2,Eixample,7,la Dreta de l'Eixample,144601,Diagonal,0422 0422,Friday,2023,4,April,21,Afternoon,16,No és causa del  vianant,Motorcycle,Home,54,Driver,Desconegut                                                                                                                                            ,Unknown,Es desconeix,Ferit lleu: Hospitalització fins a 24h,430134.59 ,4583421.81,2.163110418,41.397452499
2023S002303    ,8,Nou Barris,52,la Prosperitat,701267,Dalt (Besòs),0002E0000,Friday,2023,4,April,21,Afternoon,19,No és causa del  vianant,Car,Dona,45,Passatger,Desconegut                                                                                                                                            ,Unknown,Unknown,Ferit lleu: Rebutja assistència sanitària,431563.44 ,4588806.2 ,2.179591668,41.446070853
2023S002303    ,8,Nou Barris,52,la Prosperitat,701267,Dalt (Besòs),0002E0000,Friday,2023,4,April,21,Afternoon,19,No és causa del  vianant,Car,Home,51,Driver,Desconegut                                                                                                                                            ,Unknown,Es desconeix,Ferit lleu: Hospitalització fins a 24h,431563.44 ,4588806.2 ,2.179591668,41.446070853
2023S002304    ,8,Nou Barris,49,Canyelles,701267,Dalt (Besòs),001380000,Thursday,2023,4,April,20,Afternoon,19,No és causa del  vianant,Car,Home,23,Driver,Desconegut                                                                                                                                            ,Unknown,Es desconeix,Ferit lleu: Hospitalització fins a 24h,430630.16 ,4588374.59,2.168469685,41.442103359
2023S002304    ,8,Nou Barris,49,Canyelles,701267,Dalt (Besòs),001380000,Thursday,2023,4,April,20,Afternoon,19,No és causa del  vianant,Motorcycle,Home,35,Driver,Desconegut                                                                                                                                            ,Unknown,In itínere,Ferit lleu: Hospitalització fins a 24h,430630.16 ,4588374.59,2.168469685,41.442103359
2023S002304    ,8,Nou Barris,49,Canyelles,701267,Dalt (Besòs),001380000,Thursday,2023,4,April,20,Afternoon,19,No és causa del  vianant,Car,Home,54,Driver,Desconegut                                                                                                                                            ,Unknown,In itínere,Ferit lleu: Hospitalització fins a 24h,430630.16 ,4588374.59,2.168469685,41.442103359
2023S002305    ,5,Sarrià-Sant Gervasi,27,el Putxet i el Farró,143904,General Mitre,0222B0222B,Friday,2023,4,April,21,Afternoon,16,No és causa del  vianant,Ciclomotor,Home,27,Driver,Desconegut                                                                                                                                            ,Unknown,Es desconeix,Ferit lleu: Hospitalització fins a 24h,428852.95 ,4584342.97,2.147672088,41.405636604
2023S002306    ,8,Nou Barris,52,la Prosperitat,336409,Tissó,0072 0072,Friday,2023,4,April,21,Afternoon,20,No és causa del  vianant,Ciclomotor,Home,38,Driver,Desconegut                                                                                                                                            ,Unknown,Es desconeix,Ferit lleu: Hospitalització fins a 24h,431614.04 ,4588656.09,2.180214367,41.444723182
2023S002307    ,2,Eixample,8,l'Antiga Esquerra de l'Eixample,169409,Corts Catalanes,0571 0571,Friday,2023,4,April,21,Afternoon,19,Desobeir el senyal del semàfor,Autobús articulat,Home,23,Pedestrian,En pas regulat per semàfor                                                                                                                            ,Unknown,Unknown,Ferit lleu: Hospitalització fins a 24h,430025.03 ,4582004.98,2.161963719,41.384682041
2023S002308    ,4,Les Corts,21,Pedralbes,701267,Dalt (Besòs),000600000,Friday,2023,4,April,21,Afternoon,19,No és causa del  vianant,Car,Home,14,Passatger,Desconegut                                                                                                                                            ,Unknown,Unknown,Ferit lleu: Hospitalització fins a 24h,425670.18 ,4583010.82,2.109761373,41.393350408
2023S002308    ,4,Les Corts,21,Pedralbes,701267,Dalt (Besòs),000600000,Friday,2023,4,April,21,Afternoon,19,No és causa del  vianant,Car,Dona,30,Driver,Desconegut                                                                                                                                            ,Unknown,In itínere,Ferit lleu: Hospitalització fins a 24h,425670.18 ,4583010.82,2.109761373,41.393350408
2023S002308    ,4,Les Corts,21,Pedralbes,701267,Dalt (Besòs),000600000,Friday,2023,4,April,21,Afternoon,19,No és causa del  vianant,Car,Home,29,Driver,Desconegut                                                                                                                                            ,Unknown,In itínere,Ferit lleu: Hospitalització fins a 24h,425670.18 ,4583010.82,2.109761373,41.393350408
2023S002308    ,4,Les Corts,21,Pedralbes,701267,Dalt (Besòs),000600000,Friday,2023,4,April,21,Afternoon,19,No és causa del  vianant,Car,Home,18,Driver,Desconegut                                                                                                                                            ,Unknown,Oci i entreteniment,Ferit lleu: Hospitalització fins a 24h,425670.18 ,4583010.82,2.109761373,41.393350408
2023S002309    ,7,Horta-Guinardó,38,la Teixonera,173600,Juan Valera,0001 0001,Friday,2023,4,April,21,Night,23,No és causa del  vianant,Car,Home,68,Pedestrian,Fora del pas                                                                                                                                          ,Unknown,Unknown,Ferit lleu: Rebutja assistència sanitària,428702.36 ,4586359.34,2.145632853,41.423783892
2023S002310    ,2,Eixample,6,la Sagrada Família,197302,Marina,0273 0273,Friday,2023,4,April,21,Afternoon,20,No és causa del  vianant,Ciclomotor,Dona,21,Driver,Desconegut                                                                                                                                            ,Unknown,Oci i entreteniment,Ferit lleu: Hospitalització fins a 24h,430996.4  ,4584288.18,2.173319978,41.405330078
2023S002311    ,4,Les Corts,19,les Corts,343903,Corts,0240 0240,Diumenge,2023,5,May,14,Afternoon,20,No és causa del  vianant,Car,Dona,30,Driver,Desconegut                                                                                                                                            ,Unknown,Oci i entreteniment,Ferit lleu: Hospitalització fins a 24h,427610.45 ,4582156.54,2.133069951,41.38583332
2023S002312    ,10,Sant Martí,66,el Parc i la Llacuna del Poblenou,270901,Pujades,0057 0057,Friday,2023,4,April,21,Afternoon,18,No és causa del  vianant,Veh. mobilitat personal amb motor,Dona,35,Driver,Desconegut                                                                                                                                            ,Unknown,Es desconeix,Ferit lleu: Amb assistència sanitària en lloc d'accident,432610.79 ,4583198.24,2.192753992,41.395650315
2023S002313    ,5,Sarrià-Sant Gervasi,27,el Putxet i el Farró,187105,Madrazo,0014 0014,Friday,2023,4,April,21,Afternoon,21,No és causa del  vianant,Motorcycle,Home,39,Driver,Desconegut                                                                                                                                            ,Unknown,Oci i entreteniment,Ferit lleu: Hospitalització fins a 24h,429042.34 ,4583824.89,2.149998476,41.400987199
2023S002314    ,4,Les Corts,19,les Corts,144601,Diagonal,0632 0632,Saturday,2023,4,April,22,Night,5,No és causa del  vianant,Car,Dona,23,Passatger,Desconegut                                                                                                                                            ,Unknown,Unknown,Ferit lleu: Rebutja assistència sanitària,427954.95 ,4582701.1 ,2.137125048,41.390768909
2023S002314    ,4,Les Corts,19,les Corts,144601,Diagonal,0632 0632,Saturday,2023,4,April,22,Night,5,No és causa del  vianant,Car,Dona,25,Passatger,Desconegut                                                                                                                                            ,Unknown,Unknown,Ferit lleu: Amb assistència sanitària en lloc d'accident,427954.95 ,4582701.1 ,2.137125048,41.390768909
2023S002314    ,4,Les Corts,19,les Corts,144601,Diagonal,0632 0632,Saturday,2023,4,April,22,Night,5,No és causa del  vianant,Car,Home,26,Passatger,Desconegut                                                                                                                                            ,Unknown,Unknown,Ferit lleu: Hospitalització fins a 24h,427954.95 ,4582701.1 ,2.137125048,41.390768909
2023S002314    ,4,Les Corts,19,les Corts,144601,Diagonal,0632 0632,Saturday,2023,4,April,22,Night,5,No és causa del  vianant,Car,Home,32,Passatger,Desconegut                                                                                                                                            ,Unknown,Unknown,Ferit lleu: Hospitalització fins a 24h,427954.95 ,4582701.1 ,2.137125048,41.390768909
2023S002314    ,4,Les Corts,19,les Corts,144601,Diagonal,0632 0632,Saturday,2023,4,April,22,Night,5,No és causa del  vianant,Car,Dona,27,Driver,Desconegut                                                                                                                                            ,Unknown,Es desconeix,Ferit lleu: Hospitalització fins a 24h,427954.95 ,4582701.1 ,2.137125048,41.390768909
2023S002314    ,4,Les Corts,19,les Corts,144601,Diagonal,0632 0632,Saturday,2023,4,April,22,Night,5,No és causa del  vianant,Car,Home,32,Driver,Desconegut                                                                                                                                            ,Unknown,Es desconeix,Ferit lleu: Amb assistència sanitària en lloc d'accident,427954.95 ,4582701.1 ,2.137125048,41.390768909
2023S002315    ,2,Eixample,5,el Fort Pienc,169409,Corts Catalanes,0729 0729,Friday,2023,4,April,21,Afternoon,17,No és causa del  vianant,Motorcycle,Home,41,Driver,Desconegut                                                                                                                                            ,Unknown,Es desconeix,Ferit lleu: Hospitalització fins a 24h,431553.84 ,4583500.42,2.180077624,41.398282643
2023S002316    ,10,Sant Martí,68,el Poblenou,701278,Taulat,0171X0171X,Friday,2023,4,April,21,Afternoon,19,No és causa del  vianant,Motorcycle,Home,69,Driver,Desconegut                                                                                                                                            ,Unknown,In itínere,Ferit lleu: Hospitalització fins a 24h,433880.3  ,4583804.1 ,2.207872486,41.401212599
2023S002317    ,2,Eixample,8,l'Antiga Esquerra de l'Eixample,23403,Aribau,0013 0013,Friday,2023,4,April,21,Afternoon,18,No és causa del  vianant,Motorcycle,Home,45,Driver,Desconegut                                                                                                                                            ,Unknown,Es desconeix,Ferit lleu: Amb assistència sanitària en lloc d'accident,430018.62 ,4582204.72,2.161863977,41.386480478
2023S002318    ,2,Eixample,7,la Dreta de l'Eixample,32700,Balmes,0156 0156,Dimecres,2023,4,April,12,Morning,11,Creuar per fora pas de vianants,Motorcycle,Dona,20,Pedestrian,Fora del pas                                                                                                                                          ,Estudiant cap a centre d'estudis,Unknown,Ferit lleu: Hospitalització fins a 24h,429528.7  ,4583106.07,2.155899974,41.394555839
2023S002320    ,9,Sant Andreu,61,la Sagrera,209900,Meridiana,0320B0320B,Saturday,2023,4,April,22,Morning,10,No és causa del  vianant,Car,Dona,62,Passatger,Desconegut                                                                                                                                            ,Unknown,Unknown,Ferit lleu: Hospitalització fins a 24h,432161.88 ,4586418.74,2.18702331,41.424618632
2023S002320    ,9,Sant Andreu,61,la Sagrera,209900,Meridiana,0320B0320B,Saturday,2023,4,April,22,Morning,10,No és causa del  vianant,Motorcycle,Home,54,Driver,Desconegut                                                                                                                                            ,Unknown,En missió,Ferit lleu: Rebutja assistència sanitària,432161.88 ,4586418.74,2.18702331,41.424618632
2023S002320    ,9,Sant Andreu,61,la Sagrera,209900,Meridiana,0320B0320B,Saturday,2023,4,April,22,Morning,10,No és causa del  vianant,Car,Home,64,Driver,Desconegut                                                                                                                                            ,Unknown,Oci i entreteniment,Ferit lleu: Amb assistència sanitària en lloc d'accident,432161.88 ,4586418.74,2.18702331,41.424618632
2023S002320    ,9,Sant Andreu,61,la Sagrera,209900,Meridiana,0320B0320B,Saturday,2023,4,April,22,Morning,10,No és causa del  vianant,Car,Home,88,Driver,Desconegut                                                                                                                                            ,Unknown,Oci i entreteniment,Mort natural,432161.88 ,4586418.74,2.18702331,41.424618632
2023S002321    ,3,Sants-Montjuïc,15,Hostafrancs,191204,Mallorca,0028U0028U,Saturday,2023,4,April,22,Morning,11,No és causa del  vianant,Car,Home,41,Driver,Desconegut                                                                                                                                            ,Unknown,Taxi,Ferit lleu: Hospitalització fins a 24h,428494.09 ,4581458.79,2.143719857,41.379628007
2023S002322    ,1,Ciutat Vella,4,"Sant Pere, Santa Caterina i la Ribera",271100,Pujades,0008 0008,Saturday,2023,4,April,22,Morning,10,Desobeir el senyal del semàfor,Ciclomotor,Dona,31,Passatger,En pas regulat per semàfor                                                                                                                            ,Unknown,Unknown,Ferit lleu: Amb assistència sanitària en lloc d'accident,431791.37 ,4582425.96,2.18303992,41.38862548
2023S002322    ,1,Ciutat Vella,4,"Sant Pere, Santa Caterina i la Ribera",271100,Pujades,0008 0008,Saturday,2023,4,April,22,Morning,10,Desobeir el senyal del semàfor,Ciclomotor,Dona,43,Driver,En pas regulat per semàfor                                                                                                                            ,Unknown,Es desconeix,Ferit lleu: Amb assistència sanitària en lloc d'accident,431791.37 ,4582425.96,2.18303992,41.38862548
2023S002323    ,8,Nou Barris,46,el Turó de la Peira,119003,Fabra i Puig,0394 0394,Saturday,2023,4,April,22,Morning,11,No és causa del  vianant,Bus,Dona,91,Passatger,Desconegut                                                                                                                                            ,Unknown,Unknown,Ferit lleu: Hospitalització fins a 24h,430173.82 ,4587368.31,2.163123879,41.433000612
2023S002324    ,10,Sant Martí,67,la Vila Olímpica del Poblenou,701266,Litoral (Llobregat),000810000,Saturday,2023,4,April,22,Morning,12,No és causa del  vianant,Car,Dona,26,Driver,Desconegut                                                                                                                                            ,Unknown,Altres activitats,Ferit lleu: Hospitalització fins a 24h,433363.25 ,4582786.07,2.201799588,41.39200074