Case_Number,District_Code,District_Name,Neighborhood_Code,Neighborhood_Name,Street_Code,Street_Name,Postal_Code,Day_of_Week,Year,Month_Code,Month_Name,Day_of_Month,Shift_Description,Hour_of_Day,Pedestrian_Cause_Description,Involved_Vehicle_Type,Gender_Description,Age,Person_Type_Description,Pedestrian_Accident_Location_Description,Pedestrian_Movement_Reason_Description,Driver_Movement_Reason_Description,Victimization_Description,UTM_X_Coordinate,UTM_Y_Coordinate,Longitude,Latitude
2023S002325    ,9,Sant Andreu,60,Sant Andreu,322007,Segre,0019 0021,Saturday,2023,4,April,22,Morning,11,No és causa del  vianant,Motorcycle,Home,19,Driver,Desconegut                                                                                                                                            ,Unknown,Es desconeix,Ferit lleu: Amb assistència sanitària en lloc d'accident,432565.83 ,4587601.4 ,2.191725107,41.435304503
2023S002326    ,8,Nou Barris,49,Canyelles,701267,Dalt (Besòs),001340000,Friday,2023,4,April,21,Morning,13,No és causa del  vianant,Car,Dona,34,Driver,Desconegut                                                                                                                                            ,Unknown,En missió,Ferit lleu: Hospitalització fins a 24h,430337.72 ,4588274.45,2.164980883,41.441176103
2023S002327    ,1,Ciutat Vella,1,el Raval,269108,Portal de la Pau,0002 0002,Saturday,2023,4,April,22,Afternoon,14,No és causa del  vianant,Tricicle,Dona,39,Passatger,Desconegut                                                                                                                                            ,Unknown,Unknown,Ferit lleu: Hospitalització fins a 24h,431293.95 ,4581061.37,2.177245735,41.376292639
2023S002327    ,1,Ciutat Vella,1,el Raval,269108,Portal de la Pau,0002 0002,Saturday,2023,4,April,22,Afternoon,14,No és causa del  vianant,Motorcycle,Home,41,Driver,Desconegut                                                                                                                                            ,Unknown,Es desconeix,Ferit lleu: Hospitalització fins a 24h,431293.95 ,4581061.37,2.177245735,41.376292639
2023S002327    ,1,Ciutat Vella,1,el Raval,269108,Portal de la Pau,0002 0002,Saturday,2023,4,April,22,Afternoon,14,No és causa del  vianant,Tricicle,Dona,44,Driver,Desconegut                                                                                                                                            ,Unknown,Es desconeix,Ferit lleu: Rebutja assistència sanitària,431293.95 ,4581061.37,2.177245735,41.376292639
2023S002328    ,2,Eixample,5,el Fort Pienc,18505,Aragó,0395 0395,Saturday,2023,4,April,22,Afternoon,15,No és causa del  vianant,Motorcycle,Home,65,Driver,Desconegut                                                                                                                                            ,Unknown,Es desconeix,Ferit lleu: Hospitalització fins a 24h,431071.21 ,4583612.42,2.174291902,41.399250142
2023S002329    ,3,Sants-Montjuïc,11,el Poble-sec,43207,Blasco de Garay,0014 0014,Saturday,2023,4,April,22,Morning,12,Transitar a peu per la calçada,Unknown,Home,9,Pedestrian,En zona peatonal                                                                                                                                      ,Unknown,Unknown,Ferit lleu: Amb assistència sanitària en lloc d'accident,430107.56 ,4580819.46,2.163087487,41.374011602
2023S002330    ,7,Horta-Guinardó,37,el Carmel,325504,Sigüenza,0076 0076,Saturday,2023,4,April,22,Afternoon,16,No és causa del  vianant,Motorcycle,Dona,20,Passatger,Desconegut                                                                                                                                            ,Unknown,Unknown,Ferit lleu: Hospitalització fins a 24h,429327.03 ,4586333.23,2.153110753,41.423603955
2023S002330    ,7,Horta-Guinardó,37,el Carmel,325504,Sigüenza,0076 0076,Saturday,2023,4,April,22,Afternoon,16,No és causa del  vianant,Motorcycle,Home,22,Driver,Desconegut                                                                                                                                            ,Unknown,Es desconeix,Ferit lleu: Hospitalització fins a 24h,429327.03 ,4586333.23,2.153110753,41.423603955
2023S002331    ,10,Sant Martí,69,Diagonal Mar i el Front Marítim del Poblenou,701266,Litoral (Llobregat),000610000,Saturday,2023,4,April,22,Afternoon,21,No és causa del  vianant,Motorcycle,Home,53,Driver,Desconegut                                                                                                                                            ,Unknown,Es desconeix,Ferit lleu: Rebutja assistència sanitària,434731.89 ,4584332.53,2.218002296,41.406041674
2023S002332    ,10,Sant Martí,72,Sant Martí de Provençals,169409,Corts Catalanes,0963 0963,Saturday,2023,4,April,22,Afternoon,15,No és causa del  vianant,Motorcycle,Home,30,Driver,Desconegut                                                                                                                                            ,Unknown,Altres activitats,Ferit lleu: Hospitalització fins a 24h,432939.83 ,4584967.63,2.196493513,41.41161426
2023S002334    ,2,Eixample,7,la Dreta de l'Eixample,350308,València,0293 0295,Saturday,2023,4,April,22,Afternoon,20,No és causa del  vianant,Veh. mobilitat personal amb motor,Home,22,Driver,Desconegut                                                                                                                                            ,Unknown,In itínere,Ferit lleu: Hospitalització fins a 24h,430466.05 ,4583222.79,2.167097974,41.395688737
2023S002335    ,5,Sarrià-Sant Gervasi,23,Sarrià,320908,Sarrià a Vallvidrera,0098 0098,Saturday,2023,4,April,22,Afternoon,18,No és causa del  vianant,Motorcycle,Home,57,Driver,Desconegut                                                                                                                                            ,Unknown,Oci i entreteniment,Ferit lleu: Hospitalització fins a 24h,425834.24 ,4584650.59,2.111522599,41.408134215
2023S002337    ,2,Eixample,9,la Nova Esquerra de l'Eixample,289105,Rosselló,0068 0070,Friday,2023,4,April,21,Afternoon,21,No és causa del  vianant,Motorcycle,Home,23,Driver,Desconegut                                                                                                                                            ,Unknown,In itínere,Ferit lleu: Amb assistència sanitària en lloc d'accident,428882.97 ,4582216.76,2.148281059,41.386489266
2023S002338    ,2,Eixample,8,l'Antiga Esquerra de l'Eixample,223606,Muntaner,0121 0121,Saturday,2023,4,April,22,Afternoon,20,No és causa del  vianant,Bicicleta,Dona,23,Driver,Desconegut                                                                                                                                            ,Unknown,En missió,Ferit lleu: Hospitalització fins a 24h,429456.18 ,4582587.71,2.155092993,41.389880787
2023S002340    ,2,Eixample,6,la Sagrada Família,350308,València,0470 0470,Saturday,2023,4,April,22,Afternoon,20,No és causa del  vianant,Motorcycle,Home,45,Driver,Desconegut                                                                                                                                            ,Unknown,Es desconeix,Ferit lleu: Hospitalització fins a 24h,431371.11 ,4584089.39,2.177825098,41.403571733
2023S002341    ,8,Nou Barris,53,la Trinitat Nova,209900,Meridiana,0603X0603X,Diumenge,2023,4,April,9,Morning,13,No és causa del  vianant,Car,Home,25,Driver,Desconegut                                                                                                                                            ,Unknown,Altres activitats,Ferit lleu: Hospitalització fins a 24h,432268.59 ,4589141.34,2.187994898,41.44914918
2023S002342    ,3,Sants-Montjuïc,11,el Poble-sec,700025,Josep Carner,0035 0035,Diumenge,2023,4,April,23,Morning,11,No és causa del  vianant,Motorcycle,Home,49,Driver,Desconegut                                                                                                                                            ,Unknown,En missió,Ferit lleu: Hospitalització fins a 24h,431057.25 ,4580570.36,2.174471282,41.371849989
2023S002343    ,8,Nou Barris,48,la Guineueta,363503,Vilalba dels Arcs,0110X0110X,Diumenge,2023,4,April,23,Morning,9,No és causa del  vianant,Veh. mobilitat personal amb motor,Dona,32,Driver,Desconegut                                                                                                                                            ,Unknown,Es desconeix,Ferit lleu: Hospitalització fins a 24h,430463.78 ,4587861.19,2.166537322,41.437464965
2023S002344    ,2,Eixample,5,el Fort Pienc,76807,Sardenya,0181 0181,Diumenge,2023,4,April,23,Morning,13,No és causa del  vianant,Motorcycle,Dona,33,Driver,Desconegut                                                                                                                                            ,Unknown,"Bombers, policia, ambulància",Ferit lleu: Hospitalització fins a 24h,431599.68 ,4583470.53,2.180629317,41.398017336
2023S002345    ,9,Sant Andreu,59,el Bon Pastor,701265,Litoral (Besòs),000150000,Diumenge,2023,4,April,23,Afternoon,15,No és causa del  vianant,Motorcycle,Home,53,Driver,Desconegut                                                                                                                                            ,Unknown,Es desconeix,Ferit lleu: Hospitalització fins a 24h,433624.59 ,4588704.98,2.204275393,41.445332369
2023S002347    ,4,Les Corts,20,la Maternitat i Sant Ramon,66508,Carles III,0041 0043,Diumenge,2023,4,April,23,Morning,13,No és causa del  vianant,Motorcycle,Home,46,Driver,Desconegut                                                                                                                                            ,Unknown,Es desconeix,Ferit lleu: Hospitalització fins a 24h,427176.29 ,4581730.49,2.127929046,41.381956849
2023S002348    ,8,Nou Barris,44,Vilapicina i la Torre Llobeta,119003,Fabra i Puig,0181 0181,Diumenge,2023,4,April,23,Morning,12,No és causa del  vianant,Autobús articulat,Dona,60,Passatger,Desconegut                                                                                                                                            ,Unknown,Unknown,Ferit lleu: Hospitalització fins a 24h,431360.13 ,4587054.3 ,2.177357118,41.430274759
2023S002349    ,7,Horta-Guinardó,35,el Guinardó,365702,Mare de Déu de Montserrat,0243 0245,Diumenge,2023,4,April,23,Afternoon,14,No és causa del  vianant,Car,Home,35,Driver,Desconegut                                                                                                                                            ,Unknown,Es desconeix,Ferit lleu: Hospitalització fins a 24h,431171.33 ,4586283.08,2.175185532,41.423312485
2023S002349    ,7,Horta-Guinardó,35,el Guinardó,365702,Mare de Déu de Montserrat,0243 0245,Diumenge,2023,4,April,23,Afternoon,14,No és causa del  vianant,Car,Home,44,Driver,Desconegut                                                                                                                                            ,Unknown,Es desconeix,Ferit lleu: Hospitalització fins a 24h,431171.33 ,4586283.08,2.175185532,41.423312485
2023S002349    ,7,Horta-Guinardó,35,el Guinardó,365702,Mare de Déu de Montserrat,0243 0245,Diumenge,2023,4,April,23,Afternoon,14,No és causa del  vianant,Car,Home,65,Driver,Desconegut                                                                                                                                            ,Unknown,Es desconeix,Ferit greu: hospitalització superior a 24h,431171.33 ,4586283.08,2.175185532,41.423312485
2023S002350    ,10,Sant Martí,72,Sant Martí de Provençals,208205,Menorca,0017S0017S,Diumenge,2023,4,April,23,Afternoon,17,No és causa del  vianant,Bicicleta,Home,7,Driver,Desconegut                                                                                                                                            ,Unknown,Oci i entreteniment,Ferit lleu: Amb assistència sanitària en lloc d'accident,432892.06 ,4585767.82,2.195833175,41.418817352
2023S002351    ,10,Sant Martí,64,el Camp de l'Arpa del Clot,350308,València,0589 0589,Diumenge,2023,4,April,23,Morning,13,Altres,Ciclomotor,Home,17,Pedestrian,Desconegut                                                                                                                                            ,Unknown,Unknown,Ferit lleu: Hospitalització fins a 24h,431988.96 ,4584692.18,2.185148327,41.409053419
2023S002351    ,10,Sant Martí,64,el Camp de l'Arpa del Clot,350308,València,0589 0589,Diumenge,2023,4,April,23,Morning,13,Altres,Ciclomotor,Dona,36,Driver,Desconegut                                                                                                                                            ,Unknown,In itínere,Ferit lleu: Hospitalització fins a 24h,431988.96 ,4584692.18,2.185148327,41.409053419
2023S002352    ,5,Sarrià-Sant Gervasi,25,Sant Gervasi - la Bonanova,701629,Isaac Newton,0030U0030U,Diumenge,2023,4,April,23,Afternoon,19,No és causa del  vianant,Car,Dona,20,Passatger,Desconegut                                                                                                                                            ,Unknown,Unknown,Ferit lleu: Rebutja assistència sanitària,427504.46 ,4585298.73,2.131425947,41.414124185
2023S002352    ,5,Sarrià-Sant Gervasi,25,Sant Gervasi - la Bonanova,701629,Isaac Newton,0030U0030U,Diumenge,2023,4,April,23,Afternoon,19,No és causa del  vianant,Motorcycle,Dona,37,Driver,Desconegut                                                                                                                                            ,Unknown,Es desconeix,Ferit lleu: Amb assistència sanitària en lloc d'accident,427504.46 ,4585298.73,2.131425947,41.414124185
2023S002352    ,5,Sarrià-Sant Gervasi,25,Sant Gervasi - la Bonanova,701629,Isaac Newton,0030U0030U,Diumenge,2023,4,April,23,Afternoon,19,No és causa del  vianant,Car,Home,52,Driver,Desconegut                                                                                                                                            ,Unknown,Es desconeix,Ferit lleu: Rebutja assistència sanitària,427504.46 ,4585298.73,2.131425947,41.414124185
2023S002353    ,10,Sant Martí,65,el Clot,146902,Glòries Catalanes,0019 0021,Diumenge,2023,4,April,23,Afternoon,19,No és causa del  vianant,Car,Home,44,Driver,Desconegut                                                                                                                                            ,Unknown,Oci i entreteniment,Ferit lleu: Amb assistència sanitària en lloc d'accident,432172.41 ,4584181.5 ,2.187400294,41.404469384
2023S002353    ,10,Sant Martí,65,el Clot,146902,Glòries Catalanes,0019 0021,Diumenge,2023,4,April,23,Afternoon,19,No és causa del  vianant,Car,Home,55,Driver,Desconegut                                                                                                                                            ,Unknown,Oci i entreteniment,Ferit lleu: Hospitalització fins a 24h,432172.41 ,4584181.5 ,2.187400294,41.404469384
2023S002354    ,10,Sant Martí,67,la Vila Olímpica del Poblenou,700654,Litoral,9994 9994,Diumenge,2023,4,April,23,Afternoon,17,No és causa del  vianant,Car,Home,35,Passatger,Desconegut                                                                                                                                            ,Unknown,Unknown,Ferit lleu: Amb assistència sanitària en lloc d'accident,433218.09 ,4582540.82,2.200090474,41.389779785
2023S002354    ,10,Sant Martí,67,la Vila Olímpica del Poblenou,700654,Litoral,9994 9994,Diumenge,2023,4,April,23,Afternoon,17,No és causa del  vianant,Car,Home,34,Driver,Desconegut                                                                                                                                            ,Unknown,Es desconeix,Ferit lleu: Amb assistència sanitària en lloc d'accident,433218.09 ,4582540.82,2.200090474,41.389779785
2023S002355    ,8,Nou Barris,48,la Guineueta,186601,República,0002E0002E,Diumenge,2023,4,April,23,Afternoon,20,No és causa del  vianant,Motorcycle,Home,45,Driver,Desconegut                                                                                                                                            ,Unknown,Altres activitats,Ferit lleu: Amb assistència sanitària en lloc d'accident,431082.25 ,4587937.05,2.173930915,41.438201557
2023S002356    ,2,Eixample,7,la Dreta de l'Eixample,247659,Pau Claris,0085 0085,Diumenge,2023,4,April,23,Night,22,No és causa del  vianant,Furgoneta,Home,22,Passatger,Desconegut                                                                                                                                            ,Unknown,Unknown,Ferit lleu: Amb assistència sanitària en lloc d'accident,430759.07 ,4582576.69,2.170676688,41.389894811
2023S002356    ,2,Eixample,7,la Dreta de l'Eixample,247659,Pau Claris,0085 0085,Diumenge,2023,4,April,23,Night,22,No és causa del  vianant,Furgoneta,Home,22,Passatger,Desconegut                                                                                                                                            ,Unknown,Unknown,Ferit lleu: Rebutja assistència sanitària,430759.07 ,4582576.69,2.170676688,41.389894811
2023S002356    ,2,Eixample,7,la Dreta de l'Eixample,247659,Pau Claris,0085 0085,Diumenge,2023,4,April,23,Night,22,No és causa del  vianant,Furgoneta,Home,38,Driver,Desconegut                                                                                                                                            ,Unknown,En missió,Ferit lleu: Amb assistència sanitària en lloc d'accident,430759.07 ,4582576.69,2.170676688,41.389894811
2023S002356    ,2,Eixample,7,la Dreta de l'Eixample,247659,Pau Claris,0085 0085,Diumenge,2023,4,April,23,Night,22,No és causa del  vianant,Bus,Home,51,Driver,Desconegut                                                                                                                                            ,Unknown,In itínere,Ferit lleu: Hospitalització fins a 24h,430759.07 ,4582576.69,2.170676688,41.389894811
2023S002358    ,2,Eixample,8,l'Antiga Esquerra de l'Eixample,245802,París,0180 0180,Dilluns,2023,4,April,24,Night,4,No és causa del  vianant,Taxi,Home,51,Driver,Desconegut                                                                                                                                            ,Unknown,Taxi,Ferit lleu: Hospitalització fins a 24h,429269.91 ,4582970.53,2.152820499,41.393312346
2023S002359    ,6,Gràcia,30,la Salut,176608,Larrard,0004B0006,Dilluns,2023,4,April,24,Morning,7,No és causa del  vianant,Motorcycle,Dona,50,Driver,Desconegut                                                                                                                                            ,Unknown,In itínere,Ferit lleu: Amb assistència sanitària en lloc d'accident,429544.94 ,4584911.95,2.155883912,41.410822177
2023S002360    ,2,Eixample,8,l'Antiga Esquerra de l'Eixample,18505,Aragó,0215X0215X,Dilluns,2023,4,April,24,Morning,8,No és causa del  vianant,Motorcycle,Dona,51,Passatger,Desconegut                                                                                                                                            ,Unknown,Unknown,Ferit lleu: Amb assistència sanitària en lloc d'accident,429880.4  ,4582443.91,2.160183267,41.388622742
2023S002360    ,2,Eixample,8,l'Antiga Esquerra de l'Eixample,18505,Aragó,0215X0215X,Dilluns,2023,4,April,24,Morning,8,No és causa del  vianant,Motorcycle,Home,54,Driver,Desconegut                                                                                                                                            ,Unknown,Es desconeix,Ferit lleu: Amb assistència sanitària en lloc d'accident,429880.4  ,4582443.91,2.160183267,41.388622742
2023S002361    ,5,Sarrià-Sant Gervasi,23,Sarrià,701268,Dalt (Llobregat),0009E0000,Dilluns,2023,4,April,24,Morning,11,No és causa del  vianant,Motorcycle,Home,32,Driver,Desconegut                                                                                                                                            ,Unknown,En missió,Ferit lleu: Amb assistència sanitària en lloc d'accident,425982.38 ,4583777.91,2.113401582,41.400288051
2023S002362    ,4,Les Corts,19,les Corts,144601,Diagonal,0587X0587X,Dilluns,2023,4,April,24,Morning,9,No és causa del  vianant,Tren o tramvia,Dona,54,Passatger,Desconegut                                                                                                                                            ,Unknown,Unknown,Ferit lleu: Hospitalització fins a 24h,427472.72 ,4582498.36,2.131381885,41.388899547
2023S002363    ,4,Les Corts,19,les Corts,172403,Joan Güell,0170 0172,Dilluns,2023,4,April,24,Morning,11,No és causa del  vianant,Veh. mobilitat personal amb motor,Dona,50,Pedestrian,En pas sense regular                                                                                                                                  ,Oci i entreteniment,Unknown,Ferit lleu: Hospitalització fins a 24h,427443.74 ,4581918.9 ,2.131104731,41.383677962
2023S002364    ,2,Eixample,7,la Dreta de l'Eixample,18505,Aragó,0336 0336,Dilluns,2023,4,April,24,Morning,9,No és causa del  vianant,Motorcycle,Home,37,Driver,Desconegut                                                                                                                                            ,Unknown,In itínere,Ferit lleu: Hospitalització fins a 24h,430702.86 ,4583273.46,2.16992465,41.396165558
2023S002365    ,2,Eixample,8,l'Antiga Esquerra de l'Eixample,350308,València,0130 0130,Dilluns,2023,4,April,24,Morning,9,No és causa del  vianant,Motorcycle,Home,25,Driver,Desconegut                                                                                                                                            ,Unknown,Es desconeix,Ferit lleu: Amb assistència sanitària en lloc d'accident,429355.76 ,4582115.68,2.153947059,41.385620554
2023S002365    ,2,Eixample,8,l'Antiga Esquerra de l'Eixample,350308,València,0130 0130,Dilluns,2023,4,April,24,Morning,9,No és causa del  vianant,Motorcycle,Home,39,Driver,Desconegut                                                                                                                                            ,Unknown,Es desconeix,Ferit lleu: Hospitalització fins a 24h,429355.76 ,4582115.68,2.153947059,41.385620554
2023S002366    ,2,Eixample,5,el Fort Pienc,18505,Aragó,0399 0399,Friday,2023,2,February,17,Morning,13,No és causa del  vianant,Motorcycle,Home,28,Driver,Desconegut                                                                                                                                            ,Unknown,Oci i entreteniment,Ferit lleu: Amb assistència sanitària en lloc d'accident,431136.99 ,4583654.21,2.175073983,41.399632171
2023S002368    ,4,Les Corts,19,les Corts,92600,Corts,0046 0046,Dilluns,2023,4,April,24,Morning,11,No és causa del  vianant,Motorcycle,Home,31,Passatger,Desconegut                                                                                                                                            ,Unknown,Unknown,Ferit lleu: Hospitalització fins a 24h,427192.97 ,4582254.59,2.128065499,41.386678722
2023S002368    ,4,Les Corts,19,les Corts,92600,Corts,0046 0046,Dilluns,2023,4,April,24,Morning,11,No és causa del  vianant,Motorcycle,Home,37,Driver,Desconegut                                                                                                                                            ,Unknown,Es desconeix,Ferit lleu: Hospitalització fins a 24h,427192.97 ,4582254.59,2.128065499,41.386678722
2023S002370    ,9,Sant Andreu,57,la Trinitat Vella,701431,C-17 (Puigcerdà),000010000,Dilluns,2023,4,April,24,Morning,11,No és causa del  vianant,Motorcycle,Home,41,Driver,Desconegut                                                                                                                                            ,Unknown,Oci i entreteniment,Ferit lleu: Amb assistència sanitària en lloc d'accident,432023.63 ,4590212.68,2.184941833,41.458777621
2023S002371    ,2,Eixample,7,la Dreta de l'Eixample,148307,Gràcia,0072S0072S,Dilluns,2023,4,April,24,Morning,13,No és causa del  vianant,Bicicleta,Home,26,Driver,Desconegut                                                                                                                                            ,Unknown,Es desconeix,Ferit lleu: Rebutja assistència sanitària,430187.73 ,4582930.63,2.163802698,41.39303322
2023S002371    ,2,Eixample,7,la Dreta de l'Eixample,148307,Gràcia,0072S0072S,Dilluns,2023,4,April,24,Morning,13,No és causa del  vianant,Motorcycle,Home,31,Driver,Desconegut                                                                                                                                            ,Unknown,Es desconeix,Ferit lleu: Hospitalització fins a 24h,430187.73 ,4582930.63,2.163802698,41.39303322
2023S002372    ,4,Les Corts,21,Pedralbes,144601,Diagonal,0680X0680X,Dilluns,2023,4,April,24,Morning,12,No és causa del  vianant,Furgoneta,Home,29,Driver,Desconegut                                                                                                                                            ,Unknown,Oci i entreteniment,Ferit lleu: Rebutja assistència sanitària,426793.07 ,4582325.32,2.12327447,41.387279445
2023S002373    ,3,Sants-Montjuïc,18,Sants,98005,Daoíz i Velarde,0001 0001,Dilluns,2023,4,April,24,Morning,12,No és causa del  vianant,Veh. mobilitat personal amb motor,Dona,23,Driver,Desconegut                                                                                                                                            ,Unknown,Es desconeix,Ferit lleu: Hospitalització fins a 24h,427667.08 ,4580887.46,2.133898747,41.374408289
2023S002374    ,2,Eixample,7,la Dreta de l'Eixample,169409,Corts Catalanes,0629 0629,Thursday,2023,4,April,20,Afternoon,21,No és causa del  vianant,Motorcycle,Home,55,Driver,Desconegut                                                                                                                                            ,Unknown,Es desconeix,Ferit lleu: Rebutja assistència sanitària,430713.85 ,4582715.3 ,2.170119996,41.391139332
2023S002375    ,10,Sant Martí,69,Diagonal Mar i el Front Marítim del Poblenou,30409,Bac de Roda,0011X0011X,Dilluns,2023,4,April,24,Morning,11,No és causa del  vianant,Ciclomotor,Dona,27,Driver,Desconegut                                                                                                                                            ,Unknown,Es desconeix,Ferit lleu: Hospitalització fins a 24h,434060.23 ,4583996   ,2.210003912,41.402955783
2023S002376    ,5,Sarrià-Sant Gervasi,23,Sarrià,701268,Dalt (Llobregat),000690000,Dilluns,2023,4,April,24,Morning,12,No és causa del  vianant,Motorcycle,Dona,30,Driver,Desconegut                                                                                                                                            ,Unknown,Es desconeix,Ferit lleu: Hospitalització fins a 24h,426051.78 ,4583890.01,2.11421802,41.401304074
2023S002377    ,5,Sarrià-Sant Gervasi,26,Sant Gervasi - Galvany,348408,Tuset,0038 0038,Dilluns,2023,4,April,24,Afternoon,15,No és causa del  vianant,Furgoneta,Home,38,Pedestrian,Fora del pas                                                                                                                                          ,Unknown,Unknown,Ferit lleu: Rebutja assistència sanitària,429099.82 ,4583362.45,2.150740229,41.396827244
2023S002377    ,5,Sarrià-Sant Gervasi,26,Sant Gervasi - Galvany,348408,Tuset,0038 0038,Dilluns,2023,4,April,24,Afternoon,15,No és causa del  vianant,Furgoneta,Home,47,Pedestrian,Fora del pas                                                                                                                                          ,Unknown,Unknown,Ferit lleu: Rebutja assistència sanitària,429099.82 ,4583362.45,2.150740229,41.396827244
2023S002378    ,3,Sants-Montjuïc,16,la Bordeta,160903,Ildefons Cerdà,0007 0007,Dilluns,2023,4,April,24,Afternoon,15,No és causa del  vianant,Bus,Dona,63,Passatger,Desconegut                                                                                                                                            ,Unknown,Unknown,Ferit lleu: Hospitalització fins a 24h,427857.18 ,4579829.6 ,2.1362977,41.364897589
2023S002379    ,2,Eixample,8,l'Antiga Esquerra de l'Eixample,32700,Balmes,0025 0025,Dilluns,2023,4,April,24,Afternoon,14,No és causa del  vianant,Motorcycle,Home,30,Driver,Desconegut                                                                                                                                            ,Unknown,Altres activitats,Ferit lleu: Hospitalització fins a 24h,430208.68 ,4582391.9 ,2.16411538,41.38818287
2023S002380    ,10,Sant Martí,71,Provençals del Poblenou,701414,C-31,020700000,Dilluns,2023,4,April,24,Afternoon,15,No és causa del  vianant,Motorcycle,Home,55,Driver,Desconegut                                                                                                                                            ,Unknown,In itínere,Ferit lleu: Hospitalització fins a 24h,432986.83 ,4584903.52,2.197062924,41.411040761
2023S002381    ,2,Eixample,9,la Nova Esquerra de l'Eixample,362001,Vilamarí,0120 0120,Dilluns,2023,4,April,24,Afternoon,15,No és causa del  vianant,Motorcycle,Dona,51,Driver,Desconegut                                                                                                                                            ,Unknown,Es desconeix,Ferit lleu: Hospitalització fins a 24h,428782.6  ,4581555.77,2.147158445,41.380527075
2023S002382    ,6,Gràcia,31,la Vila de Gràcia,144601,Diagonal,0446 0448,Dilluns,2023,4,April,24,Morning,12,No és causa del  vianant,Motorcycle,Home,48,Driver,Desconegut                                                                                                                                            ,Unknown,Es desconeix,Ferit lleu: Amb assistència sanitària en lloc d'accident,429809.14 ,4583287.66,2.159233182,41.396215898
2023S002383    ,2,Eixample,7,la Dreta de l'Eixample,49509,Bruc,0099 0099,Dilluns,2023,4,April,24,Afternoon,15,No és causa del  vianant,Furgoneta,Dona,53,Driver,Desconegut                                                                                                                                            ,Unknown,Oci i entreteniment,Ferit lleu: Rebutja assistència sanitària,430499.78 ,4583238.78,2.167499581,41.395835671
2023S002384    ,10,Sant Martí,66,el Parc i la Llacuna del Poblenou,701414,C-31,020600000,Dilluns,2023,4,April,24,Afternoon,17,No és causa del  vianant,Motorcycle,Dona,60,Passatger,Desconegut                                                                                                                                            ,Unknown,Unknown,Ferit lleu: Hospitalització fins a 24h,432172.41 ,4584181.5 ,2.187400294,41.404469384
2023S002384    ,10,Sant Martí,66,el Parc i la Llacuna del Poblenou,701414,C-31,020600000,Dilluns,2023,4,April,24,Afternoon,17,No és causa del  vianant,Motorcycle,Home,53,Driver,Desconegut                                                                                                                                            ,Unknown,Oci i entreteniment,Ferit lleu: Hospitalització fins a 24h,432172.41 ,4584181.5 ,2.187400294,41.404469384
2023S002386    ,2,Eixample,7,la Dreta de l'Eixample,286504,Roger de Flor,0173 0173,Dilluns,2023,4,April,24,Afternoon,17,Desobeir el senyal del semàfor,Motorcycle,Home,33,Pedestrian,En pas regulat per semàfor                                                                                                                            ,Unknown,Unknown,Ferit lleu: Hospitalització fins a 24h,430850.64 ,4583648.78,2.171649369,41.399558676
2023S002386    ,2,Eixample,7,la Dreta de l'Eixample,286504,Roger de Flor,0173 0173,Dilluns,2023,4,April,24,Afternoon,17,Desobeir el senyal del semàfor,Motorcycle,Home,8,Pedestrian,En pas regulat per semàfor                                                                                                                            ,Unknown,Unknown,Ferit lleu: Hospitalització fins a 24h,430850.64 ,4583648.78,2.171649369,41.399558676
2023S002386    ,2,Eixample,7,la Dreta de l'Eixample,286504,Roger de Flor,0173 0173,Dilluns,2023,4,April,24,Afternoon,17,Desobeir el senyal del semàfor,Motorcycle,Home,52,Driver,En pas regulat per semàfor                                                                                                                            ,Unknown,In itínere,Ferit lleu: Hospitalització fins a 24h,430850.64 ,4583648.78,2.171649369,41.399558676
2023S002387    ,4,Les Corts,20,la Maternitat i Sant Ramon,66508,Carles III,0001 0005,Dilluns,2023,4,April,24,Afternoon,18,No és causa del  vianant,Bicicleta,Dona,20,Driver,Desconegut                                                                                                                                            ,Unknown,Es desconeix,Ferit lleu: Hospitalització fins a 24h,427237.07 ,4581573.54,2.128674729,41.380548764
2023S002388    ,7,Horta-Guinardó,43,Horta,59900,Canigó,0053 0053,Dilluns,2023,4,April,24,Afternoon,14,No és causa del  vianant,Veh. mobilitat personal amb motor,Dona,34,Pedestrian,A la vorera / Andana                                                                                                                                  ,Unknown,Unknown,Ferit lleu: Hospitalització fins a 24h,429927.41 ,4587661.06,2.160140933,41.435615822
2023S002389    ,3,Sants-Montjuïc,12,la Marina del Prat Vermell,370203,Número 3 Zona Franca,0069 0075,Dilluns,2023,4,April,24,Afternoon,21,No és causa del  vianant,Motorcycle,Home,24,Driver,Desconegut                                                                                                                                            ,Unknown,In itínere,Ferit lleu: Hospitalització fins a 24h,427265.97 ,4576644.81,2.129611526,41.336160036
2023S002390    ,2,Eixample,5,el Fort Pienc,169409,Corts Catalanes,0760 0760,Dilluns,2023,4,April,24,Afternoon,21,No és causa del  vianant,Veh. mobilitat personal amb motor,Home,23,Driver,Desconegut                                                                                                                                            ,Unknown,Oci i entreteniment,Ferit lleu: Amb assistència sanitària en lloc d'accident,431553.84 ,4583500.42,2.180077624,41.398282643
2023S002391    ,10,Sant Martí,68,el Poblenou,110009,Ramon Turró,0182 0182,Dilluns,2023,4,April,24,Night,22,No és causa del  vianant,Motorcycle,Dona,32,Driver,Desconegut                                                                                                                                            ,Unknown,In itínere,Ferit lleu: Hospitalització fins a 24h,433300.75 ,4583483.72,2.200975176,41.398279119