Case_Number,District_Code,District_Name,Neighborhood_Code,Neighborhood_Name,Street_Code,Street_Name,Postal_Code,Day_of_Week,Year,Month_Code,Month_Name,Day_of_Month,Shift_Description,Hour_of_Day,Pedestrian_Cause_Description,Involved_Vehicle_Type,Gender_Description,Age,Person_Type_Description,Pedestrian_Accident_Location_Description,Pedestrian_Movement_Reason_Description,Driver_Movement_Reason_Description,Victimization_Description,UTM_X_Coordinate,UTM_Y_Coordinate,Longitude,Latitude
2023S002462    ,5,Sarrià-Sant Gervasi,25,Sant Gervasi - la Bonanova,701629,Isaac Newton,0042 0042,Dimecres,2023,4,April,26,Night,22,No és causa del  vianant,Motorcycle,Home,25,Driver,Desconegut                                                                                                                                            ,Unknown,Es desconeix,Ferit greu: hospitalització superior a 24h,427700.96 ,4585357.3 ,2.133769917,41.414669411
2023S002463    ,8,Nou Barris,44,Vilapicina i la Torre Llobeta,119003,Fabra i Puig,0093 0093,Thursday,2023,4,April,27,Morning,10,No és causa del  vianant,Motorcycle,Dona,42,Driver,Desconegut                                                                                                                                            ,Unknown,Es desconeix,Ferit lleu: Hospitalització fins a 24h,431870.03 ,4587039.84,2.183460905,41.430187961
2023S002464    ,2,Eixample,8,l'Antiga Esquerra de l'Eixample,223606,Muntaner,0087 0089,Thursday,2023,4,April,27,Morning,12,No és causa del  vianant,Motorcycle,Dona,31,Driver,Desconegut                                                                                                                                            ,Unknown,Oci i entreteniment,Ferit lleu: Hospitalització fins a 24h,429616.05 ,4582409.28,2.157025761,41.38828774
2023S002465    ,3,Sants-Montjuïc,16,la Bordeta,169409,Corts Catalanes,0185 0185,Thursday,2023,4,April,27,Afternoon,14,Creuar per fora pas de vianants,Furgoneta,Home,41,Pedestrian,Fora del pas                                                                                                                                          ,Es desconeix,Unknown,Ferit lleu: Rebutja assistència sanitària,428173.37 ,4580228.73,2.140030528,41.368520706
2023S002466    ,3,Sants-Montjuïc,18,Sants,235208,Olzinelles,0070 0070,Thursday,2023,4,April,27,Morning,9,No és causa del  vianant,Veh. mobilitat personal amb motor,Dona,83,Pedestrian,A la vorera / Andana                                                                                                                                  ,Unknown,Unknown,Ferit lleu: Hospitalització fins a 24h,427932.49 ,4580580.57,2.137108749,41.371668064
2023S002467    ,5,Sarrià-Sant Gervasi,26,Sant Gervasi - Galvany,143904,General Mitre,0122 0122,Thursday,2023,4,April,27,Morning,12,No és causa del  vianant,Taxi,Dona,47,Passatger,Desconegut                                                                                                                                            ,Unknown,Unknown,Ferit lleu: Hospitalització fins a 24h,427948.82 ,4583902.85,2.136908662,41.401592051
2023S002468    ,7,Horta-Guinardó,37,el Carmel,85900,Conca de Tremp,0100 0102,Thursday,2023,4,April,27,Morning,13,No és causa del  vianant,Bus,Dona,63,Passatger,Desconegut                                                                                                                                            ,Unknown,Unknown,Ferit lleu: Amb assistència sanitària en lloc d'accident,429686.83 ,4585955.29,2.157460107,41.420231583
2023S002468    ,7,Horta-Guinardó,37,el Carmel,85900,Conca de Tremp,0100 0102,Thursday,2023,4,April,27,Morning,13,No és causa del  vianant,Bus,Dona,75,Passatger,Desconegut                                                                                                                                            ,Unknown,Unknown,Ferit lleu: Amb assistència sanitària en lloc d'accident,429686.83 ,4585955.29,2.157460107,41.420231583
2023S002468    ,7,Horta-Guinardó,37,el Carmel,85900,Conca de Tremp,0100 0102,Thursday,2023,4,April,27,Morning,13,No és causa del  vianant,Bus,Dona,80,Passatger,Desconegut                                                                                                                                            ,Unknown,Unknown,Ferit lleu: Hospitalització fins a 24h,429686.83 ,4585955.29,2.157460107,41.420231583
2023S002469    ,10,Sant Martí,71,Provençals del Poblenou,143609,Josep Pla,0153 0153,Thursday,2023,4,April,27,Afternoon,14,No és causa del  vianant,Ciclomotor,Dona,57,Driver,Desconegut                                                                                                                                            ,Unknown,In itínere,Ferit lleu: Hospitalització fins a 24h,433916.35 ,4585318.16,2.208138288,41.414852326
2023S002470    ,7,Horta-Guinardó,43,Horta,701268,Dalt (Llobregat),001300000,Thursday,2023,4,April,27,Afternoon,14,No és causa del  vianant,Car,Dona,23,Driver,Desconegut                                                                                                                                            ,Unknown,In itínere,Ferit lleu: Amb assistència sanitària en lloc d'accident,429739.8  ,4588052.89,2.157849982,41.439128473
2023S002471    ,2,Eixample,7,la Dreta de l'Eixample,148307,Gràcia,0072S0072S,Thursday,2023,4,April,27,Afternoon,14,Altres,Bicicleta,Dona,42,Driver,Altres                                                                                                                                                ,Unknown,Es desconeix,Ferit lleu: Hospitalització fins a 24h,430188.01 ,4582979.22,2.163800443,41.393470878
2023S002472    ,6,Gràcia,30,la Salut,344000,Dalt,0009 0009,Thursday,2023,4,April,27,Afternoon,14,No és causa del  vianant,Motorcycle,Dona,34,Driver,Desconegut                                                                                                                                            ,Unknown,En missió,Ferit lleu: Hospitalització fins a 24h,429152.46 ,4584634.32,2.151220923,41.40828715
2023S002473    ,10,Sant Martí,65,el Clot,191204,Mallorca,0622 0624,Thursday,2023,4,April,27,Afternoon,15,No és causa del  vianant,Motorcycle,Home,24,Driver,Desconegut                                                                                                                                            ,Unknown,Oci i entreteniment,Ferit lleu: Hospitalització fins a 24h,432182.73 ,4585056.14,2.187425675,41.412347879
2023S002474    ,2,Eixample,8,l'Antiga Esquerra de l'Eixample,349706,Comte d'Urgell,0108 0108,Thursday,2023,4,April,27,Afternoon,16,No és causa del  vianant,Motorcycle,Home,22,Passatger,Desconegut                                                                                                                                            ,Unknown,Unknown,Ferit lleu: Hospitalització fins a 24h,429541.26 ,4581925.8 ,2.156187564,41.383926645
2023S002474    ,2,Eixample,8,l'Antiga Esquerra de l'Eixample,349706,Comte d'Urgell,0108 0108,Thursday,2023,4,April,27,Afternoon,16,No és causa del  vianant,Motorcycle,Home,67,Driver,Desconegut                                                                                                                                            ,Unknown,Es desconeix,Ferit lleu: Hospitalització fins a 24h,429541.26 ,4581925.8 ,2.156187564,41.383926645
2023S002475    ,9,Sant Andreu,57,la Trinitat Vella,701268,Dalt (Llobregat),001600000,Thursday,2023,4,April,27,Afternoon,19,No és causa del  vianant,Motorcycle,Dona,42,Driver,Desconegut                                                                                                                                            ,Unknown,In itínere,Ferit lleu: Hospitalització fins a 24h,432617.25 ,4588906.94,2.192194823,41.447067383
2023S002476    ,3,Sants-Montjuïc,15,Hostafrancs,94809,Creu Coberta,0091 0091,Thursday,2023,4,April,27,Afternoon,20,Creuar per fora pas de vianants,Motorcycle,Home,61,Pedestrian,Fora del pas                                                                                                                                          ,Unknown,Unknown,Ferit lleu: Hospitalització fins a 24h,428557.14 ,4580958.15,2.14453285,41.375124519
2023S002476    ,3,Sants-Montjuïc,15,Hostafrancs,94809,Creu Coberta,0091 0091,Thursday,2023,4,April,27,Afternoon,20,Creuar per fora pas de vianants,Motorcycle,Home,43,Driver,Fora del pas                                                                                                                                          ,Unknown,Es desconeix,Ferit lleu: Hospitalització fins a 24h,428557.14 ,4580958.15,2.14453285,41.375124519
2023S002477    ,7,Horta-Guinardó,43,Horta,329505,Tajo,0033 0033,Thursday,2023,4,April,27,Afternoon,18,No és causa del  vianant,Ciclomotor,Dona,44,Driver,Desconegut                                                                                                                                            ,Unknown,Es desconeix,Ferit lleu: Hospitalització fins a 24h,430074.77 ,4586997.05,2.161981441,41.429648195
2023S002478    ,9,Sant Andreu,59,el Bon Pastor,331700,Tàrrega,0041 0041,Thursday,2023,4,April,27,Afternoon,17,No és causa del  vianant,Furgoneta,Dona,75,Pedestrian,En zona peatonal                                                                                                                                      ,Unknown,Unknown,Ferit lleu: Hospitalització fins a 24h,433749.12 ,4587864.26,2.20585829,41.437770554
2023S002479    ,2,Eixample,9,la Nova Esquerra de l'Eixample,227800,Nicaragua,0001 0003,Thursday,2023,4,April,27,Afternoon,17,No és causa del  vianant,Car,Dona,59,Passatger,Desconegut                                                                                                                                            ,Unknown,Unknown,Ferit lleu: Amb assistència sanitària en lloc d'accident,428500.64 ,4581652.19,2.143775351,41.381370475
2023S002479    ,2,Eixample,9,la Nova Esquerra de l'Eixample,227800,Nicaragua,0001 0003,Thursday,2023,4,April,27,Afternoon,17,No és causa del  vianant,Car,Dona,78,Passatger,Desconegut                                                                                                                                            ,Unknown,Unknown,Ferit lleu: Amb assistència sanitària en lloc d'accident,428500.64 ,4581652.19,2.143775351,41.381370475
2023S002479    ,2,Eixample,9,la Nova Esquerra de l'Eixample,227800,Nicaragua,0001 0003,Thursday,2023,4,April,27,Afternoon,17,No és causa del  vianant,Car,Dona,54,Driver,Desconegut                                                                                                                                            ,Unknown,Taxi,Ferit lleu: Hospitalització fins a 24h,428500.64 ,4581652.19,2.143775351,41.381370475
2023S002480    ,2,Eixample,7,la Dreta de l'Eixample,74506,Catalunya,0031 0031,Thursday,2023,4,April,27,Afternoon,19,No és causa del  vianant,Veh. mobilitat personal amb motor,Home,31,Driver,Desconegut                                                                                                                                            ,Unknown,Es desconeix,Ferit lleu: Hospitalització fins a 24h,430345.56 ,4582527.49,2.165736808,41.389415958
2023S002481    ,2,Eixample,7,la Dreta de l'Eixample,176801,Roger de Llúria,0085 0085,Thursday,2023,4,April,27,Afternoon,17,No és causa del  vianant,Car,Dona,73,Driver,Desconegut                                                                                                                                            ,Unknown,Altres activitats,Ferit lleu: Hospitalització fins a 24h,430404.35 ,4583145.14,2.166368911,41.394984028
2023S002482    ,10,Sant Martí,64,el Camp de l'Arpa del Clot,161407,Indústria,0224 0224,Thursday,2023,4,April,27,Afternoon,20,No és causa del  vianant,Ciclomotor,Home,34,Driver,Desconegut                                                                                                                                            ,Unknown,En missió,Ferit lleu: Hospitalització fins a 24h,431372.38 ,4585035.95,2.177732887,41.412097208
2023S002483    ,2,Eixample,9,la Nova Esquerra de l'Eixample,100800,Diputació,0131 0131,Thursday,2023,4,April,27,Afternoon,17,No és causa del  vianant,Bicicleta,Home,71,Driver,Desconegut                                                                                                                                            ,Unknown,Es desconeix,Ferit lleu: Amb assistència sanitària en lloc d'accident,429596.92 ,4581809.04,2.156866764,41.382879901
2023S002485    ,4,Les Corts,19,les Corts,320409,Sarasate,0002X0002X,Friday,2023,4,April,28,Morning,8,No és causa del  vianant,Veh. mobilitat personal amb motor,Dona,39,Driver,Desconegut                                                                                                                                            ,Unknown,In itínere,Ferit lleu: Amb assistència sanitària en lloc d'accident,427344.87 ,4582569.22,2.129844346,41.389526211
2023S002486    ,-1,Unknown,-1,Unknown,-1,Unknown,Unknown,Thursday,2023,4,April,27,Afternoon,20,No és causa del  vianant,Bicicleta,Home,20,Driver,Desconegut                                                                                                                                            ,Unknown,In itínere,Ferit lleu: Amb assistència sanitària en lloc d'accident,432052.4  ,4583910.53,2.185995092,41.402018695
2023S002487    ,3,Sants-Montjuïc,13,la Marina de Port,169409,Corts Catalanes,0152 0152,Thursday,2023,4,April,27,Afternoon,18,No és causa del  vianant,Motorcycle,Dona,49,Driver,Desconegut                                                                                                                                            ,Unknown,Es desconeix,Ferit lleu: Hospitalització fins a 24h,427959.32 ,4580039.04,2.137493915,41.366793095
2023S002488    ,5,Sarrià-Sant Gervasi,23,Sarrià,312808,Santa Amèlia,0010 0012,Friday,2023,4,April,28,Morning,9,Creuar per fora pas de vianants,Taxi,Dona,75,Pedestrian,Fora del pas                                                                                                                                          ,Oci i entreteniment,Unknown,Ferit lleu: Hospitalització fins a 24h,426864.4  ,4583072.08,2.12403731,41.394011695
2023S002489    ,6,Gràcia,32,el Camp d'en Grassot i Gràcia Nova,297001,Sant Antoni Maria Claret,0038 0038,Friday,2023,4,April,28,Morning,9,No és causa del  vianant,Motorcycle,Dona,57,Driver,Desconegut                                                                                                                                            ,Unknown,Es desconeix,Ferit lleu: Hospitalització fins a 24h,430353.54 ,4584203.44,2.165639368,41.404511384
2023S002490    ,6,Gràcia,30,la Salut,146800,Glòria,0010 0012,Friday,2023,4,April,28,Morning,10,Transitar a peu per la calçada,Motorcycle,Home,79,Pedestrian,Fora del pas                                                                                                                                          ,Unknown,Unknown,Ferit lleu: Hospitalització fins a 24h,428904.13 ,4584908.22,2.148217898,41.410732124
2023S002491    ,5,Sarrià-Sant Gervasi,23,Sarrià,144408,General Vives,0002 0002,Friday,2023,4,April,28,Morning,12,No és causa del  vianant,Car,Dona,52,Passatger,Desconegut                                                                                                                                            ,Unknown,Unknown,Ferit lleu: Amb assistència sanitària en lloc d'accident,426082.19 ,4583902   ,2.114580314,41.40141486
2023S002491    ,5,Sarrià-Sant Gervasi,23,Sarrià,144408,General Vives,0002 0002,Friday,2023,4,April,28,Morning,12,No és causa del  vianant,Car,Home,59,Driver,Desconegut                                                                                                                                            ,Unknown,Es desconeix,Ferit lleu: Rebutja assistència sanitària,426082.19 ,4583902   ,2.114580314,41.40141486
2023S002492    ,10,Sant Martí,66,el Parc i la Llacuna del Poblenou,330107,Tànger,0093 0093,Friday,2023,4,April,28,Morning,12,No és causa del  vianant,Motorcycle,Dona,75,Passatger,Desconegut                                                                                                                                            ,Unknown,Unknown,Ferit lleu: Hospitalització fins a 24h,432615.57 ,4583950.92,2.192727345,41.402429902
2023S002492    ,10,Sant Martí,66,el Parc i la Llacuna del Poblenou,330107,Tànger,0093 0093,Friday,2023,4,April,28,Morning,12,No és causa del  vianant,Motorcycle,Home,74,Driver,Desconegut                                                                                                                                            ,Unknown,Es desconeix,Ferit lleu: Amb assistència sanitària en lloc d'accident,432615.57 ,4583950.92,2.192727345,41.402429902
2023S002493    ,2,Eixample,6,la Sagrada Família,268003,Provença,0450 0450,Friday,2023,4,April,28,Morning,9,Creuar per fora pas de vianants,Bicicleta,Dona,29,Driver,Desconegut                                                                                                                                            ,Unknown,In itínere,Ferit lleu: Hospitalització fins a 24h,431035.34 ,4584153.38,2.173801175,41.404119321
2023S002495    ,2,Eixample,6,la Sagrada Família,76807,Sardenya,0245 0245,Dimarts,2023,5,May,2,Morning,12,No és causa del  vianant,Motorcycle,Home,65,Driver,Desconegut                                                                                                                                            ,Unknown,En missió,Ferit lleu: Hospitalització fins a 24h,431231.9  ,4583815.84,2.176190899,41.40109605
2023S002496    ,9,Sant Andreu,59,el Bon Pastor,295709,Sant Adrià,0046U0046U,Thursday,2023,4,April,27,Afternoon,17,No és causa del  vianant,Car,Dona,42,Driver,Desconegut                                                                                                                                            ,Unknown,In itínere,Ferit lleu: Hospitalització fins a 24h,432821.18 ,4587554.95,2.194786384,41.434907557
2023S002499    ,7,Horta-Guinardó,40,Montbau,226604,Natzaret,0102 0102,Friday,2023,4,April,28,Afternoon,16,No és causa del  vianant,Motorcycle,Home,35,Driver,Desconegut                                                                                                                                            ,Unknown,In itínere,Ferit lleu: Hospitalització fins a 24h,428065.86 ,4586951.93,2.137945927,41.429064321
2023S002499    ,7,Horta-Guinardó,40,Montbau,226604,Natzaret,0102 0102,Friday,2023,4,April,28,Afternoon,16,No és causa del  vianant,Car,Dona,24,Driver,Desconegut                                                                                                                                            ,Unknown,Oci i entreteniment,Ferit lleu: Hospitalització fins a 24h,428065.86 ,4586951.93,2.137945927,41.429064321
2023S002500    ,5,Sarrià-Sant Gervasi,25,Sant Gervasi - la Bonanova,701267,Dalt (Besòs),0007E0000,Friday,2023,4,April,28,Afternoon,14,No és causa del  vianant,Motorcycle,Dona,49,Driver,Desconegut                                                                                                                                            ,Unknown,In itínere,Ferit lleu: Hospitalització fins a 24h,427018.54 ,4584886.84,2.125662,41.410370471
2023S002501    ,2,Eixample,7,la Dreta de l'Eixample,18505,Aragó,0375 0375,Friday,2023,4,April,28,Afternoon,14,No és causa del  vianant,Motorcycle,Home,22,Driver,Desconegut                                                                                                                                            ,Unknown,In itínere,Ferit lleu: Amb assistència sanitària en lloc d'accident,430977.58 ,4583518.03,2.1731827,41.398391964
2023S002502    ,7,Horta-Guinardó,34,Can Baró,365702,Mare de Déu de Montserrat,0039 0041,Friday,2023,4,April,28,Afternoon,21,No és causa del  vianant,Car,Dona,29,Passatger,Desconegut                                                                                                                                            ,Unknown,Unknown,Ferit lleu: Hospitalització fins a 24h,430138.71 ,4585293.05,2.162943584,41.414306467
2023S002502    ,7,Horta-Guinardó,34,Can Baró,365702,Mare de Déu de Montserrat,0039 0041,Friday,2023,4,April,28,Afternoon,21,No és causa del  vianant,Motorcycle,Home,39,Driver,Desconegut                                                                                                                                            ,Unknown,Es desconeix,Mort (dins 24h posteriors accident),430138.71 ,4585293.05,2.162943584,41.414306467
2023S002502    ,7,Horta-Guinardó,34,Can Baró,365702,Mare de Déu de Montserrat,0039 0041,Friday,2023,4,April,28,Afternoon,21,No és causa del  vianant,Car,Home,31,Driver,Desconegut                                                                                                                                            ,Unknown,Es desconeix,Ferit lleu: Hospitalització fins a 24h,430138.71 ,4585293.05,2.162943584,41.414306467
2023S002503    ,6,Gràcia,31,la Vila de Gràcia,356803,Verdi,0065 0065,Friday,2023,4,April,28,Afternoon,19,No és causa del  vianant,Bicicleta,Dona,45,Pedestrian,En zona peatonal                                                                                                                                      ,Unknown,Unknown,Ferit lleu: Hospitalització fins a 24h,429536.87 ,4584232.32,2.155866541,41.404700291
2023S002504    ,3,Sants-Montjuïc,15,Hostafrancs,169409,Corts Catalanes,0327 0327,Friday,2023,4,April,28,Afternoon,19,No és causa del  vianant,Taxi,Home,54,Driver,Desconegut                                                                                                                                            ,Unknown,En missió,Ferit lleu: Amb assistència sanitària en lloc d'accident,428691.28 ,4580704.77,2.146166601,41.372854314
2023S002504    ,3,Sants-Montjuïc,15,Hostafrancs,169409,Corts Catalanes,0327 0327,Friday,2023,4,April,28,Afternoon,19,No és causa del  vianant,Car,Home,31,Driver,Desconegut                                                                                                                                            ,Unknown,Es desconeix,Ferit lleu: Amb assistència sanitària en lloc d'accident,428691.28 ,4580704.77,2.146166601,41.372854314
2023S002505    ,4,Les Corts,21,Pedralbes,102500,Doctor Joaquín Albarrán,0002V0002V,Friday,2023,4,April,28,Night,22,No és causa del  vianant,Motorcycle,Home,41,Driver,Desconegut                                                                                                                                            ,Unknown,In itínere,Ferit lleu: Hospitalització fins a 24h,425534.86 ,4582570.14,2.108197105,41.389368878
2023S002506    ,3,Sants-Montjuïc,13,la Marina de Port,212406,Mineria,0069 0069,Saturday,2023,4,April,29,Night,0,No és causa del  vianant,Bicicleta,Home,29,Driver,Desconegut                                                                                                                                            ,Unknown,Oci i entreteniment,Ferit lleu: Amb assistència sanitària en lloc d'accident,428189.67 ,4580069.1 ,2.140244323,41.367084428
2023S002508    ,2,Eixample,7,la Dreta de l'Eixample,169409,Corts Catalanes,9999 9999,Saturday,2023,4,April,29,Night,2,No és causa del  vianant,Bicicleta,Home,26,Driver,Desconegut                                                                                                                                            ,Unknown,Oci i entreteniment,Ferit lleu: Hospitalització fins a 24h,430557.69 ,4582525.42,2.168274082,41.389415667
2023S002509    ,1,Ciutat Vella,4,"Sant Pere, Santa Caterina i la Ribera",163504,Isabel II,0001 0003,Saturday,2023,4,April,29,Night,0,Creuar per fora pas de vianants,Car,Home,44,Pedestrian,Fora del pas                                                                                                                                          ,Unknown,Unknown,Ferit lleu: Hospitalització fins a 24h,431756.16 ,4581715.31,2.182698911,41.382221859
2023S002510    ,2,Eixample,7,la Dreta de l'Eixample,350308,València,0372 0374,Saturday,2023,4,April,29,Morning,6,No és causa del  vianant,Tot terreny,Dona,21,Passatger,Desconegut                                                                                                                                            ,Unknown,Unknown,Ferit lleu: Amb assistència sanitària en lloc d'accident,430924.97 ,4583640.29,2.17253945,41.399488602
2023S002511    ,3,Sants-Montjuïc,13,la Marina de Port,230601,Mare de Déu de Port,0407 0409,Friday,2023,4,April,28,Afternoon,21,No és causa del  vianant,Veh. mobilitat personal amb motor,Home,20,Driver,Desconegut                                                                                                                                            ,Unknown,Altres activitats,Ferit lleu: Hospitalització fins a 24h,428079.98 ,4579792.37,2.138965744,41.364582217
2023S002512    ,2,Eixample,8,l'Antiga Esquerra de l'Eixample,320704,Sarrià,0002 0002,Saturday,2023,4,April,29,Morning,8,No és causa del  vianant,Motorcycle,Home,32,Driver,Desconegut                                                                                                                                            ,Unknown,Es desconeix,Ferit lleu: Hospitalització fins a 24h,428835.43 ,4582607.92,2.14766654,41.390008099
2023S002513    ,4,Les Corts,19,les Corts,100107,Deu i Mata,0054 0056,Saturday,2023,4,April,29,Morning,10,No és causa del  vianant,Motorcycle,Home,45,Driver,Desconegut                                                                                                                                            ,Unknown,Oci i entreteniment,Ferit lleu: Amb assistència sanitària en lloc d'accident,427814.08 ,4582415.09,2.13547435,41.38818029
2023S002514    ,2,Eixample,7,la Dreta de l'Eixample,144601,Diagonal,9995 9995,Saturday,2023,4,April,29,Morning,10,No és causa del  vianant,Motorcycle,Home,71,Driver,Desconegut                                                                                                                                            ,Unknown,Altres activitats,Ferit lleu: Hospitalització fins a 24h,430883.1  ,4583614.29,2.172041585,41.399250828
2023S002514    ,2,Eixample,7,la Dreta de l'Eixample,144601,Diagonal,9995 9995,Saturday,2023,4,April,29,Morning,10,No és causa del  vianant,Motorcycle,Dona,69,Passatger,Desconegut                                                                                                                                            ,Unknown,Unknown,Ferit lleu: Hospitalització fins a 24h,430883.1  ,4583614.29,2.172041585,41.399250828
2023S002515    ,1,Ciutat Vella,4,"Sant Pere, Santa Caterina i la Ribera",137606,Fusina,0013 0013,Saturday,2023,4,April,29,Morning,12,No és causa del  vianant,Bicicleta,Dona,28,Driver,Desconegut                                                                                                                                            ,Unknown,Oci i entreteniment,Ferit lleu: Hospitalització fins a 24h,431869.11 ,4582242.95,2.183990263,41.386983751
2023S002516    ,7,Horta-Guinardó,39,Sant Genís dels Agudells,335654,Vallvidrera al Tibidabo,0056 0056,Saturday,2023,4,April,29,Morning,13,No és causa del  vianant,Motorcycle,Home,31,Driver,Desconegut                                                                                                                                            ,Unknown,Es desconeix,Ferit lleu: Hospitalització fins a 24h,426683.08 ,4586047.98,2.121507915,41.42079778
2023S002517    ,7,Horta-Guinardó,40,Montbau,701267,Dalt (Besòs),001150000,Saturday,2023,4,April,29,Afternoon,14,No és causa del  vianant,Autobús articulat,Home,61,Passatger,Desconegut                                                                                                                                            ,Unknown,Unknown,Ferit lleu: Hospitalització fins a 24h,428699.69 ,4587310.04,2.145488718,41.43234621
2023S002518    ,8,Nou Barris,44,Vilapicina i la Torre Llobeta,254406,Petrarca,0049 0051,Saturday,2023,4,April,29,Morning,13,No és causa del  vianant,Motorcycle,Dona,47,Driver,Desconegut                                                                                                                                            ,Unknown,Oci i entreteniment,Ferit lleu: Amb assistència sanitària en lloc d'accident,430298.84 ,4586887.54,2.164675563,41.428681366
2023S002519    ,2,Eixample,5,el Fort Pienc,225500,Nàpols,0042 0042,Dimarts,2023,5,May,2,Morning,8,No és causa del  vianant,Motorcycle,Home,49,Driver,Desconegut                                                                                                                                            ,Unknown,Altres activitats,Ferit lleu: Hospitalització fins a 24h,431743.53 ,4582916.38,2.182412469,41.393038496
2023S002520    ,2,Eixample,5,el Fort Pienc,197302,Marina,0140 0140,Saturday,2023,4,April,29,Afternoon,17,No és causa del  vianant,Veh. mobilitat personal amb motor,Home,30,Driver,Desconegut                                                                                                                                            ,Unknown,Oci i entreteniment,Ferit lleu: Hospitalització fins a 24h,431844.57 ,4583386.88,2.183567976,41.39728473
2023S002521    ,5,Sarrià-Sant Gervasi,26,Sant Gervasi - Galvany,223606,Muntaner,0224 0224,Saturday,2023,4,April,29,Afternoon,16,No és causa del  vianant,Ciclomotor,Home,21,Driver,Desconegut                                                                                                                                            ,Unknown,Es desconeix,Ferit lleu: Hospitalització fins a 24h,429001.92 ,4583052.43,2.149605603,41.394026363
2023S002522    ,2,Eixample,7,la Dreta de l'Eixample,309406,Sant Pere,0031 0031,Saturday,2023,4,April,29,Morning,13,No és causa del  vianant,Bus,Dona,62,Passatger,Desconegut                                                                                                                                            ,Unknown,Unknown,Ferit lleu: Hospitalització fins a 24h,431157.87 ,4582598.57,2.175443819,41.390126129
2023S002523    ,8,Nou Barris,46,el Turó de la Peira,228009,Nil,0028 0030,Saturday,2023,4,April,29,Afternoon,15,No és causa del  vianant,Car,Home,76,Driver,Desconegut                                                                                                                                            ,Unknown,Es desconeix,Ferit lleu: Amb assistència sanitària en lloc d'accident,430890.62 ,4587493.71,2.171688066,41.43419208
2023S002524    ,2,Eixample,9,la Nova Esquerra de l'Eixample,114000,Espanya,0009 0009,Saturday,2023,4,April,29,Afternoon,19,No és causa del  vianant,Motorcycle,Dona,28,Passatger,Desconegut                                                                                                                                            ,Unknown,Unknown,Ferit lleu: Hospitalització fins a 24h,429045.14 ,4580981.92,2.150365152,41.375381806
2023S002524    ,2,Eixample,9,la Nova Esquerra de l'Eixample,114000,Espanya,0009 0009,Saturday,2023,4,April,29,Afternoon,19,No és causa del  vianant,Motorcycle,Dona,31,Driver,Desconegut                                                                                                                                            ,Unknown,Es desconeix,Ferit lleu: Hospitalització fins a 24h,429045.14 ,4580981.92,2.150365152,41.375381806
2023S002525    ,8,Nou Barris,52,la Prosperitat,120807,Favència,0370X0370X,Saturday,2023,4,April,29,Afternoon,21,No és causa del  vianant,Motorcycle,Home,29,Driver,Desconegut                                                                                                                                            ,Unknown,Oci i entreteniment,Ferit lleu: Hospitalització fins a 24h,431275.63 ,4588731.92,2.176154967,41.445377239
2023S002526    ,4,Les Corts,20,la Maternitat i Sant Ramon,66508,Carles III,0001 0005,Saturday,2023,4,April,29,Morning,11,No és causa del  vianant,Car,Dona,45,Driver,Desconegut                                                                                                                                            ,Unknown,Es desconeix,Ferit lleu: Hospitalització fins a 24h,427237.07 ,4581573.54,2.128674729,41.380548764
2023S002527    ,9,Sant Andreu,60,Sant Andreu,339101,Torras i Bages,0057 0057,Saturday,2023,4,April,29,Night,22,No és causa del  vianant,Veh. mobilitat personal amb motor,Home,17,Driver,Desconegut                                                                                                                                            ,Unknown,Oci i entreteniment,Ferit lleu: Amb assistència sanitària en lloc d'accident,432495.04 ,4588039.08,2.190828948,41.43924059
2023S002528    ,2,Eixample,8,l'Antiga Esquerra de l'Eixample,363809,Villarroel,0187 0187,Diumenge,2023,4,April,30,Night,0,No és causa del  vianant,Motorcycle,Home,58,Driver,Desconegut                                                                                                                                            ,Unknown,In itínere,Ferit lleu: Hospitalització fins a 24h,429135.99 ,4582517.08,2.151271833,41.389216485
2023S002529    ,2,Eixample,5,el Fort Pienc,169409,Corts Catalanes,0760 0760,Saturday,2023,4,April,29,Night,22,No és causa del  vianant,Bicicleta,Home,18,Driver,Desconegut                                                                                                                                            ,Unknown,Es desconeix,Ferit lleu: Amb assistència sanitària en lloc d'accident,431553.84 ,4583500.42,2.180077624,41.398282643
2023S002530    ,2,Eixample,9,la Nova Esquerra de l'Eixample,362001,Vilamarí,0063 0063,Diumenge,2023,4,April,23,Night,2,No és causa del  vianant,Taxi,Home,49,Driver,Desconegut                                                                                                                                            ,Unknown,Taxi,Ferit lleu: Hospitalització fins a 24h,428875.47 ,4581460.32,2.148280205,41.379675608
2023S002531    ,2,Eixample,8,l'Antiga Esquerra de l'Eixample,268003,Provença,0179 0179,Saturday,2023,4,April,29,Afternoon,21,No és causa del  vianant,Ciclomotor,Home,30,Driver,Desconegut                                                                                                                                            ,Unknown,Es desconeix,Ferit lleu: Rebutja assistència sanitària,429551.72 ,4582681.47,2.156224727,41.39073363
2023S002532    ,6,Gràcia,30,la Salut,344000,Dalt,0092 0092,Diumenge,2023,4,April,30,Morning,9,No és causa del  vianant,Motorcycle,Dona,34,Passatger,Desconegut                                                                                                                                            ,Unknown,Unknown,Ferit lleu: Hospitalització fins a 24h,429663.73 ,4584912.26,2.157305046,41.410835379
2023S002532    ,6,Gràcia,30,la Salut,344000,Dalt,0092 0092,Diumenge,2023,4,April,30,Morning,9,No és causa del  vianant,Motorcycle,Home,32,Driver,Desconegut                                                                                                                                            ,Unknown,Oci i entreteniment,Ferit lleu: Hospitalització fins a 24h,429663.73 ,4584912.26,2.157305046,41.410835379