Case_Number,District_Code,District_Name,Neighborhood_Code,Neighborhood_Name,Street_Code,Street_Name,Postal_Code,Day_of_Week,Year,Month_Code,Month_Name,Day_of_Month,Shift_Description,Hour_of_Day,Pedestrian_Cause_Description,Involved_Vehicle_Type,Gender_Description,Age,Person_Type_Description,Pedestrian_Accident_Location_Description,Pedestrian_Movement_Reason_Description,Driver_Movement_Reason_Description,Victimization_Description,UTM_X_Coordinate,UTM_Y_Coordinate,Longitude,Latitude
2023S002534    ,5,Sarrià-Sant Gervasi,23,Sarrià,28000,Augusta,0321X0321X,Diumenge,2023,4,April,30,Morning,11,No és causa del  vianant,Car,Dona,44,Passatger,Desconegut                                                                                                                                            ,Unknown,Unknown,Ferit lleu: Hospitalització fins a 24h,426883.33 ,4583690.92,2.124188957,41.399587047
2023S002534    ,5,Sarrià-Sant Gervasi,23,Sarrià,28000,Augusta,0321X0321X,Diumenge,2023,4,April,30,Morning,11,No és causa del  vianant,Car,Dona,7,Passatger,Desconegut                                                                                                                                            ,Unknown,Unknown,Ferit lleu: Hospitalització fins a 24h,426883.33 ,4583690.92,2.124188957,41.399587047
2023S002534    ,5,Sarrià-Sant Gervasi,23,Sarrià,28000,Augusta,0321X0321X,Diumenge,2023,4,April,30,Morning,11,No és causa del  vianant,Car,Home,46,Driver,Desconegut                                                                                                                                            ,Unknown,Es desconeix,Ferit lleu: Hospitalització fins a 24h,426883.33 ,4583690.92,2.124188957,41.399587047
2023S002535    ,3,Sants-Montjuïc,16,la Bordeta,282252,Blanca,0163 0183,Diumenge,2023,4,April,30,Morning,13,No és causa del  vianant,Veh. mobilitat personal amb motor,Home,34,Driver,Desconegut                                                                                                                                            ,Unknown,Oci i entreteniment,Ferit lleu: Amb assistència sanitària en lloc d'accident,427414.26 ,4580298.28,2.130946365,41.369078986
2023S002536    ,2,Eixample,7,la Dreta de l'Eixample,359404,Cinc d'Oros,9999 9999,Diumenge,2023,4,April,30,Afternoon,17,No és causa del  vianant,Motorcycle,Home,35,Driver,Desconegut                                                                                                                                            ,Unknown,Es desconeix,Ferit lleu: Rebutja assistència sanitària,429834.22 ,4583321.69,2.15952922,41.396524584
2023S002537    ,1,Ciutat Vella,3,la Barceloneta,325107,Trelawny,0006 0006,Diumenge,2023,4,April,30,Afternoon,17,No és causa del  vianant,Bus,Dona,72,Passatger,Desconegut                                                                                                                                            ,Unknown,Unknown,Ferit lleu: Hospitalització fins a 24h,432767.26 ,4582084.73,2.194749208,41.385634315
2023S002538    ,10,Sant Martí,65,el Clot,18505,Aragó,0556 0556,Diumenge,2023,4,April,30,Afternoon,18,No és causa del  vianant,Car,Dona,35,Passatger,Desconegut                                                                                                                                            ,Unknown,Unknown,Ferit lleu: Hospitalització fins a 24h,431934.16 ,4584454.66,2.184519459,41.406909506
2023S002539    ,9,Sant Andreu,62,el Congrés i els Indians,121402,Felip II,0160 0160,Diumenge,2023,4,April,30,Afternoon,17,No és causa del  vianant,Car,Dona,51,Pedestrian,En pas regulat per semàfor                                                                                                                            ,Unknown,Unknown,Ferit lleu: Hospitalització fins a 24h,431733.06 ,4586401.71,2.181893834,41.424428902
2023S002542    ,1,Ciutat Vella,4,"Sant Pere, Santa Caterina i la Ribera",163504,Isabel II,0014B0014B,Dilluns,2023,5,May,1,Morning,7,No és causa del  vianant,Car,Home,56,Driver,Desconegut                                                                                                                                            ,Unknown,"Anada/tornada de ponts, festius, vacances",Ferit lleu: Amb assistència sanitària en lloc d'accident,431800.69 ,4581708.65,2.183232175,41.382165653
2023S002542    ,1,Ciutat Vella,4,"Sant Pere, Santa Caterina i la Ribera",163504,Isabel II,0014B0014B,Dilluns,2023,5,May,1,Morning,7,No és causa del  vianant,Taxi,Dona,27,Passatger,Desconegut                                                                                                                                            ,Unknown,Unknown,Ferit lleu: Hospitalització fins a 24h,431800.69 ,4581708.65,2.183232175,41.382165653
2023S002542    ,1,Ciutat Vella,4,"Sant Pere, Santa Caterina i la Ribera",163504,Isabel II,0014B0014B,Dilluns,2023,5,May,1,Morning,7,No és causa del  vianant,Taxi,Home,38,Passatger,Desconegut                                                                                                                                            ,Unknown,Unknown,Ferit lleu: Hospitalització fins a 24h,431800.69 ,4581708.65,2.183232175,41.382165653
2023S002542    ,1,Ciutat Vella,4,"Sant Pere, Santa Caterina i la Ribera",163504,Isabel II,0014B0014B,Dilluns,2023,5,May,1,Morning,7,No és causa del  vianant,Car,Dona,53,Passatger,Desconegut                                                                                                                                            ,Unknown,Unknown,Ferit lleu: Amb assistència sanitària en lloc d'accident,431800.69 ,4581708.65,2.183232175,41.382165653
2023S002542    ,1,Ciutat Vella,4,"Sant Pere, Santa Caterina i la Ribera",163504,Isabel II,0014B0014B,Dilluns,2023,5,May,1,Morning,7,No és causa del  vianant,Car,Home,12,Passatger,Desconegut                                                                                                                                            ,Unknown,Unknown,Ferit lleu: Amb assistència sanitària en lloc d'accident,431800.69 ,4581708.65,2.183232175,41.382165653
2023S002542    ,1,Ciutat Vella,4,"Sant Pere, Santa Caterina i la Ribera",163504,Isabel II,0014B0014B,Dilluns,2023,5,May,1,Morning,7,No és causa del  vianant,Taxi,Home,29,Driver,Desconegut                                                                                                                                            ,Unknown,Taxi,Ferit lleu: Amb assistència sanitària en lloc d'accident,431800.69 ,4581708.65,2.183232175,41.382165653
2023S002543    ,7,Horta-Guinardó,36,la Font d'en Fargues,3905,Aguilar,0036 0036,Diumenge,2023,4,April,30,Afternoon,19,No és causa del  vianant,Ciclomotor,Dona,27,Driver,Desconegut                                                                                                                                            ,Unknown,Oci i entreteniment,Ferit lleu: Amb assistència sanitària en lloc d'accident,430734.37 ,4586502.89,2.169931654,41.42525466
2023S002544    ,8,Nou Barris,45,Porta,255500,Piferrer,0160 0162,Diumenge,2023,4,April,30,Afternoon,15,No és causa del  vianant,Motorcycle,Dona,56,Passatger,Desconegut                                                                                                                                            ,Unknown,Unknown,Ferit lleu: Hospitalització fins a 24h,431361.39 ,4587243.38,2.177350714,41.431977844
2023S002545    ,9,Sant Andreu,60,Sant Andreu,209900,Meridiana,0488 0488,Diumenge,2023,4,April,30,Afternoon,20,No és causa del  vianant,Car,Home,31,Pedestrian,En pas regulat per semàfor                                                                                                                            ,Unknown,Unknown,Ferit lleu: Hospitalització fins a 24h,431955.39 ,4587752.15,2.184402197,41.436610735
2023S002547    ,4,Les Corts,19,les Corts,144601,Diagonal,0632 0632,Dilluns,2023,5,May,1,Afternoon,14,No és causa del  vianant,Motorcycle,Dona,51,Driver,Desconegut                                                                                                                                            ,Unknown,Oci i entreteniment,Ferit lleu: Hospitalització fins a 24h,427954.95 ,4582701.1 ,2.137125048,41.390768909
2023S002548    ,7,Horta-Guinardó,33,el Baix Guinardó,152905,Guinardó,0090V0090V,Dilluns,2023,5,May,1,Afternoon,14,No és causa del  vianant,Autobús articulat,Dona,27,Passatger,Desconegut                                                                                                                                            ,Unknown,Unknown,Ferit lleu: Hospitalització fins a 24h,430786.53 ,4585244.59,2.1706999,41.41392609
2023S002549    ,2,Eixample,7,la Dreta de l'Eixample,74506,Catalunya,0095 0095,Dilluns,2023,5,May,1,Morning,13,Creuar per fora pas de vianants,Car,Home,5,Pedestrian,Fora del pas                                                                                                                                          ,Oci i entreteniment,Unknown,Ferit lleu: Hospitalització fins a 24h,429923.41 ,4582921.28,2.160642391,41.392926007
2023S002552    ,10,Sant Martí,68,el Poblenou,701278,Taulat,0173 0175,Dilluns,2023,5,May,1,Afternoon,15,No és causa del  vianant,Motorcycle,Home,43,Driver,Desconegut                                                                                                                                            ,Unknown,Oci i entreteniment,Ferit lleu: Hospitalització fins a 24h,433880.3  ,4583804.1 ,2.207872486,41.401212599
2023S002553    ,10,Sant Martí,68,el Poblenou,186703,Llull,0217 0221,Dilluns,2023,5,May,1,Afternoon,18,No és causa del  vianant,Motorcycle,Home,31,Driver,Desconegut                                                                                                                                            ,Unknown,Altres activitats,Ferit lleu: Hospitalització fins a 24h,433531.59 ,4583927.83,2.203687591,41.402298235
2023S002553    ,10,Sant Martí,68,el Poblenou,186703,Llull,0217 0221,Dilluns,2023,5,May,1,Afternoon,18,No és causa del  vianant,Motorcycle,Dona,31,Passatger,Desconegut                                                                                                                                            ,Unknown,Unknown,Ferit lleu: Hospitalització fins a 24h,433531.59 ,4583927.83,2.203687591,41.402298235
2023S002554    ,1,Ciutat Vella,2,el Barri Gòtic,144204,Ample,0025 0025,Dilluns,2023,5,May,1,Afternoon,18,No és causa del  vianant,Bicicleta,Dona,28,Pedestrian,Altres                                                                                                                                                ,Unknown,Unknown,Ferit lleu: Hospitalització fins a 24h,431507.83 ,4581480.02,2.179755856,41.380081551
2023S002555    ,9,Sant Andreu,59,el Bon Pastor,295709,Sant Adrià,0141 0141,Saturday,2023,4,April,29,Afternoon,21,No és causa del  vianant,Car,Dona,18,Pedestrian,En pas sense regular                                                                                                                                  ,Unknown,Unknown,Ferit lleu: Hospitalització fins a 24h,433778.71 ,4587716.11,2.206228692,41.436438654
2023S002556    ,1,Ciutat Vella,3,la Barceloneta,197903,Marítim de la Barceloneta,0001 0003,Dilluns,2023,5,May,1,Afternoon,18,No és causa del  vianant,Bicicleta,Home,73,Pedestrian,En zona peatonal                                                                                                                                      ,Unknown,Unknown,Ferit lleu: Hospitalització fins a 24h,432534.07 ,4581338   ,2.19204363,41.378889165
2023S002557    ,10,Sant Martí,66,el Parc i la Llacuna del Poblenou,30500,Badajoz,0163 0163,Dilluns,2023,5,May,1,Afternoon,21,No és causa del  vianant,Motorcycle,Home,27,Driver,Desconegut                                                                                                                                            ,Unknown,Es desconeix,Ferit lleu: Hospitalització fins a 24h,432422.94 ,4583950.03,2.190423152,41.402405709
2023S002559    ,3,Sants-Montjuïc,15,Hostafrancs,169409,Corts Catalanes,0361 0371,Dimarts,2023,5,May,2,Night,0,No és causa del  vianant,Bus,Home,50,Passatger,Desconegut                                                                                                                                            ,Unknown,Unknown,Ferit lleu: Hospitalització fins a 24h,428831.97 ,4580872.86,2.147829048,41.374380705
2023S002560    ,10,Sant Martí,71,Provençals del Poblenou,253902,Perú,0210 0210,Dimarts,2023,5,May,2,Morning,7,No és causa del  vianant,Motorcycle,Home,26,Driver,Desconegut                                                                                                                                            ,Unknown,Es desconeix,Ferit lleu: Hospitalització fins a 24h,433476.69 ,4585173.83,2.202893815,41.413516089
2023S002561    ,1,Ciutat Vella,4,"Sant Pere, Santa Caterina i la Ribera",201400,Picasso,0005 0005,Dimarts,2023,5,May,2,Night,5,No és causa del  vianant,Autobús articulat,Home,70,Passatger,Desconegut                                                                                                                                            ,Unknown,Unknown,Ferit lleu: Hospitalització fins a 24h,431740.53 ,4582375.11,2.182437621,41.388163173
2023S002562    ,4,Les Corts,20,la Maternitat i Sant Ramon,144601,Diagonal,0643U0643U,Dimarts,2023,5,May,2,Morning,9,No és causa del  vianant,Tren o tramvia,Home,29,Pedestrian,En pas regulat per semàfor                                                                                                                            ,Estudiant cap a centre d'estudis,Unknown,Ferit lleu: Amb assistència sanitària en lloc d'accident,426498.51 ,4582192.32,2.119767889,41.386054694
2023S002565    ,2,Eixample,8,l'Antiga Esquerra de l'Eixample,191204,Mallorca,0215 0215,Dimarts,2023,5,May,2,Morning,12,No és causa del  vianant,Motorcycle,Dona,52,Driver,Desconegut                                                                                                                                            ,Unknown,Es desconeix,Ferit lleu: Hospitalització fins a 24h,429758.43 ,4582716.08,2.15869297,41.391063439
2023S002565    ,2,Eixample,8,l'Antiga Esquerra de l'Eixample,191204,Mallorca,0215 0215,Dimarts,2023,5,May,2,Morning,12,No és causa del  vianant,Motorcycle,Home,74,Driver,Desconegut                                                                                                                                            ,Unknown,Es desconeix,Ferit lleu: Hospitalització fins a 24h,429758.43 ,4582716.08,2.15869297,41.391063439
2023S002566    ,3,Sants-Montjuïc,12,la Marina del Prat Vermell,701266,Litoral (Llobregat),001600000,Dimarts,2023,5,May,2,Afternoon,14,No és causa del  vianant,Furgoneta,Home,Unknown,Passatger,Desconegut                                                                                                                                            ,Unknown,Unknown,Ferit lleu: Hospitalització fins a 24h,427935.52 ,4577677.3 ,2.137490029,41.345519546
2023S002566    ,3,Sants-Montjuïc,12,la Marina del Prat Vermell,701266,Litoral (Llobregat),001600000,Dimarts,2023,5,May,2,Afternoon,14,No és causa del  vianant,Furgoneta,Dona,34,Driver,Desconegut                                                                                                                                            ,Unknown,Oci i entreteniment,Ferit lleu: Hospitalització fins a 24h,427935.52 ,4577677.3 ,2.137490029,41.345519546
2023S002567    ,2,Eixample,7,la Dreta de l'Eixample,31300,Bailèn,0017 0017,Dimarts,2023,5,May,2,Afternoon,14,No és causa del  vianant,Motorcycle,Home,43,Driver,Desconegut                                                                                                                                            ,Unknown,In itínere,Ferit lleu: Hospitalització fins a 24h,431275.02 ,4582830.46,2.176818603,41.392224718
2023S002569    ,7,Horta-Guinardó,40,Montbau,701267,Dalt (Besòs),001120000,Dimarts,2023,5,May,2,Afternoon,14,No és causa del  vianant,Motorcycle,Home,29,Driver,Desconegut                                                                                                                                            ,Unknown,Es desconeix,Ferit lleu: Hospitalització fins a 24h,428614.9  ,4587084.65,2.144500616,41.430308683
2023S002570    ,6,Gràcia,31,la Vila de Gràcia,344407,Sant Antoni,0021 0021,Dimarts,2023,5,May,2,Afternoon,15,Transitar a peu per la calçada,Furgoneta,Dona,56,Pedestrian,En zona peatonal                                                                                                                                      ,In itinere,Unknown,Ferit lleu: Hospitalització fins a 24h,429393.89 ,4583991.24,2.154184268,41.402516419
2023S002571    ,10,Sant Martí,71,Provençals del Poblenou,701414,C-31,020670000,Dimarts,2023,5,May,2,Afternoon,16,Desobeir el senyal del semàfor,Furgoneta,Home,69,Pedestrian,En pas regulat per semàfor                                                                                                                            ,Oci i entreteniment,Unknown,Ferit greu: hospitalització superior a 24h,432800.78 ,4584710.49,2.194858496,41.409286652
2023S002572    ,10,Sant Martí,64,el Camp de l'Arpa del Clot,161407,Indústria,0288 0288,Dimarts,2023,5,May,2,Afternoon,14,No és causa del  vianant,Motorcycle,Home,25,Driver,Desconegut                                                                                                                                            ,Unknown,Es desconeix,Ferit lleu: Hospitalització fins a 24h,431634.8  ,4585306.27,2.180841921,41.414554272
2023S002573    ,2,Eixample,8,l'Antiga Esquerra de l'Eixample,191204,Mallorca,0215 0215,Thursday,2023,4,April,27,Morning,12,No és causa del  vianant,Motorcycle,Home,52,Driver,Desconegut                                                                                                                                            ,Unknown,In itínere,Ferit lleu: Hospitalització fins a 24h,429758.43 ,4582716.08,2.15869297,41.391063439
2023S002574    ,3,Sants-Montjuïc,18,Sants,312400,Sants,0136 0136,Dimarts,2023,5,May,2,Afternoon,15,No és causa del  vianant,Veh. mobilitat personal amb motor,Home,20,Driver,Desconegut                                                                                                                                            ,Unknown,Es desconeix,Ferit lleu: Rebutja assistència sanitària,427666.95 ,4581013.64,2.133882128,41.375544734
2023S002575    ,4,Les Corts,19,les Corts,144601,Diagonal,0652D0656D,Dimarts,2023,5,May,2,Afternoon,16,No és causa del  vianant,Altres vehicles amb motor,Dona,42,Pedestrian,En pas regulat per semàfor                                                                                                                            ,Unknown,Unknown,Ferit lleu: Amb assistència sanitària en lloc d'accident,427575.97 ,4582577.49,2.13260725,41.389621548
2023S002576    ,6,Gràcia,30,la Salut,344000,Dalt,0015 0015,Dimarts,2023,5,May,2,Afternoon,18,No és causa del  vianant,Bicicleta,Home,31,Driver,Desconegut                                                                                                                                            ,Unknown,Es desconeix,Ferit lleu: Hospitalització fins a 24h,429180.51 ,4584649.1 ,2.151554761,41.408422741
2023S002578    ,4,Les Corts,19,les Corts,128059,Flos i Calcat,0001 0001,Dimarts,2023,5,May,2,Afternoon,19,No és causa del  vianant,Motorcycle,Dona,27,Driver,Desconegut                                                                                                                                            ,Unknown,Oci i entreteniment,Ferit lleu: Hospitalització fins a 24h,427250.74 ,4582642.08,2.128709822,41.390173919
2023S002579    ,10,Sant Martí,67,la Vila Olímpica del Poblenou,700654,Litoral,9993 9993,Dimarts,2023,5,May,2,Afternoon,19,No és causa del  vianant,Motorcycle,Dona,31,Driver,Desconegut                                                                                                                                            ,Unknown,Es desconeix,Ferit lleu: Amb assistència sanitària en lloc d'accident,432888.89 ,4582323.45,2.196177347,41.38779457
2023S002580    ,2,Eixample,7,la Dreta de l'Eixample,145003,Girona,0141 0141,Dimarts,2023,5,May,2,Afternoon,19,No és causa del  vianant,Car,Home,80,Pedestrian,En pas regulat per semàfor                                                                                                                            ,Unknown,Unknown,Ferit lleu: Amb assistència sanitària en lloc d'accident,430368.98 ,4583521.24,2.165902583,41.398368374
2023S002581    ,3,Sants-Montjuïc,12,la Marina del Prat Vermell,701265,Litoral (Besòs),001250000,Dimarts,2023,5,May,2,Afternoon,19,No és causa del  vianant,Motorcycle,Home,24,Driver,Desconegut                                                                                                                                            ,Unknown,In itínere,Ferit lleu: Hospitalització fins a 24h,430634.28 ,4579558.39,2.169529815,41.362699086
2023S002582    ,3,Sants-Montjuïc,16,la Bordeta,701433,Mig (Ascendent),000050000,Dimarts,2023,5,May,2,Night,22,Altres,Motorcycle,Home,58,Driver,Desconegut                                                                                                                                            ,Unknown,In itínere,Ferit lleu: Hospitalització fins a 24h,427578.77 ,4580280.39,2.132915382,41.368932683
2023S002584    ,2,Eixample,7,la Dreta de l'Eixample,169409,Corts Catalanes,0655 0655,Dimarts,2023,5,May,2,Afternoon,17,No és causa del  vianant,Motorcycle,Home,35,Driver,Desconegut                                                                                                                                            ,Unknown,In itínere,Ferit lleu: Hospitalització fins a 24h,430973.07 ,4582896.51,2.173199642,41.392793737
2023S002585    ,10,Sant Martí,68,el Poblenou,700662,Salvador Espriu,0097 0097,Dimarts,2023,5,May,2,Afternoon,19,No és causa del  vianant,Motorcycle,Home,28,Driver,Desconegut                                                                                                                                            ,Unknown,Es desconeix,Ferit lleu: Hospitalització fins a 24h,433331.93 ,4582763.2 ,2.201427507,41.391792158
2023S002586    ,3,Sants-Montjuïc,18,Sants,138802,Galileu,0181 0181,Dimarts,2023,5,May,2,Afternoon,19,No és causa del  vianant,Motorcycle,Dona,38,Driver,Desconegut                                                                                                                                            ,Unknown,Es desconeix,Ferit lleu: Hospitalització fins a 24h,427645.02 ,4581636.85,2.133545467,41.381155782
2023S002587    ,5,Sarrià-Sant Gervasi,26,Sant Gervasi - Galvany,32700,Balmes,0266 0266,Dimarts,2023,5,May,2,Night,22,No és causa del  vianant,Ciclomotor,Home,24,Driver,Desconegut                                                                                                                                            ,Unknown,En missió,Ferit lleu: Hospitalització fins a 24h,428910.23 ,4583798.79,2.148421258,41.40074045
2023S002588    ,4,Les Corts,20,la Maternitat i Sant Ramon,96407,Xile,0023 0023,Dimecres,2023,5,May,3,Night,3,No és causa del  vianant,Car,Home,40,Driver,Desconegut                                                                                                                                            ,Unknown,"Bombers, policia, ambulància",Ferit lleu: Hospitalització fins a 24h,425915.92 ,4581315.18,2.112907967,41.3781012
2023S002588    ,4,Les Corts,20,la Maternitat i Sant Ramon,96407,Xile,0023 0023,Dimecres,2023,5,May,3,Night,3,No és causa del  vianant,Car,Dona,27,Passatger,Desconegut                                                                                                                                            ,Unknown,Unknown,Ferit lleu: Hospitalització fins a 24h,425915.92 ,4581315.18,2.112907967,41.3781012
2023S002589    ,2,Eixample,6,la Sagrada Família,289105,Rosselló,0503 0505,Dimecres,2023,5,May,3,Morning,7,No és causa del  vianant,Car,Home,53,Driver,Desconegut                                                                                                                                            ,Unknown,In itínere,Ferit lleu: Amb assistència sanitària en lloc d'accident,431318.77 ,4584618.22,2.177138938,41.408330266
2023S002591    ,2,Eixample,6,la Sagrada Família,144601,Diagonal,0310 0310,Dimecres,2023,5,May,3,Morning,9,No és causa del  vianant,Motorcycle,Home,60,Driver,Desconegut                                                                                                                                            ,Unknown,Es desconeix,Ferit greu: hospitalització superior a 24h,431264.72 ,4583795.85,2.176585763,41.400918815
2023S002592    ,10,Sant Martí,71,Provençals del Poblenou,701414,C-31,020760000,Dimecres,2023,5,May,3,Morning,8,No és causa del  vianant,Motorcycle,Dona,28,Driver,Desconegut                                                                                                                                            ,Unknown,Oci i entreteniment,Ferit lleu: Amb assistència sanitària en lloc d'accident,433366.47 ,4585249.15,2.201566805,41.414185339
2023S002593    ,8,Nou Barris,53,la Trinitat Nova,209900,Meridiana,0585X0585X,Dimecres,2023,5,May,3,Morning,8,No és causa del  vianant,Motorcycle,Home,30,Driver,Desconegut                                                                                                                                            ,Unknown,Es desconeix,Ferit lleu: Hospitalització fins a 24h,432262.21 ,4589063.05,2.187927311,41.448443511
2023S002594    ,2,Eixample,8,l'Antiga Esquerra de l'Eixample,268003,Provença,0179 0179,Dimecres,2023,5,May,3,Morning,8,No és causa del  vianant,Motorcycle,Dona,45,Driver,Desconegut                                                                                                                                            ,Unknown,Oci i entreteniment,Ferit greu: hospitalització superior a 24h,429551.72 ,4582681.47,2.156224727,41.39073363
2023S002594    ,2,Eixample,8,l'Antiga Esquerra de l'Eixample,268003,Provença,0179 0179,Dimecres,2023,5,May,3,Morning,8,No és causa del  vianant,Motorcycle,Home,49,Driver,Desconegut                                                                                                                                            ,Unknown,Oci i entreteniment,Ferit lleu: Hospitalització fins a 24h,429551.72 ,4582681.47,2.156224727,41.39073363
2023S002595    ,6,Gràcia,28,Vallcarca i els Penitents,158107,Vallcarca,0009 0009,Dimecres,2023,5,May,3,Morning,12,No és causa del  vianant,Motorcycle,Home,58,Driver,Desconegut                                                                                                                                            ,Unknown,Es desconeix,Ferit lleu: Hospitalització fins a 24h,428951.81 ,4584623.71,2.148821748,41.40817387
2023S002596    ,9,Sant Andreu,59,el Bon Pastor,1706,Sèquia Madriguera,0002 0002,Dimecres,2023,5,May,3,Morning,10,No és causa del  vianant,Motorcycle,Home,48,Driver,Desconegut                                                                                                                                            ,Unknown,Es desconeix,Ferit lleu: Hospitalització fins a 24h,433547.8  ,4587711.16,2.203465578,41.436374984
2023S002597    ,2,Eixample,10,Sant Antoni,308709,Sant Pau,0037 0037,Dimecres,2023,5,May,3,Morning,10,No és causa del  vianant,Motorcycle,Home,48,Driver,Desconegut                                                                                                                                            ,Unknown,Es desconeix,Ferit lleu: Hospitalització fins a 24h,430307.07 ,4581138.31,2.165436346,41.376900702
2023S002598    ,7,Horta-Guinardó,35,el Guinardó,194406,Maragall,0209 0209,Dimecres,2023,5,May,3,Morning,10,No és causa del  vianant,Motorcycle,Home,54,Driver,Desconegut                                                                                                                                            ,Unknown,Oci i entreteniment,Ferit lleu: Hospitalització fins a 24h,431293.45 ,4586433.18,2.176629763,41.424674844
2023S002599    ,4,Les Corts,19,les Corts,343903,Corts,0312 0312,Dimarts,2023,5,May,2,Morning,11,No és causa del  vianant,Motorcycle,Dona,27,Driver,Desconegut                                                                                                                                            ,Unknown,Oci i entreteniment,Ferit lleu: Hospitalització fins a 24h,427997.4  ,4582427.44,2.137665297,41.388307961
2023S002600    ,10,Sant Martí,71,Provençals del Poblenou,253902,Perú,0141 0149,Dimecres,2023,5,May,3,Afternoon,14,Desobeir el senyal del semàfor,Motorcycle,Home,62,Pedestrian,En pas regulat per semàfor                                                                                                                            ,Es desconeix,Unknown,Ferit lleu: Hospitalització fins a 24h,433092.71 ,4584796.53,2.198341497,41.410085958
2023S002601    ,10,Sant Martí,64,el Camp de l'Arpa del Clot,161407,Indústria,0288 0288,Dimecres,2023,5,May,3,Afternoon,14,No és causa del  vianant,Motorcycle,Dona,41,Passatger,Desconegut                                                                                                                                            ,Unknown,Unknown,Ferit lleu: Hospitalització fins a 24h,431634.8  ,4585306.27,2.180841921,41.414554272
2023S002602    ,10,Sant Martí,67,la Vila Olímpica del Poblenou,700654,Litoral,9993 9993,Dimecres,2023,5,May,3,Morning,10,No és causa del  vianant,Car,Home,33,Driver,Desconegut                                                                                                                                            ,Unknown,Oci i entreteniment,Ferit lleu: Hospitalització fins a 24h,432888.89 ,4582323.45,2.196177347,41.38779457
2023S002603    ,1,Ciutat Vella,3,la Barceloneta,248050,Pau Vila,0002X0002X,Dimarts,2023,5,May,2,Afternoon,15,No és causa del  vianant,Motorcycle,Home,45,Driver,Desconegut                                                                                                                                            ,Unknown,In itínere,Ferit greu: hospitalització superior a 24h,432031.74 ,4581682.97,2.185998079,41.381953923
2023S002604    ,2,Eixample,7,la Dreta de l'Eixample,148307,Gràcia,0034S0034S,Dimecres,2023,5,May,3,Morning,12,No és causa del  vianant,Bicicleta,Dona,22,Driver,Desconegut                                                                                                                                            ,Unknown,Oci i entreteniment,Ferit lleu: Hospitalització fins a 24h,430456.33 ,4582637.21,2.167048993,41.390413762
2023S002605    ,9,Sant Andreu,61,la Sagrera,156509,Hondures,0072 0072,Dimecres,2023,5,May,3,Afternoon,14,Creuar per fora pas de vianants,Furgoneta,Dona,36,Pedestrian,Fora del pas                                                                                                                                          ,In itinere,Unknown,Ferit lleu: Hospitalització fins a 24h,432187.89 ,4586085.54,2.187371941,41.421619803
2023S002606    ,2,Eixample,7,la Dreta de l'Eixample,100800,Diputació,0373 0373,Dimecres,2023,5,May,3,Morning,11,No és causa del  vianant,Veh. mobilitat personal amb motor,Dona,53,Driver,Desconegut                                                                                                                                            ,Unknown,Es desconeix,Ferit lleu: Amb assistència sanitària en lloc d'accident,431164.61 ,4583326.2 ,2.175441678,41.396680252
2023S002607    ,7,Horta-Guinardó,41,la Vall d'Hebron,701268,Dalt (Llobregat),001090000,Dimecres,2023,5,May,3,Afternoon,16,No és causa del  vianant,Motorcycle,Home,26,Driver,Desconegut                                                                                                                                            ,Unknown,Es desconeix,Ferit lleu: Hospitalització fins a 24h,428506.24 ,4586566.97,2.143261508,41.42563649
2023S002608    ,2,Eixample,7,la Dreta de l'Eixample,144601,Diagonal,0389 0389,Dimecres,2023,5,May,3,Afternoon,18,No és causa del  vianant,Motorcycle,Home,8,Passatger,Desconegut                                                                                                                                            ,Unknown,Unknown,Ferit lleu: Hospitalització fins a 24h,429717.03 ,4583257.81,2.158134918,41.395938999
2023S002608    ,2,Eixample,7,la Dreta de l'Eixample,144601,Diagonal,0389 0389,Dimecres,2023,5,May,3,Afternoon,18,No és causa del  vianant,Motorcycle,Home,38,Driver,Desconegut                                                                                                                                            ,Unknown,Oci i entreteniment,Ferit lleu: Hospitalització fins a 24h,429717.03 ,4583257.81,2.158134918,41.395938999
2023S002609    ,3,Sants-Montjuïc,12,la Marina del Prat Vermell,701266,Litoral (Llobregat),001720000,Dimecres,2023,5,May,3,Afternoon,15,No és causa del  vianant,Motorcycle,Home,59,Driver,Desconegut                                                                                                                                            ,Unknown,In itínere,Ferit lleu: Hospitalització fins a 24h,427200.43 ,4577361.6 ,2.128742351,41.342610011
2023S002610    ,2,Eixample,8,l'Antiga Esquerra de l'Eixample,245802,París,0166 0168,Dimecres,2023,5,May,3,Afternoon,17,No és causa del  vianant,Motorcycle,Home,31,Driver,Desconegut                                                                                                                                            ,Unknown,Altres activitats,Ferit lleu: Amb assistència sanitària en lloc d'accident,429173.98 ,4582876.38,2.151684146,41.392455923
2023S002610    ,2,Eixample,8,l'Antiga Esquerra de l'Eixample,245802,París,0166 0168,Dimecres,2023,5,May,3,Afternoon,17,No és causa del  vianant,Motorcycle,Dona,27,Passatger,Desconegut                                                                                                                                            ,Unknown,Unknown,Ferit lleu: Hospitalització fins a 24h,429173.98 ,4582876.38,2.151684146,41.392455923
2023S002611    ,2,Eixample,8,l'Antiga Esquerra de l'Eixample,32700,Balmes,0167B0167B,Dimecres,2023,5,May,3,Afternoon,14,No és causa del  vianant,Motorcycle,Dona,53,Driver,Desconegut                                                                                                                                            ,Unknown,In itínere,Ferit lleu: Hospitalització fins a 24h,429430.09 ,4583191.25,2.154710596,41.395314373
2023S002612    ,2,Eixample,7,la Dreta de l'Eixample,49509,Bruc,0151 0151,Dimecres,2023,5,May,3,Afternoon,20,No és causa del  vianant,Bicicleta,Dona,21,Driver,Desconegut                                                                                                                                            ,Unknown,Oci i entreteniment,Ferit lleu: Amb assistència sanitària en lloc d'accident,430172.01 ,4583591.4 ,2.16353844,41.398983192