Case_Number,District_Code,District_Name,Neighborhood_Code,Neighborhood_Name,Street_Code,Street_Name,Postal_Code,Day_of_Week,Year,Month_Code,Month_Name,Day_of_Month,Shift_Description,Hour_of_Day,Pedestrian_Cause_Description,Involved_Vehicle_Type,Gender_Description,Age,Person_Type_Description,Pedestrian_Accident_Location_Description,Pedestrian_Movement_Reason_Description,Driver_Movement_Reason_Description,Victimization_Description,UTM_X_Coordinate,UTM_Y_Coordinate,Longitude,Latitude
2023S002613    ,3,Sants-Montjuïc,16,la Bordeta,160903,Ildefons Cerdà,0004X0004X,Dimecres,2023,5,May,3,Afternoon,19,No és causa del  vianant,Car,Dona,62,Driver,Desconegut                                                                                                                                            ,Unknown,Oci i entreteniment,Ferit lleu: Amb assistència sanitària en lloc d'accident,427777.51 ,4579853.73,2.135342352,41.365107772
2023S002614    ,7,Horta-Guinardó,39,Sant Genís dels Agudells,366909,Vista-rica,0015 0015,Dimecres,2023,5,May,3,Afternoon,18,No és causa del  vianant,Bicicleta,Home,17,Driver,Desconegut                                                                                                                                            ,Unknown,Oci i entreteniment,Ferit lleu: Amb assistència sanitària en lloc d'accident,426766.69 ,4586566.34,2.122445536,41.425474034
2023S002615    ,5,Sarrià-Sant Gervasi,23,Sarrià,37350,J. V. Foix,0064 0066,Dimecres,2023,5,May,3,Afternoon,19,No és causa del  vianant,Motorcycle,Home,50,Driver,Desconegut                                                                                                                                            ,Unknown,In itínere,Ferit lleu: Hospitalització fins a 24h,426540.37 ,4583301.19,2.120133937,41.396045642
2023S002616    ,10,Sant Martí,71,Provençals del Poblenou,322608,Selva de Mar,0142 0142,Dimecres,2023,5,May,3,Afternoon,14,No és causa del  vianant,Motorcycle,Dona,26,Driver,Desconegut                                                                                                                                            ,Unknown,Es desconeix,Ferit lleu: Hospitalització fins a 24h,433476.69 ,4585173.83,2.202893815,41.413516089
2023S002617    ,7,Horta-Guinardó,41,la Vall d'Hebron,701268,Dalt (Llobregat),001200000,Dimecres,2023,5,May,3,Afternoon,15,No és causa del  vianant,Bicicleta,Home,47,Driver,Desconegut                                                                                                                                            ,Unknown,Oci i entreteniment,Ferit lleu: Hospitalització fins a 24h,429002.82 ,4587726.31,2.14906754,41.436122246
2023S002618    ,9,Sant Andreu,61,la Sagrera,701588,Clara Zetkin,0009X0009X,Dimecres,2023,5,May,3,Afternoon,18,Altres,Veh. mobilitat personal amb motor,Home,12,Pedestrian,Altres                                                                                                                                                ,Unknown,Unknown,Ferit lleu: Amb assistència sanitària en lloc d'accident,432986.99 ,4586156.24,2.196925977,41.422323665
2023S002618    ,9,Sant Andreu,61,la Sagrera,701588,Clara Zetkin,0009X0009X,Dimecres,2023,5,May,3,Afternoon,18,Altres,Veh. mobilitat personal amb motor,Dona,37,Driver,Altres                                                                                                                                                ,Unknown,Es desconeix,Ferit lleu: Hospitalització fins a 24h,432986.99 ,4586156.24,2.196925977,41.422323665
2023S002619    ,2,Eixample,9,la Nova Esquerra de l'Eixample,287201,Roma,0092 0092,Dimecres,2023,5,May,3,Afternoon,21,No és causa del  vianant,Veh. mobilitat personal amb motor,Home,17,Driver,Desconegut                                                                                                                                            ,Unknown,Altres activitats,Ferit lleu: Hospitalització fins a 24h,429030    ,4581874.03,2.150079593,41.383415407
2023S002620    ,9,Sant Andreu,61,la Sagrera,121402,Felip II,0006 0006,Dimecres,2023,5,May,3,Night,22,No és causa del  vianant,Motorcycle,Home,50,Driver,Desconegut                                                                                                                                            ,Unknown,Es desconeix,Ferit lleu: Hospitalització fins a 24h,432508.78 ,4585577.91,2.191268323,41.417074769
2023S002620    ,9,Sant Andreu,61,la Sagrera,121402,Felip II,0006 0006,Dimecres,2023,5,May,3,Night,22,No és causa del  vianant,Motorcycle,Home,32,Driver,Desconegut                                                                                                                                            ,Unknown,In itínere,Ferit lleu: Hospitalització fins a 24h,432508.78 ,4585577.91,2.191268323,41.417074769
2023S002621    ,2,Eixample,7,la Dreta de l'Eixample,250904,Pelai,0013 0013,Dimecres,2023,5,May,3,Afternoon,16,No és causa del  vianant,Bus,Dona,73,Passatger,Desconegut                                                                                                                                            ,Unknown,Unknown,Ferit lleu: Hospitalització fins a 24h,430626.85 ,4582082.01,2.169152029,41.385427979
2023S002622    ,7,Horta-Guinardó,43,Horta,701268,Dalt (Llobregat),001280000,Dimecres,2023,5,May,3,Afternoon,20,No és causa del  vianant,Motorcycle,Home,32,Driver,Desconegut                                                                                                                                            ,Unknown,Es desconeix,Ferit lleu: Hospitalització fins a 24h,429880.2  ,4588120.61,2.159522554,41.43975068
2023S002623    ,5,Sarrià-Sant Gervasi,26,Sant Gervasi - Galvany,139805,Ganduxer,0001 0001,Dimecres,2023,5,May,3,Night,22,No és causa del  vianant,Veh. mobilitat personal amb motor,Home,27,Driver,Desconegut                                                                                                                                            ,Unknown,Oci i entreteniment,Ferit lleu: Amb assistència sanitària en lloc d'accident,428145.43 ,4582763.57,2.13939577,41.391348601
2023S002624    ,2,Eixample,7,la Dreta de l'Eixample,145003,Girona,0135 0135,Thursday,2023,5,May,4,Morning,7,No és causa del  vianant,Bicicleta,Dona,52,Driver,Desconegut                                                                                                                                            ,Unknown,In itínere,Ferit lleu: Hospitalització fins a 24h,430420.21 ,4583514.23,2.166516174,41.398309675
2023S002625    ,4,Les Corts,19,les Corts,66508,Carles III,0100 0100,Dimecres,2023,5,May,3,Afternoon,17,No és causa del  vianant,Motorcycle,Home,45,Driver,Desconegut                                                                                                                                            ,Unknown,Es desconeix,Ferit lleu: Hospitalització fins a 24h,427149.38 ,4582339.19,2.127534019,41.387436732
2023S002626    ,9,Sant Andreu,63,Navas,367300,Biscaia,0345 0345,Thursday,2023,5,May,4,Morning,9,No és causa del  vianant,Motorcycle,Home,46,Driver,Desconegut                                                                                                                                            ,Unknown,Es desconeix,Ferit lleu: Hospitalització fins a 24h,432236.83 ,4585477.48,2.18802571,41.416147327
2023S002627    ,7,Horta-Guinardó,35,el Guinardó,325402,Segle XX,0027 0029,Thursday,2023,5,May,4,Morning,9,No és causa del  vianant,Motorcycle,Home,31,Driver,Desconegut                                                                                                                                            ,Unknown,In itínere,Ferit lleu: Hospitalització fins a 24h,431350.41 ,4586227.79,2.177334696,41.422829838
2023S002628    ,3,Sants-Montjuïc,17,Sants - Badal,365000,Violant Hongria Reina Aragó,0061 0061,Thursday,2023,5,May,4,Morning,11,No és causa del  vianant,Motorcycle,Home,36,Driver,Desconegut                                                                                                                                            ,Unknown,En missió,Ferit lleu: Hospitalització fins a 24h,427296.73 ,4581339.15,2.129416282,41.378443099
2023S002629    ,10,Sant Martí,72,Sant Martí de Provençals,86200,Concili de Trento,0114B0114B,Thursday,2023,5,May,4,Morning,12,Creuar per fora pas de vianants,Bicicleta,Dona,90,Pedestrian,Fora del pas                                                                                                                                          ,Unknown,Unknown,Ferit lleu: Hospitalització fins a 24h,432907.48 ,4585288.48,2.196070877,41.414501363
2023S002631    ,-1,Unknown,-1,Unknown,-1,Unknown,Unknown,Thursday,2023,5,May,4,Afternoon,14,No és causa del  vianant,Veh. mobilitat personal amb motor,Dona,19,Driver,Desconegut                                                                                                                                            ,Unknown,Es desconeix,Ferit lleu: Amb assistència sanitària en lloc d'accident,431652.35 ,4582825.28,2.181332195,41.392210236
2023S002632    ,3,Sants-Montjuïc,16,la Bordeta,701433,Mig (Ascendent),000050000,Thursday,2023,5,May,4,Afternoon,14,No és causa del  vianant,Veh. mobilitat personal amb motor,Home,44,Driver,Desconegut                                                                                                                                            ,Unknown,In itínere,Ferit lleu: Hospitalització fins a 24h,427578.77 ,4580280.39,2.132915382,41.368932683
2023S002633    ,1,Ciutat Vella,1,el Raval,269108,Portal de la Pau,0002 0002,Thursday,2023,5,May,4,Afternoon,15,No és causa del  vianant,Taxi,Home,54,Driver,Desconegut                                                                                                                                            ,Unknown,En missió,Ferit lleu: Amb assistència sanitària en lloc d'accident,431293.95 ,4581061.37,2.177245735,41.376292639
2023S002633    ,1,Ciutat Vella,1,el Raval,269108,Portal de la Pau,0002 0002,Thursday,2023,5,May,4,Afternoon,15,No és causa del  vianant,Motorcycle,Home,60,Driver,Desconegut                                                                                                                                            ,Unknown,Es desconeix,Ferit lleu: Amb assistència sanitària en lloc d'accident,431293.95 ,4581061.37,2.177245735,41.376292639
2023S002634    ,2,Eixample,9,la Nova Esquerra de l'Eixample,169409,Corts Catalanes,0393 0393,Thursday,2023,5,May,4,Afternoon,17,No és causa del  vianant,Motorcycle,Home,37,Driver,Desconegut                                                                                                                                            ,Unknown,In itínere,Ferit lleu: Hospitalització fins a 24h,429086.52 ,4581122.44,2.150843492,41.376651073
2023S002635    ,2,Eixample,9,la Nova Esquerra de l'Eixample,100800,Diputació,0079 0079,Thursday,2023,5,May,4,Afternoon,15,No és causa del  vianant,Motorcycle,Home,50,Driver,Desconegut                                                                                                                                            ,Unknown,In itínere,Ferit lleu: Hospitalització fins a 24h,429444.29 ,4581642.99,2.15506087,41.381370965
2023S002637    ,7,Horta-Guinardó,43,Horta,701267,Dalt (Besòs),001300000,Dimecres,2023,5,May,3,Afternoon,20,No és causa del  vianant,Car,Dona,23,Driver,Desconegut                                                                                                                                            ,Unknown,In itínere,Ferit lleu: Hospitalització fins a 24h,429880.2  ,4588120.61,2.159522554,41.43975068
2023S002637    ,7,Horta-Guinardó,43,Horta,701267,Dalt (Besòs),001300000,Dimecres,2023,5,May,3,Afternoon,20,No és causa del  vianant,Car,Dona,54,Driver,Desconegut                                                                                                                                            ,Unknown,Oci i entreteniment,Ferit lleu: Hospitalització fins a 24h,429880.2  ,4588120.61,2.159522554,41.43975068
2023S002638    ,2,Eixample,8,l'Antiga Esquerra de l'Eixample,363809,Villarroel,0117 0117,Thursday,2023,5,May,4,Afternoon,17,No és causa del  vianant,Motorcycle,Home,61,Driver,Desconegut                                                                                                                                            ,Unknown,Oci i entreteniment,Ferit lleu: Hospitalització fins a 24h,429513.96 ,4582145.91,2.155835468,41.38590671
2023S002639    ,7,Horta-Guinardó,38,la Teixonera,701268,Dalt (Llobregat),001060000,Thursday,2023,5,May,4,Afternoon,18,No és causa del  vianant,Motorcycle,Home,39,Driver,Desconegut                                                                                                                                            ,Unknown,Es desconeix,Ferit lleu: Hospitalització fins a 24h,428427.45 ,4586473.16,2.142329787,41.424784563
2023S002641    ,5,Sarrià-Sant Gervasi,27,el Putxet i el Farró,302000,Sant Gervasi,0082 0082,Thursday,2023,5,May,4,Afternoon,19,No és causa del  vianant,Motorcycle,Home,30,Driver,Desconegut                                                                                                                                            ,Unknown,Altres activitats,Ferit lleu: Hospitalització fins a 24h,428059.54 ,4585148.33,2.138084958,41.412819502
2023S002642    ,10,Sant Martí,68,el Poblenou,701266,Litoral (Llobregat),000790000,Thursday,2023,5,May,4,Afternoon,19,No és causa del  vianant,Motorcycle,Home,34,Driver,Desconegut                                                                                                                                            ,Unknown,"Bombers, policia, ambulància",Ferit lleu: Rebutja assistència sanitària,433443.3  ,4582903.44,2.202744112,41.393064496
2023S002643    ,1,Ciutat Vella,3,la Barceloneta,701265,Litoral (Besòs),0022E0000,Thursday,2023,5,May,4,Afternoon,17,No és causa del  vianant,Motorcycle,Home,35,Driver,Desconegut                                                                                                                                            ,Unknown,Es desconeix,Ferit lleu: Hospitalització fins a 24h,432285.57 ,4581840.35,2.189015911,41.383392821
2023S002645    ,2,Eixample,5,el Fort Pienc,178308,Lepant,0157 0157,Thursday,2023,5,May,4,Afternoon,21,No és causa del  vianant,Motorcycle,Dona,28,Passatger,Desconegut                                                                                                                                            ,Unknown,Unknown,Ferit lleu: Hospitalització fins a 24h,431857.73 ,4583588.21,2.183702715,41.399099168
2023S002646    ,10,Sant Martí,64,el Camp de l'Arpa del Clot,161407,Indústria,0211 0211,Thursday,2023,5,May,4,Afternoon,20,No és causa del  vianant,Bicicleta,Home,22,Driver,Fora del pas                                                                                                                                          ,Unknown,In itínere,Ferit lleu: Hospitalització fins a 24h,431320.31 ,4584997.16,2.177114327,41.411743388
2023S002647    ,10,Sant Martí,66,el Parc i la Llacuna del Poblenou,242906,Pallars,0101 0103,Friday,2023,5,May,5,Night,0,No és causa del  vianant,Motorcycle,Home,59,Driver,Desconegut                                                                                                                                            ,Unknown,Es desconeix,Ferit lleu: Hospitalització fins a 24h,432457.67 ,4583263.2 ,2.190915269,41.396222539
2023S002648    ,1,Ciutat Vella,3,la Barceloneta,224904,Joan Borbó Comte Barcelona,0002 0002,Thursday,2023,5,May,4,Night,22,No és causa del  vianant,Autobús articulat,Dona,64,Passatger,Desconegut                                                                                                                                            ,Unknown,Unknown,Ferit lleu: Hospitalització fins a 24h,432117.77 ,4581633.5 ,2.187032415,41.381515627
2023S002649    ,8,Nou Barris,48,la Guineueta,351901,Valldaura,0165 0165,Friday,2023,5,May,5,Morning,7,No és causa del  vianant,Motorcycle,Home,31,Driver,Desconegut                                                                                                                                            ,Unknown,In itínere,Ferit lleu: Hospitalització fins a 24h,430802.56 ,4588009.86,2.170575023,41.438833261
2023S002651    ,2,Eixample,7,la Dreta de l'Eixample,268003,Provença,0287 0287,Friday,2023,5,May,5,Morning,10,No és causa del  vianant,Motorcycle,Home,45,Driver,Desconegut                                                                                                                                            ,Unknown,Es desconeix,Ferit lleu: Amb assistència sanitària en lloc d'accident,430216.17 ,4583338.88,2.164095783,41.396712664
2023S002652    ,2,Eixample,7,la Dreta de l'Eixample,148307,Gràcia,0073 0073,Thursday,2023,5,May,4,Morning,11,No és causa del  vianant,Motorcycle,Home,28,Driver,Desconegut                                                                                                                                            ,Unknown,Oci i entreteniment,Ferit lleu: Amb assistència sanitària en lloc d'accident,430145.36 ,4583025.81,2.163284949,41.393886794
2023S002652    ,2,Eixample,7,la Dreta de l'Eixample,148307,Gràcia,0073 0073,Thursday,2023,5,May,4,Morning,11,No és causa del  vianant,Motorcycle,Home,56,Driver,Desconegut                                                                                                                                            ,Unknown,Oci i entreteniment,Ferit lleu: Hospitalització fins a 24h,430145.36 ,4583025.81,2.163284949,41.393886794
2023S002653    ,9,Sant Andreu,60,Sant Andreu,314100,Santa Coloma,0056 0056,Friday,2023,5,May,5,Morning,9,No és causa del  vianant,Veh. mobilitat personal amb motor,Home,17,Driver,Desconegut                                                                                                                                            ,Unknown,Es desconeix,Ferit lleu: Amb assistència sanitària en lloc d'accident,432858.65 ,4588893.72,2.195085968,41.446968554
2023S002654    ,2,Eixample,7,la Dreta de l'Eixample,350308,València,0323 0323,Friday,2023,5,May,5,Morning,9,No és causa del  vianant,Motorcycle,Dona,31,Driver,Desconegut                                                                                                                                            ,Unknown,In itínere,Ferit lleu: Hospitalització fins a 24h,430610.33 ,4583364.34,2.168807473,41.396976102
2023S002655    ,2,Eixample,10,Sant Antoni,127704,Floridablanca,0001 0001,Friday,2023,5,May,5,Morning,9,No és causa del  vianant,Motorcycle,Home,49,Driver,Desconegut                                                                                                                                            ,Unknown,En missió,Ferit lleu: Hospitalització fins a 24h,429362.65 ,4580936.13,2.154167022,41.374997338
2023S002656    ,5,Sarrià-Sant Gervasi,26,Sant Gervasi - Galvany,214106,Modolell,0057 0057,Friday,2023,5,May,5,Morning,11,No és causa del  vianant,Motorcycle,Home,33,Driver,Desconegut                                                                                                                                            ,Unknown,Es desconeix,Ferit lleu: Hospitalització fins a 24h,427994.55 ,4583853.75,2.137461526,41.401153925
2023S002657    ,3,Sants-Montjuïc,11,el Poble-sec,198804,Paral·lel,0075 0075,Friday,2023,5,May,5,Morning,10,No és causa del  vianant,Bicicleta,Dona,32,Driver,Desconegut                                                                                                                                            ,Unknown,Es desconeix,Ferit lleu: Hospitalització fins a 24h,430543.62 ,4580942.83,2.168287311,41.375160534
2023S002658    ,2,Eixample,7,la Dreta de l'Eixample,232902,Urquinaona,0007 0007,Friday,2023,5,May,5,Morning,12,No és causa del  vianant,Motorcycle,Home,49,Driver,Desconegut                                                                                                                                            ,Unknown,Es desconeix,Ferit lleu: Hospitalització fins a 24h,430987.16 ,4582551.3 ,2.173407521,41.389685744
2023S002659    ,2,Eixample,7,la Dreta de l'Eixample,335100,Tetuan,0005 0005,Friday,2023,5,May,5,Morning,12,No és causa del  vianant,Car,Home,32,Driver,Desconegut                                                                                                                                            ,Unknown,Oci i entreteniment,Ferit lleu: Amb assistència sanitària en lloc d'accident,431185.93 ,4583054.42,2.175727592,41.394234237
2023S002660    ,3,Sants-Montjuïc,14,la Font de la Guatlla,191601,Mandoni,0014 0016,Friday,2023,5,May,5,Morning,12,No és causa del  vianant,Bus,Dona,32,Passatger,Desconegut                                                                                                                                            ,Unknown,Unknown,Ferit lleu: Rebutja assistència sanitària,428463.62 ,4580242.2 ,2.143499143,41.368667888
2023S002660    ,3,Sants-Montjuïc,14,la Font de la Guatlla,191601,Mandoni,0014 0016,Friday,2023,5,May,5,Morning,12,No és causa del  vianant,Bus,Dona,36,Driver,Desconegut                                                                                                                                            ,Unknown,En missió,Ferit lleu: Rebutja assistència sanitària,428463.62 ,4580242.2 ,2.143499143,41.368667888
2023S002661    ,8,Nou Barris,49,Canyelles,120807,Favència,0005 0007,Friday,2023,5,May,5,Afternoon,14,No és causa del  vianant,Motorcycle,Dona,24,Driver,Desconegut                                                                                                                                            ,Unknown,En missió,Ferit lleu: Hospitalització fins a 24h,430337.72 ,4588274.45,2.164980883,41.441176103
2023S002662    ,9,Sant Andreu,59,el Bon Pastor,264308,Potosí,0005 0005,Friday,2023,5,May,5,Morning,13,No és causa del  vianant,Car,Dona,47,Passatger,Desconegut                                                                                                                                            ,Unknown,Unknown,Ferit lleu: Amb assistència sanitària en lloc d'accident,433328.95 ,4588427   ,2.200767227,41.442804179
2023S002663    ,5,Sarrià-Sant Gervasi,23,Sarrià,44709,Bonanova,0096 0096,Friday,2023,5,May,5,Morning,12,No és causa del  vianant,Motorcycle,Home,35,Driver,Desconegut                                                                                                                                            ,Unknown,Altres activitats,Ferit lleu: Hospitalització fins a 24h,426822.03 ,4583866.92,2.123434429,41.401166623
2023S002664    ,10,Sant Martí,71,Provençals del Poblenou,94300,Cristóbal de Moura,0137 0137,Friday,2023,5,May,5,Afternoon,14,No és causa del  vianant,Bus,Dona,58,Passatger,Desconegut                                                                                                                                            ,Unknown,Unknown,Ferit lleu: Amb assistència sanitària en lloc d'accident,433946.2  ,4585071.93,2.208522331,41.412637051
2023S002664    ,10,Sant Martí,71,Provençals del Poblenou,94300,Cristóbal de Moura,0137 0137,Friday,2023,5,May,5,Afternoon,14,No és causa del  vianant,Car,Home,39,Passatger,Desconegut                                                                                                                                            ,Unknown,Unknown,Ferit lleu: Amb assistència sanitària en lloc d'accident,433946.2  ,4585071.93,2.208522331,41.412637051
2023S002665    ,2,Eixample,8,l'Antiga Esquerra de l'Eixample,350308,València,0121 0121,Friday,2023,5,May,5,Morning,12,No és causa del  vianant,Bicicleta,Dona,20,Driver,Desconegut                                                                                                                                            ,Unknown,Es desconeix,Ferit lleu: Hospitalització fins a 24h,429451.21 ,4582209.99,2.155077566,41.386478354
2023S002666    ,5,Sarrià-Sant Gervasi,26,Sant Gervasi - Galvany,169205,José de Agulló,0025 0025,Dilluns,2023,5,May,8,Afternoon,14,No és causa del  vianant,Motorcycle,Dona,51,Passatger,Desconegut                                                                                                                                            ,Unknown,Unknown,Ferit lleu: Hospitalització fins a 24h,427786.57 ,4583314.74,2.135038019,41.396280615
2023S002667    ,8,Nou Barris,44,Vilapicina i la Torre Llobeta,24304,Arnau d'Oms,0031 0033,Friday,2023,5,May,5,Morning,13,No és causa del  vianant,Furgoneta,Home,43,Driver,Desconegut                                                                                                                                            ,Unknown,Altres activitats,Ferit lleu: Hospitalització fins a 24h,431370.38 ,4587010.59,2.177484749,41.429881955
2023S002668    ,3,Sants-Montjuïc,12,la Marina del Prat Vermell,375706,Número 60 Zona Franca,0026 0030,Friday,2023,5,May,5,Afternoon,15,No és causa del  vianant,Motorcycle,Home,39,Driver,Desconegut                                                                                                                                            ,Unknown,In itínere,Ferit lleu: Hospitalització fins a 24h,428608.62 ,4577923.34,2.145505773,41.347795521
2023S002669    ,2,Eixample,7,la Dreta de l'Eixample,169409,Corts Catalanes,0594 0594,Friday,2023,5,May,5,Morning,12,No és causa del  vianant,Motorcycle,Home,55,Driver,Desconegut                                                                                                                                            ,Unknown,Altres activitats,Ferit lleu: Hospitalització fins a 24h,430197.26 ,4582210.36,2.163999731,41.386546805
2023S002670    ,3,Sants-Montjuïc,11,el Poble-sec,118805,Exposició,0005 0023,Friday,2023,5,May,5,Afternoon,16,No és causa del  vianant,Motorcycle,Home,31,Driver,Desconegut                                                                                                                                            ,Unknown,Es desconeix,Ferit lleu: Hospitalització fins a 24h,430257.84 ,4580474.52,2.164924086,41.370917872
2023S002671    ,2,Eixample,7,la Dreta de l'Eixample,169409,Corts Catalanes,0686 0686,Friday,2023,5,May,5,Afternoon,14,No és causa del  vianant,Bicicleta,Dona,35,Driver,Desconegut                                                                                                                                            ,Unknown,Oci i entreteniment,Ferit lleu: Rebutja assistència sanitària,430979.95 ,4582939.24,2.173277057,41.393179184
2023S002671    ,2,Eixample,7,la Dreta de l'Eixample,169409,Corts Catalanes,0686 0686,Friday,2023,5,May,5,Afternoon,14,No és causa del  vianant,Motorcycle,Dona,31,Driver,Desconegut                                                                                                                                            ,Unknown,Oci i entreteniment,Ferit lleu: Hospitalització fins a 24h,430979.95 ,4582939.24,2.173277057,41.393179184
2023S002672    ,1,Ciutat Vella,4,"Sant Pere, Santa Caterina i la Ribera",286504,Roger de Flor,0005 0005,Friday,2023,5,May,5,Afternoon,16,No és causa del  vianant,Ciclomotor,Dona,19,Passatger,Desconegut                                                                                                                                            ,Unknown,Unknown,Ferit lleu: Hospitalització fins a 24h,431875.74 ,4582612.48,2.184027972,41.390312569
2023S002672    ,1,Ciutat Vella,4,"Sant Pere, Santa Caterina i la Ribera",286504,Roger de Flor,0005 0005,Friday,2023,5,May,5,Afternoon,16,No és causa del  vianant,Tot terreny,Home,48,Driver,Desconegut                                                                                                                                            ,Unknown,Oci i entreteniment,Ferit lleu: Hospitalització fins a 24h,431875.74 ,4582612.48,2.184027972,41.390312569
2023S002673    ,7,Horta-Guinardó,41,la Vall d'Hebron,701268,Dalt (Llobregat),001080000,Friday,2023,5,May,5,Afternoon,16,No és causa del  vianant,Car,Home,46,Driver,Desconegut                                                                                                                                            ,Unknown,Es desconeix,Ferit lleu: Hospitalització fins a 24h,428474.91 ,4586649.84,2.142876793,41.426380074
2023S002674    ,2,Eixample,7,la Dreta de l'Eixample,247659,Pau Claris,0149 0149,Friday,2023,5,May,5,Afternoon,19,No és causa del  vianant,Motorcycle,Home,49,Driver,Desconegut                                                                                                                                            ,Unknown,Altres activitats,Ferit lleu: Hospitalització fins a 24h,430290.6  ,4583088.44,2.165014897,41.394463491
2023S002675    ,2,Eixample,9,la Nova Esquerra de l'Eixample,349706,Comte d'Urgell,0125 0125,Friday,2023,5,May,5,Afternoon,17,No és causa del  vianant,Motorcycle,Home,43,Driver,Desconegut                                                                                                                                            ,Unknown,Es desconeix,Ferit lleu: Hospitalització fins a 24h,429355.76 ,4582115.68,2.153947059,41.385620554
2023S002676    ,2,Eixample,6,la Sagrada Família,18505,Aragó,0459 0461,Friday,2023,5,May,5,Afternoon,14,No és causa del  vianant,Motorcycle,Dona,51,Driver,Desconegut                                                                                                                                            ,Unknown,Es desconeix,Ferit lleu: Hospitalització fins a 24h,431505.68 ,4584066.31,2.179437497,41.403375341
2023S002677    ,4,Les Corts,20,la Maternitat i Sant Ramon,7258,Martí i Franquès,0001 0001,Friday,2023,5,May,5,Afternoon,16,No és causa del  vianant,Motorcycle,Dona,39,Passatger,Desconegut                                                                                                                                            ,Unknown,Unknown,Ferit lleu: Hospitalització fins a 24h,426339.27 ,4582176.37,2.11786547,41.385896466
2023S002677    ,4,Les Corts,20,la Maternitat i Sant Ramon,7258,Martí i Franquès,0001 0001,Friday,2023,5,May,5,Afternoon,16,No és causa del  vianant,Motorcycle,Home,43,Driver,Desconegut                                                                                                                                            ,Unknown,Es desconeix,Ferit lleu: Hospitalització fins a 24h,426339.27 ,4582176.37,2.11786547,41.385896466
2023S002678    ,2,Eixample,5,el Fort Pienc,178308,Lepant,0121 0123,Friday,2023,5,May,5,Night,22,No és causa del  vianant,Motorcycle,Home,35,Driver,Desconegut                                                                                                                                            ,Unknown,In itínere,Ferit lleu: Hospitalització fins a 24h,432080.31 ,4583367.63,2.186389897,41.397131309
2023S002679    ,8,Nou Barris,50,les Roquetes,212304,Mina de la Ciutat,0047 0047,Friday,2023,5,May,5,Afternoon,17,No és causa del  vianant,Veh. mobilitat personal amb motor,Dona,51,Pedestrian,En pas sense regular                                                                                                                                  ,Es desconeix,Unknown,Ferit lleu: Hospitalització fins a 24h,431160.72 ,4588975.88,2.174751661,41.447564642
2023S002679    ,8,Nou Barris,50,les Roquetes,212304,Mina de la Ciutat,0047 0047,Friday,2023,5,May,5,Afternoon,17,No és causa del  vianant,Veh. mobilitat personal amb motor,Home,24,Driver,En pas sense regular                                                                                                                                  ,Unknown,Oci i entreteniment,Ferit lleu: Hospitalització fins a 24h,431160.72 ,4588975.88,2.174751661,41.447564642
2023S002680    ,10,Sant Martí,65,el Clot,161101,Independència,0239 0239,Friday,2023,5,May,5,Afternoon,14,No és causa del  vianant,Motorcycle,Dona,29,Driver,Desconegut                                                                                                                                            ,Unknown,In itínere,Ferit lleu: Hospitalització fins a 24h,432028.36 ,4584359.69,2.185657054,41.406062115
2023S002681    ,8,Nou Barris,51,Verdun,70200,Casals,0045 0045,Friday,2023,5,May,5,Afternoon,15,No és causa del  vianant,Autobús articulat,Dona,59,Passatger,Desconegut                                                                                                                                            ,Unknown,Unknown,Ferit lleu: Hospitalització fins a 24h,431252.99 ,4588378.78,2.175924176,41.4421947
2023S002682    ,2,Eixample,7,la Dreta de l'Eixample,169409,Corts Catalanes,0655 0655,Friday,2023,5,May,5,Afternoon,20,No és causa del  vianant,Veh. mobilitat personal amb motor,Dona,30,Driver,Desconegut                                                                                                                                            ,Unknown,Es desconeix,Ferit lleu: Amb assistència sanitària en lloc d'accident,430979.95 ,4582939.24,2.173277057,41.393179184
2023S002683    ,8,Nou Barris,51,Verdun,120807,Favència,0212 0214,Friday,2023,5,May,5,Afternoon,19,No és causa del  vianant,Motorcycle,Home,8,Pedestrian,En pas sense regular                                                                                                                                  ,Altres activitats,Unknown,Ferit lleu: Amb assistència sanitària en lloc d'accident,431024.78 ,4588554.05,2.173172588,41.443753705
2023S002684    ,2,Eixample,7,la Dreta de l'Eixample,18505,Aragó,0301 0301,Friday,2023,5,May,5,Night,23,No és causa del  vianant,Motorcycle,Dona,25,Passatger,Desconegut                                                                                                                                            ,Unknown,Unknown,Ferit lleu: Hospitalització fins a 24h,430539.63 ,4583069.25,2.167995683,41.394312213
2023S002684    ,2,Eixample,7,la Dreta de l'Eixample,18505,Aragó,0301 0301,Friday,2023,5,May,5,Night,23,No és causa del  vianant,Motorcycle,Home,24,Driver,Desconegut                                                                                                                                            ,Unknown,Oci i entreteniment,Ferit lleu: Amb assistència sanitària en lloc d'accident,430539.63 ,4583069.25,2.167995683,41.394312213
2023S002684    ,2,Eixample,7,la Dreta de l'Eixample,18505,Aragó,0301 0301,Friday,2023,5,May,5,Night,23,No és causa del  vianant,Motorcycle,Home,27,Driver,Desconegut                                                                                                                                            ,Unknown,Oci i entreteniment,Ferit lleu: Amb assistència sanitària en lloc d'accident,430539.63 ,4583069.25,2.167995683,41.394312213
2023S002685    ,7,Horta-Guinardó,43,Horta,312706,Santa Amàlia,0007 0007,Saturday,2023,5,May,6,Night,0,No és causa del  vianant,Motorcycle,Dona,33,Passatger,Desconegut                                                                                                                                            ,Unknown,Unknown,Ferit lleu: Hospitalització fins a 24h,430290.05 ,4587098.71,2.164546008,41.430582531