Case_Number,District_Code,District_Name,Neighborhood_Code,Neighborhood_Name,Street_Code,Street_Name,Postal_Code,Day_of_Week,Year,Month_Code,Month_Name,Day_of_Month,Shift_Description,Hour_of_Day,Pedestrian_Cause_Description,Involved_Vehicle_Type,Gender_Description,Age,Person_Type_Description,Pedestrian_Accident_Location_Description,Pedestrian_Movement_Reason_Description,Driver_Movement_Reason_Description,Victimization_Description,UTM_X_Coordinate,UTM_Y_Coordinate,Longitude,Latitude
2023S002750    ,5,Sarrià-Sant Gervasi,25,Sant Gervasi - la Bonanova,302000,Sant Gervasi,0055 0055,Dimarts,2023,5,May,9,Morning,8,No és causa del  vianant,Bicicleta,Home,64,Driver,Desconegut                                                                                                                                            ,Unknown,Es desconeix,Ferit greu: hospitalització superior a 24h,428042.46 ,4584919.7 ,2.137907818,41.410758797
2023S002751    ,2,Eixample,6,la Sagrada Família,350308,València,0503 0503,Dimarts,2023,5,May,9,Morning,6,No és causa del  vianant,Motorcycle,Dona,39,Driver,Desconegut                                                                                                                                            ,Unknown,Es desconeix,Ferit lleu: Hospitalització fins a 24h,431555.53 ,4584270.88,2.180010678,41.405222088
2023S002751    ,2,Eixample,6,la Sagrada Família,350308,València,0503 0503,Dimarts,2023,5,May,9,Morning,6,No és causa del  vianant,Motorcycle,Home,36,Driver,Desconegut                                                                                                                                            ,Unknown,Es desconeix,Ferit lleu: Hospitalització fins a 24h,431555.53 ,4584270.88,2.180010678,41.405222088
2023S002752    ,2,Eixample,7,la Dreta de l'Eixample,18505,Aragó,0312 0312,Dimarts,2023,5,May,9,Morning,8,No és causa del  vianant,Veh. mobilitat personal amb motor,Home,36,Driver,Desconegut                                                                                                                                            ,Unknown,Es desconeix,Ferit lleu: Amb assistència sanitària en lloc d'accident,430594.16 ,4583143.18,2.168639423,41.394982788
2023S002754    ,2,Eixample,6,la Sagrada Família,178308,Lepant,0213 0215,Dimarts,2023,5,May,9,Morning,9,No és causa del  vianant,Motorcycle,Dona,55,Driver,Desconegut                                                                                                                                            ,Unknown,Es desconeix,Ferit lleu: Hospitalització fins a 24h,431533.6  ,4583923.69,2.179787628,41.402093186
2023S002755    ,1,Ciutat Vella,1,el Raval,34308,Rambla,0127 0127,Dimarts,2023,5,May,9,Morning,8,No és causa del  vianant,Motorcycle,Dona,24,Passatger,Desconegut                                                                                                                                            ,Unknown,Unknown,Ferit lleu: Amb assistència sanitària en lloc d'accident,430701.07 ,4582037.56,2.17004472,41.385034031
2023S002755    ,1,Ciutat Vella,1,el Raval,34308,Rambla,0127 0127,Dimarts,2023,5,May,9,Morning,8,No és causa del  vianant,Motorcycle,Dona,25,Driver,Desconegut                                                                                                                                            ,Unknown,In itínere,Ferit lleu: Amb assistència sanitària en lloc d'accident,430701.07 ,4582037.56,2.17004472,41.385034031
2023S002757    ,2,Eixample,7,la Dreta de l'Eixample,247659,Pau Claris,0187 0187,Dimarts,2023,5,May,9,Morning,12,No és causa del  vianant,Motorcycle,Home,53,Driver,Desconegut                                                                                                                                            ,Unknown,Es desconeix,Ferit lleu: Hospitalització fins a 24h,429996.53 ,4583374.37,2.161464532,41.397013209
2023S002757    ,2,Eixample,7,la Dreta de l'Eixample,247659,Pau Claris,0187 0187,Dimarts,2023,5,May,9,Morning,12,No és causa del  vianant,Motorcycle,Home,84,Driver,Desconegut                                                                                                                                            ,Unknown,Es desconeix,Ferit lleu: Hospitalització fins a 24h,429996.53 ,4583374.37,2.161464532,41.397013209
2023S002758    ,9,Sant Andreu,57,la Trinitat Vella,701316,Josep Andreu i Abelló,0004X0004X,Dimarts,2023,5,May,9,Morning,9,No és causa del  vianant,Veh. mobilitat personal amb motor,Dona,19,Driver,Desconegut                                                                                                                                            ,Unknown,Oci i entreteniment,Ferit lleu: Hospitalització fins a 24h,432470.9  ,4589022.27,2.190430042,41.448093814
2023S002759    ,7,Horta-Guinardó,40,Montbau,701267,Dalt (Besòs),001120000,Dimarts,2023,5,May,9,Morning,13,No és causa del  vianant,Motorcycle,Home,33,Driver,Desconegut                                                                                                                                            ,Unknown,Es desconeix,Ferit lleu: Hospitalització fins a 24h,428632.38 ,4587020.89,2.144717335,41.429735978
2023S002760    ,2,Eixample,7,la Dreta de l'Eixample,148307,Gràcia,0056 0056,Dimarts,2023,5,May,9,Morning,11,No és causa del  vianant,Ciclomotor,Home,32,Driver,Desconegut                                                                                                                                            ,Unknown,Es desconeix,Ferit lleu: Hospitalització fins a 24h,430277.16 ,4582833.02,2.164883567,41.39216184
2023S002761    ,5,Sarrià-Sant Gervasi,23,Sarrià,144408,General Vives,0029 0029,Dimarts,2023,5,May,9,Morning,10,No és causa del  vianant,Motorcycle,Home,39,Driver,Desconegut                                                                                                                                            ,Unknown,In itínere,Ferit lleu: Hospitalització fins a 24h,426480.45 ,4584345.67,2.11929033,41.405447333
2023S002762    ,10,Sant Martí,66,el Parc i la Llacuna del Poblenou,701414,C-31,020610000,Dimarts,2023,5,May,9,Morning,11,No és causa del  vianant,Car,Dona,60,Driver,Desconegut                                                                                                                                            ,Unknown,In itínere,Ferit lleu: Hospitalització fins a 24h,432294.33 ,4584205.8 ,2.188856059,41.40469853
2023S002763    ,10,Sant Martí,67,la Vila Olímpica del Poblenou,700664,Arquitecte Sert,0003 0005,Dimarts,2023,5,May,9,Afternoon,14,No és causa del  vianant,Bus,Home,0,Passatger,Desconegut                                                                                                                                            ,Unknown,Unknown,Ferit lleu: Hospitalització fins a 24h,433211.5  ,4582488.33,2.200017449,41.389306472
2023S002763    ,10,Sant Martí,67,la Vila Olímpica del Poblenou,700664,Arquitecte Sert,0003 0005,Dimarts,2023,5,May,9,Afternoon,14,No és causa del  vianant,Bus,Home,6,Passatger,Desconegut                                                                                                                                            ,Unknown,Unknown,Ferit lleu: Hospitalització fins a 24h,433211.5  ,4582488.33,2.200017449,41.389306472
2023S002764    ,5,Sarrià-Sant Gervasi,23,Sarrià,701267,Dalt (Besòs),000770000,Dimarts,2023,5,May,9,Afternoon,16,No és causa del  vianant,Tot terreny,Dona,72,Pedestrian,En pas regulat per semàfor                                                                                                                            ,Oci i entreteniment,Unknown,Ferit lleu: Hospitalització fins a 24h,426544.03 ,4584388.45,2.120045718,41.405838449
2023S002765    ,2,Eixample,7,la Dreta de l'Eixample,148307,Gràcia,0049 0049,Dimarts,2023,5,May,9,Afternoon,16,No és causa del  vianant,Motorcycle,Dona,29,Driver,Desconegut                                                                                                                                            ,Unknown,Oci i entreteniment,Ferit lleu: Hospitalització fins a 24h,430229.21 ,4582840.75,2.164309179,41.392227301
2023S002766    ,2,Eixample,5,el Fort Pienc,73900,Castillejos,0154 0156,Dimarts,2023,5,May,9,Afternoon,17,No és causa del  vianant,Motorcycle,Home,34,Passatger,Desconegut                                                                                                                                            ,Unknown,Unknown,Ferit lleu: Hospitalització fins a 24h,431991.7  ,4583838.25,2.185277113,41.401362555
2023S002766    ,2,Eixample,5,el Fort Pienc,73900,Castillejos,0154 0156,Dimarts,2023,5,May,9,Afternoon,17,No és causa del  vianant,Motorcycle,Dona,35,Driver,Desconegut                                                                                                                                            ,Unknown,Es desconeix,Ferit lleu: Hospitalització fins a 24h,431991.7  ,4583838.25,2.185277113,41.401362555
2023S002767    ,2,Eixample,8,l'Antiga Esquerra de l'Eixample,350308,València,0130 0130,Saturday,2023,4,April,1,Afternoon,15,No és causa del  vianant,Motorcycle,Home,63,Driver,Desconegut                                                                                                                                            ,Unknown,Altres activitats,Ferit lleu: Hospitalització fins a 24h,429355.76 ,4582115.68,2.153947059,41.385620554
2023S002768    ,5,Sarrià-Sant Gervasi,26,Sant Gervasi - Galvany,144601,Diagonal,0602 0602,Dimarts,2023,5,May,9,Afternoon,20,No és causa del  vianant,Veh. mobilitat personal amb motor,Dona,28,Driver,Desconegut                                                                                                                                            ,Unknown,In itínere,Ferit lleu: Amb assistència sanitària en lloc d'accident,428614.3  ,4582926.6 ,2.144984276,41.392858727
2023S002769    ,3,Sants-Montjuïc,16,la Bordeta,160903,Ildefons Cerdà,0007 0007,Dimarts,2023,5,May,9,Afternoon,21,No és causa del  vianant,Motorcycle,Dona,36,Driver,Desconegut                                                                                                                                            ,Unknown,Es desconeix,Ferit lleu: Rebutja assistència sanitària,427718.43 ,4579750.57,2.134648336,41.364173341
2023S002770    ,5,Sarrià-Sant Gervasi,25,Sant Gervasi - la Bonanova,44709,Bonanova,0018 0020,Dimarts,2023,5,May,9,Night,22,No és causa del  vianant,Motorcycle,Home,19,Driver,Desconegut                                                                                                                                            ,Unknown,Oci i entreteniment,Ferit lleu: Hospitalització fins a 24h,427491.81 ,4584339.01,2.13138966,41.405479255
2023S002772    ,2,Eixample,7,la Dreta de l'Eixample,144601,Diagonal,0430 0430,Dimecres,2023,5,May,10,Night,0,Creuar per fora pas de vianants,Veh. mobilitat personal amb motor,Dona,20,Driver,Fora del pas                                                                                                                                          ,Unknown,Oci i entreteniment,Ferit lleu: Hospitalització fins a 24h,430033.16 ,4583412.55,2.161898257,41.397360273
2023S002773    ,3,Sants-Montjuïc,12,la Marina del Prat Vermell,180,A Zona Franca,0093 0093,Dimecres,2023,5,May,10,Morning,7,No és causa del  vianant,Motorcycle,Home,50,Driver,Desconegut                                                                                                                                            ,Unknown,In itínere,Ferit lleu: Amb assistència sanitària en lloc d'accident,428488.89 ,4577248.47,2.144154281,41.341706539
2023S002773    ,3,Sants-Montjuïc,12,la Marina del Prat Vermell,180,A Zona Franca,0093 0093,Dimecres,2023,5,May,10,Morning,7,No és causa del  vianant,Veh. mobilitat personal amb motor,Home,22,Driver,Desconegut                                                                                                                                            ,Unknown,In itínere,Ferit lleu: Amb assistència sanitària en lloc d'accident,428488.89 ,4577248.47,2.144154281,41.341706539
2023S002775    ,2,Eixample,10,Sant Antoni,349706,Comte d'Urgell,0041 0041,Dimarts,2023,5,May,9,Night,23,No és causa del  vianant,Veh. mobilitat personal amb motor,Home,27,Driver,Desconegut                                                                                                                                            ,Unknown,Es desconeix,Ferit lleu: Amb assistència sanitària en lloc d'accident,429841.22 ,4581617.31,2.159810459,41.381174403
2023S002776    ,7,Horta-Guinardó,41,la Vall d'Hebron,701268,Dalt (Llobregat),001160000,Dimecres,2023,5,May,10,Morning,8,No és causa del  vianant,Car,Home,50,Driver,Desconegut                                                                                                                                            ,Unknown,Es desconeix,Ferit lleu: Hospitalització fins a 24h,429819.22 ,4588109.77,2.158793943,41.439647718
2023S002778    ,4,Les Corts,21,Pedralbes,101700,Doctor Ferran,0049X0049X,Dimecres,2023,5,May,10,Morning,9,No és causa del  vianant,Motorcycle,Home,65,Driver,Desconegut                                                                                                                                            ,Unknown,Es desconeix,Ferit lleu: Amb assistència sanitària en lloc d'accident,426837.43 ,4582678.19,2.123762342,41.390461638
2023S002779    ,2,Eixample,8,l'Antiga Esquerra de l'Eixample,144601,Diagonal,0443 0443,Dimecres,2023,5,May,10,Morning,9,No és causa del  vianant,Bicicleta,Dona,47,Driver,Desconegut                                                                                                                                            ,Unknown,Es desconeix,Ferit lleu: Hospitalització fins a 24h,429002.19 ,4583024.82,2.149612071,41.393777714
2023S002780    ,2,Eixample,9,la Nova Esquerra de l'Eixample,191204,Mallorca,0118 0118,Dimecres,2023,5,May,10,Morning,11,No és causa del  vianant,Bicicleta,Dona,40,Driver,Desconegut                                                                                                                                            ,Unknown,Es desconeix,Ferit lleu: Hospitalització fins a 24h,429260.74 ,4582212.74,2.152799369,41.386486386
2023S002781    ,10,Sant Martí,65,el Clot,18505,Aragó,0611 0611,Dimecres,2023,5,May,10,Morning,12,No és causa del  vianant,Car,Dona,40,Passatger,Desconegut                                                                                                                                            ,Unknown,Unknown,Ferit lleu: Rebutja assistència sanitària,432184.11 ,4584725.86,2.187479223,41.409373262
2023S002781    ,10,Sant Martí,65,el Clot,18505,Aragó,0611 0611,Dimecres,2023,5,May,10,Morning,12,No és causa del  vianant,Car,Dona,45,Driver,Desconegut                                                                                                                                            ,Unknown,Es desconeix,Ferit lleu: Rebutja assistència sanitària,432184.11 ,4584725.86,2.187479223,41.409373262
2023S002782    ,5,Sarrià-Sant Gervasi,26,Sant Gervasi - Galvany,148806,Granada del Penedès,0001 0001,Dimecres,2023,5,May,10,Morning,11,No és causa del  vianant,Veh. mobilitat personal amb motor,Dona,45,Pedestrian,En pas regulat per semàfor                                                                                                                            ,Es desconeix,Unknown,Ferit lleu: Hospitalització fins a 24h,429378.61 ,4583452.96,2.154064311,41.397666981
2023S002783    ,5,Sarrià-Sant Gervasi,26,Sant Gervasi - Galvany,214106,Modolell,0080 0080,Dimecres,2023,5,May,10,Afternoon,14,No és causa del  vianant,Motorcycle,Dona,53,Driver,Desconegut                                                                                                                                            ,Unknown,In itínere,Ferit lleu: Hospitalització fins a 24h,427991.77 ,4583985.3 ,2.137412615,41.402338495
2023S002784    ,2,Eixample,7,la Dreta de l'Eixample,169409,Corts Catalanes,9999 9999,Dimecres,2023,5,May,10,Afternoon,14,No és causa del  vianant,Motorcycle,Home,43,Driver,Desconegut                                                                                                                                            ,Unknown,Oci i entreteniment,Ferit lleu: Amb assistència sanitària en lloc d'accident,430557.69 ,4582525.42,2.168274082,41.389415667
2023S002785    ,2,Eixample,8,l'Antiga Esquerra de l'Eixample,100800,Diputació,0220 0220,Dimecres,2023,5,May,10,Afternoon,15,No és causa del  vianant,Ciclomotor,Home,37,Driver,Desconegut                                                                                                                                            ,Unknown,En missió,Ferit lleu: Hospitalització fins a 24h,430018.62 ,4582204.72,2.161863977,41.386480478
2023S002786    ,2,Eixample,10,Sant Antoni,114000,Espanya,0001 0001,Dimecres,2023,5,May,10,Afternoon,16,No és causa del  vianant,Motorcycle,Home,63,Driver,Desconegut                                                                                                                                            ,Unknown,En missió,Ferit lleu: Hospitalització fins a 24h,428989.31 ,4580940.29,2.149702461,41.375001931
2023S002787    ,3,Sants-Montjuïc,16,la Bordeta,169409,Corts Catalanes,0185 0185,Dimecres,2023,5,May,10,Afternoon,16,No és causa del  vianant,Veh. mobilitat personal amb motor,Home,33,Driver,Desconegut                                                                                                                                            ,Unknown,Es desconeix,Ferit lleu: Amb assistència sanitària en lloc d'accident,428206.42 ,4580224.24,2.140426203,41.368483216
2023S002788    ,10,Sant Martí,69,Diagonal Mar i el Front Marítim del Poblenou,701266,Litoral (Llobregat),000650000,Dimecres,2023,5,May,10,Afternoon,17,No és causa del  vianant,Motorcycle,Home,51,Driver,Desconegut                                                                                                                                            ,Unknown,Es desconeix,Ferit lleu: Hospitalització fins a 24h,434313.7  ,4583894.96,2.213047001,41.4020665
2023S002789    ,5,Sarrià-Sant Gervasi,25,Sant Gervasi - la Bonanova,701629,Isaac Newton,0002 0002,Dimecres,2023,5,May,10,Afternoon,16,No és causa del  vianant,Car,Home,41,Driver,Desconegut                                                                                                                                            ,Unknown,Oci i entreteniment,Ferit lleu: Hospitalització fins a 24h,427052.99 ,4584880.78,2.126074875,41.41031902
2023S002790    ,5,Sarrià-Sant Gervasi,26,Sant Gervasi - Galvany,28000,Augusta,0215 0215,Dimecres,2023,5,May,10,Afternoon,19,No és causa del  vianant,Motorcycle,Dona,38,Driver,Desconegut                                                                                                                                            ,Unknown,Es desconeix,Ferit lleu: Hospitalització fins a 24h,427986.52 ,4583479.44,2.137410019,41.397781944
2023S002791    ,8,Nou Barris,45,Porta,242000,Ciutat de Mallorca,0027 0029,Dimecres,2023,5,May,10,Afternoon,17,Desobeir el senyal del semàfor,Motorcycle,Dona,38,Driver,Desconegut                                                                                                                                            ,Unknown,Es desconeix,Ferit lleu: Hospitalització fins a 24h,431442.73 ,4587357.14,2.178311253,41.433009391
2023S002792    ,5,Sarrià-Sant Gervasi,26,Sant Gervasi - Galvany,144601,Diagonal,0550 0556,Dimecres,2023,5,May,10,Morning,12,No és causa del  vianant,Veh. mobilitat personal amb motor,Dona,53,Pedestrian,En pas regulat per semàfor                                                                                                                            ,Unknown,Unknown,Ferit lleu: Hospitalització fins a 24h,429144.63 ,4583098.78,2.151307076,41.394456414
2023S002793    ,2,Eixample,7,la Dreta de l'Eixample,350308,València,0269 0269,Dimecres,2023,5,May,10,Afternoon,18,No és causa del  vianant,Ciclomotor,Home,62,Driver,Desconegut                                                                                                                                            ,Unknown,Es desconeix,Ferit lleu: Hospitalització fins a 24h,430310.82 ,4583051.57,2.165260989,41.394133169
2023S002794    ,5,Sarrià-Sant Gervasi,26,Sant Gervasi - Galvany,196900,Marià Cubí,0178 0178,Dimecres,2023,5,May,10,Afternoon,20,No és causa del  vianant,Motorcycle,Home,29,Driver,Desconegut                                                                                                                                            ,Unknown,In itínere,Ferit lleu: Hospitalització fins a 24h,428580.93 ,4583190.96,2.144553964,41.395236755
2023S002795    ,2,Eixample,8,l'Antiga Esquerra de l'Eixample,363809,Villarroel,0137 0139,Dimecres,2023,5,May,10,Afternoon,18,No és causa del  vianant,Bus,Dona,63,Passatger,Desconegut                                                                                                                                            ,Unknown,Unknown,Ferit lleu: Hospitalització fins a 24h,429418.19 ,4582228.54,2.154680509,41.386642529
2023S002796    ,9,Sant Andreu,63,Navas,297001,Sant Antoni Maria Claret,0263 0263,Dimecres,2023,5,May,10,Night,23,No és causa del  vianant,Motorcycle,Home,30,Driver,Desconegut                                                                                                                                            ,Unknown,Oci i entreteniment,Ferit lleu: Hospitalització fins a 24h,431768.44 ,4585618.91,2.182405569,41.417381485
2023S002797    ,8,Nou Barris,49,Canyelles,701267,Dalt (Besòs),001340000,Thursday,2023,5,May,11,Morning,7,No és causa del  vianant,Motorcycle,Home,44,Driver,Desconegut                                                                                                                                            ,Unknown,In itínere,Ferit lleu: Hospitalització fins a 24h,429885.48 ,4588089.59,2.159589353,41.439471757
2023S002798    ,3,Sants-Montjuïc,18,Sants,366206,Viriat,0043 0043,Thursday,2023,5,May,11,Morning,10,No és causa del  vianant,Ciclomotor,Dona,48,Driver,Desconegut                                                                                                                                            ,Unknown,In itínere,Ferit lleu: Rebutja assistència sanitària,428245.69 ,4581555.63,2.140738031,41.380478085
2023S002799    ,2,Eixample,6,la Sagrada Família,142300,Gaudí,0024 0024,Thursday,2023,5,May,11,Morning,11,No és causa del  vianant,Motorcycle,Home,50,Driver,Desconegut                                                                                                                                            ,Unknown,Es desconeix,Ferit lleu: Amb assistència sanitària en lloc d'accident,431089.06 ,4584377.39,2.174418284,41.406141516
2023S002800    ,3,Sants-Montjuïc,11,el Poble-sec,288408,Roser,0014 0014,Thursday,2023,5,May,11,Morning,11,No és causa del  vianant,Veh. mobilitat personal amb motor,Dona,56,Pedestrian,Fora del pas                                                                                                                                          ,Unknown,Unknown,Ferit lleu: Hospitalització fins a 24h,430429.7  ,4580806   ,2.166940858,41.3739183
2023S002801    ,2,Eixample,6,la Sagrada Família,144601,Diagonal,0322 0322,Thursday,2023,5,May,11,Morning,11,No és causa del  vianant,Veh. mobilitat personal amb motor,Dona,29,Driver,Desconegut                                                                                                                                            ,Unknown,In itínere,Ferit lleu: Hospitalització fins a 24h,431175.97 ,4583782.38,2.175525672,41.400789898
2023S002802    ,2,Eixample,5,el Fort Pienc,169409,Corts Catalanes,0687 0689,Thursday,2023,5,May,11,Morning,13,No és causa del  vianant,Car,Dona,79,Pedestrian,En pas regulat per semàfor                                                                                                                            ,Unknown,Unknown,Ferit lleu: Hospitalització fins a 24h,431363.28 ,4583313.93,2.177819397,41.396586731
2023S002803    ,10,Sant Martí,73,la Verneda i la Pau,343200,Trajana,0042 0042,Thursday,2023,5,May,11,Morning,13,No és causa del  vianant,Motorcycle,Home,48,Driver,Desconegut                                                                                                                                            ,Unknown,Oci i entreteniment,Ferit lleu: Hospitalització fins a 24h,433475.99 ,4586760.69,2.202710787,41.427808435
2023S002804    ,4,Les Corts,19,les Corts,278302,Reina Maria Cristina,9997 9997,Thursday,2023,5,May,11,Morning,13,No és causa del  vianant,Bus,Dona,60,Passatger,Desconegut                                                                                                                                            ,Unknown,Unknown,Ferit lleu: Hospitalització fins a 24h,427112.71 ,4582502.61,2.127075797,41.388905266
2023S002805    ,9,Sant Andreu,63,Navas,57904,Campo Florido,0005 0005,Thursday,2023,5,May,11,Morning,12,Altres,Bicicleta,Home,39,Driver,Fora del pas                                                                                                                                          ,Unknown,Oci i entreteniment,Ferit lleu: Hospitalització fins a 24h,431863.3  ,4586084.57,2.183488079,41.421583589
2023S002806    ,2,Eixample,9,la Nova Esquerra de l'Eixample,191204,Mallorca,0039 0039,Thursday,2023,5,May,11,Afternoon,15,No és causa del  vianant,Motorcycle,Home,24,Driver,Desconegut                                                                                                                                            ,Unknown,Oci i entreteniment,Ferit lleu: Hospitalització fins a 24h,428879.49 ,4581838.15,2.148283908,41.383078949
2023S002807    ,9,Sant Andreu,60,Sant Andreu,78700,Cinca,0035 0035,Thursday,2023,5,May,11,Afternoon,14,No és causa del  vianant,Car,Home,13,Pedestrian,En pas sense regular                                                                                                                                  ,Unknown,Unknown,Ferit lleu: Hospitalització fins a 24h,432587.03 ,4587974.61,2.191937177,41.438667664
2023S002808    ,2,Eixample,9,la Nova Esquerra de l'Eixample,227800,Nicaragua,0001B0001B,Thursday,2023,5,May,11,Afternoon,16,No és causa del  vianant,Veh. mobilitat personal amb motor,Home,17,Driver,Desconegut                                                                                                                                            ,Unknown,Es desconeix,Ferit lleu: Hospitalització fins a 24h,428500.64 ,4581652.19,2.143775351,41.381370475
2023S002809    ,7,Horta-Guinardó,41,la Vall d'Hebron,701268,Dalt (Llobregat),001070000,Thursday,2023,5,May,11,Afternoon,14,No és causa del  vianant,Motorcycle,Home,35,Driver,Desconegut                                                                                                                                            ,Unknown,In itínere,Ferit lleu: Amb assistència sanitària en lloc d'accident,428408.32 ,4586457.54,2.142102724,41.424642175
2023S002810    ,2,Eixample,8,l'Antiga Esquerra de l'Eixample,18505,Aragó,0221 0223,Thursday,2023,5,May,11,Afternoon,14,No és causa del  vianant,Motorcycle,Home,24,Driver,Desconegut                                                                                                                                            ,Unknown,Es desconeix,Ferit lleu: Hospitalització fins a 24h,429986.01 ,4582571.15,2.161431611,41.389777956
2023S002811    ,2,Eixample,9,la Nova Esquerra de l'Eixample,180208,Londres,0011 0013,Thursday,2023,5,May,11,Afternoon,16,No és causa del  vianant,Veh. mobilitat personal amb motor,Home,26,Driver,Desconegut                                                                                                                                            ,Unknown,Oci i entreteniment,Ferit lleu: Hospitalització fins a 24h,428548.23 ,4582449.03,2.144250421,41.388551559
2023S002812    ,2,Eixample,8,l'Antiga Esquerra de l'Eixample,245802,París,0167 0167,Thursday,2023,5,May,11,Afternoon,15,No és causa del  vianant,Motorcycle,Home,25,Driver,Desconegut                                                                                                                                            ,Unknown,Es desconeix,Ferit lleu: Amb assistència sanitària en lloc d'accident,429173.98 ,4582876.38,2.151684146,41.392455923
2023S002813    ,10,Sant Martí,64,el Camp de l'Arpa del Clot,194406,Maragall,0033 0035,Thursday,2023,5,May,11,Afternoon,16,No és causa del  vianant,Motorcycle,Home,57,Driver,Desconegut                                                                                                                                            ,Unknown,Oci i entreteniment,Ferit lleu: Hospitalització fins a 24h,431607.86 ,4585359.6 ,2.180513566,41.415032305
2023S002815    ,3,Sants-Montjuïc,18,Sants,700445,Països Catalans,0007X0007X,Thursday,2023,5,May,11,Afternoon,14,No és causa del  vianant,Bicicleta,Dona,58,Pedestrian,En zona peatonal                                                                                                                                      ,Unknown,Unknown,Ferit greu: hospitalització superior a 24h,428249.82 ,4581449.84,2.14079995,41.379525641
2023S002816    ,-1,Unknown,-1,Unknown,-1,Unknown,Unknown,Thursday,2023,5,May,11,Afternoon,18,No és causa del  vianant,Motorcycle,Dona,34,Driver,Desconegut                                                                                                                                            ,Unknown,In itínere,Ferit lleu: Hospitalització fins a 24h,427994.28 ,4577969.06,2.138157684,41.348152595
2023S002817    ,3,Sants-Montjuïc,16,la Bordeta,169409,Corts Catalanes,0149 0151,Thursday,2023,5,May,11,Afternoon,17,No és causa del  vianant,Veh. mobilitat personal amb motor,Home,54,Pedestrian,A la vorera / Andana                                                                                                                                  ,Unknown,Unknown,Ferit lleu: Hospitalització fins a 24h,427911.61 ,4579972.11,2.136931475,41.366186006
2023S002817    ,3,Sants-Montjuïc,16,la Bordeta,169409,Corts Catalanes,0149 0151,Thursday,2023,5,May,11,Afternoon,17,No és causa del  vianant,Veh. mobilitat personal amb motor,Home,21,Driver,A la vorera / Andana                                                                                                                                  ,Unknown,Oci i entreteniment,Ferit lleu: Amb assistència sanitària en lloc d'accident,427911.61 ,4579972.11,2.136931475,41.366186006
2023S002818    ,10,Sant Martí,66,el Parc i la Llacuna del Poblenou,30500,Badajoz,0108 0110,Thursday,2023,5,May,11,Afternoon,19,No és causa del  vianant,Motorcycle,Dona,26,Passatger,Desconegut                                                                                                                                            ,Unknown,Unknown,Ferit lleu: Hospitalització fins a 24h,432702.53 ,4583663.17,2.193799592,41.399845504
2023S002818    ,10,Sant Martí,66,el Parc i la Llacuna del Poblenou,30500,Badajoz,0108 0110,Thursday,2023,5,May,11,Afternoon,19,No és causa del  vianant,Motorcycle,Home,28,Driver,Desconegut                                                                                                                                            ,Unknown,Oci i entreteniment,Ferit lleu: Hospitalització fins a 24h,432702.53 ,4583663.17,2.193799592,41.399845504
2023S002819    ,10,Sant Martí,66,el Parc i la Llacuna del Poblenou,30500,Badajoz,0108 0110,Thursday,2023,5,May,11,Afternoon,19,No és causa del  vianant,Motorcycle,Home,78,Driver,Desconegut                                                                                                                                            ,Unknown,Es desconeix,Ferit greu: hospitalització superior a 24h,432702.53 ,4583663.17,2.193799592,41.399845504
2023S002820    ,10,Sant Martí,71,Provençals del Poblenou,701414,C-31,020750000,Thursday,2023,5,May,11,Afternoon,19,No és causa del  vianant,Bicicleta,Home,20,Driver,Altres                                                                                                                                                ,Unknown,En missió,Ferit lleu: Hospitalització fins a 24h,433372.35 ,4585277.86,2.201633992,41.41444441
2023S002821    ,4,Les Corts,21,Pedralbes,115400,Esplugues,0071 0071,Thursday,2023,5,May,11,Afternoon,19,No és causa del  vianant,Motorcycle,Home,27,Driver,Desconegut                                                                                                                                            ,Unknown,Es desconeix,Ferit lleu: Hospitalització fins a 24h,425534.86 ,4582570.14,2.108197105,41.389368878
2023S002822    ,7,Horta-Guinardó,38,la Teixonera,352507,Vall d'Hebron,0120X0120X,Thursday,2023,5,May,11,Night,22,No és causa del  vianant,Motorcycle,Home,32,Driver,Desconegut                                                                                                                                            ,Unknown,In itínere,Ferit lleu: Hospitalització fins a 24h,428397.64 ,4586311.71,2.141992202,41.423327794
2023S002823    ,2,Eixample,7,la Dreta de l'Eixample,18505,Aragó,0297 0297,Friday,2023,5,May,12,Night,0,No és causa del  vianant,Ciclomotor,Home,22,Driver,Desconegut                                                                                                                                            ,Unknown,Es desconeix,Ferit lleu: Hospitalització fins a 24h,430498.67 ,4583050.27,2.167507952,41.394137725
2023S002824    ,10,Sant Martí,66,el Parc i la Llacuna del Poblenou,225500,Nàpols,0021 0021,Thursday,2023,5,May,11,Afternoon,19,No és causa del  vianant,Motorcycle,Dona,32,Driver,Desconegut                                                                                                                                            ,Unknown,In itínere,Ferit lleu: Hospitalització fins a 24h,431922.12 ,4582739.46,2.184568398,41.391460173
2023S002825    ,2,Eixample,7,la Dreta de l'Eixample,247659,Pau Claris,0162 0164,Friday,2023,5,May,12,Morning,7,No és causa del  vianant,Motorcycle,Dona,37,Driver,Desconegut                                                                                                                                            ,Unknown,In itínere,Ferit lleu: Amb assistència sanitària en lloc d'accident,430215.57 ,4583149.45,2.164110449,41.395006478
2023S002826    ,3,Sants-Montjuïc,12,la Marina del Prat Vermell,701266,Litoral (Llobregat),001140000,Friday,2023,5,May,12,Morning,10,No és causa del  vianant,Car,Home,30,Driver,Desconegut                                                                                                                                            ,Unknown,Es desconeix,Ferit lleu: Amb assistència sanitària en lloc d'accident,430993.73 ,4580287.98,2.173743955,41.369301221
2023S002826    ,3,Sants-Montjuïc,12,la Marina del Prat Vermell,701266,Litoral (Llobregat),001140000,Friday,2023,5,May,12,Morning,10,No és causa del  vianant,Car,Home,55,Driver,Desconegut                                                                                                                                            ,Unknown,Es desconeix,Ferit lleu: Amb assistència sanitària en lloc d'accident,430993.73 ,4580287.98,2.173743955,41.369301221