Case_Number,District_Code,District_Name,Neighborhood_Code,Neighborhood_Name,Street_Code,Street_Name,Postal_Code,Day_of_Week,Year,Month_Code,Month_Name,Day_of_Month,Shift_Description,Hour_of_Day,Pedestrian_Cause_Description,Involved_Vehicle_Type,Gender_Description,Age,Person_Type_Description,Pedestrian_Accident_Location_Description,Pedestrian_Movement_Reason_Description,Driver_Movement_Reason_Description,Victimization_Description,UTM_X_Coordinate,UTM_Y_Coordinate,Longitude,Latitude
2023S002827    ,9,Sant Andreu,58,Baró de Viver,701631,Pilar Miró,0003X0003X,Friday,2023,5,May,12,Morning,7,No és causa del  vianant,Motorcycle,Home,32,Driver,Desconegut                                                                                                                                            ,Unknown,Es desconeix,Ferit lleu: Hospitalització fins a 24h,433466.99 ,4588946.53,2.202362268,41.447494878
2023S002828    ,4,Les Corts,20,la Maternitat i Sant Ramon,701434,Mig (Descendent),000260000,Friday,2023,5,May,12,Morning,11,No és causa del  vianant,Motorcycle,Dona,46,Driver,Desconegut                                                                                                                                            ,Unknown,In itínere,Ferit lleu: Amb assistència sanitària en lloc d'accident,427207    ,4582445.17,2.128210374,41.38839647
2023S002830    ,5,Sarrià-Sant Gervasi,26,Sant Gervasi - Galvany,223606,Muntaner,0415 0417,Friday,2023,5,May,12,Morning,11,No és causa del  vianant,Motorcycle,Home,26,Driver,Desconegut                                                                                                                                            ,Unknown,En missió,Ferit lleu: Hospitalització fins a 24h,428302.2  ,4583783.37,2.14114994,41.400547548
2023S002831    ,5,Sarrià-Sant Gervasi,23,Sarrià,232403,Bisbe Català,0015 0017,Friday,2023,5,May,12,Morning,8,No és causa del  vianant,Car,Dona,15,Pedestrian,En pas regulat per semàfor                                                                                                                            ,Unknown,Unknown,Ferit lleu: Hospitalització fins a 24h,426097.09 ,4583334.48,2.114827855,41.396304833
2023S002832    ,2,Eixample,7,la Dreta de l'Eixample,305100,Sant Joan,0001 0001,Friday,2023,5,May,12,Morning,12,No és causa del  vianant,Motorcycle,Home,38,Driver,Desconegut                                                                                                                                            ,Unknown,Es desconeix,Ferit lleu: Rebutja assistència sanitària,431476.6  ,4582778.17,2.179235493,41.391770967
2023S002833    ,2,Eixample,10,Sant Antoni,198804,Paral·lel,0130B0132,Friday,2023,5,May,12,Morning,13,No és causa del  vianant,Taxi,Home,27,Passatger,Desconegut                                                                                                                                            ,Unknown,Unknown,Ferit lleu: Amb assistència sanitària en lloc d'accident,429928.43 ,4580928.19,2.160933058,41.374975315
2023S002833    ,2,Eixample,10,Sant Antoni,198804,Paral·lel,0130B0132,Friday,2023,5,May,12,Morning,13,No és causa del  vianant,Taxi,Home,45,Driver,Desconegut                                                                                                                                            ,Unknown,Taxi,Ferit lleu: Hospitalització fins a 24h,429928.43 ,4580928.19,2.160933058,41.374975315
2023S002834    ,10,Sant Martí,67,la Vila Olímpica del Poblenou,701266,Litoral (Llobregat),000870000,Friday,2023,5,May,12,Afternoon,14,No és causa del  vianant,Motorcycle,Dona,44,Driver,Desconegut                                                                                                                                            ,Unknown,In itínere,Ferit lleu: Hospitalització fins a 24h,432755.23 ,4582208.23,2.194591623,41.386745643
2023S002835    ,5,Sarrià-Sant Gervasi,26,Sant Gervasi - Galvany,318804,Santaló,0069 0071,Friday,2023,5,May,12,Afternoon,14,No és causa del  vianant,Car,Home,75,Pedestrian,En pas sense regular                                                                                                                                  ,Oci i entreteniment,Unknown,Ferit lleu: Hospitalització fins a 24h,428502.87 ,4583417.56,2.143593533,41.397270716
2023S002836    ,2,Eixample,7,la Dreta de l'Eixample,169409,Corts Catalanes,9999 9999,Friday,2023,5,May,12,Afternoon,14,No és causa del  vianant,Veh. mobilitat personal amb motor,Dona,32,Driver,Desconegut                                                                                                                                            ,Unknown,In itínere,Ferit lleu: Hospitalització fins a 24h,430557.69 ,4582525.42,2.168274082,41.389415667
2023S002837    ,2,Eixample,7,la Dreta de l'Eixample,350308,València,0333 0333,Friday,2023,5,May,12,Morning,13,No és causa del  vianant,Veh. mobilitat personal amb motor,Dona,35,Driver,Desconegut                                                                                                                                            ,Unknown,En missió,Ferit lleu: Hospitalització fins a 24h,430626.75 ,4583380.31,2.169002045,41.397121356
2023S002838    ,2,Eixample,7,la Dreta de l'Eixample,247659,Pau Claris,0119 0119,Friday,2023,5,May,12,Morning,10,No és causa del  vianant,Car,Dona,26,Driver,Desconegut                                                                                                                                            ,Unknown,Es desconeix,Ferit lleu: Amb assistència sanitària en lloc d'accident,430496.73 ,4582861.52,2.167506422,41.392437546
2023S002838    ,2,Eixample,7,la Dreta de l'Eixample,247659,Pau Claris,0119 0119,Friday,2023,5,May,12,Morning,10,No és causa del  vianant,Car,Dona,47,Driver,Desconegut                                                                                                                                            ,Unknown,Es desconeix,Ferit lleu: Amb assistència sanitària en lloc d'accident,430496.73 ,4582861.52,2.167506422,41.392437546
2023S002839    ,5,Sarrià-Sant Gervasi,25,Sant Gervasi - la Bonanova,113007,Escoles Pies,0117 0117,Friday,2023,5,May,12,Afternoon,16,No és causa del  vianant,Bicicleta,Home,44,Driver,Desconegut                                                                                                                                            ,Unknown,In itínere,Ferit lleu: Hospitalització fins a 24h,426980.99 ,4584433.94,2.125267446,41.406287987
2023S002840    ,4,Les Corts,19,les Corts,278302,Reina Maria Cristina,9997 9997,Friday,2023,5,May,12,Afternoon,15,No és causa del  vianant,Car,Dona,17,Passatger,Desconegut                                                                                                                                            ,Unknown,Unknown,Ferit lleu: Hospitalització fins a 24h,427253.12 ,4582427.17,2.12876411,41.388238526
2023S002840    ,4,Les Corts,19,les Corts,278302,Reina Maria Cristina,9997 9997,Friday,2023,5,May,12,Afternoon,15,No és causa del  vianant,Car,Dona,21,Driver,Desconegut                                                                                                                                            ,Unknown,Es desconeix,Ferit lleu: Hospitalització fins a 24h,427253.12 ,4582427.17,2.12876411,41.388238526
2023S002841    ,4,Les Corts,19,les Corts,144601,Diagonal,0523 0523,Friday,2023,5,May,12,Afternoon,16,No és causa del  vianant,Motorcycle,Home,58,Driver,Desconegut                                                                                                                                            ,Unknown,Es desconeix,Ferit lleu: Hospitalització fins a 24h,428145.43 ,4582763.57,2.13939577,41.391348601
2023S002842    ,2,Eixample,9,la Nova Esquerra de l'Eixample,162002,Josep Tarradellas,0062 0062,Friday,2023,5,May,12,Afternoon,15,No és causa del  vianant,Motorcycle,Home,36,Driver,Desconegut                                                                                                                                            ,Unknown,Es desconeix,Ferit lleu: Hospitalització fins a 24h,428409.41 ,4582129   ,2.142628031,41.385656815
2023S002843    ,5,Sarrià-Sant Gervasi,23,Sarrià,62700,Bosch i Gimpera,0006 0010,Friday,2023,5,May,12,Afternoon,17,No és causa del  vianant,Motorcycle,Dona,52,Driver,Desconegut                                                                                                                                            ,Unknown,Es desconeix,Ferit lleu: Amb assistència sanitària en lloc d'accident,426385.11 ,4583037.45,2.118308968,41.393656045
2023S002844    ,4,Les Corts,20,la Maternitat i Sant Ramon,96407,Xile,0023U0023U,Friday,2023,5,May,12,Afternoon,15,No és causa del  vianant,Motorcycle,Home,48,Driver,Desconegut                                                                                                                                            ,Unknown,Es desconeix,Ferit lleu: Hospitalització fins a 24h,426111.68 ,4581655.5 ,2.115207269,41.381184329
2023S002845    ,3,Sants-Montjuïc,17,Sants - Badal,701434,Mig (Descendent),000160000,Friday,2023,5,May,12,Afternoon,18,No és causa del  vianant,Motorcycle,Dona,40,Driver,Desconegut                                                                                                                                            ,Unknown,Oci i entreteniment,Ferit lleu: Hospitalització fins a 24h,427231.66 ,4581394.68,2.128631524,41.378937351
2023S002846    ,8,Nou Barris,54,Torre Baró,351606,Vallcivera,0001D0001D,Friday,2023,5,May,12,Afternoon,16,No és causa del  vianant,Motorcycle,Home,32,Driver,Desconegut                                                                                                                                            ,Unknown,Oci i entreteniment,Ferit lleu: Hospitalització fins a 24h,431697.85 ,4590423.69,2.181017509,41.460650425
2023S002847    ,10,Sant Martí,65,el Clot,209900,Meridiana,0156 0156,Friday,2023,5,May,12,Afternoon,19,No és causa del  vianant,Motorcycle,Home,38,Driver,Desconegut                                                                                                                                            ,Unknown,Es desconeix,Ferit lleu: Hospitalització fins a 24h,432134.81 ,4584834.86,2.186877189,41.410350829
2023S002848    ,3,Sants-Montjuïc,11,el Poble-sec,213602,Miramar,0018 0026,Friday,2023,5,May,12,Afternoon,18,No és causa del  vianant,Motorcycle,Dona,33,Driver,Desconegut                                                                                                                                            ,Unknown,En pràctiques d'autoescola,Ferit lleu: Hospitalització fins a 24h,430461.79 ,4580459.58,2.167364314,41.370800968
2023S002849    ,2,Eixample,8,l'Antiga Esquerra de l'Eixample,320704,Sarrià,0008 0008,Friday,2023,5,May,12,Afternoon,20,No és causa del  vianant,Motorcycle,Dona,27,Driver,Desconegut                                                                                                                                            ,Unknown,Es desconeix,Ferit lleu: Amb assistència sanitària en lloc d'accident,428711.21 ,4582610.57,2.146180574,41.39002096
2023S002850    ,10,Sant Martí,66,el Parc i la Llacuna del Poblenou,197302,Marina,0079 0079,Friday,2023,5,May,12,Afternoon,21,No és causa del  vianant,Motorcycle,Dona,37,Passatger,Desconegut                                                                                                                                            ,Unknown,Unknown,Ferit lleu: Hospitalització fins a 24h,432369.93 ,4582905.44,2.189905776,41.392992912
2023S002851    ,2,Eixample,5,el Fort Pienc,169409,Corts Catalanes,0753B0753B,Friday,2023,5,May,12,Afternoon,17,No és causa del  vianant,Motorcycle,Home,68,Driver,Desconegut                                                                                                                                            ,Unknown,Es desconeix,Ferit lleu: Hospitalització fins a 24h,431843.45 ,4583785.44,2.183509686,41.40087435
2023S002852    ,3,Sants-Montjuïc,18,Sants,312400,Sants,0100X0110X,Friday,2023,5,May,12,Afternoon,16,No és causa del  vianant,Motorcycle,Home,44,Driver,Desconegut                                                                                                                                            ,Unknown,Oci i entreteniment,Ferit lleu: Hospitalització fins a 24h,427749.46 ,4580988.81,2.134871676,41.375328515
2023S002853    ,6,Gràcia,31,la Vila de Gràcia,267000,Riera de Cassoles,0038 0038,Friday,2023,5,May,12,Afternoon,14,Desobeir el senyal del semàfor,Motorcycle,Dona,26,Pedestrian,En pas regulat per semàfor                                                                                                                            ,Oci i entreteniment,Unknown,Ferit lleu: Hospitalització fins a 24h,429062.85 ,4584178.65,2.150202336,41.404175195
2023S002854    ,6,Gràcia,28,Vallcarca i els Penitents,158107,Vallcarca,0012 0012,Friday,2023,5,May,12,Afternoon,14,No és causa del  vianant,Motorcycle,Dona,31,Driver,Desconegut                                                                                                                                            ,Unknown,Oci i entreteniment,Ferit lleu: Hospitalització fins a 24h,428951.81 ,4584623.71,2.148821748,41.40817387
2023S002855    ,8,Nou Barris,52,la Prosperitat,364700,Vinyar,0011 0011,Saturday,2023,5,May,13,Morning,11,No és causa del  vianant,Car,Home,50,Driver,Desconegut                                                                                                                                            ,Unknown,Oci i entreteniment,Ferit lleu: Hospitalització fins a 24h,431781.59 ,4588261.42,2.182264537,41.441182795
2023S002856    ,2,Eixample,8,l'Antiga Esquerra de l'Eixample,349706,Comte d'Urgell,0090 0090,Saturday,2023,5,May,13,Morning,9,No és causa del  vianant,Car,Dona,30,Passatger,Desconegut                                                                                                                                            ,Unknown,Unknown,Ferit lleu: Amb assistència sanitària en lloc d'accident,429634.84 ,4581829.77,2.157317825,41.383069929
2023S002856    ,2,Eixample,8,l'Antiga Esquerra de l'Eixample,349706,Comte d'Urgell,0090 0090,Saturday,2023,5,May,13,Morning,9,No és causa del  vianant,Car,Dona,33,Passatger,Desconegut                                                                                                                                            ,Unknown,Unknown,Ferit lleu: Amb assistència sanitària en lloc d'accident,429634.84 ,4581829.77,2.157317825,41.383069929
2023S002856    ,2,Eixample,8,l'Antiga Esquerra de l'Eixample,349706,Comte d'Urgell,0090 0090,Saturday,2023,5,May,13,Morning,9,No és causa del  vianant,Car,Dona,42,Passatger,Desconegut                                                                                                                                            ,Unknown,Unknown,Ferit lleu: Amb assistència sanitària en lloc d'accident,429634.84 ,4581829.77,2.157317825,41.383069929
2023S002856    ,2,Eixample,8,l'Antiga Esquerra de l'Eixample,349706,Comte d'Urgell,0090 0090,Saturday,2023,5,May,13,Morning,9,No és causa del  vianant,Car,Home,41,Passatger,Desconegut                                                                                                                                            ,Unknown,Unknown,Ferit lleu: Amb assistència sanitària en lloc d'accident,429634.84 ,4581829.77,2.157317825,41.383069929
2023S002856    ,2,Eixample,8,l'Antiga Esquerra de l'Eixample,349706,Comte d'Urgell,0090 0090,Saturday,2023,5,May,13,Morning,9,No és causa del  vianant,Car,Home,39,Driver,Desconegut                                                                                                                                            ,Unknown,Es desconeix,Ferit lleu: Amb assistència sanitària en lloc d'accident,429634.84 ,4581829.77,2.157317825,41.383069929
2023S002858    ,5,Sarrià-Sant Gervasi,26,Sant Gervasi - Galvany,223606,Muntaner,0293 0295,Saturday,2023,5,May,13,Morning,12,No és causa del  vianant,Motorcycle,Dona,31,Passatger,Desconegut                                                                                                                                            ,Unknown,Unknown,Ferit lleu: Hospitalització fins a 24h,428744.96 ,4583316.6 ,2.146501105,41.396382907
2023S002858    ,5,Sarrià-Sant Gervasi,26,Sant Gervasi - Galvany,223606,Muntaner,0293 0295,Saturday,2023,5,May,13,Morning,12,No és causa del  vianant,Motorcycle,Home,30,Driver,Desconegut                                                                                                                                            ,Unknown,Oci i entreteniment,Ferit lleu: Hospitalització fins a 24h,428744.96 ,4583316.6 ,2.146501105,41.396382907
2023S002859    ,1,Ciutat Vella,3,la Barceloneta,197903,Marítim de la Barceloneta,0023 0031,Saturday,2023,5,May,13,Morning,13,No és causa del  vianant,Veh. mobilitat personal amb motor,Dona,27,Pedestrian,A la vorera / Andana                                                                                                                                  ,Oci i entreteniment,Unknown,Ferit lleu: Hospitalització fins a 24h,432803.97 ,4581839.64,2.195215428,41.383429917
2023S002860    ,5,Sarrià-Sant Gervasi,27,el Putxet i el Farró,279600,República Argentina,0251 0255,Saturday,2023,5,May,13,Morning,13,No és causa del  vianant,Motorcycle,Home,29,Driver,Desconegut                                                                                                                                            ,Unknown,Es desconeix,Ferit lleu: Hospitalització fins a 24h,428156.12 ,4585181.49,2.139236503,41.413126805
2023S002861    ,2,Eixample,7,la Dreta de l'Eixample,18505,Aragó,0252 0252,Saturday,2023,5,May,13,Afternoon,14,No és causa del  vianant,Bicicleta,Home,24,Driver,Desconegut                                                                                                                                            ,Unknown,Es desconeix,Ferit lleu: Amb assistència sanitària en lloc d'accident,430109.98 ,4582647.64,2.162905446,41.390477664
2023S002862    ,3,Sants-Montjuïc,11,el Poble-sec,198804,Paral·lel,0101 0101,Saturday,2023,5,May,13,Afternoon,16,Desobeir altres senyals,Veh. mobilitat personal amb motor,Home,38,Driver,Desconegut                                                                                                                                            ,Unknown,Oci i entreteniment,Ferit lleu: Hospitalització fins a 24h,430117.62 ,4580925.85,2.163195502,41.3749707
2023S002863    ,4,Les Corts,20,la Maternitat i Sant Ramon,100708,Arístides Maillol,0002 0002,Saturday,2023,5,May,13,Afternoon,18,No és causa del  vianant,Car,Home,23,Passatger,Desconegut                                                                                                                                            ,Unknown,Unknown,Ferit lleu: Hospitalització fins a 24h,426530.93 ,4581414.22,2.120249993,41.37904963
2023S002864    ,-1,Unknown,-1,Unknown,-1,Unknown,Unknown,Saturday,2023,5,May,13,Afternoon,18,No és causa del  vianant,Motorcycle,Dona,52,Driver,Desconegut                                                                                                                                            ,Unknown,Es desconeix,Ferit lleu: Hospitalització fins a 24h,429178.93 ,4586631.06,2.151303679,41.426273341
2023S002865    ,5,Sarrià-Sant Gervasi,25,Sant Gervasi - la Bonanova,143904,General Mitre,0173 0173,Saturday,2023,5,May,13,Afternoon,19,No és causa del  vianant,Motorcycle,Home,49,Driver,Desconegut                                                                                                                                            ,Unknown,Es desconeix,Ferit lleu: Amb assistència sanitària en lloc d'accident,428205.75 ,4584193.88,2.139947513,41.404236239
2023S002867    ,2,Eixample,7,la Dreta de l'Eixample,169409,Corts Catalanes,0645 0645,Saturday,2023,5,May,13,Afternoon,19,No és causa del  vianant,Motorcycle,Home,46,Driver,Desconegut                                                                                                                                            ,Unknown,Oci i entreteniment,Ferit lleu: Amb assistència sanitària en lloc d'accident,430886.26 ,4582847.07,2.172167,41.392340987
2023S002868    ,10,Sant Martí,66,el Parc i la Llacuna del Poblenou,171400,Joan d'Àustria,0130 0130,Saturday,2023,5,May,13,Night,23,No és causa del  vianant,Car,Home,39,Driver,Desconegut                                                                                                                                            ,Unknown,Es desconeix,Ferit lleu: Hospitalització fins a 24h,432129.18 ,4583295.86,2.186982495,41.396489025
2023S002870    ,2,Eixample,7,la Dreta de l'Eixample,169409,Corts Catalanes,0609 0609,Saturday,2023,5,May,13,Afternoon,21,No és causa del  vianant,Motorcycle,Home,37,Driver,Desconegut                                                                                                                                            ,Unknown,Es desconeix,Ferit lleu: Hospitalització fins a 24h,430495.65 ,4582501.94,2.16753479,41.389198828
2023S002872    ,2,Eixample,7,la Dreta de l'Eixample,148307,Gràcia,0008 0010,Friday,2023,5,May,12,Afternoon,19,No és causa del  vianant,Bicicleta,Home,69,Pedestrian,A la vorera / Andana                                                                                                                                  ,Altres activitats,Unknown,Ferit lleu: Amb assistència sanitària en lloc d'accident,430639.26 ,4582486.43,2.169254112,41.389071538
2023S002873    ,4,Les Corts,19,les Corts,144601,Diagonal,0485 0485,Diumenge,2023,5,May,14,Morning,10,No és causa del  vianant,Motorcycle,Home,50,Driver,Desconegut                                                                                                                                            ,Unknown,Oci i entreteniment,Ferit lleu: Hospitalització fins a 24h,428484.44 ,4582839.4 ,2.143441403,41.392061806
2023S002874    ,10,Sant Martí,67,la Vila Olímpica del Poblenou,197302,Marina,0033X0033X,Dimarts,2023,5,May,9,Afternoon,15,No és causa del  vianant,Veh. mobilitat personal amb motor,Dona,58,Pedestrian,En pas regulat per semàfor                                                                                                                            ,Unknown,Unknown,Ferit lleu: Hospitalització fins a 24h,432751.35 ,4582465.56,2.194516637,41.389063026
2023S002875    ,10,Sant Martí,69,Diagonal Mar i el Front Marítim del Poblenou,700654,Litoral,0098 0098,Diumenge,2023,5,May,14,Morning,13,No és causa del  vianant,Motorcycle,Dona,29,Driver,Desconegut                                                                                                                                            ,Unknown,Es desconeix,Ferit lleu: Hospitalització fins a 24h,434273.15 ,4583794.77,2.212572815,41.401160796
2023S002876    ,10,Sant Martí,68,el Poblenou,55501,Calvell,0035 0035,Diumenge,2023,5,May,14,Afternoon,15,Desobeir altres senyals,Bicicleta,Home,40,Driver,Altres                                                                                                                                                ,Unknown,Es desconeix,Ferit lleu: Hospitalització fins a 24h,433603.47 ,4583142.91,2.20463357,41.395234593
2023S002877    ,5,Sarrià-Sant Gervasi,26,Sant Gervasi - Galvany,90105,Copèrnic,0029 0029,Diumenge,2023,5,May,14,Afternoon,17,No és causa del  vianant,Motorcycle,Home,52,Driver,Desconegut                                                                                                                                            ,Unknown,En missió,Ferit lleu: Hospitalització fins a 24h,428098.25 ,4583736.11,2.138715952,41.400103674
2023S002879    ,2,Eixample,7,la Dreta de l'Eixample,18505,Aragó,0358 0358,Diumenge,2023,5,May,14,Afternoon,19,No és causa del  vianant,Car,Dona,28,Passatger,Desconegut                                                                                                                                            ,Unknown,Unknown,Ferit lleu: Hospitalització fins a 24h,430818.26 ,4583342.25,2.171297093,41.39679507
2023S002879    ,2,Eixample,7,la Dreta de l'Eixample,18505,Aragó,0358 0358,Diumenge,2023,5,May,14,Afternoon,19,No és causa del  vianant,Car,Dona,28,Driver,Desconegut                                                                                                                                            ,Unknown,Es desconeix,Ferit lleu: Hospitalització fins a 24h,430818.26 ,4583342.25,2.171297093,41.39679507
2023S002879    ,2,Eixample,7,la Dreta de l'Eixample,18505,Aragó,0358 0358,Diumenge,2023,5,May,14,Afternoon,19,No és causa del  vianant,Car,Dona,44,Driver,Desconegut                                                                                                                                            ,Unknown,Taxi,Ferit lleu: Amb assistència sanitària en lloc d'accident,430818.26 ,4583342.25,2.171297093,41.39679507
2023S002880    ,4,Les Corts,20,la Maternitat i Sant Ramon,23800,Arizala,0053 0053,Diumenge,2023,5,May,14,Night,22,No és causa del  vianant,Motorcycle,Home,45,Driver,Desconegut                                                                                                                                            ,Unknown,Es desconeix,Ferit lleu: Hospitalització fins a 24h,426835.88 ,4581306.77,2.123909497,41.378109672
2023S002881    ,3,Sants-Montjuïc,15,Hostafrancs,94809,Creu Coberta,0002 0002,Diumenge,2023,5,May,14,Night,22,Creuar per fora pas de vianants,Motorcycle,Home,25,Driver,Desconegut                                                                                                                                            ,Unknown,Es desconeix,Ferit lleu: Amb assistència sanitària en lloc d'accident,428843.01 ,4580971.69,2.147949446,41.375271811
2023S002882    ,10,Sant Martí,72,Sant Martí de Provençals,153205,Guipúscoa,0029 0033,Dilluns,2023,5,May,15,Morning,9,No és causa del  vianant,Motorcycle,Home,62,Driver,Desconegut                                                                                                                                            ,Unknown,In itínere,Ferit lleu: Hospitalització fins a 24h,432792.64 ,4585292.45,2.194696433,41.414527519
2023S002882    ,10,Sant Martí,72,Sant Martí de Provençals,153205,Guipúscoa,0029 0033,Dilluns,2023,5,May,15,Morning,9,No és causa del  vianant,Bicicleta,Home,51,Driver,Desconegut                                                                                                                                            ,Unknown,Oci i entreteniment,Ferit lleu: Rebutja assistència sanitària,432792.64 ,4585292.45,2.194696433,41.414527519
2023S002883    ,3,Sants-Montjuïc,11,el Poble-sec,130200,Font-trobada,0002X0002X,Diumenge,2023,5,May,14,Afternoon,20,No és causa del  vianant,Veh. mobilitat personal amb motor,Home,23,Driver,Desconegut                                                                                                                                            ,Unknown,Es desconeix,Ferit lleu: Hospitalització fins a 24h,430577.5  ,4580475.76,2.168745937,41.370956691
2023S002884    ,7,Horta-Guinardó,33,el Baix Guinardó,238400,Padilla,0394U0394U,Dilluns,2023,5,May,15,Morning,10,No és causa del  vianant,Motorcycle,Home,33,Driver,Desconegut                                                                                                                                            ,Unknown,In itínere,Ferit lleu: Hospitalització fins a 24h,430317.31 ,4585099.91,2.165102679,41.412582438
2023S002885    ,10,Sant Martí,68,el Poblenou,701266,Litoral (Llobregat),000760000,Dilluns,2023,5,May,15,Morning,11,No és causa del  vianant,Motorcycle,Dona,31,Driver,Desconegut                                                                                                                                            ,Unknown,Es desconeix,Ferit lleu: Amb assistència sanitària en lloc d'accident,433689.13 ,4583118.93,2.205660776,41.395025683
2023S002886    ,4,Les Corts,19,les Corts,172403,Joan Güell,0144 0148,Dilluns,2023,5,May,15,Morning,7,No és causa del  vianant,Car,Home,34,Pedestrian,En pas sense regular                                                                                                                                  ,Oci i entreteniment,Unknown,Ferit lleu: Hospitalització fins a 24h,427473.43 ,4581830.05,2.131470424,41.382880403
2023S002887    ,10,Sant Martí,68,el Poblenou,144601,Diagonal,0151 0159,Dilluns,2023,5,May,15,Morning,11,No és causa del  vianant,Ciclomotor,Home,30,Driver,Desconegut                                                                                                                                            ,Unknown,In itínere,Ferit lleu: Hospitalització fins a 24h,433005.71 ,4584334.12,2.197351875,41.405913906
2023S002888    ,2,Eixample,7,la Dreta de l'Eixample,18505,Aragó,0299 0299,Dilluns,2023,5,May,15,Morning,11,No és causa del  vianant,Motorcycle,Home,47,Driver,Desconegut                                                                                                                                            ,Unknown,En missió,Ferit lleu: Amb assistència sanitària en lloc d'accident,430520.67 ,4583095.1 ,2.167765941,41.394543397
2023S002889    ,5,Sarrià-Sant Gervasi,23,Sarrià,311601,Sant Vicenç de Sarrià,9999 9999,Dilluns,2023,5,May,15,Morning,8,No és causa del  vianant,Bicicleta,Dona,47,Pedestrian,En zona peatonal                                                                                                                                      ,Unknown,Unknown,Ferit lleu: Hospitalització fins a 24h,426885.26 ,4583428.39,2.124243763,41.397222726
2023S002889    ,5,Sarrià-Sant Gervasi,23,Sarrià,311601,Sant Vicenç de Sarrià,9999 9999,Dilluns,2023,5,May,15,Morning,8,No és causa del  vianant,Bicicleta,Dona,17,Driver,En zona peatonal                                                                                                                                      ,Unknown,Es desconeix,Ferit lleu: Amb assistència sanitària en lloc d'accident,426885.26 ,4583428.39,2.124243763,41.397222726
2023S002890    ,8,Nou Barris,45,Porta,356905,Verdum,0022 0024,Dilluns,2023,5,May,15,Morning,10,No és causa del  vianant,Motorcycle,Home,47,Driver,Desconegut                                                                                                                                            ,Unknown,Es desconeix,Ferit lleu: Hospitalització fins a 24h,431057.48 ,4587824.66,2.173647278,41.437187175
2023S002891    ,6,Gràcia,28,Vallcarca i els Penitents,69200,Ca l'Alegre,0015 0015,Dilluns,2023,5,May,15,Morning,12,No és causa del  vianant,Car,Home,46,Driver,Desconegut                                                                                                                                            ,Unknown,Oci i entreteniment,Ferit lleu: Hospitalització fins a 24h,427797.32 ,4585376.83,2.13492047,41.414853977
2023S002892    ,1,Ciutat Vella,4,"Sant Pere, Santa Caterina i la Ribera",85604,Comerç,0004B0004B,Dilluns,2023,5,May,15,Morning,11,Creuar per fora pas de vianants,Furgoneta,Dona,67,Pedestrian,En pas sense regular                                                                                                                                  ,Oci i entreteniment,Unknown,Ferit lleu: Hospitalització fins a 24h,431642.2  ,4582528.64,2.181244295,41.38953762
2023S002893    ,3,Sants-Montjuïc,11,el Poble-sec,198804,Paral·lel,0135 0137,Dilluns,2023,4,April,10,Afternoon,19,No és causa del  vianant,Motorcycle,Dona,30,Passatger,Desconegut                                                                                                                                            ,Unknown,Unknown,Ferit lleu: Rebutja assistència sanitària,429782.97 ,4580953.24,2.159190867,41.375188247
2023S002893    ,3,Sants-Montjuïc,11,el Poble-sec,198804,Paral·lel,0135 0137,Dilluns,2023,4,April,10,Afternoon,19,No és causa del  vianant,Motorcycle,Home,30,Driver,Desconegut                                                                                                                                            ,Unknown,Oci i entreteniment,Ferit lleu: Rebutja assistència sanitària,429782.97 ,4580953.24,2.159190867,41.375188247
2023S002894    ,8,Nou Barris,52,la Prosperitat,70709,Enric Casanovas,0072 0074,Dilluns,2023,5,May,15,Morning,12,No és causa del  vianant,Ciclomotor,Home,25,Driver,Desconegut                                                                                                                                            ,Unknown,Altres activitats,Ferit lleu: Hospitalització fins a 24h,431593.05 ,4588265.57,2.180007364,41.441204122
2023S002895    ,7,Horta-Guinardó,37,el Carmel,97807,Dante Alighieri,0148 0148,Dilluns,2023,5,May,15,Afternoon,15,No és causa del  vianant,Car,Dona,54,Pedestrian,En pas regulat per semàfor                                                                                                                            ,In itinere,Unknown,Ferit lleu: Hospitalització fins a 24h,429409.17 ,4586570.55,2.154065923,41.425748628
2023S002896    ,1,Ciutat Vella,4,"Sant Pere, Santa Caterina i la Ribera",198203,Marquès de l'Argentera,0011 0011,Dilluns,2023,5,May,15,Afternoon,14,No és causa del  vianant,Bicicleta,Home,27,Driver,Desconegut                                                                                                                                            ,Unknown,Es desconeix,Ferit lleu: Hospitalització fins a 24h,431919.55 ,4581929.16,2.184628777,41.384161801
2023S002896    ,1,Ciutat Vella,4,"Sant Pere, Santa Caterina i la Ribera",198203,Marquès de l'Argentera,0011 0011,Dilluns,2023,5,May,15,Afternoon,14,No és causa del  vianant,Veh. mobilitat personal amb motor,Dona,17,Driver,Desconegut                                                                                                                                            ,Unknown,Es desconeix,Ferit lleu: Hospitalització fins a 24h,431919.55 ,4581929.16,2.184628777,41.384161801
2023S002897    ,4,Les Corts,19,les Corts,144601,Diagonal,0650 0650,Dilluns,2023,5,May,15,Afternoon,15,No és causa del  vianant,Motorcycle,Home,23,Driver,Desconegut                                                                                                                                            ,Unknown,Es desconeix,Ferit lleu: Amb assistència sanitària en lloc d'accident,427575.97 ,4582577.49,2.13260725,41.389621548
2023S002898    ,8,Nou Barris,53,la Trinitat Nova,120807,Favència,0263 0263,Dilluns,2023,5,May,15,Afternoon,17,No és causa del  vianant,Car,Home,24,Driver,Desconegut                                                                                                                                            ,Unknown,In itínere,Ferit lleu: Hospitalització fins a 24h,431724.23 ,4588823.72,2.181514384,41.446242348
2023S002899    ,8,Nou Barris,55,Ciutat Meridiana,275600,Rasos de Peguera,0009X0009X,Dilluns,2023,5,May,15,Afternoon,16,No és causa del  vianant,Motorcycle,Dona,22,Passatger,Desconegut                                                                                                                                            ,Unknown,Unknown,Ferit lleu: Hospitalització fins a 24h,431516.08 ,4590599.61,2.178821215,41.462219364