Case_Number,District_Code,District_Name,Neighborhood_Code,Neighborhood_Name,Street_Code,Street_Name,Postal_Code,Day_of_Week,Year,Month_Code,Month_Name,Day_of_Month,Shift_Description,Hour_of_Day,Pedestrian_Cause_Description,Involved_Vehicle_Type,Gender_Description,Age,Person_Type_Description,Pedestrian_Accident_Location_Description,Pedestrian_Movement_Reason_Description,Driver_Movement_Reason_Description,Victimization_Description,UTM_X_Coordinate,UTM_Y_Coordinate,Longitude,Latitude
2023S002900    ,3,Sants-Montjuïc,17,Sants - Badal,59105,Canalejas,0085 0085,Dilluns,2023,5,May,15,Afternoon,18,No és causa del  vianant,Car,Home,48,Pedestrian,En zona peatonal                                                                                                                                      ,Unknown,Unknown,Ferit lleu: Hospitalització fins a 24h,427304.19 ,4580690.16,2.12958336,41.372598565
2023S002901    ,2,Eixample,9,la Nova Esquerra de l'Eixample,18505,Aragó,0065 0065,Dilluns,2023,5,May,15,Afternoon,18,No és causa del  vianant,Motorcycle,Home,22,Driver,Desconegut                                                                                                                                            ,Unknown,Oci i entreteniment,Ferit lleu: Amb assistència sanitària en lloc d'accident,428994.37 ,4581592.23,2.149686545,41.380874184
2023S002902    ,7,Horta-Guinardó,43,Horta,157308,Horta a Cerdanyola,0075 0075,Dilluns,2023,5,May,15,Afternoon,20,No és causa del  vianant,Bicicleta,Home,51,Driver,Desconegut                                                                                                                                            ,Unknown,Activitat esportiva particular,Ferit lleu: Hospitalització fins a 24h,429195.5  ,4588322.66,2.151303679,41.441510338
2023S002903    ,5,Sarrià-Sant Gervasi,24,les Tres Torres,26707,Artós,0002 0003,Dilluns,2023,5,May,15,Night,22,No és causa del  vianant,Motorcycle,Home,35,Driver,Desconegut                                                                                                                                            ,Unknown,In itínere,Ferit lleu: Hospitalització fins a 24h,426997.09 ,4583262.8 ,2.125601349,41.395741492
2023S002904    ,5,Sarrià-Sant Gervasi,23,Sarrià,701268,Dalt (Llobregat),000770000,Dimarts,2023,5,May,16,Morning,8,No és causa del  vianant,Motorcycle,Home,51,Driver,Desconegut                                                                                                                                            ,Unknown,In itínere,Ferit lleu: Hospitalització fins a 24h,426544.03 ,4584388.45,2.120045718,41.405838449
2023S002905    ,5,Sarrià-Sant Gervasi,26,Sant Gervasi - Galvany,28000,Augusta,0001 0001,Dimarts,2023,5,May,16,Morning,9,No és causa del  vianant,Motorcycle,Home,34,Driver,Desconegut                                                                                                                                            ,Unknown,In itínere,Ferit lleu: Hospitalització fins a 24h,429503.04 ,4583283.82,2.155572358,41.396154521
2023S002906    ,4,Les Corts,19,les Corts,231502,Numància,0136X0136X,Dimarts,2023,5,May,16,Morning,11,No és causa del  vianant,Veh. mobilitat personal amb motor,Home,18,Driver,Desconegut                                                                                                                                            ,Unknown,Es desconeix,Ferit lleu: Amb assistència sanitària en lloc d'accident,427722.44 ,4582364.77,2.134384389,41.387718843
2023S002907    ,4,Les Corts,19,les Corts,162002,Josep Tarradellas,0129 0129,Dimarts,2023,5,May,16,Morning,11,No és causa del  vianant,Veh. mobilitat personal amb motor,Dona,72,Pedestrian,En pas sense regular                                                                                                                                  ,Es desconeix,Unknown,Ferit lleu: Hospitalització fins a 24h,428456.16 ,4582583.9 ,2.143133364,41.389758095
2023S002909    ,10,Sant Martí,73,la Verneda i la Pau,270107,Puigcerdà,0191 0197,Dimarts,2023,5,May,16,Morning,12,No és causa del  vianant,Furgoneta,Dona,70,Pedestrian,En pas sense senyalitzar                                                                                                                              ,Unknown,Unknown,Ferit lleu: Hospitalització fins a 24h,433698.29 ,4585692.54,2.205488229,41.418206295
2023S002910    ,1,Ciutat Vella,1,el Raval,34308,Rambla,0025 0025,Dimarts,2023,5,May,16,Morning,11,No és causa del  vianant,Bicicleta,Home,44,Driver,En pas sense regular                                                                                                                                  ,Unknown,Oci i entreteniment,Ferit lleu: Amb assistència sanitària en lloc d'accident,431144.57 ,4581298.5 ,2.175432578,41.378415629
2023S002911    ,8,Nou Barris,44,Vilapicina i la Torre Llobeta,111704,Escòcia,0053 0061,Dimarts,2023,5,May,16,Afternoon,16,No és causa del  vianant,Motorcycle,Home,31,Driver,Desconegut                                                                                                                                            ,Unknown,In itínere,Ferit lleu: Hospitalització fins a 24h,431642.4  ,4586873.46,2.180755604,41.428670082
2023S002912    ,4,Les Corts,21,Pedralbes,144601,Diagonal,0712 0716,Dimarts,2023,5,May,16,Afternoon,19,No és causa del  vianant,Motorcycle,Dona,55,Driver,Desconegut                                                                                                                                            ,Unknown,Oci i entreteniment,Ferit lleu: Hospitalització fins a 24h,425497.61 ,4581866.91,2.107838134,41.383031749
2023S002913    ,3,Sants-Montjuïc,13,la Marina de Port,12600,Alts Forns,0061B0061B,Dimarts,2023,5,May,16,Afternoon,19,No és causa del  vianant,Veh. mobilitat personal amb motor,Home,54,Driver,Desconegut                                                                                                                                            ,Unknown,In itínere,Ferit lleu: Hospitalització fins a 24h,428188.51 ,4579099.98,2.140345254,41.358355782
2023S002914    ,7,Horta-Guinardó,41,la Vall d'Hebron,701268,Dalt (Llobregat),001150000,Dimarts,2023,5,May,16,Afternoon,18,No és causa del  vianant,Motorcycle,Home,61,Driver,Desconegut                                                                                                                                            ,Unknown,In itínere,Ferit lleu: Amb assistència sanitària en lloc d'accident,428744.95 ,4587406.84,2.146018955,41.433222065
2023S002915    ,2,Eixample,6,la Sagrada Família,144601,Diagonal,0318 0318,Dimarts,2023,5,May,16,Afternoon,18,Transitar a peu per la calçada,Bicicleta,Home,28,Driver,Desconegut                                                                                                                                            ,Unknown,Oci i entreteniment,Ferit lleu: Hospitalització fins a 24h,431200.82 ,4583790.35,2.175822019,41.400863809
2023S002916    ,1,Ciutat Vella,2,el Barri Gòtic,34308,Rambla,0026 0026,Dimarts,2023,5,May,16,Afternoon,20,No és causa del  vianant,Car,Dona,28,Driver,Desconegut                                                                                                                                            ,Unknown,Altres activitats,Ferit lleu: Amb assistència sanitària en lloc d'accident,431210.33 ,4581256.09,2.176223741,41.378039281
2023S002917    ,10,Sant Martí,68,el Poblenou,701266,Litoral (Llobregat),0023S0000,Dimecres,2023,5,May,17,Night,3,No és causa del  vianant,Motorcycle,Home,24,Driver,Desconegut                                                                                                                                            ,Unknown,Oci i entreteniment,Ferit lleu: Amb assistència sanitària en lloc d'accident,433762.35 ,4583188.31,2.206528964,41.39565661
2023S002918    ,3,Sants-Montjuïc,11,el Poble-sec,701266,Litoral (Llobregat),001310000,Dimecres,2023,5,May,17,Morning,7,No és causa del  vianant,Car,Dona,26,Passatger,Desconegut                                                                                                                                            ,Unknown,Unknown,Ferit lleu: Rebutja assistència sanitària,430515.24 ,4579432.98,2.168121075,41.361559281
2023S002918    ,3,Sants-Montjuïc,11,el Poble-sec,701266,Litoral (Llobregat),001310000,Dimecres,2023,5,May,17,Morning,7,No és causa del  vianant,Car,Dona,39,Passatger,Desconegut                                                                                                                                            ,Unknown,Unknown,Ferit lleu: Amb assistència sanitària en lloc d'accident,430515.24 ,4579432.98,2.168121075,41.361559281
2023S002918    ,3,Sants-Montjuïc,11,el Poble-sec,701266,Litoral (Llobregat),001310000,Dimecres,2023,5,May,17,Morning,7,No és causa del  vianant,Car,Dona,8,Passatger,Desconegut                                                                                                                                            ,Unknown,Unknown,Ferit lleu: Amb assistència sanitària en lloc d'accident,430515.24 ,4579432.98,2.168121075,41.361559281
2023S002918    ,3,Sants-Montjuïc,11,el Poble-sec,701266,Litoral (Llobregat),001310000,Dimecres,2023,5,May,17,Morning,7,No és causa del  vianant,Car,Home,2,Passatger,Desconegut                                                                                                                                            ,Unknown,Unknown,Ferit lleu: Amb assistència sanitària en lloc d'accident,430515.24 ,4579432.98,2.168121075,41.361559281
2023S002919    ,6,Gràcia,30,la Salut,344000,Dalt,0031 0031,Dimecres,2023,5,May,17,Morning,8,No és causa del  vianant,Motorcycle,Dona,39,Driver,Desconegut                                                                                                                                            ,Unknown,In itínere,Ferit lleu: Hospitalització fins a 24h,429295.93 ,4584702.88,2.152929273,41.408917284
2023S002920    ,2,Eixample,9,la Nova Esquerra de l'Eixample,100800,Diputació,0015 0019,Dimecres,2023,5,May,17,Morning,9,No és causa del  vianant,Motorcycle,Dona,49,Driver,Desconegut                                                                                                                                            ,Unknown,In itínere,Ferit lleu: Hospitalització fins a 24h,429112.78 ,4581304.55,2.151136183,41.378293593
2023S002921    ,4,Les Corts,20,la Maternitat i Sant Ramon,144601,Diagonal,0643 0643,Dimecres,2023,5,May,17,Morning,10,No és causa del  vianant,Autobús articulat,Dona,20,Pedestrian,En pas regulat per semàfor                                                                                                                            ,Estudiant cap a centre d'estudis,Unknown,Ferit lleu: Hospitalització fins a 24h,426532.46 ,4582239.97,2.120168117,41.386486961
2023S002922    ,5,Sarrià-Sant Gervasi,24,les Tres Torres,701434,Mig (Descendent),000400000,Dimecres,2023,5,May,17,Morning,9,No és causa del  vianant,Motorcycle,Home,27,Driver,Desconegut                                                                                                                                            ,Unknown,Es desconeix,Ferit lleu: Hospitalització fins a 24h,427605.52 ,4583482.64,2.1328524,41.397776536
2023S002923    ,5,Sarrià-Sant Gervasi,24,les Tres Torres,701434,Mig (Descendent),000390000,Dimecres,2023,5,May,17,Morning,8,No és causa del  vianant,Ciclomotor,Home,20,Driver,Desconegut                                                                                                                                            ,Unknown,Es desconeix,Ferit lleu: Hospitalització fins a 24h,427602.93 ,4583375.03,2.132834294,41.396807102
2023S002924    ,4,Les Corts,20,la Maternitat i Sant Ramon,144601,Diagonal,0687 0687,Dimecres,2023,5,May,17,Morning,9,No és causa del  vianant,Taxi,Dona,25,Pedestrian,En pas regulat per semàfor                                                                                                                            ,Oci i entreteniment,Unknown,Ferit lleu: Hospitalització fins a 24h,425419.34 ,4581867.11,2.106902121,41.383026294
2023S002926    ,4,Les Corts,21,Pedralbes,199400,Marquès de Mulhacén,0029 0029,Dimecres,2023,5,May,17,Morning,9,No és causa del  vianant,Bicicleta,Dona,49,Driver,Desconegut                                                                                                                                            ,Unknown,In itínere,Ferit lleu: Rebutja assistència sanitària,426247.87 ,4582940.38,2.116679345,41.392769197
2023S002927    ,5,Sarrià-Sant Gervasi,26,Sant Gervasi - Galvany,8501,Alfons XII,0087 0087,Dimecres,2023,4,April,26,Morning,11,Altres,Taxi,Home,60,Pedestrian,En pas regulat per semàfor                                                                                                                            ,Unknown,Unknown,Ferit lleu: Hospitalització fins a 24h,428821.3  ,4583809.71,2.147356208,41.40083093
2023S002928    ,5,Sarrià-Sant Gervasi,26,Sant Gervasi - Galvany,46103,Bori i Fontestà,0006 0006,Dimecres,2023,5,May,17,Morning,10,No és causa del  vianant,Motorcycle,Dona,59,Pedestrian,En pas sense senyalitzar                                                                                                                              ,Unknown,Unknown,Ferit lleu: Hospitalització fins a 24h,428202.42 ,4583002.83,2.140048997,41.393508618
2023S002929    ,3,Sants-Montjuïc,12,la Marina del Prat Vermell,701441,Parc Logístic,0012 0020,Dimecres,2023,5,May,17,Morning,10,No és causa del  vianant,Motorcycle,Home,27,Driver,Desconegut                                                                                                                                            ,Unknown,Es desconeix,Ferit lleu: Amb assistència sanitària en lloc d'accident,426831.77 ,4577122.72,2.124365251,41.340425085
2023S002930    ,3,Sants-Montjuïc,16,la Bordeta,89707,Constitució,0153 0153,Dimecres,2023,5,May,17,Morning,13,No és causa del  vianant,Motorcycle,Dona,25,Driver,Desconegut                                                                                                                                            ,Unknown,Es desconeix,Ferit lleu: Amb assistència sanitària en lloc d'accident,427578.77 ,4580280.39,2.132915382,41.368932683
2023S002932    ,3,Sants-Montjuïc,12,la Marina del Prat Vermell,701265,Litoral (Besòs),001520000,Dimecres,2023,5,May,17,Afternoon,15,No és causa del  vianant,Motorcycle,Home,60,Driver,Desconegut                                                                                                                                            ,Unknown,Es desconeix,Ferit lleu: Hospitalització fins a 24h,428737.42 ,4578084   ,2.147026335,41.349253949
2023S002933    ,10,Sant Martí,68,el Poblenou,270901,Pujades,0250 0250,Dimecres,2023,5,May,17,Afternoon,15,No és causa del  vianant,Motorcycle,Home,45,Driver,Desconegut                                                                                                                                            ,Unknown,Es desconeix,Ferit lleu: Hospitalització fins a 24h,433555.49 ,4584133.75,2.203950873,41.404154881
2023S002934    ,1,Ciutat Vella,2,el Barri Gòtic,34308,Rambla,0132 0132,Dimecres,2023,5,May,17,Afternoon,15,Desobeir el senyal del semàfor,Motorcycle,Home,44,Pedestrian,En pas regulat per semàfor                                                                                                                            ,Es desconeix,Unknown,Ferit lleu: Amb assistència sanitària en lloc d'accident,430780.67 ,4581980.58,2.171003172,41.384527686
2023S002934    ,1,Ciutat Vella,2,el Barri Gòtic,34308,Rambla,0132 0132,Dimecres,2023,5,May,17,Afternoon,15,Desobeir el senyal del semàfor,Motorcycle,Home,62,Driver,En pas regulat per semàfor                                                                                                                            ,Unknown,Es desconeix,Ferit lleu: Hospitalització fins a 24h,430780.67 ,4581980.58,2.171003172,41.384527686
2023S002935    ,7,Horta-Guinardó,41,la Vall d'Hebron,701268,Dalt (Llobregat),0005S0000,Dimecres,2023,5,May,17,Afternoon,16,No és causa del  vianant,Motorcycle,Dona,26,Driver,Desconegut                                                                                                                                            ,Unknown,Es desconeix,Ferit lleu: Hospitalització fins a 24h,428461.5  ,4586654.83,2.142715731,41.426423822
2023S002936    ,10,Sant Martí,64,el Camp de l'Arpa del Clot,350308,València,0556 0556,Dimecres,2023,5,May,17,Afternoon,17,No és causa del  vianant,Motorcycle,Dona,34,Passatger,Desconegut                                                                                                                                            ,Unknown,Unknown,Ferit lleu: Hospitalització fins a 24h,431783.3  ,4584478.23,2.182712052,41.407108999
2023S002936    ,10,Sant Martí,64,el Camp de l'Arpa del Clot,350308,València,0556 0556,Dimecres,2023,5,May,17,Afternoon,17,No és causa del  vianant,Motorcycle,Dona,30,Driver,Desconegut                                                                                                                                            ,Unknown,Oci i entreteniment,Ferit lleu: Hospitalització fins a 24h,431783.3  ,4584478.23,2.182712052,41.407108999
2023S002936    ,10,Sant Martí,64,el Camp de l'Arpa del Clot,350308,València,0556 0556,Dimecres,2023,5,May,17,Afternoon,17,No és causa del  vianant,Motorcycle,Home,24,Driver,Desconegut                                                                                                                                            ,Unknown,Oci i entreteniment,Ferit lleu: Amb assistència sanitària en lloc d'accident,431783.3  ,4584478.23,2.182712052,41.407108999
2023S002937    ,-1,Unknown,-1,Unknown,-1,Unknown,Unknown,Dimecres,2023,5,May,17,Afternoon,17,No és causa del  vianant,Ciclomotor,Home,68,Passatger,Desconegut                                                                                                                                            ,Unknown,Unknown,Ferit lleu: Hospitalització fins a 24h,433746.5  ,4587235.6 ,2.205895892,41.432108183
2023S002937    ,-1,Unknown,-1,Unknown,-1,Unknown,Unknown,Dimecres,2023,5,May,17,Afternoon,17,No és causa del  vianant,Ciclomotor,Dona,57,Driver,Desconegut                                                                                                                                            ,Unknown,Oci i entreteniment,Ferit lleu: Hospitalització fins a 24h,433746.5  ,4587235.6 ,2.205895892,41.432108183
2023S002938    ,6,Gràcia,31,la Vila de Gràcia,267000,Riera de Cassoles,0046 0046,Dimecres,2023,5,May,17,Afternoon,16,No és causa del  vianant,Motorcycle,Home,20,Driver,Desconegut                                                                                                                                            ,Unknown,Es desconeix,Ferit lleu: Hospitalització fins a 24h,429081.48 ,4584226.2 ,2.150419622,41.404605105
2023S002939    ,7,Horta-Guinardó,43,Horta,180106,Logronyo,0001B0001B,Dimecres,2023,5,May,17,Afternoon,19,No és causa del  vianant,Car,Dona,52,Passatger,Desconegut                                                                                                                                            ,Unknown,Unknown,Ferit lleu: Amb assistència sanitària en lloc d'accident,429982.88 ,4588112.4 ,2.160752487,41.439685701
2023S002939    ,7,Horta-Guinardó,43,Horta,180106,Logronyo,0001B0001B,Dimecres,2023,5,May,17,Afternoon,19,No és causa del  vianant,Car,Home,6,Passatger,Desconegut                                                                                                                                            ,Unknown,Unknown,Ferit lleu: Amb assistència sanitària en lloc d'accident,429982.88 ,4588112.4 ,2.160752487,41.439685701
2023S002939    ,7,Horta-Guinardó,43,Horta,180106,Logronyo,0001B0001B,Dimecres,2023,5,May,17,Afternoon,19,No és causa del  vianant,Car,Dona,58,Driver,Desconegut                                                                                                                                            ,Unknown,Es desconeix,Ferit lleu: Amb assistència sanitària en lloc d'accident,429982.88 ,4588112.4 ,2.160752487,41.439685701
2023S002940    ,3,Sants-Montjuïc,11,el Poble-sec,198804,Paral·lel,0121 0121,Dimecres,2023,5,May,17,Afternoon,20,No és causa del  vianant,Motorcycle,Home,17,Driver,Desconegut                                                                                                                                            ,Unknown,Oci i entreteniment,Ferit lleu: Amb assistència sanitària en lloc d'accident,429895.54 ,4580909.81,2.160541914,41.374806906
2023S002941    ,4,Les Corts,19,les Corts,144601,Diagonal,0662 0664,Dimecres,2023,5,May,17,Afternoon,19,No és causa del  vianant,Bicicleta,Dona,19,Driver,Desconegut                                                                                                                                            ,Unknown,Oci i entreteniment,Ferit lleu: Hospitalització fins a 24h,427256.75 ,4582543.5 ,2.128793545,41.389286592
2023S002942    ,1,Ciutat Vella,2,el Barri Gòtic,269108,Portal de la Pau,0005 0005,Dimecres,2023,5,May,17,Afternoon,19,Desobeir el senyal del semàfor,Bus,Home,32,Driver,En pas regulat per semàfor                                                                                                                            ,Unknown,Bus urbà,Ferit lleu: Amb assistència sanitària en lloc d'accident,431358.53 ,4581040.46,2.178020316,41.376109822
2023S002942    ,1,Ciutat Vella,2,el Barri Gòtic,269108,Portal de la Pau,0005 0005,Dimecres,2023,5,May,17,Afternoon,19,Desobeir el senyal del semàfor,Bus,Dona,25,Pedestrian,En pas regulat per semàfor                                                                                                                            ,Oci i entreteniment,Unknown,Ferit lleu: Hospitalització fins a 24h,431358.53 ,4581040.46,2.178020316,41.376109822
2023S002943    ,4,Les Corts,20,la Maternitat i Sant Ramon,247353,Pascual i Vila,0014 0014,Dimecres,2023,5,May,17,Afternoon,20,No és causa del  vianant,Motorcycle,Dona,29,Driver,Desconegut                                                                                                                                            ,Unknown,Es desconeix,Ferit lleu: Hospitalització fins a 24h,426234.03 ,4581953.53,2.116634048,41.383879792
2023S002944    ,2,Eixample,9,la Nova Esquerra de l'Eixample,18505,Aragó,0125 0125,Dimecres,2023,5,May,17,Night,23,No és causa del  vianant,Motorcycle,Home,36,Passatger,Desconegut                                                                                                                                            ,Unknown,Unknown,Ferit lleu: Hospitalització fins a 24h,429354.29 ,4581928.4 ,2.153951329,41.383933657
2023S002945    ,3,Sants-Montjuïc,12,la Marina del Prat Vermell,369408,Zona Franca,0015U0015U,Thursday,2023,5,May,18,Morning,7,No és causa del  vianant,Motorcycle,Dona,27,Driver,Desconegut                                                                                                                                            ,Unknown,In itínere,Ferit lleu: Hospitalització fins a 24h,428541.53 ,4578355.76,2.144652966,41.351684246
2023S002946    ,4,Les Corts,20,la Maternitat i Sant Ramon,244300,Pius XII,0003 0003,Thursday,2023,5,May,18,Morning,8,No és causa del  vianant,Motorcycle,Home,28,Driver,Desconegut                                                                                                                                            ,Unknown,In itínere,Ferit lleu: Hospitalització fins a 24h,426793.07 ,4582325.32,2.12327447,41.387279445
2023S002947    ,9,Sant Andreu,60,Sant Andreu,242509,Palomar,0005 0005,Thursday,2023,5,May,18,Morning,10,No és causa del  vianant,Motorcycle,Dona,42,Driver,Desconegut                                                                                                                                            ,Unknown,Oci i entreteniment,Ferit lleu: Amb assistència sanitària en lloc d'accident,432478.32 ,4588421.89,2.190586018,41.442687024
2023S002948    ,5,Sarrià-Sant Gervasi,23,Sarrià,305201,Sant Joan Bosco,0039X0039X,Thursday,2023,5,May,18,Morning,8,No és causa del  vianant,Motorcycle,Home,9,Passatger,Desconegut                                                                                                                                            ,Unknown,Unknown,Ferit lleu: Rebutja assistència sanitària,427272.31 ,4583009.38,2.128923667,41.393483993
2023S002949    ,6,Gràcia,31,la Vila de Gràcia,344000,Dalt,0018 0018,Thursday,2023,5,May,18,Morning,10,No és causa del  vianant,Motorcycle,Dona,78,Pedestrian,En pas regulat per semàfor                                                                                                                            ,Oci i entreteniment,Unknown,Ferit lleu: Hospitalització fins a 24h,429241.33 ,4584658.67,2.152281247,41.408514294
2023S002950    ,3,Sants-Montjuïc,11,el Poble-sec,316809,Santa Madrona,0001 0005,Thursday,2023,5,May,18,Morning,9,No és causa del  vianant,Motorcycle,Dona,59,Pedestrian,En zona peatonal                                                                                                                                      ,In itinere,Unknown,Ferit lleu: Hospitalització fins a 24h,429659.94 ,4580072.69,2.15782199,41.367246651
2023S002951    ,3,Sants-Montjuïc,12,la Marina del Prat Vermell,701265,Litoral (Besòs),001780000,Thursday,2023,5,May,18,Morning,9,No és causa del  vianant,Car,Home,46,Passatger,Desconegut                                                                                                                                            ,Unknown,Unknown,Ferit lleu: Amb assistència sanitària en lloc d'accident,426503.22 ,4577014.83,2.120451911,41.339423439
2023S002951    ,3,Sants-Montjuïc,12,la Marina del Prat Vermell,701265,Litoral (Besòs),001780000,Thursday,2023,5,May,18,Morning,9,No és causa del  vianant,Car,Dona,41,Driver,Desconegut                                                                                                                                            ,Unknown,In itínere,Ferit lleu: Amb assistència sanitària en lloc d'accident,426503.22 ,4577014.83,2.120451911,41.339423439
2023S002951    ,3,Sants-Montjuïc,12,la Marina del Prat Vermell,701265,Litoral (Besòs),001780000,Thursday,2023,5,May,18,Morning,9,No és causa del  vianant,Car,Home,64,Driver,Desconegut                                                                                                                                            ,Unknown,Taxi,Ferit lleu: Amb assistència sanitària en lloc d'accident,426503.22 ,4577014.83,2.120451911,41.339423439
2023S002952    ,7,Horta-Guinardó,37,el Carmel,325504,Sigüenza,0015B0015B,Thursday,2023,5,May,18,Morning,11,No és causa del  vianant,Car,Dona,22,Pedestrian,En pas sense regular                                                                                                                                  ,Es desconeix,Unknown,Ferit lleu: Rebutja assistència sanitària,429522.17 ,4586451.53,2.155432012,41.424686589
2023S002953    ,1,Ciutat Vella,3,la Barceloneta,701266,Litoral (Llobregat),000880000,Thursday,2023,5,May,18,Morning,13,No és causa del  vianant,Motorcycle,Home,19,Driver,Desconegut                                                                                                                                            ,Unknown,En missió,Ferit lleu: Hospitalització fins a 24h,432683.81 ,4582138.32,2.193745254,41.386110004
2023S002953    ,1,Ciutat Vella,3,la Barceloneta,701266,Litoral (Llobregat),000880000,Thursday,2023,5,May,18,Morning,13,No és causa del  vianant,Motorcycle,Dona,29,Driver,Desconegut                                                                                                                                            ,Unknown,In itínere,Ferit lleu: Hospitalització fins a 24h,432683.81 ,4582138.32,2.193745254,41.386110004
2023S002954    ,3,Sants-Montjuïc,15,Hostafrancs,169409,Corts Catalanes,0355 0359,Thursday,2023,5,May,18,Morning,11,No és causa del  vianant,Motorcycle,Home,63,Driver,Desconegut                                                                                                                                            ,Unknown,Es desconeix,Ferit lleu: Hospitalització fins a 24h,428814.53 ,4580855.53,2.147622554,41.374223076
2023S002955    ,2,Eixample,9,la Nova Esquerra de l'Eixample,361406,Viladomat,0173 0173,Thursday,2023,5,May,18,Afternoon,14,No és causa del  vianant,Car,Home,12,Pedestrian,En pas regulat per semàfor                                                                                                                            ,Oci i entreteniment,Unknown,Ferit lleu: Hospitalització fins a 24h,429288.68 ,4581819.12,2.153179474,41.382943641
2023S002956    ,6,Gràcia,28,Vallcarca i els Penitents,158107,Vallcarca,0010 0010,Thursday,2023,5,May,18,Afternoon,16,No és causa del  vianant,Motorcycle,Home,47,Driver,Desconegut                                                                                                                                            ,Unknown,Es desconeix,Ferit lleu: Rebutja assistència sanitària,428951.81 ,4584623.71,2.148821748,41.40817387
2023S002957    ,7,Horta-Guinardó,40,Montbau,352507,Vall d'Hebron,0135 0141,Thursday,2023,5,May,18,Afternoon,16,No és causa del  vianant,Ciclomotor,Dona,23,Passatger,Desconegut                                                                                                                                            ,Unknown,Unknown,Ferit lleu: Hospitalització fins a 24h,428614.9  ,4587084.65,2.144500616,41.430308683
2023S002957    ,7,Horta-Guinardó,40,Montbau,352507,Vall d'Hebron,0135 0141,Thursday,2023,5,May,18,Afternoon,16,No és causa del  vianant,Ciclomotor,Dona,22,Driver,Desconegut                                                                                                                                            ,Unknown,Oci i entreteniment,Ferit lleu: Hospitalització fins a 24h,428614.9  ,4587084.65,2.144500616,41.430308683
2023S002958    ,5,Sarrià-Sant Gervasi,25,Sant Gervasi - la Bonanova,231706,Joaquim Folguera,0010 0010,Thursday,2023,5,May,18,Afternoon,18,No és causa del  vianant,Motorcycle,Home,80,Driver,Desconegut                                                                                                                                            ,Unknown,Oci i entreteniment,Ferit lleu: Amb assistència sanitària en lloc d'accident,428115.75 ,4584393.63,2.138847157,41.40602726
2023S002959    ,3,Sants-Montjuïc,12,la Marina del Prat Vermell,701266,Litoral (Llobregat),001680000,Thursday,2023,5,May,18,Afternoon,18,No és causa del  vianant,Car,Dona,23,Passatger,Desconegut                                                                                                                                            ,Unknown,Unknown,Ferit lleu: Rebutja assistència sanitària,427389.94 ,4577429.38,2.1309991,41.343237595
2023S002959    ,3,Sants-Montjuïc,12,la Marina del Prat Vermell,701266,Litoral (Llobregat),001680000,Thursday,2023,5,May,18,Afternoon,18,No és causa del  vianant,Car,Dona,30,Passatger,Desconegut                                                                                                                                            ,Unknown,Unknown,Ferit lleu: Rebutja assistència sanitària,427389.94 ,4577429.38,2.1309991,41.343237595
2023S002959    ,3,Sants-Montjuïc,12,la Marina del Prat Vermell,701266,Litoral (Llobregat),001680000,Thursday,2023,5,May,18,Afternoon,18,No és causa del  vianant,Car,Home,37,Passatger,Desconegut                                                                                                                                            ,Unknown,Unknown,Ferit lleu: Rebutja assistència sanitària,427389.94 ,4577429.38,2.1309991,41.343237595
2023S002959    ,3,Sants-Montjuïc,12,la Marina del Prat Vermell,701266,Litoral (Llobregat),001680000,Thursday,2023,5,May,18,Afternoon,18,No és causa del  vianant,Car,Dona,37,Driver,Desconegut                                                                                                                                            ,Unknown,In itínere,Ferit lleu: Rebutja assistència sanitària,427389.94 ,4577429.38,2.1309991,41.343237595
2023S002960    ,8,Nou Barris,44,Vilapicina i la Torre Llobeta,95200,Cubelles,0009 0009,Thursday,2023,5,May,18,Afternoon,20,No és causa del  vianant,Motorcycle,Dona,19,Passatger,Desconegut                                                                                                                                            ,Unknown,Unknown,Ferit lleu: Hospitalització fins a 24h,431202.29 ,4586681.38,2.175510656,41.426902488
2023S002961    ,2,Eixample,7,la Dreta de l'Eixample,144601,Diagonal,0422 0422,Thursday,2023,5,May,18,Afternoon,19,No és causa del  vianant,Motorcycle,Dona,35,Driver,Desconegut                                                                                                                                            ,Unknown,In itínere,Ferit lleu: Hospitalització fins a 24h,430134.59 ,4583421.81,2.163110418,41.397452499
2023S002963    ,2,Eixample,7,la Dreta de l'Eixample,148307,Gràcia,0003 0003,Friday,2023,5,May,19,Night,1,No és causa del  vianant,Motorcycle,Home,43,Driver,Desconegut                                                                                                                                            ,Unknown,In itínere,Ferit lleu: Hospitalització fins a 24h,430658    ,4582415.71,2.169486338,41.388436201
2023S002964    ,2,Eixample,5,el Fort Pienc,76807,Sardenya,0147B0147B,Friday,2023,5,May,19,Night,1,No és causa del  vianant,Motorcycle,Home,41,Driver,Desconegut                                                                                                                                            ,Unknown,In itínere,Ferit lleu: Hospitalització fins a 24h,431752.08 ,4583297.38,2.182471768,41.396470781
2023S002965    ,6,Gràcia,31,la Vila de Gràcia,340406,Torrent de les Flors,0125 0127,Friday,2023,5,May,19,Morning,9,No és causa del  vianant,Motorcycle,Dona,57,Driver,Desconegut                                                                                                                                            ,Unknown,Es desconeix,Ferit lleu: Amb assistència sanitària en lloc d'accident,429688.15 ,4584679.3 ,2.157624284,41.408739331
2023S002966    ,3,Sants-Montjuïc,18,Sants,40300,Berlín,0016B0016B,Friday,2023,5,May,19,Morning,8,No és causa del  vianant,Motorcycle,Dona,6,Pedestrian,Fora del pas                                                                                                                                          ,Es desconeix,Unknown,Ferit lleu: Rebutja assistència sanitària,427987.29 ,4581807.13,2.137618156,41.382720155