Case_Number,District_Code,District_Name,Neighborhood_Code,Neighborhood_Name,Street_Code,Street_Name,Postal_Code,Day_of_Week,Year,Month_Code,Month_Name,Day_of_Month,Shift_Description,Hour_of_Day,Pedestrian_Cause_Description,Involved_Vehicle_Type,Gender_Description,Age,Person_Type_Description,Pedestrian_Accident_Location_Description,Pedestrian_Movement_Reason_Description,Driver_Movement_Reason_Description,Victimization_Description,UTM_X_Coordinate,UTM_Y_Coordinate,Longitude,Latitude
2023S002967    ,2,Eixample,10,Sant Antoni,349706,Comte d'Urgell,0012 0012,Friday,2023,5,May,19,Morning,12,No és causa del  vianant,Motorcycle,Dona,32,Driver,Desconegut                                                                                                                                            ,Unknown,Es desconeix,Ferit lleu: Amb assistència sanitària en lloc d'accident,430029.45 ,4581426.92,2.162083363,41.379476019
2023S002969    ,3,Sants-Montjuïc,15,Hostafrancs,169409,Corts Catalanes,0321 0321,Friday,2023,5,May,19,Morning,11,No és causa del  vianant,Motorcycle,Home,32,Driver,Desconegut                                                                                                                                            ,Unknown,Es desconeix,Ferit lleu: Amb assistència sanitària en lloc d'accident,428694.98 ,4580660.99,2.146215993,41.37246033
2023S002970    ,4,Les Corts,20,la Maternitat i Sant Ramon,144601,Diagonal,0629 0629,Friday,2023,5,May,19,Morning,12,No és causa del  vianant,Motorcycle,Home,70,Driver,Desconegut                                                                                                                                            ,Unknown,Altres activitats,Ferit lleu: Hospitalització fins a 24h,426968.02 ,4582381.68,2.12535995,41.387802968
2023S002970    ,4,Les Corts,20,la Maternitat i Sant Ramon,144601,Diagonal,0629 0629,Friday,2023,5,May,19,Morning,12,No és causa del  vianant,Motorcycle,Home,22,Driver,Desconegut                                                                                                                                            ,Unknown,In itínere,Ferit lleu: Amb assistència sanitària en lloc d'accident,426968.02 ,4582381.68,2.12535995,41.387802968
2023S002971    ,5,Sarrià-Sant Gervasi,23,Sarrià,28000,Augusta,0384 0384,Friday,2023,5,May,19,Morning,12,No és causa del  vianant,Motorcycle,Dona,71,Pedestrian,En pas sense regular                                                                                                                                  ,Oci i entreteniment,Unknown,Ferit lleu: Hospitalització fins a 24h,426465.72 ,4584125.1 ,2.119140932,41.40345941
2023S002972    ,7,Horta-Guinardó,37,el Carmel,120603,Fastenrath,0170 0170,Friday,2023,5,May,19,Morning,12,No és causa del  vianant,"Camió rígid > 3,5 tones",Dona,Unknown,Pedestrian,Desconegut                                                                                                                                            ,Unknown,Unknown,Ferit lleu: Hospitalització fins a 24h,429161.2  ,4586116.63,2.151151811,41.421638512
2023S002972    ,7,Horta-Guinardó,37,el Carmel,120603,Fastenrath,0170 0170,Friday,2023,5,May,19,Morning,12,No és causa del  vianant,Motorcycle,Dona,47,Driver,Desconegut                                                                                                                                            ,Unknown,Es desconeix,Ferit lleu: Hospitalització fins a 24h,429161.2  ,4586116.63,2.151151811,41.421638512
2023S002973    ,3,Sants-Montjuïc,11,el Poble-sec,701266,Litoral (Llobregat),0014S0000,Friday,2023,5,May,19,Morning,13,No és causa del  vianant,Motorcycle,Home,30,Driver,Desconegut                                                                                                                                            ,Unknown,In itínere,Ferit lleu: Amb assistència sanitària en lloc d'accident,429180.71 ,4578306.44,2.152298752,41.351296522
2023S002974    ,7,Horta-Guinardó,39,Sant Genís dels Agudells,225204,Naïm,0007 0007,Thursday,2023,3,March,23,Afternoon,16,No és causa del  vianant,Veh. mobilitat personal amb motor,Home,66,Pedestrian,A la vorera / Andana                                                                                                                                  ,Unknown,Unknown,Ferit lleu: Amb assistència sanitària en lloc d'accident,428084.54 ,4586602.49,2.13821106,41.425918742
2023S002975    ,8,Nou Barris,44,Vilapicina i la Torre Llobeta,45701,Quinze,0037 0037,Friday,2023,5,May,19,Afternoon,14,No és causa del  vianant,Motorcycle,Dona,50,Driver,Desconegut                                                                                                                                            ,Unknown,Es desconeix,Ferit lleu: Amb assistència sanitària en lloc d'accident,431122.09 ,4586910.29,2.174524831,41.428957323
2023S002975    ,8,Nou Barris,44,Vilapicina i la Torre Llobeta,45701,Quinze,0037 0037,Friday,2023,5,May,19,Afternoon,14,No és causa del  vianant,Motorcycle,Home,18,Driver,Desconegut                                                                                                                                            ,Unknown,Es desconeix,Ferit lleu: Amb assistència sanitària en lloc d'accident,431122.09 ,4586910.29,2.174524831,41.428957323
2023S002976    ,5,Sarrià-Sant Gervasi,25,Sant Gervasi - la Bonanova,701267,Dalt (Besòs),000890000,Friday,2023,5,May,19,Morning,13,No és causa del  vianant,Car,Dona,71,Passatger,Desconegut                                                                                                                                            ,Unknown,Unknown,Ferit lleu: Amb assistència sanitària en lloc d'accident,427429.54 ,4585230.89,2.130537728,41.413506414
2023S002976    ,5,Sarrià-Sant Gervasi,25,Sant Gervasi - la Bonanova,701267,Dalt (Besòs),000890000,Friday,2023,5,May,19,Morning,13,No és causa del  vianant,Car,Home,92,Passatger,Desconegut                                                                                                                                            ,Unknown,Unknown,Ferit lleu: Amb assistència sanitària en lloc d'accident,427429.54 ,4585230.89,2.130537728,41.413506414
2023S002976    ,5,Sarrià-Sant Gervasi,25,Sant Gervasi - la Bonanova,701267,Dalt (Besòs),000890000,Friday,2023,5,May,19,Morning,13,No és causa del  vianant,Motorcycle,Home,38,Driver,Desconegut                                                                                                                                            ,Unknown,Oci i entreteniment,Ferit lleu: Hospitalització fins a 24h,427429.54 ,4585230.89,2.130537728,41.413506414
2023S002976    ,5,Sarrià-Sant Gervasi,25,Sant Gervasi - la Bonanova,701267,Dalt (Besòs),000890000,Friday,2023,5,May,19,Morning,13,No és causa del  vianant,Car,Home,58,Driver,Desconegut                                                                                                                                            ,Unknown,Oci i entreteniment,Ferit lleu: Amb assistència sanitària en lloc d'accident,427429.54 ,4585230.89,2.130537728,41.413506414
2023S002977    ,9,Sant Andreu,61,la Sagrera,39709,Berenguer de Palou,0037 0037,Thursday,2023,5,May,18,Afternoon,19,No és causa del  vianant,Bus,Dona,81,Pedestrian,Desconegut                                                                                                                                            ,Unknown,Unknown,Ferit lleu: Hospitalització fins a 24h,432554.05 ,4586337.91,2.191725172,41.423923661
2023S002978    ,5,Sarrià-Sant Gervasi,25,Sant Gervasi - la Bonanova,32700,Balmes,0383 0385,Friday,2023,5,May,19,Afternoon,15,No és causa del  vianant,Motorcycle,Home,26,Driver,Desconegut                                                                                                                                            ,Unknown,In itínere,Ferit lleu: Hospitalització fins a 24h,428182.1  ,4584284.3 ,2.139653867,41.405048502
2023S002979    ,9,Sant Andreu,60,Sant Andreu,314100,Santa Coloma,0023B0023B,Friday,2023,5,May,19,Afternoon,14,No és causa del  vianant,Ciclomotor,Home,41,Driver,Desconegut                                                                                                                                            ,Unknown,En missió,Ferit lleu: Hospitalització fins a 24h,432437.97 ,4588710.74,2.190070717,41.4452852
2023S002980    ,2,Eixample,7,la Dreta de l'Eixample,148307,Gràcia,0110 0110,Friday,2023,5,May,19,Afternoon,15,No és causa del  vianant,Motorcycle,Home,52,Driver,Desconegut                                                                                                                                            ,Unknown,Es desconeix,Ferit lleu: Hospitalització fins a 24h,429892.18 ,4583306.91,2.160224197,41.396396524
2023S002981    ,2,Eixample,8,l'Antiga Esquerra de l'Eixample,169409,Corts Catalanes,0569 0569,Friday,2023,5,May,19,Afternoon,16,No és causa del  vianant,Car,Dona,39,Passatger,Desconegut                                                                                                                                            ,Unknown,Unknown,Ferit lleu: Amb assistència sanitària en lloc d'accident,430025.03 ,4582004.98,2.161963719,41.384682041
2023S002982    ,10,Sant Martí,67,la Vila Olímpica del Poblenou,701266,Litoral (Llobregat),000870000,Friday,2023,5,May,19,Afternoon,16,No és causa del  vianant,Motorcycle,Home,31,Driver,Desconegut                                                                                                                                            ,Unknown,Es desconeix,Ferit lleu: Hospitalització fins a 24h,432899.2  ,4582415.5 ,2.196290448,41.388624503
2023S002983    ,2,Eixample,7,la Dreta de l'Eixample,169409,Corts Catalanes,0650 0650,Friday,2023,5,May,19,Afternoon,16,No és causa del  vianant,Bicicleta,Home,25,Driver,Desconegut                                                                                                                                            ,Unknown,Es desconeix,Ferit lleu: Hospitalització fins a 24h,430694.58 ,4582659.98,2.169895858,41.390639421
2023S002984    ,3,Sants-Montjuïc,15,Hostafrancs,94809,Creu Coberta,0054 0054,Saturday,2023,5,May,20,Night,0,No és causa del  vianant,Ciclomotor,Home,39,Driver,Desconegut                                                                                                                                            ,Unknown,Es desconeix,Ferit lleu: Hospitalització fins a 24h,428660.28 ,4580964.83,2.145765322,41.375193838
2023S002985    ,2,Eixample,7,la Dreta de l'Eixample,148307,Gràcia,0002 0004,Saturday,2023,5,May,20,Night,1,No és causa del  vianant,Car,Home,43,Driver,Desconegut                                                                                                                                            ,Unknown,Taxi,Ferit lleu: Hospitalització fins a 24h,430707.55 ,4582361.15,2.170085183,41.387949068
2023S002986    ,8,Nou Barris,52,la Prosperitat,168304,Joaquim Valls,0029 0029,Friday,2023,5,May,19,Afternoon,15,No és causa del  vianant,Car,Dona,74,Pedestrian,En pas sense senyalitzar                                                                                                                              ,Unknown,Unknown,Ferit lleu: Amb assistència sanitària en lloc d'accident,431801    ,4588426.6 ,2.182478204,41.442672162
2023S002987    ,2,Eixample,7,la Dreta de l'Eixample,247659,Pau Claris,0147 0147,Friday,2023,5,May,19,Afternoon,20,No és causa del  vianant,Veh. mobilitat personal amb motor,Home,16,Driver,Desconegut                                                                                                                                            ,Unknown,Oci i entreteniment,Ferit lleu: Hospitalització fins a 24h,430310.82 ,4583051.57,2.165260989,41.394133169
2023S002988    ,7,Horta-Guinardó,40,Montbau,701267,Dalt (Besòs),001180000,Saturday,2023,5,May,20,Morning,7,No és causa del  vianant,Motorcycle,Home,31,Driver,Desconegut                                                                                                                                            ,Unknown,Oci i entreteniment,Ferit lleu: Amb assistència sanitària en lloc d'accident,428817.02 ,4587609.98,2.146857535,41.435058054
2023S002989    ,8,Nou Barris,48,la Guineueta,153001,Guineueta,0021X0021X,Saturday,2023,5,May,20,Morning,8,No és causa del  vianant,Motorcycle,Home,24,Driver,Desconegut                                                                                                                                            ,Unknown,Oci i entreteniment,Ferit lleu: Hospitalització fins a 24h,430447.05 ,4588185.11,2.166299779,41.440380936
2023S002990    ,6,Gràcia,28,Vallcarca i els Penitents,701267,Dalt (Besòs),001000000,Saturday,2023,5,May,20,Morning,8,No és causa del  vianant,Car,Dona,64,Passatger,Desconegut                                                                                                                                            ,Unknown,Unknown,Ferit lleu: Amb assistència sanitària en lloc d'accident,428210.43 ,4585888.55,2.139802315,41.419499855
2023S002990    ,6,Gràcia,28,Vallcarca i els Penitents,701267,Dalt (Besòs),001000000,Saturday,2023,5,May,20,Morning,8,No és causa del  vianant,Car,Dona,66,Passatger,Desconegut                                                                                                                                            ,Unknown,Unknown,Ferit lleu: Amb assistència sanitària en lloc d'accident,428210.43 ,4585888.55,2.139802315,41.419499855
2023S002990    ,6,Gràcia,28,Vallcarca i els Penitents,701267,Dalt (Besòs),001000000,Saturday,2023,5,May,20,Morning,8,No és causa del  vianant,Car,Dona,41,Driver,Desconegut                                                                                                                                            ,Unknown,Es desconeix,Ferit lleu: Amb assistència sanitària en lloc d'accident,428210.43 ,4585888.55,2.139802315,41.419499855
2023S002991    ,6,Gràcia,28,Vallcarca i els Penitents,701267,Dalt (Besòs),000990000,Saturday,2023,5,May,20,Morning,9,No és causa del  vianant,Motorcycle,Dona,38,Driver,Desconegut                                                                                                                                            ,Unknown,Es desconeix,Ferit lleu: Rebutja assistència sanitària,428053.34 ,4585610.79,2.137955752,41.41698413
2023S002992    ,2,Eixample,8,l'Antiga Esquerra de l'Eixample,363809,Villarroel,0115 0115,Saturday,2023,5,May,20,Morning,8,No és causa del  vianant,Veh. mobilitat personal amb motor,Dona,33,Driver,Desconegut                                                                                                                                            ,Unknown,Oci i entreteniment,Ferit lleu: Hospitalització fins a 24h,429544.56 ,4582114.92,2.156205024,41.385630276
2023S002993    ,2,Eixample,7,la Dreta de l'Eixample,144601,Diagonal,0408 0408,Saturday,2023,5,May,20,Morning,12,No és causa del  vianant,Car,Dona,36,Passatger,Desconegut                                                                                                                                            ,Unknown,Unknown,Ferit lleu: Hospitalització fins a 24h,430333.78 ,4583509.96,2.165482838,41.398263729
2023S002994    ,10,Sant Martí,73,la Verneda i la Pau,169409,Corts Catalanes,1173 1175,Saturday,2023,5,May,20,Morning,12,No és causa del  vianant,Car,Home,26,Passatger,Desconegut                                                                                                                                            ,Unknown,Unknown,Ferit lleu: Amb assistència sanitària en lloc d'accident,434102.35 ,4586062.74,2.210282537,41.421573847
2023S002994    ,10,Sant Martí,73,la Verneda i la Pau,169409,Corts Catalanes,1173 1175,Saturday,2023,5,May,20,Morning,12,No és causa del  vianant,Furgoneta,Home,42,Driver,Desconegut                                                                                                                                            ,Unknown,Oci i entreteniment,Ferit lleu: Hospitalització fins a 24h,434102.35 ,4586062.74,2.210282537,41.421573847
2023S002994    ,10,Sant Martí,73,la Verneda i la Pau,169409,Corts Catalanes,1173 1175,Saturday,2023,5,May,20,Morning,12,No és causa del  vianant,Car,Home,53,Driver,Desconegut                                                                                                                                            ,Unknown,Oci i entreteniment,Ferit lleu: Hospitalització fins a 24h,434102.35 ,4586062.74,2.210282537,41.421573847
2023S002995    ,2,Eixample,6,la Sagrada Família,18505,Aragó,0477 0477,Saturday,2023,5,May,20,Morning,13,No és causa del  vianant,Motorcycle,Home,29,Driver,Desconegut                                                                                                                                            ,Unknown,Es desconeix,Ferit lleu: Amb assistència sanitària en lloc d'accident,431553.57 ,4584083.99,2.180008377,41.40353866
2023S002996    ,2,Eixample,7,la Dreta de l'Eixample,350308,València,0241 0241,Saturday,2023,5,May,20,Afternoon,18,No és causa del  vianant,Motorcycle,Dona,35,Driver,Desconegut                                                                                                                                            ,Unknown,Es desconeix,Ferit lleu: Hospitalització fins a 24h,430094.67 ,4582858.13,2.16269803,41.392372148
2023S002997    ,9,Sant Andreu,59,el Bon Pastor,701498,B-10 (Besòs),000070000,Saturday,2023,5,May,20,Afternoon,18,No és causa del  vianant,Car,Dona,52,Passatger,Desconegut                                                                                                                                            ,Unknown,Unknown,Ferit lleu: Amb assistència sanitària en lloc d'accident,433346.77 ,4589084   ,2.200907985,41.448723046
2023S002997    ,9,Sant Andreu,59,el Bon Pastor,701498,B-10 (Besòs),000070000,Saturday,2023,5,May,20,Afternoon,18,No és causa del  vianant,Furgoneta,Dona,42,Driver,Desconegut                                                                                                                                            ,Unknown,Es desconeix,Ferit lleu: Amb assistència sanitària en lloc d'accident,433346.77 ,4589084   ,2.200907985,41.448723046
2023S002997    ,9,Sant Andreu,59,el Bon Pastor,701498,B-10 (Besòs),000070000,Saturday,2023,5,May,20,Afternoon,18,No és causa del  vianant,Car,Home,55,Driver,Desconegut                                                                                                                                            ,Unknown,Es desconeix,Ferit lleu: Rebutja assistència sanitària,433346.77 ,4589084   ,2.200907985,41.448723046
2023S002997    ,9,Sant Andreu,59,el Bon Pastor,701498,B-10 (Besòs),000070000,Saturday,2023,5,May,20,Afternoon,18,No és causa del  vianant,Car,Home,62,Driver,Desconegut                                                                                                                                            ,Unknown,In itínere,Ferit lleu: Amb assistència sanitària en lloc d'accident,433346.77 ,4589084   ,2.200907985,41.448723046
2023S002998    ,2,Eixample,8,l'Antiga Esquerra de l'Eixample,18505,Aragó,0185 0185,Saturday,2023,5,May,20,Afternoon,17,No és causa del  vianant,Motorcycle,Home,48,Driver,Desconegut                                                                                                                                            ,Unknown,Oci i entreteniment,Ferit lleu: Hospitalització fins a 24h,429735.29 ,4582301.52,2.158464328,41.387327612
2023S002999    ,2,Eixample,6,la Sagrada Família,268003,Provença,0459 0459,Saturday,2023,5,May,20,Afternoon,18,No és causa del  vianant,Motorcycle,Dona,24,Driver,Desconegut                                                                                                                                            ,Unknown,Oci i entreteniment,Ferit lleu: Hospitalització fins a 24h,431183.54 ,4584280.16,2.175559601,41.405273895
2023S003000    ,5,Sarrià-Sant Gervasi,26,Sant Gervasi - Galvany,701433,Mig (Ascendent),000400000,Saturday,2023,5,May,20,Night,23,No és causa del  vianant,Motorcycle,Dona,59,Passatger,Desconegut                                                                                                                                            ,Unknown,Unknown,Ferit lleu: Amb assistència sanitària en lloc d'accident,427605.52 ,4583482.64,2.1328524,41.397776536
2023S003000    ,5,Sarrià-Sant Gervasi,26,Sant Gervasi - Galvany,701433,Mig (Ascendent),000400000,Saturday,2023,5,May,20,Night,23,No és causa del  vianant,Motorcycle,Home,63,Driver,Desconegut                                                                                                                                            ,Unknown,Oci i entreteniment,Ferit lleu: Amb assistència sanitària en lloc d'accident,427605.52 ,4583482.64,2.1328524,41.397776536
2023S003001    ,5,Sarrià-Sant Gervasi,26,Sant Gervasi - Galvany,113007,Escoles Pies,0006 0006,Saturday,2023,5,May,20,Afternoon,21,No és causa del  vianant,Motorcycle,Home,18,Driver,Desconegut                                                                                                                                            ,Unknown,Es desconeix,Ferit lleu: Amb assistència sanitària en lloc d'accident,427884.67 ,4583176.48,2.136227865,41.39504417
2023S003002    ,2,Eixample,6,la Sagrada Família,350308,València,0534 0534,Saturday,2023,5,May,20,Afternoon,20,No és causa del  vianant,Motorcycle,Home,64,Driver,Desconegut                                                                                                                                            ,Unknown,Es desconeix,Ferit lleu: Hospitalització fins a 24h,431686.61 ,4584414.63,2.181562522,41.406527957
2023S003003    ,2,Eixample,7,la Dreta de l'Eixample,18505,Aragó,0341 0341,Saturday,2023,5,May,20,Afternoon,21,No és causa del  vianant,Motorcycle,Dona,22,Passatger,Desconegut                                                                                                                                            ,Unknown,Unknown,Ferit lleu: Hospitalització fins a 24h,430786.4  ,4583330.2 ,2.170917388,41.396683796
2023S003003    ,2,Eixample,7,la Dreta de l'Eixample,18505,Aragó,0341 0341,Saturday,2023,5,May,20,Afternoon,21,No és causa del  vianant,Motorcycle,Home,24,Driver,Desconegut                                                                                                                                            ,Unknown,Oci i entreteniment,Ferit lleu: Hospitalització fins a 24h,430786.4  ,4583330.2 ,2.170917388,41.396683796
2023S003004    ,7,Horta-Guinardó,35,el Guinardó,365702,Mare de Déu de Montserrat,0232 0234,Saturday,2023,5,May,20,Afternoon,21,No és causa del  vianant,Car,Dona,76,Pedestrian,En pas regulat per semàfor                                                                                                                            ,Unknown,Unknown,Ferit lleu: Hospitalització fins a 24h,431110.68 ,4586147.11,2.174475289,41.422082649
2023S003005    ,10,Sant Martí,71,Provençals del Poblenou,701414,C-31,020700000,Diumenge,2023,5,May,21,Afternoon,14,No és causa del  vianant,Car,Dona,55,Driver,Desconegut                                                                                                                                            ,Unknown,Oci i entreteniment,Ferit lleu: Hospitalització fins a 24h,432986.83 ,4584903.52,2.197062924,41.411040761
2023S003006    ,7,Horta-Guinardó,35,el Guinardó,194406,Maragall,0161 0165,Diumenge,2023,5,May,21,Morning,13,No és causa del  vianant,Autobús articulat,Dona,85,Passatger,Desconegut                                                                                                                                            ,Unknown,Unknown,Ferit lleu: Hospitalització fins a 24h,431483.35 ,4586153.26,2.178933902,41.422169927
2023S003007    ,2,Eixample,7,la Dreta de l'Eixample,350308,València,0367 0367,Diumenge,2023,5,May,21,Afternoon,16,No és causa del  vianant,Car,Dona,48,Passatger,Desconegut                                                                                                                                            ,Unknown,Unknown,Ferit lleu: Rebutja assistència sanitària,430839.39 ,4583587.88,2.17152176,41.399009201
2023S003008    ,2,Eixample,7,la Dreta de l'Eixample,169409,Corts Catalanes,0690 0690,Diumenge,2023,5,May,21,Afternoon,14,No és causa del  vianant,Autobús articulat,Dona,58,Passatger,Desconegut                                                                                                                                            ,Unknown,Unknown,Ferit lleu: Hospitalització fins a 24h,430948.88 ,4582872.68,2.172913037,41.39257703
2023S003009    ,3,Sants-Montjuïc,13,la Marina de Port,137300,Foneria,0042B0042B,Diumenge,2023,5,May,21,Night,22,No és causa del  vianant,Car,Dona,35,Passatger,Desconegut                                                                                                                                            ,Unknown,Unknown,Ferit lleu: Hospitalització fins a 24h,428172.43 ,4579432.11,2.140113687,41.361345733
2023S003010    ,2,Eixample,10,Sant Antoni,114000,Espanya,0001 0001,Dilluns,2023,5,May,22,Night,1,No és causa del  vianant,Veh. mobilitat personal amb motor,Home,27,Driver,Desconegut                                                                                                                                            ,Unknown,In itínere,Ferit lleu: Hospitalització fins a 24h,428989.31 ,4580940.29,2.149702461,41.375001931
2023S003011    ,10,Sant Martí,69,Diagonal Mar i el Front Marítim del Poblenou,322608,Selva de Mar,0001 0001,Dilluns,2023,5,May,22,Night,5,No és causa del  vianant,Motorcycle,Home,52,Driver,Desconegut                                                                                                                                            ,Unknown,Oci i entreteniment,Ferit lleu: Hospitalització fins a 24h,434402.09 ,4584203.84,2.214070853,41.404855733
2023S003012    ,4,Les Corts,19,les Corts,107004,Equador,0082 0084,Dilluns,2023,5,May,22,Morning,10,No és causa del  vianant,Motorcycle,Home,53,Driver,Desconegut                                                                                                                                            ,Unknown,En missió,Ferit lleu: Rebutja assistència sanitària,428043.39 ,4582383.01,2.138220595,41.387911914
2023S003013    ,3,Sants-Montjuïc,16,la Bordeta,89707,Constitució,0002 0002,Dilluns,2023,5,May,22,Morning,8,Desobeir el senyal del semàfor,Veh. mobilitat personal amb motor,Dona,50,Pedestrian,En pas regulat per semàfor                                                                                                                            ,Es desconeix,Unknown,Ferit lleu: Hospitalització fins a 24h,427989.79 ,4580394.9 ,2.137815919,41.37000093
2023S003014    ,2,Eixample,6,la Sagrada Família,18505,Aragó,0499 0499,Dilluns,2023,5,May,22,Morning,8,No és causa del  vianant,Ciclomotor,Dona,54,Driver,Desconegut                                                                                                                                            ,Unknown,In itínere,Ferit lleu: Hospitalització fins a 24h,431675.68 ,4584232.02,2.181452393,41.404882315
2023S003016    ,10,Sant Martí,68,el Poblenou,701266,Litoral (Llobregat),000740000,Dilluns,2023,5,May,22,Morning,9,No és causa del  vianant,Motorcycle,Home,20,Driver,Desconegut                                                                                                                                            ,Unknown,Estudiant cap a centre d'estudis,Ferit lleu: Hospitalització fins a 24h,433777.75 ,4583199.54,2.206711936,41.395759025
2023S003017    ,10,Sant Martí,68,el Poblenou,700654,Litoral,0064 0068,Dilluns,2023,5,May,22,Morning,12,No és causa del  vianant,Car,Home,75,Driver,Desconegut                                                                                                                                            ,Unknown,En missió,Ferit lleu: Hospitalització fins a 24h,433600.12 ,4582986.31,2.204610681,41.393823857
2023S003018    ,2,Eixample,7,la Dreta de l'Eixample,148307,Gràcia,0078 0078,Dilluns,2023,5,May,22,Morning,9,Creuar per fora pas de vianants,Bus,Dona,57,Passatger,Desconegut                                                                                                                                            ,Unknown,Unknown,Ferit lleu: Amb assistència sanitària en lloc d'accident,430157.28 ,4583012.79,2.163429022,41.393770563
2023S003018    ,2,Eixample,7,la Dreta de l'Eixample,148307,Gràcia,0078 0078,Dilluns,2023,5,May,22,Morning,9,Creuar per fora pas de vianants,Bus,Dona,58,Passatger,Desconegut                                                                                                                                            ,Unknown,Unknown,Ferit lleu: Hospitalització fins a 24h,430157.28 ,4583012.79,2.163429022,41.393770563
2023S003018    ,2,Eixample,7,la Dreta de l'Eixample,148307,Gràcia,0078 0078,Dilluns,2023,5,May,22,Morning,9,Creuar per fora pas de vianants,Bus,Dona,59,Passatger,Desconegut                                                                                                                                            ,Unknown,Unknown,Ferit lleu: Hospitalització fins a 24h,430157.28 ,4583012.79,2.163429022,41.393770563
2023S003018    ,2,Eixample,7,la Dreta de l'Eixample,148307,Gràcia,0078 0078,Dilluns,2023,5,May,22,Morning,9,Creuar per fora pas de vianants,Bus,Home,74,Passatger,Desconegut                                                                                                                                            ,Unknown,Unknown,Ferit lleu: Hospitalització fins a 24h,430157.28 ,4583012.79,2.163429022,41.393770563
2023S003019    ,10,Sant Martí,65,el Clot,209900,Meridiana,0158 0158,Dilluns,2023,5,May,22,Morning,12,No és causa del  vianant,Car,Dona,26,Pedestrian,En pas regulat per semàfor                                                                                                                            ,Es desconeix,Unknown,Ferit lleu: Hospitalització fins a 24h,432161.53 ,4584895.27,2.187190083,41.410897181
2023S003021    ,2,Eixample,8,l'Antiga Esquerra de l'Eixample,191204,Mallorca,0160 0160,Dilluns,2023,5,May,22,Morning,13,Desobeir el senyal del semàfor,Motorcycle,Home,32,Pedestrian,En pas regulat per semàfor                                                                                                                            ,Unknown,Unknown,Ferit lleu: Hospitalització fins a 24h,429452.6  ,4582399.4 ,2.15507212,41.388184428
2023S003022    ,3,Sants-Montjuïc,13,la Marina de Port,124706,Ferrocarrils Catalans,0032 0032,Dilluns,2023,5,May,22,Morning,13,Desobeir altres senyals,Car,Dona,25,Passatger,Desconegut                                                                                                                                            ,Unknown,Unknown,Ferit lleu: Amb assistència sanitària en lloc d'accident,428205.27 ,4579648.21,2.140480683,41.363295005
2023S003022    ,3,Sants-Montjuïc,13,la Marina de Port,124706,Ferrocarrils Catalans,0032 0032,Dilluns,2023,5,May,22,Morning,13,Desobeir altres senyals,Car,Home,43,Driver,Desconegut                                                                                                                                            ,Unknown,En pràctiques d'autoescola,Ferit lleu: Amb assistència sanitària en lloc d'accident,428205.27 ,4579648.21,2.140480683,41.363295005
2023S003023    ,2,Eixample,8,l'Antiga Esquerra de l'Eixample,169409,Corts Catalanes,0583 0583,Dilluns,2023,5,May,22,Morning,13,No és causa del  vianant,Motorcycle,Home,48,Driver,Desconegut                                                                                                                                            ,Unknown,Es desconeix,Ferit lleu: Hospitalització fins a 24h,430121.36 ,4582099.83,2.163104777,41.385544703
2023S003024    ,1,Ciutat Vella,1,el Raval,250904,Pelai,0058 0058,Dilluns,2023,5,May,22,Afternoon,15,No és causa del  vianant,Ciclomotor,Home,39,Driver,Desconegut                                                                                                                                            ,Unknown,In itínere,Ferit lleu: Hospitalització fins a 24h,430643.28 ,4582079.93,2.169348755,41.385410662
2023S003025    ,6,Gràcia,31,la Vila de Gràcia,144601,Diagonal,0468 0470,Dilluns,2023,5,May,22,Afternoon,16,No és causa del  vianant,Veh. mobilitat personal amb motor,Home,54,Driver,Desconegut                                                                                                                                            ,Unknown,Es desconeix,Ferit lleu: Hospitalització fins a 24h,429570.02 ,4583264.8 ,2.15637572,41.395989087
2023S003026    ,5,Sarrià-Sant Gervasi,27,el Putxet i el Farró,279600,República Argentina,0101U0101U,Dilluns,2023,5,May,22,Afternoon,16,No és causa del  vianant,Ciclomotor,Dona,53,Pedestrian,En pas regulat per semàfor                                                                                                                            ,Oci i entreteniment,Unknown,Ferit lleu: Hospitalització fins a 24h,428573.99 ,4584975.32,2.14426029,41.41130718
2023S003027    ,10,Sant Martí,67,la Vila Olímpica del Poblenou,197302,Marina,0033 0033,Dilluns,2023,5,May,22,Afternoon,15,No és causa del  vianant,Car,Dona,29,Pedestrian,En pas regulat per semàfor                                                                                                                            ,Es desconeix,Unknown,Ferit lleu: Amb assistència sanitària en lloc d'accident,432592.28 ,4582626.29,2.19259629,41.390497358
2023S003028    ,2,Eixample,10,Sant Antoni,362001,Vilamarí,0021 0021,Dilluns,2023,5,May,22,Afternoon,18,No és causa del  vianant,Motorcycle,Home,63,Driver,Desconegut                                                                                                                                            ,Unknown,In itínere,Ferit lleu: Amb assistència sanitària en lloc d'accident,429269.66 ,4581057.55,2.153040952,41.376082757
2023S003029    ,2,Eixample,7,la Dreta de l'Eixample,169409,Corts Catalanes,0685 0685,Dilluns,2023,5,May,22,Afternoon,17,No és causa del  vianant,Motorcycle,Home,60,Driver,Desconegut                                                                                                                                            ,Unknown,Es desconeix,Ferit lleu: Rebutja assistència sanitària,431363.28 ,4583313.93,2.177819397,41.396586731
2023S003030    ,8,Nou Barris,44,Vilapicina i la Torre Llobeta,258509,Pitàgores,0009 0009,Dilluns,2023,5,May,22,Afternoon,18,No és causa del  vianant,Furgoneta,Dona,75,Pedestrian,En pas sense regular                                                                                                                                  ,Unknown,Unknown,Ferit lleu: Hospitalització fins a 24h,430364.02 ,4586837.25,2.165461369,41.42823408
2023S003030    ,8,Nou Barris,44,Vilapicina i la Torre Llobeta,258509,Pitàgores,0009 0009,Dilluns,2023,5,May,22,Afternoon,18,No és causa del  vianant,Furgoneta,Home,78,Pedestrian,En pas sense regular                                                                                                                                  ,Unknown,Unknown,Ferit lleu: Hospitalització fins a 24h,430364.02 ,4586837.25,2.165461369,41.42823408