Case_Number,District_Code,District_Name,Neighborhood_Code,Neighborhood_Name,Street_Code,Street_Name,Postal_Code,Day_of_Week,Year,Month_Code,Month_Name,Day_of_Month,Shift_Description,Hour_of_Day,Pedestrian_Cause_Description,Involved_Vehicle_Type,Gender_Description,Age,Person_Type_Description,Pedestrian_Accident_Location_Description,Pedestrian_Movement_Reason_Description,Driver_Movement_Reason_Description,Victimization_Description,UTM_X_Coordinate,UTM_Y_Coordinate,Longitude,Latitude
2023S003031    ,-1,Unknown,-1,Unknown,-1,Unknown,Unknown,Dilluns,2023,5,May,22,Afternoon,18,No és causa del  vianant,Motorcycle,Dona,23,Passatger,Desconegut                                                                                                                                            ,Unknown,Unknown,Ferit lleu: Hospitalització fins a 24h,430513.1  ,4584954.86,2.167461791,41.411292984
2023S003031    ,-1,Unknown,-1,Unknown,-1,Unknown,Unknown,Dilluns,2023,5,May,22,Afternoon,18,No és causa del  vianant,Motorcycle,Dona,30,Driver,Desconegut                                                                                                                                            ,Unknown,Oci i entreteniment,Ferit lleu: Hospitalització fins a 24h,430513.1  ,4584954.86,2.167461791,41.411292984
2023S003032    ,10,Sant Martí,64,el Camp de l'Arpa del Clot,17433,Antic de Bofarull,0002B0002B,Dilluns,2023,5,May,22,Afternoon,19,No és causa del  vianant,Motorcycle,Home,54,Driver,Desconegut                                                                                                                                            ,Unknown,Es desconeix,Ferit lleu: Hospitalització fins a 24h,432134.81 ,4584834.86,2.186877189,41.410350829
2023S003033    ,8,Nou Barris,52,la Prosperitat,282650,Rio de Janeiro,0091 0091,Dilluns,2023,5,May,22,Afternoon,17,No és causa del  vianant,Veh. mobilitat personal amb motor,Dona,9,Pedestrian,A la vorera / Andana                                                                                                                                  ,Oci i entreteniment,Unknown,Ferit lleu: Amb assistència sanitària en lloc d'accident,431787.59 ,4588106.71,2.18235383,41.439789887
2023S003033    ,8,Nou Barris,52,la Prosperitat,282650,Rio de Janeiro,0091 0091,Dilluns,2023,5,May,22,Afternoon,17,No és causa del  vianant,Veh. mobilitat personal amb motor,Dona,18,Driver,A la vorera / Andana                                                                                                                                  ,Unknown,Es desconeix,Ferit lleu: Amb assistència sanitària en lloc d'accident,431787.59 ,4588106.71,2.18235383,41.439789887
2023S003034    ,6,Gràcia,31,la Vila de Gràcia,267000,Riera de Cassoles,0030 0030,Dilluns,2023,5,May,22,Afternoon,21,Desobeir el senyal del semàfor,Motorcycle,Home,74,Pedestrian,Fora del pas                                                                                                                                          ,Es desconeix,Unknown,Ferit lleu: Hospitalització fins a 24h,429050.42 ,4584083.49,2.150064802,41.403317027
2023S003034    ,6,Gràcia,31,la Vila de Gràcia,267000,Riera de Cassoles,0030 0030,Dilluns,2023,5,May,22,Afternoon,21,Desobeir el senyal del semàfor,Motorcycle,Home,25,Driver,Fora del pas                                                                                                                                          ,Unknown,Es desconeix,Ferit lleu: Hospitalització fins a 24h,429050.42 ,4584083.49,2.150064802,41.403317027
2023S003035    ,3,Sants-Montjuïc,13,la Marina de Port,230601,Mare de Déu de Port,0148V0148V,Dilluns,2023,5,May,22,Night,23,No és causa del  vianant,Motorcycle,Dona,45,Passatger,Desconegut                                                                                                                                            ,Unknown,Unknown,Ferit lleu: Hospitalització fins a 24h,428458.71 ,4579056.19,2.143580406,41.357985444
2023S003035    ,3,Sants-Montjuïc,13,la Marina de Port,230601,Mare de Déu de Port,0148V0148V,Dilluns,2023,5,May,22,Night,23,No és causa del  vianant,Motorcycle,Home,46,Driver,Desconegut                                                                                                                                            ,Unknown,Oci i entreteniment,Ferit lleu: Hospitalització fins a 24h,428458.71 ,4579056.19,2.143580406,41.357985444
2023S003036    ,8,Nou Barris,55,Ciutat Meridiana,275600,Rasos de Peguera,0088 0088,Dilluns,2023,5,May,22,Night,2,No és causa del  vianant,Car,Dona,32,Driver,Desconegut                                                                                                                                            ,Unknown,"Bombers, policia, ambulància",Ferit lleu: Hospitalització fins a 24h,431331.73 ,4590473.53,2.176628306,41.461068046
2023S003036    ,8,Nou Barris,55,Ciutat Meridiana,275600,Rasos de Peguera,0088 0088,Dilluns,2023,5,May,22,Night,2,No és causa del  vianant,Car,Dona,18,Passatger,Desconegut                                                                                                                                            ,Unknown,Unknown,Ferit lleu: Hospitalització fins a 24h,431331.73 ,4590473.53,2.176628306,41.461068046
2023S003037    ,2,Eixample,6,la Sagrada Família,268003,Provença,0385 0387,Dilluns,2023,1,January,2,Morning,12,No és causa del  vianant,Bicicleta,Home,32,Driver,Altres                                                                                                                                                ,Unknown,Es desconeix,Ferit lleu: Hospitalització fins a 24h,430829.2  ,4583922.32,2.171361638,41.402020518
2023S003038    ,2,Eixample,5,el Fort Pienc,144601,Diagonal,9994 9994,Dimarts,2023,5,May,23,Morning,7,No és causa del  vianant,Motorcycle,Home,25,Driver,Desconegut                                                                                                                                            ,Unknown,In itínere,Ferit lleu: Amb assistència sanitària en lloc d'accident,431207.13 ,4583723.12,2.175905143,41.40025883
2023S003039    ,5,Sarrià-Sant Gervasi,23,Sarrià,62507,Capità Arenas,0043 0043,Dimarts,2023,5,May,23,Morning,8,No és causa del  vianant,Car,Home,64,Pedestrian,Altres                                                                                                                                                ,Unknown,Unknown,Ferit lleu: Hospitalització fins a 24h,426985.34 ,4582853.9 ,2.125510135,41.392057633
2023S003040    ,2,Eixample,8,l'Antiga Esquerra de l'Eixample,51205,Buenos Aires,0047 0047,Dilluns,2023,5,May,22,Night,22,No és causa del  vianant,Motorcycle,Home,28,Driver,Desconegut                                                                                                                                            ,Unknown,En missió,Ferit lleu: Hospitalització fins a 24h,428794.3  ,4582881.46,2.147142455,41.392468133
2023S003041    ,3,Sants-Montjuïc,13,la Marina de Port,230601,Mare de Déu de Port,0249 0249,Dimarts,2023,5,May,23,Morning,9,No és causa del  vianant,Bicicleta,Home,55,Driver,Desconegut                                                                                                                                            ,Unknown,In itínere,Ferit lleu: Hospitalització fins a 24h,428396.8  ,4579154.8 ,2.14282869,41.358868087
2023S003042    ,8,Nou Barris,51,Verdun,120807,Favència,0274 0288,Dimarts,2023,5,May,23,Morning,9,No és causa del  vianant,Car,Home,44,Driver,Desconegut                                                                                                                                            ,Unknown,Altres activitats,Ferit lleu: Hospitalització fins a 24h,431311.39 ,4588712.57,2.17658522,41.445206023
2023S003042    ,8,Nou Barris,51,Verdun,120807,Favència,0274 0288,Dimarts,2023,5,May,23,Morning,9,No és causa del  vianant,Car,Dona,39,Passatger,Desconegut                                                                                                                                            ,Unknown,Unknown,Ferit lleu: Hospitalització fins a 24h,431311.39 ,4588712.57,2.17658522,41.445206023
2023S003044    ,5,Sarrià-Sant Gervasi,27,el Putxet i el Farró,32700,Balmes,0330 0332,Dimarts,2023,5,May,23,Morning,10,No és causa del  vianant,Motorcycle,Dona,26,Driver,Desconegut                                                                                                                                            ,Unknown,Es desconeix,Ferit lleu: Hospitalització fins a 24h,428523.23 ,4584068.95,2.143760115,41.403139348
2023S003045    ,10,Sant Martí,67,la Vila Olímpica del Poblenou,701266,Litoral (Llobregat),000830000,Dimarts,2023,5,May,23,Morning,11,No és causa del  vianant,Veh. mobilitat personal amb motor,Dona,50,Driver,Desconegut                                                                                                                                            ,Unknown,Oci i entreteniment,Ferit greu: hospitalització superior a 24h,433167.94 ,4582635.8 ,2.199480195,41.390631079
2023S003046    ,10,Sant Martí,65,el Clot,350308,València,0640 0644,Dimarts,2023,5,May,23,Morning,10,No és causa del  vianant,Autobús articulat,Dona,84,Passatger,Desconegut                                                                                                                                            ,Unknown,Unknown,Ferit lleu: Hospitalització fins a 24h,432270.8  ,4584972.11,2.188488764,41.411598477
2023S003047    ,2,Eixample,7,la Dreta de l'Eixample,169409,Corts Catalanes,0670 0670,Dimarts,2023,5,May,23,Morning,10,No és causa del  vianant,Autobús articulat,Dona,70,Passatger,Desconegut                                                                                                                                            ,Unknown,Unknown,Ferit lleu: Hospitalització fins a 24h,430856.46 ,4582782.32,2.171817977,41.39175524
2023S003048    ,6,Gràcia,31,la Vila de Gràcia,206403,Gran de Gràcia,0072 0072,Dimarts,2023,5,May,23,Morning,12,No és causa del  vianant,Bicicleta,Dona,22,Driver,Desconegut                                                                                                                                            ,Unknown,Es desconeix,Ferit lleu: Hospitalització fins a 24h,429497.51 ,4583693.13,2.155458526,41.399840547
2023S003049    ,3,Sants-Montjuïc,16,la Bordeta,701377,Carrilet,0028 0028,Dimarts,2023,5,May,23,Morning,13,No és causa del  vianant,Motorcycle,Home,26,Driver,Desconegut                                                                                                                                            ,Unknown,Es desconeix,Ferit lleu: Hospitalització fins a 24h,427568.12 ,4579901.01,2.13283339,41.365514784
2023S003050    ,2,Eixample,9,la Nova Esquerra de l'Eixample,169409,Corts Catalanes,0523 0523,Dimarts,2023,5,May,23,Morning,12,No és causa del  vianant,Veh. mobilitat personal amb motor,Home,37,Driver,Desconegut                                                                                                                                            ,Unknown,Es desconeix,Ferit lleu: Hospitalització fins a 24h,429737.74 ,4581724.85,2.15856054,41.382133946
2023S003051    ,2,Eixample,8,l'Antiga Esquerra de l'Eixample,144601,Diagonal,0411 0411,Dimarts,2023,5,May,23,Morning,11,No és causa del  vianant,Motorcycle,Home,32,Driver,Desconegut                                                                                                                                            ,Unknown,Es desconeix,Ferit lleu: Hospitalització fins a 24h,429408.57 ,4583157.34,2.154457153,41.395007068
2023S003052    ,2,Eixample,8,l'Antiga Esquerra de l'Eixample,100800,Diputació,0220 0220,Dimarts,2023,5,May,23,Afternoon,16,No és causa del  vianant,Motorcycle,Dona,46,Driver,Desconegut                                                                                                                                            ,Unknown,Es desconeix,Ferit lleu: Hospitalització fins a 24h,430018.62 ,4582204.72,2.161863977,41.386480478
2023S003053    ,9,Sant Andreu,57,la Trinitat Vella,701501,B-20 (Llobregat),001620000,Dimarts,2023,5,May,23,Afternoon,17,No és causa del  vianant,Motorcycle,Home,21,Driver,Desconegut                                                                                                                                            ,Unknown,Es desconeix,Ferit lleu: Hospitalització fins a 24h,432744.63 ,4589215.29,2.193685264,41.449855274
2023S003054    ,2,Eixample,6,la Sagrada Família,268003,Provença,0403 0403,Dimarts,2023,5,May,23,Afternoon,17,No és causa del  vianant,Bicicleta,Dona,25,Driver,Desconegut                                                                                                                                            ,Unknown,Es desconeix,Ferit lleu: Hospitalització fins a 24h,430915.08 ,4584036.08,2.172375957,41.403052506
2023S003056    ,5,Sarrià-Sant Gervasi,23,Sarrià,701267,Dalt (Besòs),0009E0000,Saturday,2023,5,May,20,Afternoon,17,No és causa del  vianant,Car,Dona,21,Driver,Desconegut                                                                                                                                            ,Unknown,Oci i entreteniment,Ferit lleu: Hospitalització fins a 24h,425982.38 ,4583777.91,2.113401582,41.400288051
2023S003057    ,2,Eixample,7,la Dreta de l'Eixample,18505,Aragó,0270 0270,Dimarts,2023,5,May,23,Afternoon,21,Creuar per fora pas de vianants,Bicicleta,Dona,56,Pedestrian,Fora del pas                                                                                                                                          ,Oci i entreteniment,Unknown,Ferit lleu: Amb assistència sanitària en lloc d'accident,430215.73 ,4582751.32,2.164158264,41.391420664
2023S003058    ,8,Nou Barris,46,el Turó de la Peira,366501,Virrei Amat,0007 0007,Dimarts,2023,5,May,23,Afternoon,20,No és causa del  vianant,Bus,Dona,84,Passatger,Desconegut                                                                                                                                            ,Unknown,Unknown,Ferit lleu: Hospitalització fins a 24h,431137.73 ,4587060.17,2.174694913,41.430308581
2023S003060    ,10,Sant Martí,67,la Vila Olímpica del Poblenou,700884,Voluntaris Olímpics,9999 9999,Dimecres,2023,5,May,24,Night,1,No és causa del  vianant,Taxi,Home,24,Driver,Desconegut                                                                                                                                            ,Unknown,Taxi,Ferit lleu: Hospitalització fins a 24h,432869.81 ,4582348.98,2.195946327,41.38802292
2023S003061    ,3,Sants-Montjuïc,11,el Poble-sec,198804,Paral·lel,0051 0053,Dimecres,2023,5,May,24,Morning,6,Desobeir el senyal del semàfor,Motorcycle,Home,34,Pedestrian,En pas regulat per semàfor                                                                                                                            ,Oci i entreteniment,Unknown,Ferit lleu: Amb assistència sanitària en lloc d'accident,430879.48 ,4580880.61,2.172310361,41.37462907
2023S003061    ,3,Sants-Montjuïc,11,el Poble-sec,198804,Paral·lel,0051 0053,Dimecres,2023,5,May,24,Morning,6,Desobeir el senyal del semàfor,Motorcycle,Home,41,Driver,En pas regulat per semàfor                                                                                                                            ,Unknown,In itínere,Ferit lleu: Amb assistència sanitària en lloc d'accident,430879.48 ,4580880.61,2.172310361,41.37462907
2023S003062    ,5,Sarrià-Sant Gervasi,25,Sant Gervasi - la Bonanova,701267,Dalt (Besòs),000810000,Dimecres,2023,5,May,24,Morning,7,No és causa del  vianant,Car,Dona,56,Driver,Desconegut                                                                                                                                            ,Unknown,En missió,Ferit lleu: Hospitalització fins a 24h,426972.87 ,4584864.31,2.125118346,41.410163403
2023S003063    ,2,Eixample,7,la Dreta de l'Eixample,169409,Corts Catalanes,0645 0645,Dimecres,2023,5,May,24,Morning,8,No és causa del  vianant,Motorcycle,Dona,22,Driver,Desconegut                                                                                                                                            ,Unknown,Es desconeix,Ferit lleu: Hospitalització fins a 24h,430886.26 ,4582847.07,2.172167,41.392340987
2023S003064    ,2,Eixample,10,Sant Antoni,169409,Corts Catalanes,0428 0428,Dimecres,2023,5,May,24,Morning,9,No és causa del  vianant,Motorcycle,Home,56,Passatger,Desconegut                                                                                                                                            ,Unknown,Unknown,Ferit lleu: Hospitalització fins a 24h,429275.87 ,4581307.9 ,2.153085979,41.378338124
2023S003064    ,2,Eixample,10,Sant Antoni,169409,Corts Catalanes,0428 0428,Dimecres,2023,5,May,24,Morning,9,No és causa del  vianant,Motorcycle,Home,55,Driver,Desconegut                                                                                                                                            ,Unknown,Oci i entreteniment,Ferit greu: hospitalització superior a 24h,429275.87 ,4581307.9 ,2.153085979,41.378338124
2023S003065    ,5,Sarrià-Sant Gervasi,26,Sant Gervasi - Galvany,32700,Balmes,0291 0291,Dimecres,2023,5,May,24,Morning,8,No és causa del  vianant,Motorcycle,Home,58,Driver,Desconegut                                                                                                                                            ,Unknown,Es desconeix,Ferit lleu: Hospitalització fins a 24h,428762.08 ,4583896.74,2.14663758,41.401609529
2023S003066    ,3,Sants-Montjuïc,16,la Bordeta,160903,Ildefons Cerdà,0007 0007,Dimecres,2023,5,May,24,Morning,9,No és causa del  vianant,Motorcycle,Dona,29,Driver,Desconegut                                                                                                                                            ,Unknown,In itínere,Ferit lleu: Amb assistència sanitària en lloc d'accident,427718.43 ,4579750.57,2.134648336,41.364173341
2023S003068    ,5,Sarrià-Sant Gervasi,25,Sant Gervasi - la Bonanova,2403,Adrià Margarit,0029 0031,Dimecres,2023,5,May,24,Morning,9,No és causa del  vianant,Motorcycle,Home,29,Driver,Desconegut                                                                                                                                            ,Unknown,In itínere,Ferit lleu: Rebutja assistència sanitària,427518.18 ,4585332.24,2.131586079,41.414427233
2023S003069    ,2,Eixample,9,la Nova Esquerra de l'Eixample,169409,Corts Catalanes,0521 0521,Dimecres,2023,5,May,24,Morning,12,No és causa del  vianant,Motorcycle,Home,46,Driver,Desconegut                                                                                                                                            ,Unknown,Es desconeix,Ferit lleu: Hospitalització fins a 24h,429737.74 ,4581724.85,2.15856054,41.382133946
2023S003070    ,2,Eixample,5,el Fort Pienc,238400,Padilla,0152 0152,Dimecres,2023,5,May,24,Morning,12,No és causa del  vianant,Motorcycle,Dona,62,Driver,Desconegut                                                                                                                                            ,Unknown,Es desconeix,Ferit lleu: Rebutja assistència sanitària,431895.3  ,4583755.32,2.184133305,41.400607464
2023S003071    ,2,Eixample,6,la Sagrada Família,289105,Rosselló,0423 0423,Dimecres,2023,5,May,24,Morning,13,No és causa del  vianant,Veh. mobilitat personal amb motor,Dona,64,Pedestrian,En zona peatonal                                                                                                                                      ,Unknown,Unknown,Ferit lleu: Hospitalització fins a 24h,430923.02 ,4584231.84,2.172448585,41.404816336
2023S003072    ,2,Eixample,7,la Dreta de l'Eixample,148307,Gràcia,0075 0075,Dimecres,2023,5,May,24,Afternoon,14,No és causa del  vianant,Motorcycle,Dona,40,Passatger,Desconegut                                                                                                                                            ,Unknown,Unknown,Ferit lleu: Hospitalització fins a 24h,430056.1  ,4583030.32,2.162216822,41.393919652
2023S003072    ,2,Eixample,7,la Dreta de l'Eixample,148307,Gràcia,0075 0075,Dimecres,2023,5,May,24,Afternoon,14,No és causa del  vianant,Motorcycle,Home,35,Driver,Desconegut                                                                                                                                            ,Unknown,Oci i entreteniment,Ferit lleu: Amb assistència sanitària en lloc d'accident,430056.1  ,4583030.32,2.162216822,41.393919652
2023S003073    ,8,Nou Barris,49,Canyelles,701268,Dalt (Llobregat),001350000,Dimecres,2023,5,May,24,Morning,13,No és causa del  vianant,Motorcycle,Home,29,Driver,Desconegut                                                                                                                                            ,Unknown,In itínere,Ferit lleu: Hospitalització fins a 24h,430361.27 ,4588243.81,2.165266294,41.440902185
2023S003074    ,7,Horta-Guinardó,43,Horta,700784,Cementiri de Collserola,0012 0012,Dimecres,2023,5,May,24,Morning,12,No és causa del  vianant,Car,Home,33,Passatger,Desconegut                                                                                                                                            ,Unknown,Unknown,Ferit lleu: Hospitalització fins a 24h,429539.54 ,4588886.02,2.155355862,41.446614566
2023S003074    ,7,Horta-Guinardó,43,Horta,700784,Cementiri de Collserola,0012 0012,Dimecres,2023,5,May,24,Morning,12,No és causa del  vianant,Car,Home,47,Driver,Desconegut                                                                                                                                            ,Unknown,In itínere,Ferit lleu: Hospitalització fins a 24h,429539.54 ,4588886.02,2.155355862,41.446614566
2023S003075    ,4,Les Corts,21,Pedralbes,244300,Pius XII,0002X0002X,Dimecres,2023,5,May,24,Afternoon,16,No és causa del  vianant,Veh. mobilitat personal amb motor,Dona,42,Driver,Desconegut                                                                                                                                            ,Unknown,Es desconeix,Ferit lleu: Hospitalització fins a 24h,426793.07 ,4582325.32,2.12327447,41.387279445
2023S003076    ,3,Sants-Montjuïc,13,la Marina de Port,160903,Ildefons Cerdà,0003 0003,Dimecres,2023,5,May,24,Afternoon,16,No és causa del  vianant,Motorcycle,Home,59,Driver,Desconegut                                                                                                                                            ,Unknown,Oci i entreteniment,Ferit lleu: Hospitalització fins a 24h,427817.98 ,4579776.81,2.135835341,41.364418612
2023S003077    ,2,Eixample,6,la Sagrada Família,68900,Cartagena,0305 0305,Dimecres,2023,5,May,24,Afternoon,15,No és causa del  vianant,Motorcycle,Home,52,Driver,Desconegut                                                                                                                                            ,Unknown,In itínere,Ferit lleu: Amb assistència sanitària en lloc d'accident,431178.88 ,4584841.26,2.175440009,41.410327143
2023S003078    ,-1,Unknown,-1,Unknown,-1,Unknown,Unknown,Dimecres,2023,5,May,24,Afternoon,18,No és causa del  vianant,Bicicleta,Home,42,Driver,Desconegut                                                                                                                                            ,Unknown,Es desconeix,Ferit lleu: Hospitalització fins a 24h,428310.7  ,4581655.17,2.141503645,41.381380404
2023S003079    ,2,Eixample,8,l'Antiga Esquerra de l'Eixample,289105,Rosselló,0219 0219,Dimecres,2023,5,May,24,Afternoon,19,No és causa del  vianant,Car,Dona,23,Passatger,Desconegut                                                                                                                                            ,Unknown,Unknown,Ferit lleu: Hospitalització fins a 24h,429649.26 ,4582966.26,2.15735821,41.393307179
2023S003079    ,2,Eixample,8,l'Antiga Esquerra de l'Eixample,289105,Rosselló,0219 0219,Dimecres,2023,5,May,24,Afternoon,19,No és causa del  vianant,Car,Dona,71,Driver,Desconegut                                                                                                                                            ,Unknown,Oci i entreteniment,Ferit lleu: Hospitalització fins a 24h,429649.26 ,4582966.26,2.15735821,41.393307179
2023S003080    ,6,Gràcia,31,la Vila de Gràcia,267000,Riera de Cassoles,0008 0008,Dimecres,2023,5,May,24,Afternoon,17,Desobeir el senyal del semàfor,Motorcycle,Dona,49,Pedestrian,En pas regulat per semàfor                                                                                                                            ,Es desconeix,Unknown,Ferit lleu: Hospitalització fins a 24h,429115.59 ,4583945.87,2.150860511,41.402083286
2023S003080    ,6,Gràcia,31,la Vila de Gràcia,267000,Riera de Cassoles,0008 0008,Dimecres,2023,5,May,24,Afternoon,17,Desobeir el senyal del semàfor,Motorcycle,Home,61,Driver,En pas regulat per semàfor                                                                                                                            ,Unknown,Es desconeix,Ferit greu: hospitalització superior a 24h,429115.59 ,4583945.87,2.150860511,41.402083286
2023S003081    ,10,Sant Martí,71,Provençals del Poblenou,30409,Bac de Roda,0158 0160,Dimecres,2023,5,May,24,Afternoon,17,No és causa del  vianant,Motorcycle,Dona,25,Driver,Desconegut                                                                                                                                            ,Unknown,In itínere,Ferit lleu: Hospitalització fins a 24h,433186.49 ,4584891.95,2.19945291,41.410953186
2023S003082    ,4,Les Corts,20,la Maternitat i Sant Ramon,144601,Diagonal,0621 0621,Dimecres,2023,5,May,24,Afternoon,17,No és causa del  vianant,Motorcycle,Dona,25,Driver,Desconegut                                                                                                                                            ,Unknown,In itínere,Ferit lleu: Hospitalització fins a 24h,427067.42 ,4582366.31,2.126550566,41.38767356
2023S003083    ,9,Sant Andreu,59,el Bon Pastor,295709,Sant Adrià,0137 0139,Dimecres,2023,5,May,24,Afternoon,19,No és causa del  vianant,Motorcycle,Dona,57,Pedestrian,En pas sense regular                                                                                                                                  ,Unknown,Unknown,Ferit lleu: Hospitalització fins a 24h,433785.98 ,4587717.23,2.206315581,41.436449341
2023S003084    ,3,Sants-Montjuïc,11,el Poble-sec,700701,Doctor Font i Quer,0019 0019,Saturday,2023,7,July,8,Morning,12,No és causa del  vianant,Motorcycle,Dona,50,Passatger,Desconegut                                                                                                                                            ,Unknown,Unknown,Ferit lleu: Amb assistència sanitària en lloc d'accident,429945.51 ,4580053.24,2.161238438,41.367096387
2023S003084    ,3,Sants-Montjuïc,11,el Poble-sec,700701,Doctor Font i Quer,0019 0019,Saturday,2023,7,July,8,Morning,12,No és causa del  vianant,Motorcycle,Home,66,Driver,Desconegut                                                                                                                                            ,Unknown,Oci i entreteniment,Ferit lleu: Hospitalització fins a 24h,429945.51 ,4580053.24,2.161238438,41.367096387
2023S003085    ,-1,Unknown,-1,Unknown,-1,Unknown,Unknown,Thursday,2023,5,May,25,Night,1,No és causa del  vianant,Motorcycle,Dona,22,Passatger,Desconegut                                                                                                                                            ,Unknown,Unknown,Ferit lleu: Rebutja assistència sanitària,430383.18 ,4581978.54,2.166249854,41.384474994
2023S003085    ,-1,Unknown,-1,Unknown,-1,Unknown,Unknown,Thursday,2023,5,May,25,Night,1,No és causa del  vianant,Motorcycle,Home,36,Driver,Desconegut                                                                                                                                            ,Unknown,Oci i entreteniment,Ferit lleu: Rebutja assistència sanitària,430383.18 ,4581978.54,2.166249854,41.384474994
2023S003086    ,5,Sarrià-Sant Gervasi,26,Sant Gervasi - Galvany,143507,Pau Casals,0024 0024,Thursday,2023,5,May,25,Morning,10,No és causa del  vianant,Car,Home,33,Pedestrian,En pas sense regular                                                                                                                                  ,Es desconeix,Unknown,Ferit lleu: Hospitalització fins a 24h,428375.41 ,4583071.66,2.142109897,41.394143977
2023S003087    ,4,Les Corts,20,la Maternitat i Sant Ramon,244300,Pius XII,0005 0005,Thursday,2023,5,May,25,Morning,10,No és causa del  vianant,Motorcycle,Home,40,Driver,Desconegut                                                                                                                                            ,Unknown,En missió,Ferit lleu: Amb assistència sanitària en lloc d'accident,426793.07 ,4582325.32,2.12327447,41.387279445
2023S003089    ,5,Sarrià-Sant Gervasi,27,el Putxet i el Farró,32700,Balmes,0390 0390,Thursday,2023,5,May,25,Morning,8,No és causa del  vianant,Bus,Home,3,Passatger,Desconegut                                                                                                                                            ,Unknown,Unknown,Ferit lleu: Amb assistència sanitària en lloc d'accident,428167.75 ,4584332.51,2.139476479,41.405481428
2023S003090    ,2,Eixample,7,la Dreta de l'Eixample,247659,Pau Claris,0154 0154,Thursday,2023,5,May,25,Morning,11,No és causa del  vianant,Bicicleta,Home,37,Driver,Desconegut                                                                                                                                            ,Unknown,En missió,Ferit lleu: Hospitalització fins a 24h,430282.93 ,4583096.35,2.164922247,41.394534069
2023S003091    ,10,Sant Martí,69,Diagonal Mar i el Front Marítim del Poblenou,30409,Bac de Roda,0098X0098X,Thursday,2023,5,May,25,Morning,13,No és causa del  vianant,Motorcycle,Home,37,Driver,Desconegut                                                                                                                                            ,Unknown,Es desconeix,Ferit lleu: Hospitalització fins a 24h,433559.9  ,4584512.34,2.203962044,41.40756511
2023S003092    ,2,Eixample,9,la Nova Esquerra de l'Eixample,245802,París,0113 0115,Diumenge,2023,5,May,21,Afternoon,18,No és causa del  vianant,Veh. mobilitat personal amb motor,Home,25,Driver,Desconegut                                                                                                                                            ,Unknown,Oci i entreteniment,Ferit lleu: Hospitalització fins a 24h,428885.89 ,4582593.13,2.148271772,41.389879356
2023S003093    ,2,Eixample,7,la Dreta de l'Eixample,148307,Gràcia,0072S0072S,Thursday,2023,5,May,25,Morning,12,No és causa del  vianant,Bicicleta,Dona,34,Driver,Desconegut                                                                                                                                            ,Unknown,Es desconeix,Ferit lleu: Rebutja assistència sanitària,430187.73 ,4582930.63,2.163802698,41.39303322
2023S003094    ,2,Eixample,9,la Nova Esquerra de l'Eixample,349706,Comte d'Urgell,0075 0075,Thursday,2023,5,May,25,Morning,13,Desobeir el senyal del semàfor,Veh. mobilitat personal amb motor,Dona,48,Pedestrian,En pas regulat per semàfor                                                                                                                            ,Unknown,Unknown,Ferit lleu: Hospitalització fins a 24h,429624.08 ,4581865.05,2.15718505,41.383386743
2023S003095    ,3,Sants-Montjuïc,13,la Marina de Port,137300,Foneria,0017X0017X,Thursday,2023,5,May,25,Morning,13,No és causa del  vianant,Motorcycle,Dona,29,Driver,Desconegut                                                                                                                                            ,Unknown,Es desconeix,Ferit lleu: Hospitalització fins a 24h,427942.71 ,4579273.62,2.137386315,41.359897729
2023S003096    ,10,Sant Martí,67,la Vila Olímpica del Poblenou,367504,Doctor Trueta,0100 0100,Thursday,2023,5,May,25,Afternoon,14,No és causa del  vianant,Bicicleta,Home,42,Driver,Desconegut                                                                                                                                            ,Unknown,In itínere,Ferit lleu: Rebutja assistència sanitària,432985.66 ,4583007.18,2.197258985,41.393960831
2023S003097    ,6,Gràcia,28,Vallcarca i els Penitents,229908,Mare de Déu del Coll,0053 0053,Thursday,2023,5,May,25,Afternoon,15,No és causa del  vianant,Motorcycle,Dona,31,Driver,Desconegut                                                                                                                                            ,Unknown,In itínere,Ferit lleu: Hospitalització fins a 24h,428947.39 ,4584819.77,2.148745838,41.409939316
2023S003098    ,3,Sants-Montjuïc,13,la Marina de Port,369408,Zona Franca,0204 0206,Thursday,2023,5,May,25,Afternoon,15,No és causa del  vianant,Veh. mobilitat personal amb motor,Home,24,Driver,Desconegut                                                                                                                                            ,Unknown,In itínere,Ferit lleu: Hospitalització fins a 24h,428019.02 ,4579459.63,2.138276466,41.361579889
2023S003099    ,1,Ciutat Vella,2,el Barri Gòtic,34308,Rambla,0116 0116,Dimecres,2023,5,May,24,Afternoon,18,Altres,Taxi,Home,6,Pedestrian,En pas regulat per semàfor                                                                                                                            ,Unknown,Unknown,Ferit lleu: Amb assistència sanitària en lloc d'accident,430838.81 ,4581811.79,2.171717742,41.383012447
2023S003100    ,5,Sarrià-Sant Gervasi,24,les Tres Torres,143904,General Mitre,0081 0091,Thursday,2023,5,May,25,Afternoon,15,No és causa del  vianant,Motorcycle,Dona,50,Driver,Desconegut                                                                                                                                            ,Unknown,Oci i entreteniment,Ferit lleu: Hospitalització fins a 24h,427681.98 ,4583578.13,2.133755545,41.398643459
2023S003101    ,5,Sarrià-Sant Gervasi,26,Sant Gervasi - Galvany,334006,Tenor Viñas,0012 0012,Thursday,2023,5,May,25,Afternoon,15,No és causa del  vianant,Motorcycle,Home,33,Driver,Desconegut                                                                                                                                            ,Unknown,Es desconeix,Ferit lleu: Hospitalització fins a 24h,428403.68 ,4583176.7 ,2.142435598,41.395092551
2023S003101    ,5,Sarrià-Sant Gervasi,26,Sant Gervasi - Galvany,334006,Tenor Viñas,0012 0012,Thursday,2023,5,May,25,Afternoon,15,No és causa del  vianant,Car,Home,39,Driver,Desconegut                                                                                                                                            ,Unknown,Es desconeix,Ferit lleu: Hospitalització fins a 24h,428403.68 ,4583176.7 ,2.142435598,41.395092551