Case_Number,District_Code,District_Name,Neighborhood_Code,Neighborhood_Name,Street_Code,Street_Name,Postal_Code,Day_of_Week,Year,Month_Code,Month_Name,Day_of_Month,Shift_Description,Hour_of_Day,Pedestrian_Cause_Description,Involved_Vehicle_Type,Gender_Description,Age,Person_Type_Description,Pedestrian_Accident_Location_Description,Pedestrian_Movement_Reason_Description,Driver_Movement_Reason_Description,Victimization_Description,UTM_X_Coordinate,UTM_Y_Coordinate,Longitude,Latitude
2023S003444    ,5,Sarrià-Sant Gervasi,26,Sant Gervasi - Galvany,344101,Gràcia,0090 0090,Friday,2023,6,June,9,Afternoon,16,Creuar per fora pas de vianants,Furgoneta,Home,24,Pedestrian,Fora del pas                                                                                                                                          ,Unknown,Unknown,Ferit lleu: Hospitalització fins a 24h,429255.24 ,4583510.24,2.15258195,41.398172031
2023S003445    ,3,Sants-Montjuïc,12,la Marina del Prat Vermell,701265,Litoral (Besòs),001540000,Friday,2023,6,June,9,Afternoon,18,No és causa del  vianant,Motorcycle,Home,60,Driver,Desconegut                                                                                                                                            ,Unknown,Es desconeix,Ferit lleu: Amb assistència sanitària en lloc d'accident,428296.55 ,4577849.21,2.141784635,41.347100121
2023S003446    ,2,Eixample,6,la Sagrada Família,142355,Gaudí,0001 0001,Friday,2023,6,June,9,Afternoon,18,No és causa del  vianant,Bicicleta,Dona,57,Driver,Desconegut                                                                                                                                            ,Unknown,Es desconeix,Ferit lleu: Hospitalització fins a 24h,431183.54 ,4584280.16,2.175559601,41.405273895
2023S003447    ,2,Eixample,5,el Fort Pienc,169409,Corts Catalanes,0745 0747,Friday,2023,6,June,9,Afternoon,14,No és causa del  vianant,Motorcycle,Home,24,Driver,Desconegut                                                                                                                                            ,Unknown,Es desconeix,Ferit lleu: Hospitalització fins a 24h,431593.63 ,4583575.67,2.180545065,41.398963786
2023S003448    ,9,Sant Andreu,59,el Bon Pastor,701177,Monterrey,0001 0001,Friday,2023,6,June,9,Afternoon,15,No és causa del  vianant,Car,Dona,53,Driver,Desconegut                                                                                                                                            ,Unknown,Es desconeix,Ferit lleu: Hospitalització fins a 24h,433752.23 ,4588498.69,2.205825906,41.443484929
2023S003449    ,2,Eixample,7,la Dreta de l'Eixample,247659,Pau Claris,0134 0134,Friday,2023,6,June,9,Afternoon,20,No és causa del  vianant,Motorcycle,Dona,23,Driver,Desconegut                                                                                                                                            ,Unknown,In itínere,Ferit lleu: Hospitalització fins a 24h,430403.06 ,4582955.17,2.166375326,41.393272917
2023S003450    ,10,Sant Martí,71,Provençals del Poblenou,305507,Sant Joan de Malta,0083 0089,Friday,2023,6,June,9,Afternoon,21,No és causa del  vianant,Veh. mobilitat personal amb motor,Home,30,Driver,Desconegut                                                                                                                                            ,Unknown,Es desconeix,Mort (dins 24h posteriors accident),432668.69 ,4584589.21,2.193291734,41.408183256
2023S003451    ,2,Eixample,8,l'Antiga Esquerra de l'Eixample,32700,Balmes,0131 0131,Friday,2023,6,June,9,Afternoon,20,No és causa del  vianant,Furgoneta,Dona,64,Pedestrian,En pas regulat per semàfor                                                                                                                            ,Es desconeix,Unknown,Ferit lleu: Hospitalització fins a 24h,429649.26 ,4582966.26,2.15735821,41.393307179
2023S003451    ,2,Eixample,8,l'Antiga Esquerra de l'Eixample,32700,Balmes,0131 0131,Friday,2023,6,June,9,Afternoon,20,No és causa del  vianant,Furgoneta,Home,65,Pedestrian,En pas regulat per semàfor                                                                                                                            ,Oci i entreteniment,Unknown,Ferit lleu: Hospitalització fins a 24h,429649.26 ,4582966.26,2.15735821,41.393307179
2023S003452    ,10,Sant Martí,68,el Poblenou,367504,Doctor Trueta,0121 0121,Friday,2023,6,June,9,Afternoon,21,No és causa del  vianant,Motorcycle,Dona,24,Passatger,Desconegut                                                                                                                                            ,Unknown,Unknown,Ferit lleu: Amb assistència sanitària en lloc d'accident,433073.95 ,4583092.36,2.19830558,41.394735382
2023S003452    ,10,Sant Martí,68,el Poblenou,367504,Doctor Trueta,0121 0121,Friday,2023,6,June,9,Afternoon,21,No és causa del  vianant,Motorcycle,Home,27,Driver,Desconegut                                                                                                                                            ,Unknown,Oci i entreteniment,Ferit lleu: Amb assistència sanitària en lloc d'accident,433073.95 ,4583092.36,2.19830558,41.394735382
2023S003453    ,2,Eixample,8,l'Antiga Esquerra de l'Eixample,144601,Diagonal,0441 0441,Friday,2023,6,June,9,Afternoon,21,No és causa del  vianant,Motorcycle,Home,27,Driver,Desconegut                                                                                                                                            ,Unknown,Oci i entreteniment,Ferit lleu: Hospitalització fins a 24h,429001.92 ,4583052.43,2.149605603,41.394026363
2023S003454    ,5,Sarrià-Sant Gervasi,25,Sant Gervasi - la Bonanova,302000,Sant Gervasi,0040 0040,Saturday,2023,6,June,10,Morning,10,Desobeir el senyal del semàfor,Motorcycle,Dona,34,Driver,Desconegut                                                                                                                                            ,Unknown,Es desconeix,Ferit lleu: Hospitalització fins a 24h,427919.33 ,4584831.31,2.13644527,41.409951666
2023S003455    ,4,Les Corts,19,les Corts,162002,Josep Tarradellas,0139S0139S,Saturday,2023,6,June,10,Morning,8,No és causa del  vianant,Car,Dona,58,Driver,Desconegut                                                                                                                                            ,Unknown,Es desconeix,Ferit lleu: Hospitalització fins a 24h,428499.73 ,4582666.13,2.143644741,41.390502587
2023S003456    ,10,Sant Martí,66,el Parc i la Llacuna del Poblenou,44403,Bolívia,0000X0000X,Saturday,2023,6,June,10,Morning,12,No és causa del  vianant,Motorcycle,Dona,32,Driver,Desconegut                                                                                                                                            ,Unknown,Es desconeix,Ferit lleu: Amb assistència sanitària en lloc d'accident,432130.09 ,4583673.45,2.186951029,41.399889949
2023S003457    ,2,Eixample,8,l'Antiga Esquerra de l'Eixample,23403,Aribau,0063 0063,Saturday,2023,6,June,10,Morning,11,No és causa del  vianant,Motorcycle,Home,32,Driver,Desconegut                                                                                                                                            ,Unknown,Es desconeix,Ferit lleu: Rebutja assistència sanitària,429764.66 ,4582449.18,2.158798446,41.388660104
2023S003459    ,3,Sants-Montjuïc,18,Sants,366206,Viriat,0028X0028X,Saturday,2023,6,June,10,Afternoon,14,No és causa del  vianant,Motorcycle,Home,53,Driver,Desconegut                                                                                                                                            ,Unknown,Es desconeix,Ferit lleu: Hospitalització fins a 24h,428205.11 ,4581517   ,2.14025735,41.380126537
2023S003460    ,2,Eixample,5,el Fort Pienc,169409,Corts Catalanes,0701 0703,Saturday,2023,6,June,10,Afternoon,14,No és causa del  vianant,Motorcycle,Dona,26,Driver,Desconegut                                                                                                                                            ,Unknown,Oci i entreteniment,Ferit lleu: Hospitalització fins a 24h,431391.23 ,4583378.04,2.178146443,41.397166537
2023S003461    ,2,Eixample,7,la Dreta de l'Eixample,169409,Corts Catalanes,0634 0634,Saturday,2023,6,June,10,Afternoon,14,Desobeir el senyal del semàfor,Bus,Dona,46,Pedestrian,En pas regulat per semàfor                                                                                                                            ,In itinere,Unknown,Ferit lleu: Hospitalització fins a 24h,430615.98 ,4582547.21,2.168968723,41.389616956
2023S003462    ,5,Sarrià-Sant Gervasi,26,Sant Gervasi - Galvany,144601,Diagonal,0630 0630,Saturday,2023,6,June,10,Afternoon,17,No és causa del  vianant,Motorcycle,Dona,20,Driver,Desconegut                                                                                                                                            ,Unknown,Oci i entreteniment,Ferit lleu: Hospitalització fins a 24h,428097.57 ,4582748.97,2.138825095,41.391212825
2023S003463    ,4,Les Corts,19,les Corts,144601,Diagonal,0632 0632,Saturday,2023,6,June,10,Afternoon,18,No és causa del  vianant,Car,Dona,32,Passatger,Desconegut                                                                                                                                            ,Unknown,Unknown,Ferit lleu: Amb assistència sanitària en lloc d'accident,427954.95 ,4582701.1 ,2.137125048,41.390768909
2023S003465    ,2,Eixample,8,l'Antiga Esquerra de l'Eixample,191204,Mallorca,0158 0158,Saturday,2023,6,June,10,Afternoon,18,No és causa del  vianant,Motorcycle,Dona,41,Driver,Desconegut                                                                                                                                            ,Unknown,Oci i entreteniment,Ferit lleu: Hospitalització fins a 24h,429452.6  ,4582399.4 ,2.15507212,41.388184428
2023S003466    ,9,Sant Andreu,59,el Bon Pastor,701265,Litoral (Besòs),000130000,Saturday,2023,6,June,10,Afternoon,19,No és causa del  vianant,Car,Dona,54,Passatger,Desconegut                                                                                                                                            ,Unknown,Unknown,Ferit lleu: Hospitalització fins a 24h,433863.66 ,4588355.65,2.207175377,41.442205804
2023S003466    ,9,Sant Andreu,59,el Bon Pastor,701265,Litoral (Besòs),000130000,Saturday,2023,6,June,10,Afternoon,19,No és causa del  vianant,Car,Home,50,Driver,Desconegut                                                                                                                                            ,Unknown,Oci i entreteniment,Ferit lleu: Hospitalització fins a 24h,433863.66 ,4588355.65,2.207175377,41.442205804
2023S003467    ,8,Nou Barris,50,les Roquetes,120807,Favència,0215 0215,Saturday,2023,6,June,10,Afternoon,19,No és causa del  vianant,Car,Home,51,Passatger,Desconegut                                                                                                                                            ,Unknown,Unknown,Ferit lleu: Hospitalització fins a 24h,431352.7  ,4588776.78,2.177072403,41.445787874
2023S003467    ,8,Nou Barris,50,les Roquetes,120807,Favència,0215 0215,Saturday,2023,6,June,10,Afternoon,19,No és causa del  vianant,Car,Home,56,Driver,Desconegut                                                                                                                                            ,Unknown,Servei de neteja o recollida d'escombraries,Ferit lleu: Hospitalització fins a 24h,431352.7  ,4588776.78,2.177072403,41.445787874
2023S003468    ,9,Sant Andreu,61,la Sagrera,86108,Concepción Arenal,0068 0068,Saturday,2023,6,June,10,Night,23,No és causa del  vianant,Motorcycle,Home,28,Driver,Desconegut                                                                                                                                            ,Unknown,In itínere,Ferit lleu: Amb assistència sanitària en lloc d'accident,431905.4  ,4586258.16,2.183972279,41.423150629
2023S003470    ,5,Sarrià-Sant Gervasi,23,Sarrià,3508,Aigües,0106 0108,Saturday,2023,6,June,10,Afternoon,20,No és causa del  vianant,Motorcycle,Dona,21,Passatger,Desconegut                                                                                                                                            ,Unknown,Unknown,Ferit lleu: Hospitalització fins a 24h,425253.2  ,4585248.85,2.104497641,41.413468599
2023S003470    ,5,Sarrià-Sant Gervasi,23,Sarrià,3508,Aigües,0106 0108,Saturday,2023,6,June,10,Afternoon,20,No és causa del  vianant,Motorcycle,Home,23,Driver,Desconegut                                                                                                                                            ,Unknown,Oci i entreteniment,Ferit lleu: Hospitalització fins a 24h,425253.2  ,4585248.85,2.104497641,41.413468599
2023S003471    ,5,Sarrià-Sant Gervasi,25,Sant Gervasi - la Bonanova,701268,Dalt (Llobregat),000880000,Saturday,2023,6,June,10,Afternoon,17,No és causa del  vianant,Ciclomotor,Dona,23,Passatger,Desconegut                                                                                                                                            ,Unknown,Unknown,Ferit lleu: Amb assistència sanitària en lloc d'accident,427377.64 ,4585159.54,2.129925359,41.412859105
2023S003471    ,5,Sarrià-Sant Gervasi,25,Sant Gervasi - la Bonanova,701268,Dalt (Llobregat),000880000,Saturday,2023,6,June,10,Afternoon,17,No és causa del  vianant,Ciclomotor,Dona,22,Driver,Desconegut                                                                                                                                            ,Unknown,Oci i entreteniment,Ferit lleu: Amb assistència sanitària en lloc d'accident,427377.64 ,4585159.54,2.129925359,41.412859105
2023S003472    ,2,Eixample,5,el Fort Pienc,281307,Ribes,0001 0001,Diumenge,2023,6,June,11,Morning,8,No és causa del  vianant,Veh. mobilitat personal amb motor,Home,19,Pedestrian,Fora del pas                                                                                                                                          ,Unknown,Unknown,Ferit lleu: Hospitalització fins a 24h,431630.78 ,4582882.4 ,2.181067758,41.392722865
2023S003473    ,-1,Unknown,-1,Unknown,-1,Unknown,Unknown,Diumenge,2023,6,June,11,Morning,8,No és causa del  vianant,Motorcycle,Home,40,Driver,Desconegut                                                                                                                                            ,Unknown,Oci i entreteniment,Ferit lleu: Hospitalització fins a 24h,429660.12 ,4584991.37,2.157252655,41.411547578
2023S003474    ,10,Sant Martí,72,Sant Martí de Provençals,30409,Bac de Roda,0194 0194,Saturday,2023,6,June,10,Night,22,No és causa del  vianant,Motorcycle,Home,33,Driver,Desconegut                                                                                                                                            ,Unknown,Es desconeix,Ferit lleu: Hospitalització fins a 24h,432792.64 ,4585292.45,2.194696433,41.414527519
2023S003475    ,10,Sant Martí,64,el Camp de l'Arpa del Clot,161101,Independència,0252 0252,Saturday,2023,6,June,10,Morning,13,No és causa del  vianant,Motorcycle,Home,63,Driver,Desconegut                                                                                                                                            ,Unknown,Es desconeix,Ferit lleu: Amb assistència sanitària en lloc d'accident,431934.16 ,4584454.66,2.184519459,41.406909506
2023S003476    ,2,Eixample,8,l'Antiga Esquerra de l'Eixample,223606,Muntaner,0083D0083D,Diumenge,2023,6,June,11,Morning,10,No és causa del  vianant,Ciclomotor,Home,54,Driver,Desconegut                                                                                                                                            ,Unknown,Es desconeix,Ferit lleu: Hospitalització fins a 24h,429641.8  ,4582396.81,2.157335169,41.388177681
2023S003477    ,9,Sant Andreu,61,la Sagrera,39709,Berenguer de Palou,0117 0117,Diumenge,2023,6,June,11,Morning,11,No és causa del  vianant,Bus,Dona,88,Passatger,Desconegut                                                                                                                                            ,Unknown,Unknown,Ferit lleu: Hospitalització fins a 24h,432550.79 ,4586630.91,2.191653459,41.426562347
2023S003478    ,1,Ciutat Vella,2,el Barri Gòtic,130403,Fontanella,0010 0010,Diumenge,2023,6,June,11,Night,0,No és causa del  vianant,Car,Dona,26,Passatger,Desconegut                                                                                                                                            ,Unknown,Unknown,Ferit lleu: Rebutja assistència sanitària,430886.46 ,4582328.23,2.172228626,41.387667968
2023S003479    ,2,Eixample,7,la Dreta de l'Eixample,18505,Aragó,0342 0342,Saturday,2023,6,June,10,Morning,12,No és causa del  vianant,Veh. mobilitat personal amb motor,Dona,37,Driver,Desconegut                                                                                                                                            ,Unknown,Es desconeix,Ferit lleu: Rebutja assistència sanitària,430725.65 ,4583251.4 ,2.170199768,41.395968835
2023S003480    ,8,Nou Barris,52,la Prosperitat,282650,Rio de Janeiro,0110 0110,Diumenge,2023,6,June,11,Afternoon,15,No és causa del  vianant,Motorcycle,Home,35,Driver,Desconegut                                                                                                                                            ,Unknown,Es desconeix,Ferit lleu: Hospitalització fins a 24h,431967.99 ,4588211.18,2.184501287,41.440746126
2023S003481    ,6,Gràcia,28,Vallcarca i els Penitents,701103,Alfonso Comín,0005 0005,Diumenge,2023,6,June,11,Afternoon,17,No és causa del  vianant,Car,Dona,50,Driver,Desconegut                                                                                                                                            ,Unknown,Es desconeix,Ferit lleu: Amb assistència sanitària en lloc d'accident,428100.86 ,4585361.88,2.138553919,41.414746558
2023S003482    ,10,Sant Martí,72,Sant Martí de Provençals,115603,Espronceda,0234 0234,Diumenge,2023,6,June,11,Afternoon,17,No és causa del  vianant,Motorcycle,Dona,31,Passatger,Desconegut                                                                                                                                            ,Unknown,Unknown,Ferit lleu: Hospitalització fins a 24h,432863.28 ,4585045.63,2.195569011,41.412310389
2023S003482    ,10,Sant Martí,72,Sant Martí de Provençals,115603,Espronceda,0234 0234,Diumenge,2023,6,June,11,Afternoon,17,No és causa del  vianant,Motorcycle,Dona,49,Driver,Desconegut                                                                                                                                            ,Unknown,Oci i entreteniment,Ferit lleu: Rebutja assistència sanitària,432863.28 ,4585045.63,2.195569011,41.412310389
2023S003482    ,10,Sant Martí,72,Sant Martí de Provençals,115603,Espronceda,0234 0234,Diumenge,2023,6,June,11,Afternoon,17,No és causa del  vianant,Motorcycle,Home,23,Driver,Desconegut                                                                                                                                            ,Unknown,Oci i entreteniment,Ferit lleu: Hospitalització fins a 24h,432863.28 ,4585045.63,2.195569011,41.412310389
2023S003483    ,2,Eixample,6,la Sagrada Família,238400,Padilla,0218 0218,Diumenge,2023,6,June,11,Afternoon,19,No és causa del  vianant,Motorcycle,Home,47,Driver,Desconegut                                                                                                                                            ,Unknown,Oci i entreteniment,Ferit lleu: Hospitalització fins a 24h,431460.95 ,4584179.19,2.17888963,41.404388202
2023S003484    ,5,Sarrià-Sant Gervasi,25,Sant Gervasi - la Bonanova,701267,Dalt (Besòs),000920000,Diumenge,2023,6,June,11,Afternoon,20,No és causa del  vianant,Motorcycle,Dona,58,Passatger,Desconegut                                                                                                                                            ,Unknown,Unknown,Ferit lleu: Hospitalització fins a 24h,427714.16 ,4585334.95,2.133930518,41.414469302
2023S003485    ,9,Sant Andreu,60,Sant Andreu,701268,Dalt (Llobregat),0001S0000,Saturday,2023,6,June,10,Afternoon,21,No és causa del  vianant,Motorcycle,Dona,49,Driver,Desconegut                                                                                                                                            ,Unknown,In itínere,Ferit lleu: Hospitalització fins a 24h,432922.68 ,4588961.94,2.195844856,41.447588345
2023S003486    ,10,Sant Martí,72,Sant Martí de Provençals,153205,Guipúscoa,0067 0067,Diumenge,2023,6,June,11,Night,22,No és causa del  vianant,Motorcycle,Home,33,Driver,Desconegut                                                                                                                                            ,Unknown,In itínere,Ferit lleu: Amb assistència sanitària en lloc d'accident,433116.28 ,4585641.16,2.198530049,41.417695268
2023S003487    ,10,Sant Martí,67,la Vila Olímpica del Poblenou,701265,Litoral (Besòs),000820000,Diumenge,2023,6,June,11,Night,22,No és causa del  vianant,Ciclomotor,Home,22,Driver,Desconegut                                                                                                                                            ,Unknown,En missió,Ferit lleu: Amb assistència sanitària en lloc d'accident,433218.09 ,4582540.82,2.200090474,41.389779785
2023S003488    ,1,Ciutat Vella,4,"Sant Pere, Santa Caterina i la Ribera",198203,Marquès de l'Argentera,0011 0011,Dilluns,2023,6,June,12,Night,0,No és causa del  vianant,Ciclomotor,Dona,22,Driver,Desconegut                                                                                                                                            ,Unknown,Oci i entreteniment,Ferit lleu: Amb assistència sanitària en lloc d'accident,431919.55 ,4581929.16,2.184628777,41.384161801
2023S003489    ,10,Sant Martí,66,el Parc i la Llacuna del Poblenou,44403,Bolívia,0000X0000X,Dilluns,2023,6,June,12,Morning,8,No és causa del  vianant,Car,Dona,60,Driver,Desconegut                                                                                                                                            ,Unknown,In itínere,Ferit lleu: Rebutja assistència sanitària,432130.09 ,4583673.45,2.186951029,41.399889949
2023S003490    ,4,Les Corts,20,la Maternitat i Sant Ramon,700945,Josep Sunyol i Garriga,0003 0003,Dilluns,2023,6,June,12,Morning,8,No és causa del  vianant,Car,Dona,45,Pedestrian,En pas sense regular                                                                                                                                  ,Unknown,Unknown,Ferit lleu: Hospitalització fins a 24h,425734.26 ,4581171.33,2.11075339,41.37678885
2023S003491    ,3,Sants-Montjuïc,15,Hostafrancs,191204,Mallorca,0028U0028U,Diumenge,2023,6,June,11,Morning,12,No és causa del  vianant,Car,Dona,61,Driver,Desconegut                                                                                                                                            ,Unknown,Altres activitats,Ferit lleu: Hospitalització fins a 24h,428494.09 ,4581458.79,2.143719857,41.379628007
2023S003492    ,2,Eixample,6,la Sagrada Família,68900,Cartagena,0239B0239B,Dilluns,2023,6,June,12,Morning,11,No és causa del  vianant,Bicicleta,Dona,77,Pedestrian,En pas regulat per semàfor                                                                                                                            ,Oci i entreteniment,Unknown,Ferit lleu: Amb assistència sanitària en lloc d'accident,431461.53 ,4584551.41,2.178854392,41.407740722
2023S003493    ,10,Sant Martí,64,el Camp de l'Arpa del Clot,297001,Sant Antoni Maria Claret,0270 0270,Dilluns,2023,6,June,12,Morning,10,No és causa del  vianant,Veh. mobilitat personal amb motor,Home,29,Driver,Desconegut                                                                                                                                            ,Unknown,Es desconeix,Ferit lleu: Hospitalització fins a 24h,431281.04 ,4585126.89,2.17662976,41.412908466
2023S003494    ,5,Sarrià-Sant Gervasi,26,Sant Gervasi - Galvany,55603,Calvet,0011 0013,Dilluns,2023,6,June,12,Morning,9,No és causa del  vianant,Motorcycle,Home,65,Driver,Desconegut                                                                                                                                            ,Unknown,In itínere,Ferit lleu: Hospitalització fins a 24h,428568.96 ,4583036.42,2.144429032,41.393843807
2023S003496    ,2,Eixample,8,l'Antiga Esquerra de l'Eixample,18505,Aragó,0156 0156,Dilluns,2023,6,June,12,Morning,10,No és causa del  vianant,Bicicleta,Home,18,Driver,Desconegut                                                                                                                                            ,Unknown,Es desconeix,Ferit lleu: Hospitalització fins a 24h,429605.09 ,4582160.59,2.156923598,41.386046912
2023S003497    ,2,Eixample,8,l'Antiga Esquerra de l'Eixample,169409,Corts Catalanes,0583 0583,Dilluns,2023,6,June,12,Afternoon,15,No és causa del  vianant,Motorcycle,Home,27,Driver,Desconegut                                                                                                                                            ,Unknown,Es desconeix,Ferit lleu: Amb assistència sanitària en lloc d'accident,430121.36 ,4582099.83,2.163104777,41.385544703
2023S003498    ,2,Eixample,9,la Nova Esquerra de l'Eixample,169409,Corts Catalanes,0403 0403,Dilluns,2023,6,June,12,Morning,11,No és causa del  vianant,Motorcycle,Home,27,Driver,Desconegut                                                                                                                                            ,Unknown,Oci i entreteniment,Ferit lleu: Hospitalització fins a 24h,429165.19 ,4581164.97,2.15177921,41.37704106
2023S003500    ,5,Sarrià-Sant Gervasi,26,Sant Gervasi - Galvany,214106,Modolell,0017 0017,Dilluns,2023,6,June,12,Afternoon,14,Desobeir el senyal del semàfor,Motorcycle,Home,36,Driver,Desconegut                                                                                                                                            ,Unknown,Es desconeix,Ferit lleu: Hospitalització fins a 24h,427986.52 ,4583479.44,2.137410019,41.397781944
2023S003501    ,3,Sants-Montjuïc,17,Sants - Badal,701434,Mig (Descendent),000160000,Friday,2023,6,June,9,Afternoon,21,No és causa del  vianant,Veh. mobilitat personal amb motor,Dona,36,Driver,Desconegut                                                                                                                                            ,Unknown,In itínere,Ferit lleu: Hospitalització fins a 24h,427269.91 ,4581441.24,2.129083318,41.37936016
2023S003502    ,2,Eixample,9,la Nova Esquerra de l'Eixample,110803,Entença,0139 0139,Dilluns,2023,6,June,12,Afternoon,17,No és causa del  vianant,Motorcycle,Home,25,Driver,Desconegut                                                                                                                                            ,Unknown,Altres activitats,Ferit lleu: Hospitalització fins a 24h,428787.04 ,4581740.07,2.147189869,41.382187394
2023S003502    ,2,Eixample,9,la Nova Esquerra de l'Eixample,110803,Entença,0139 0139,Dilluns,2023,6,June,12,Afternoon,17,No és causa del  vianant,Motorcycle,Home,30,Driver,Desconegut                                                                                                                                            ,Unknown,In itínere,Ferit lleu: Hospitalització fins a 24h,428787.04 ,4581740.07,2.147189869,41.382187394
2023S003503    ,9,Sant Andreu,61,la Sagrera,292507,Gran de la Sagrera,0058X0058X,Dilluns,2023,6,June,12,Afternoon,16,No és causa del  vianant,Motorcycle,Home,77,Driver,Desconegut                                                                                                                                            ,Unknown,Es desconeix,Ferit lleu: Amb assistència sanitària en lloc d'accident,432504.88 ,4586180.92,2.191154326,41.422505569
2023S003504    ,2,Eixample,5,el Fort Pienc,9209,Alí Bei,0110 0110,Dilluns,2023,6,June,12,Afternoon,18,No és causa del  vianant,Motorcycle,Dona,29,Driver,Desconegut                                                                                                                                            ,Unknown,Oci i entreteniment,Ferit lleu: Amb assistència sanitària en lloc d'accident,431937.24 ,4583291.59,2.184687148,41.396434334
2023S003505    ,10,Sant Martí,66,el Parc i la Llacuna del Poblenou,144601,Diagonal,0240 0252,Dilluns,2023,6,June,12,Afternoon,17,No és causa del  vianant,Motorcycle,Home,53,Driver,Desconegut                                                                                                                                            ,Unknown,Altres activitats,Ferit lleu: Hospitalització fins a 24h,432432.33 ,4584176.43,2.190510191,41.40444562
2023S003506    ,2,Eixample,7,la Dreta de l'Eixample,191204,Mallorca,0272 0272,Dilluns,2023,6,June,12,Afternoon,19,No és causa del  vianant,Car,Home,32,Passatger,Desconegut                                                                                                                                            ,Unknown,Unknown,Ferit lleu: Hospitalització fins a 24h,430269.34 ,4583217.34,2.164745761,41.395622608
2023S003506    ,2,Eixample,7,la Dreta de l'Eixample,191204,Mallorca,0272 0272,Dilluns,2023,6,June,12,Afternoon,19,No és causa del  vianant,Car,Dona,36,Driver,Desconegut                                                                                                                                            ,Unknown,Oci i entreteniment,Ferit lleu: Amb assistència sanitària en lloc d'accident,430269.34 ,4583217.34,2.164745761,41.395622608
2023S003507    ,10,Sant Martí,64,el Camp de l'Arpa del Clot,90502,Còrsega,0691B0691B,Dilluns,2023,6,June,12,Afternoon,17,No és causa del  vianant,Motorcycle,Home,29,Driver,Desconegut                                                                                                                                            ,Unknown,Es desconeix,Ferit lleu: Amb assistència sanitària en lloc d'accident,431555.77 ,4585028.44,2.179927818,41.412045215
2023S003508    ,5,Sarrià-Sant Gervasi,22,"Vallvidrera, el Tibidabo i les Planes",70108,Casafranca,0029 0031,Dilluns,2023,6,June,12,Afternoon,18,No és causa del  vianant,Bicicleta,Home,54,Driver,Desconegut                                                                                                                                            ,Unknown,Oci i entreteniment,Ferit lleu: Hospitalització fins a 24h,425435.9  ,4585539.69,2.106647605,41.416105032
2023S003509    ,10,Sant Martí,70,el Besòs i el Maresme,41100,Bernat Metge,0002 0002,Saturday,2023,6,June,10,Afternoon,19,No és causa del  vianant,Motorcycle,Home,64,Driver,Desconegut                                                                                                                                            ,Unknown,Oci i entreteniment,Ferit lleu: Amb assistència sanitària en lloc d'accident,434063.8  ,4585718.2 ,2.209858838,41.418467502
2023S003510    ,3,Sants-Montjuïc,15,Hostafrancs,94809,Creu Coberta,0088 0088,Dimarts,2023,6,June,13,Morning,8,No és causa del  vianant,Motorcycle,Home,22,Driver,Desconegut                                                                                                                                            ,Unknown,Es desconeix,Ferit lleu: Amb assistència sanitària en lloc d'accident,428479.25 ,4580984.01,2.143598456,41.375350509
2023S003511    ,2,Eixample,10,Sant Antoni,363809,Villarroel,0017 0017,Dilluns,2023,6,June,12,Afternoon,15,No és causa del  vianant,Car,Home,55,Pedestrian,En pas regulat per semàfor                                                                                                                            ,Unknown,Unknown,Ferit lleu: Hospitalització fins a 24h,430031.23 ,4581617.2 ,2.162082667,41.381189968
2023S003512    ,5,Sarrià-Sant Gervasi,24,les Tres Torres,113007,Escoles Pies,0099 0099,Dimarts,2023,6,June,13,Morning,8,No és causa del  vianant,Motorcycle,Home,71,Passatger,Desconegut                                                                                                                                            ,Unknown,Unknown,Ferit lleu: Hospitalització fins a 24h,427221.74 ,4584088.35,2.128189063,41.403197249
2023S003512    ,5,Sarrià-Sant Gervasi,24,les Tres Torres,113007,Escoles Pies,0099 0099,Dimarts,2023,6,June,13,Morning,8,No és causa del  vianant,Motorcycle,Home,64,Driver,Desconegut                                                                                                                                            ,Unknown,Oci i entreteniment,Ferit lleu: Amb assistència sanitària en lloc d'accident,427221.74 ,4584088.35,2.128189063,41.403197249
2023S003513    ,2,Eixample,5,el Fort Pienc,169409,Corts Catalanes,0753B0753B,Dimarts,2023,6,June,13,Morning,13,No és causa del  vianant,Furgoneta,Home,37,Driver,Desconegut                                                                                                                                            ,Unknown,Es desconeix,Ferit lleu: Amb assistència sanitària en lloc d'accident,431827.94 ,4583820.52,2.183320204,41.40118899
2023S003514    ,2,Eixample,7,la Dreta de l'Eixample,305100,Sant Joan,0025 0025,Dimarts,2023,6,June,13,Morning,12,No és causa del  vianant,Bicicleta,Home,35,Driver,Desconegut                                                                                                                                            ,Unknown,Es desconeix,Ferit lleu: Hospitalització fins a 24h,431370    ,4582923.54,2.177944045,41.393071178
2023S003515    ,3,Sants-Montjuïc,11,el Poble-sec,86902,Nou de la Rambla,0107 0107,Dimarts,2023,6,June,13,Morning,12,No és causa del  vianant,Taxi,Home,31,Driver,Desconegut                                                                                                                                            ,Unknown,En missió,Ferit lleu: Rebutja assistència sanitària,430643.17 ,4580850.97,2.169488167,41.374341768
2023S003516    ,8,Nou Barris,51,Verdun,261900,Ponce de León,0002 0002,Dilluns,2023,6,June,12,Afternoon,19,No és causa del  vianant,Motorcycle,Home,37,Driver,Desconegut                                                                                                                                            ,Unknown,En missió,Ferit lleu: Hospitalització fins a 24h,431021.96 ,4588217.96,2.173177229,41.440726428
2023S003517    ,5,Sarrià-Sant Gervasi,25,Sant Gervasi - la Bonanova,95007,Quatre Camins,0035 0035,Dimarts,2023,6,June,13,Afternoon,15,No és causa del  vianant,Motorcycle,Home,29,Driver,Desconegut                                                                                                                                            ,Unknown,Es desconeix,Ferit lleu: Amb assistència sanitària en lloc d'accident,427352.74 ,4584741.11,2.12967772,41.409088236