Case_Number,District_Code,District_Name,Neighborhood_Code,Neighborhood_Name,Street_Code,Street_Name,Postal_Code,Day_of_Week,Year,Month_Code,Month_Name,Day_of_Month,Shift_Description,Hour_of_Day,Pedestrian_Cause_Description,Involved_Vehicle_Type,Gender_Description,Age,Person_Type_Description,Pedestrian_Accident_Location_Description,Pedestrian_Movement_Reason_Description,Driver_Movement_Reason_Description,Victimization_Description,UTM_X_Coordinate,UTM_Y_Coordinate,Longitude,Latitude
2023S003566    ,3,Sants-Montjuïc,17,Sants - Badal,223300,Munné,0008 0008,Thursday,2023,6,June,15,Afternoon,20,Desobeir el senyal del semàfor,Bus,Home,76,Pedestrian,En pas regulat per semàfor                                                                                                                            ,Oci i entreteniment,Unknown,Ferit greu: hospitalització superior a 24h,426745.06 ,4580979.43,2.122863089,41.375153182
2023S003567    ,3,Sants-Montjuïc,16,la Bordeta,89707,Constitució,0118 0118,Thursday,2023,6,June,15,Afternoon,21,Desobeir el senyal del semàfor,Bicicleta,Dona,61,Pedestrian,En pas regulat per semàfor                                                                                                                            ,In itinere,Unknown,Ferit lleu: Hospitalització fins a 24h,427668.06 ,4580341.15,2.133975678,41.36948796
2023S003568    ,10,Sant Martí,68,el Poblenou,183603,Llacuna,0140X0140X,Thursday,2023,6,June,15,Night,22,No és causa del  vianant,Tren o tramvia,Dona,28,Passatger,Desconegut                                                                                                                                            ,Unknown,Unknown,Ferit lleu: Hospitalització fins a 24h,432706.68 ,4584237.28,2.193785375,41.405016704
2023S003568    ,10,Sant Martí,68,el Poblenou,183603,Llacuna,0140X0140X,Thursday,2023,6,June,15,Night,22,No és causa del  vianant,Tren o tramvia,Dona,40,Passatger,Desconegut                                                                                                                                            ,Unknown,Unknown,Ferit lleu: Hospitalització fins a 24h,432706.68 ,4584237.28,2.193785375,41.405016704
2023S003568    ,10,Sant Martí,68,el Poblenou,183603,Llacuna,0140X0140X,Thursday,2023,6,June,15,Night,22,No és causa del  vianant,Tren o tramvia,Dona,48,Passatger,Desconegut                                                                                                                                            ,Unknown,Unknown,Ferit lleu: Hospitalització fins a 24h,432706.68 ,4584237.28,2.193785375,41.405016704
2023S003568    ,10,Sant Martí,68,el Poblenou,183603,Llacuna,0140X0140X,Thursday,2023,6,June,15,Night,22,No és causa del  vianant,Tren o tramvia,Home,23,Passatger,Desconegut                                                                                                                                            ,Unknown,Unknown,Ferit lleu: Hospitalització fins a 24h,432706.68 ,4584237.28,2.193785375,41.405016704
2023S003568    ,10,Sant Martí,68,el Poblenou,183603,Llacuna,0140X0140X,Thursday,2023,6,June,15,Night,22,No és causa del  vianant,Tren o tramvia,Home,25,Passatger,Desconegut                                                                                                                                            ,Unknown,Unknown,Ferit lleu: Hospitalització fins a 24h,432706.68 ,4584237.28,2.193785375,41.405016704
2023S003568    ,10,Sant Martí,68,el Poblenou,183603,Llacuna,0140X0140X,Thursday,2023,6,June,15,Night,22,No és causa del  vianant,Tren o tramvia,Home,28,Passatger,Desconegut                                                                                                                                            ,Unknown,Unknown,Ferit lleu: Hospitalització fins a 24h,432706.68 ,4584237.28,2.193785375,41.405016704
2023S003569    ,6,Gràcia,32,el Camp d'en Grassot i Gràcia Nova,161407,Indústria,0087 0087,Friday,2023,6,June,16,Night,1,No és causa del  vianant,Motorcycle,Home,19,Passatger,Desconegut                                                                                                                                            ,Unknown,Unknown,Ferit lleu: Hospitalització fins a 24h,430701.44 ,4584372.93,2.169781737,41.406068006
2023S003569    ,6,Gràcia,32,el Camp d'en Grassot i Gràcia Nova,161407,Indústria,0087 0087,Friday,2023,6,June,16,Night,1,No és causa del  vianant,Motorcycle,Home,50,Driver,Desconegut                                                                                                                                            ,Unknown,In itínere,Ferit lleu: Hospitalització fins a 24h,430701.44 ,4584372.93,2.169781737,41.406068006
2023S003570    ,2,Eixample,9,la Nova Esquerra de l'Eixample,169409,Corts Catalanes,0423 0425,Thursday,2023,6,June,15,Afternoon,21,Desobeir el senyal del semàfor,Ciclomotor,Home,23,Driver,Desconegut                                                                                                                                            ,Unknown,En missió,Ferit lleu: Hospitalització fins a 24h,429260.06 ,4581256.4 ,2.152902942,41.37787289
2023S003571    ,10,Sant Martí,67,la Vila Olímpica del Poblenou,701266,Litoral (Llobregat),000870000,Friday,2023,6,June,16,Night,1,No és causa del  vianant,Bicicleta,Home,33,Driver,Desconegut                                                                                                                                            ,Unknown,Es desconeix,Ferit lleu: Hospitalització fins a 24h,432869.81 ,4582348.98,2.195946327,41.38802292
2023S003572    ,9,Sant Andreu,60,Sant Andreu,701267,Dalt (Besòs),0001E0000,Friday,2023,6,June,16,Morning,8,No és causa del  vianant,Veh. mobilitat personal amb motor,Home,16,Driver,Desconegut                                                                                                                                            ,Unknown,Estudiant cap a centre d'estudis,Ferit lleu: Amb assistència sanitària en lloc d'accident,432477.29 ,4588892.56,2.190521045,41.446926099
2023S003573    ,10,Sant Martí,72,Sant Martí de Provençals,322608,Selva de Mar,0235B0235B,Friday,2023,6,June,16,Morning,8,No és causa del  vianant,Ciclomotor,Dona,20,Driver,Desconegut                                                                                                                                            ,Unknown,Altres activitats,Ferit lleu: Amb assistència sanitària en lloc d'accident,433143.52 ,4585668.96,2.198852904,41.417947923
2023S003575    ,2,Eixample,6,la Sagrada Família,350308,València,0544 0544,Thursday,2023,6,June,15,Afternoon,21,No és causa del  vianant,Autobús articulat,Home,54,Passatger,Desconegut                                                                                                                                            ,Unknown,Unknown,Ferit lleu: Hospitalització fins a 24h,431723.7  ,4584420.26,2.182005594,41.406581817
2023S003576    ,5,Sarrià-Sant Gervasi,26,Sant Gervasi - Galvany,144601,Diagonal,0568 0568,Friday,2023,6,June,16,Morning,8,No és causa del  vianant,Motorcycle,Home,31,Driver,Desconegut                                                                                                                                            ,Unknown,In itínere,Ferit lleu: Hospitalització fins a 24h,429057.55 ,4583097.68,2.150265668,41.394438826
2023S003577    ,2,Eixample,8,l'Antiga Esquerra de l'Eixample,223606,Muntaner,0187 0187,Friday,2023,6,June,16,Morning,10,No és causa del  vianant,Motorcycle,Home,59,Driver,Desconegut                                                                                                                                            ,Unknown,Oci i entreteniment,Ferit lleu: Hospitalització fins a 24h,429130.92 ,4582905.59,2.151165715,41.392715212
2023S003578    ,1,Ciutat Vella,3,la Barceloneta,194202,Mar,0022 0022,Thursday,2023,6,June,15,Afternoon,18,No és causa del  vianant,Motorcycle,Home,24,Driver,Desconegut                                                                                                                                            ,Unknown,In itínere,Ferit lleu: Hospitalització fins a 24h,432167.99 ,4581518.77,2.187645817,41.38048652
2023S003579    ,2,Eixample,7,la Dreta de l'Eixample,169409,Corts Catalanes,0587 0589,Friday,2023,6,June,16,Morning,8,No és causa del  vianant,Motorcycle,Home,43,Driver,Desconegut                                                                                                                                            ,Unknown,In itínere,Ferit lleu: Hospitalització fins a 24h,430335.3  ,4582343.66,2.165635253,41.38775937
2023S003580    ,3,Sants-Montjuïc,12,la Marina del Prat Vermell,700122,Longitudinal 5,0089 0089,Friday,2023,6,June,16,Morning,8,No és causa del  vianant,Motorcycle,Home,34,Driver,Desconegut                                                                                                                                            ,Unknown,Es desconeix,Ferit lleu: Hospitalització fins a 24h,426333.68 ,4575884.6 ,2.118562963,41.32922835
2023S003581    ,2,Eixample,9,la Nova Esquerra de l'Eixample,361406,Viladomat,0209 0209,Friday,2023,6,June,16,Morning,10,No és causa del  vianant,Motorcycle,Home,68,Driver,Desconegut                                                                                                                                            ,Unknown,Es desconeix,Ferit lleu: Hospitalització fins a 24h,429069.9  ,4582025.34,2.150539021,41.384781725
2023S003581    ,2,Eixample,9,la Nova Esquerra de l'Eixample,361406,Viladomat,0209 0209,Friday,2023,6,June,16,Morning,10,No és causa del  vianant,Car,Dona,45,Driver,Desconegut                                                                                                                                            ,Unknown,Es desconeix,Ferit lleu: Amb assistència sanitària en lloc d'accident,429069.9  ,4582025.34,2.150539021,41.384781725
2023S003582    ,5,Sarrià-Sant Gervasi,25,Sant Gervasi - la Bonanova,223606,Muntaner,0575 0575,Friday,2023,6,June,16,Morning,9,Transitar a peu per la calçada,Motorcycle,Dona,28,Pedestrian,Fora del pas                                                                                                                                          ,Unknown,Unknown,Ferit lleu: Hospitalització fins a 24h,427716.25 ,4584374.1 ,2.134070366,41.405815519
2023S003583    ,1,Ciutat Vella,4,"Sant Pere, Santa Caterina i la Ribera",271100,Pujades,0009 0009,Friday,2023,6,June,16,Morning,13,No és causa del  vianant,Motorcycle,Home,64,Driver,Desconegut                                                                                                                                            ,Unknown,Transport professional de mercaderies,Ferit lleu: Hospitalització fins a 24h,431920.94 ,4582550.26,2.184575563,41.389756
2023S003584    ,5,Sarrià-Sant Gervasi,27,el Putxet i el Farró,152508,Guillem Tell,0047 0047,Friday,2023,6,June,16,Morning,10,No és causa del  vianant,Motorcycle,Home,43,Pedestrian,En pas sense regular                                                                                                                                  ,Es desconeix,Unknown,Ferit lleu: Hospitalització fins a 24h,428857.28 ,4583938.65,2.147771434,41.40199543
2023S003585    ,2,Eixample,9,la Nova Esquerra de l'Eixample,169409,Corts Catalanes,0521 0521,Friday,2023,6,June,16,Afternoon,15,No és causa del  vianant,Ciclomotor,Dona,37,Driver,Desconegut                                                                                                                                            ,Unknown,In itínere,Ferit lleu: Hospitalització fins a 24h,429737.74 ,4581724.85,2.15856054,41.382133946
2023S003586    ,2,Eixample,8,l'Antiga Esquerra de l'Eixample,70607,Casanova,0163 0163,Friday,2023,6,June,16,Afternoon,14,No és causa del  vianant,Motorcycle,Home,53,Driver,Desconegut                                                                                                                                            ,Unknown,In itínere,Ferit lleu: Hospitalització fins a 24h,429127.37 ,4582749.26,2.151141559,41.39130689
2023S003587    ,2,Eixample,5,el Fort Pienc,197302,Marina,0031 0031,Friday,2023,6,June,16,Afternoon,15,No és causa del  vianant,Ciclomotor,Dona,29,Driver,Desconegut                                                                                                                                            ,Unknown,Es desconeix,Ferit lleu: Hospitalització fins a 24h,432118.05 ,4583103.43,2.186870951,41.394754921
2023S003588    ,4,Les Corts,19,les Corts,144601,Diagonal,0485 0485,Friday,2023,6,June,16,Morning,13,No és causa del  vianant,Car,Dona,47,Driver,Desconegut                                                                                                                                            ,Unknown,Taxi,Ferit lleu: Amb assistència sanitària en lloc d'accident,428614.3  ,4582926.6 ,2.144984276,41.392858727
2023S003589    ,3,Sants-Montjuïc,16,la Bordeta,169409,Corts Catalanes,0153 0157,Friday,2023,6,June,16,Morning,12,No és causa del  vianant,Veh. mobilitat personal amb motor,Home,21,Driver,Desconegut                                                                                                                                            ,Unknown,Altres activitats,Ferit lleu: Hospitalització fins a 24h,427971.19 ,4579992.75,2.137641329,41.36637724
2023S003590    ,5,Sarrià-Sant Gervasi,26,Sant Gervasi - Galvany,144601,Diagonal,0598 0598,Friday,2023,6,June,16,Afternoon,14,No és causa del  vianant,Veh. mobilitat personal amb motor,Home,53,Driver,Desconegut                                                                                                                                            ,Unknown,Es desconeix,Ferit lleu: Hospitalització fins a 24h,428682.75 ,4582975.99,2.145797145,41.393309641
2023S003591    ,10,Sant Martí,65,el Clot,126508,Flandes,0007 0007,Friday,2023,6,June,16,Afternoon,17,No és causa del  vianant,Bicicleta,Home,29,Driver,Desconegut                                                                                                                                            ,Unknown,Es desconeix,Ferit lleu: Amb assistència sanitària en lloc d'accident,432334.08 ,4584619.52,2.189285293,41.408428135
2023S003592    ,2,Eixample,7,la Dreta de l'Eixample,191204,Mallorca,0238 0238,Friday,2023,6,June,16,Afternoon,19,No és causa del  vianant,Motorcycle,Home,32,Driver,Desconegut                                                                                                                                            ,Unknown,Es desconeix,Ferit lleu: Hospitalització fins a 24h,429965.34 ,4582901.04,2.161146234,41.392747366
2023S003593    ,2,Eixample,7,la Dreta de l'Eixample,90502,Còrsega,0344 0352,Friday,2023,6,June,16,Afternoon,16,No és causa del  vianant,Motorcycle,Home,59,Driver,Desconegut                                                                                                                                            ,Unknown,Es desconeix,Ferit lleu: Amb assistència sanitària en lloc d'accident,429997.34 ,4583483.6 ,2.161461586,41.397997077
2023S003594    ,5,Sarrià-Sant Gervasi,27,el Putxet i el Farró,312105,Santjoanistes,0014 0014,Friday,2023,6,June,16,Afternoon,19,No és causa del  vianant,Veh. mobilitat personal amb motor,Home,37,Driver,Desconegut                                                                                                                                            ,Unknown,Oci i entreteniment,Ferit lleu: Hospitalització fins a 24h,428841.46 ,4584063.28,2.147567536,41.403116525
2023S003595    ,5,Sarrià-Sant Gervasi,25,Sant Gervasi - la Bonanova,223606,Muntaner,0495 0495,Friday,2023,6,June,16,Afternoon,20,No és causa del  vianant,Ciclomotor,Home,23,Driver,Desconegut                                                                                                                                            ,Unknown,Es desconeix,Ferit lleu: Rebutja assistència sanitària,428020.96 ,4584070.23,2.137751685,41.40310604
2023S003596    ,7,Horta-Guinardó,39,Sant Genís dels Agudells,352507,Vall d'Hebron,0101X0101X,Friday,2023,6,June,16,Afternoon,20,No és causa del  vianant,Bus,Dona,86,Passatger,Desconegut                                                                                                                                            ,Unknown,Unknown,Ferit lleu: Amb assistència sanitària en lloc d'accident,428344.25 ,4586439.12,2.141338233,41.424470559
2023S003598    ,1,Ciutat Vella,1,el Raval,250904,Pelai,0054 0054,Saturday,2023,6,June,17,Night,0,No és causa del  vianant,Ciclomotor,Home,34,Driver,Desconegut                                                                                                                                            ,Unknown,Oci i entreteniment,Ferit lleu: Hospitalització fins a 24h,430626.85 ,4582082.01,2.169152029,41.385427979
2023S003601    ,5,Sarrià-Sant Gervasi,23,Sarrià,701267,Dalt (Besòs),000750000,Friday,2023,6,June,16,Afternoon,21,No és causa del  vianant,Car,Dona,28,Driver,Desconegut                                                                                                                                            ,Unknown,In itínere,Ferit lleu: Rebutja assistència sanitària,426398.25 ,4584288.72,2.118313933,41.404926884
2023S003602    ,9,Sant Andreu,59,el Bon Pastor,318906,Santander,0100 0104,Saturday,2023,6,June,17,Morning,6,No és causa del  vianant,Motorcycle,Home,53,Driver,Desconegut                                                                                                                                            ,Unknown,Altres activitats,Ferit lleu: Hospitalització fins a 24h,433764.03 ,4587327.65,2.206095593,41.432938698
2023S003603    ,8,Nou Barris,45,Porta,289852,Rosselló i Porcel,0014 0014,Saturday,2023,6,June,17,Morning,8,No és causa del  vianant,Motorcycle,Home,49,Driver,Desconegut                                                                                                                                            ,Unknown,Oci i entreteniment,Ferit lleu: Hospitalització fins a 24h,431659.89 ,4587799.16,2.180860179,41.437009029
2023S003604    ,2,Eixample,8,l'Antiga Esquerra de l'Eixample,350308,València,0167 0167,Saturday,2023,6,June,17,Morning,11,No és causa del  vianant,Motorcycle,Home,41,Passatger,Desconegut                                                                                                                                            ,Unknown,Unknown,Ferit lleu: Hospitalització fins a 24h,429641.8  ,4582396.81,2.157335169,41.388177681
2023S003605    ,10,Sant Martí,69,Diagonal Mar i el Front Marítim del Poblenou,143609,Josep Pla,0019 0019,Saturday,2023,6,June,17,Morning,13,No és causa del  vianant,Motorcycle,Home,62,Driver,Desconegut                                                                                                                                            ,Unknown,In itínere,Ferit lleu: Hospitalització fins a 24h,434550.61 ,4584623.72,2.215802132,41.408649608
2023S003608    ,5,Sarrià-Sant Gervasi,23,Sarrià,28000,Augusta,0373X0373X,Saturday,2023,6,June,17,Afternoon,15,No és causa del  vianant,Car,Home,42,Driver,Desconegut                                                                                                                                            ,Unknown,Es desconeix,Ferit lleu: Hospitalització fins a 24h,426728.28 ,4583831.65,2.122317278,41.400840419
2023S003609    ,10,Sant Martí,69,Diagonal Mar i el Front Marítim del Poblenou,144601,Diagonal,0003 0035,Saturday,2023,6,June,17,Morning,13,No és causa del  vianant,Veh. mobilitat personal amb motor,Home,20,Driver,Desconegut                                                                                                                                            ,Unknown,Oci i entreteniment,Ferit lleu: Hospitalització fins a 24h,434602.66 ,4584822.12,2.216403377,41.410440789
2023S003610    ,1,Ciutat Vella,1,el Raval,177305,Lleialtat,0008 0008,Saturday,2023,6,June,17,Afternoon,15,No és causa del  vianant,Veh. mobilitat personal amb motor,Dona,23,Driver,Desconegut                                                                                                                                            ,Unknown,Es desconeix,Ferit lleu: Amb assistència sanitària en lloc d'accident,430427.24 ,4581159.64,2.166870831,41.37710322
2023S003611    ,4,Les Corts,19,les Corts,701433,Mig (Ascendent),000280000,Saturday,2023,6,June,17,Afternoon,14,No és causa del  vianant,Motorcycle,Home,37,Driver,Desconegut                                                                                                                                            ,Unknown,In itínere,Ferit lleu: Hospitalització fins a 24h,427124.19 ,4582310.8 ,2.127236181,41.387178751
2023S003613    ,5,Sarrià-Sant Gervasi,27,el Putxet i el Farró,279600,República Argentina,0035 0035,Saturday,2023,6,June,17,Afternoon,17,No és causa del  vianant,Motorcycle,Dona,45,Driver,Desconegut                                                                                                                                            ,Unknown,Oci i entreteniment,Ferit lleu: Hospitalització fins a 24h,428822.98 ,4584639.53,2.147278668,41.408304951
2023S003614    ,2,Eixample,7,la Dreta de l'Eixample,286504,Roger de Flor,0191 0191,Saturday,2023,6,June,17,Afternoon,17,No és causa del  vianant,Motorcycle,Dona,48,Driver,Desconegut                                                                                                                                            ,Unknown,Es desconeix,Ferit lleu: Hospitalització fins a 24h,430736.81 ,4583749.65,2.170276223,41.400457377
2023S003615    ,5,Sarrià-Sant Gervasi,23,Sarrià,104301,Dolors Monserdà,0016 0020,Saturday,2023,6,June,17,Afternoon,18,No és causa del  vianant,Ciclomotor,Home,31,Driver,Desconegut                                                                                                                                            ,Unknown,In itínere,Ferit lleu: Hospitalització fins a 24h,426657.96 ,4583906.16,2.121467095,41.401505083
2023S003616    ,10,Sant Martí,72,Sant Martí de Provençals,169409,Corts Catalanes,0967E0967E,Saturday,2023,6,June,17,Afternoon,19,No és causa del  vianant,Motorcycle,Dona,52,Passatger,Desconegut                                                                                                                                            ,Unknown,Unknown,Ferit lleu: Amb assistència sanitària en lloc d'accident,433010.8  ,4584901.86,2.197349882,41.41102781
2023S003617    ,10,Sant Martí,71,Provençals del Poblenou,253902,Perú,0141 0149,Saturday,2023,6,June,17,Afternoon,17,No és causa del  vianant,Motorcycle,Home,21,Driver,Desconegut                                                                                                                                            ,Unknown,Estudiant cap a centre d'estudis,Ferit lleu: Amb assistència sanitària en lloc d'accident,433092.71 ,4584796.53,2.198341497,41.410085958
2023S003618    ,2,Eixample,7,la Dreta de l'Eixample,169409,Corts Catalanes,0606 0606,Saturday,2023,6,June,17,Afternoon,17,No és causa del  vianant,Motorcycle,Dona,29,Passatger,Desconegut                                                                                                                                            ,Unknown,Unknown,Ferit lleu: Amb assistència sanitària en lloc d'accident,430311.08 ,4582286.33,2.165352193,41.387240918
2023S003618    ,2,Eixample,7,la Dreta de l'Eixample,169409,Corts Catalanes,0606 0606,Saturday,2023,6,June,17,Afternoon,17,No és causa del  vianant,Motorcycle,Dona,51,Driver,Desconegut                                                                                                                                            ,Unknown,Es desconeix,Ferit lleu: Amb assistència sanitària en lloc d'accident,430311.08 ,4582286.33,2.165352193,41.387240918
2023S003618    ,2,Eixample,7,la Dreta de l'Eixample,169409,Corts Catalanes,0606 0606,Saturday,2023,6,June,17,Afternoon,17,No és causa del  vianant,Motorcycle,Home,24,Driver,Desconegut                                                                                                                                            ,Unknown,Oci i entreteniment,Ferit lleu: Hospitalització fins a 24h,430311.08 ,4582286.33,2.165352193,41.387240918
2023S003619    ,7,Horta-Guinardó,43,Horta,701268,Dalt (Llobregat),001280000,Saturday,2023,6,June,17,Afternoon,18,No és causa del  vianant,Motorcycle,Dona,20,Driver,Desconegut                                                                                                                                            ,Unknown,Es desconeix,Ferit lleu: Hospitalització fins a 24h,429688.06 ,4588027.93,2.157233617,41.438899137
2023S003620    ,2,Eixample,7,la Dreta de l'Eixample,191204,Mallorca,0349 0349,Saturday,2023,6,June,17,Afternoon,19,No és causa del  vianant,Motorcycle,Dona,28,Passatger,Desconegut                                                                                                                                            ,Unknown,Unknown,Ferit lleu: Hospitalització fins a 24h,430831.39 ,4583738.27,2.171408876,41.400363027
2023S003620    ,2,Eixample,7,la Dreta de l'Eixample,191204,Mallorca,0349 0349,Saturday,2023,6,June,17,Afternoon,19,No és causa del  vianant,Motorcycle,Home,29,Driver,Desconegut                                                                                                                                            ,Unknown,In itínere,Ferit lleu: Hospitalització fins a 24h,430831.39 ,4583738.27,2.171408876,41.400363027
2023S003623    ,4,Les Corts,19,les Corts,118306,Europa,0019 0019,Dilluns,2023,6,June,19,Morning,10,No és causa del  vianant,Motorcycle,Home,55,Driver,Desconegut                                                                                                                                            ,Unknown,Es desconeix,Ferit lleu: Hospitalització fins a 24h,427349.32 ,4582317.54,2.129927767,41.387259831
2023S003624    ,2,Eixample,9,la Nova Esquerra de l'Eixample,110803,Entença,0130 0130,Saturday,2023,6,June,17,Night,22,No és causa del  vianant,Car,Dona,23,Driver,Desconegut                                                                                                                                            ,Unknown,Oci i entreteniment,Ferit lleu: Amb assistència sanitària en lloc d'accident,428861.39 ,4581681.48,2.148085861,41.381666275
2023S003625    ,2,Eixample,10,Sant Antoni,361406,Viladomat,0077 0079,Diumenge,2023,6,June,18,Night,0,No és causa del  vianant,Ciclomotor,Home,63,Driver,Desconegut                                                                                                                                            ,Unknown,En missió,Ferit lleu: Hospitalització fins a 24h,429744.27 ,4581335.47,2.158683795,41.378627494
2023S003625    ,2,Eixample,10,Sant Antoni,361406,Viladomat,0077 0079,Diumenge,2023,6,June,18,Night,0,No és causa del  vianant,Motorcycle,Home,59,Driver,Desconegut                                                                                                                                            ,Unknown,Es desconeix,Ferit lleu: Hospitalització fins a 24h,429744.27 ,4581335.47,2.158683795,41.378627494
2023S003627    ,3,Sants-Montjuïc,11,el Poble-sec,114000,Espanya,0003 0004,Saturday,2023,6,June,17,Afternoon,19,No és causa del  vianant,Motorcycle,Dona,31,Passatger,Desconegut                                                                                                                                            ,Unknown,Unknown,Ferit lleu: Hospitalització fins a 24h,429028.67 ,4580683.3 ,2.150203196,41.37269078
2023S003627    ,3,Sants-Montjuïc,11,el Poble-sec,114000,Espanya,0003 0004,Saturday,2023,6,June,17,Afternoon,19,No és causa del  vianant,Motorcycle,Home,32,Driver,Desconegut                                                                                                                                            ,Unknown,Oci i entreteniment,Ferit lleu: Hospitalització fins a 24h,429028.67 ,4580683.3 ,2.150203196,41.37269078
2023S003628    ,2,Eixample,9,la Nova Esquerra de l'Eixample,54509,Calàbria,0189 0189,Saturday,2023,6,June,17,Afternoon,17,No és causa del  vianant,Veh. mobilitat personal amb motor,Dona,29,Driver,Desconegut                                                                                                                                            ,Unknown,In itínere,Ferit lleu: Amb assistència sanitària en lloc d'accident,428973.69 ,4581930.81,2.149399541,41.383921833
2023S003629    ,2,Eixample,6,la Sagrada Família,350308,València,0457 0457,Diumenge,2023,6,June,18,Morning,7,No és causa del  vianant,Bicicleta,Dona,41,Driver,Desconegut                                                                                                                                            ,Unknown,Oci i entreteniment,Ferit lleu: Hospitalització fins a 24h,431327.78 ,4584064.97,2.177309537,41.403348087
2023S003630    ,2,Eixample,10,Sant Antoni,323203,Sepúlveda,0157 0157,Saturday,2023,6,June,17,Afternoon,21,No és causa del  vianant,Motorcycle,Dona,21,Passatger,Desconegut                                                                                                                                            ,Unknown,Unknown,Ferit lleu: Hospitalització fins a 24h,429988.62 ,4581777.79,2.16155456,41.382632643
2023S003631    ,3,Sants-Montjuïc,16,la Bordeta,169409,Corts Catalanes,0181X0181X,Diumenge,2023,6,June,18,Morning,10,No és causa del  vianant,Car,Dona,41,Driver,Desconegut                                                                                                                                            ,Unknown,Altres activitats,Ferit lleu: Hospitalització fins a 24h,428120.05 ,4580176.09,2.139399283,41.368041834
2023S003631    ,3,Sants-Montjuïc,16,la Bordeta,169409,Corts Catalanes,0181X0181X,Diumenge,2023,6,June,18,Morning,10,No és causa del  vianant,Car,Dona,8,Passatger,Desconegut                                                                                                                                            ,Unknown,Unknown,Ferit lleu: Hospitalització fins a 24h,428120.05 ,4580176.09,2.139399283,41.368041834
2023S003631    ,3,Sants-Montjuïc,16,la Bordeta,169409,Corts Catalanes,0181X0181X,Diumenge,2023,6,June,18,Morning,10,No és causa del  vianant,Car,Home,35,Driver,Desconegut                                                                                                                                            ,Unknown,Taxi,Ferit lleu: Hospitalització fins a 24h,428120.05 ,4580176.09,2.139399283,41.368041834
2023S003632    ,5,Sarrià-Sant Gervasi,26,Sant Gervasi - Galvany,701433,Mig (Ascendent),000400000,Saturday,2023,6,June,17,Afternoon,20,No és causa del  vianant,Motorcycle,Dona,19,Driver,Desconegut                                                                                                                                            ,Unknown,In itínere,Ferit lleu: Hospitalització fins a 24h,427605.52 ,4583482.64,2.1328524,41.397776536
2023S003633    ,2,Eixample,7,la Dreta de l'Eixample,18505,Aragó,0375 0375,Saturday,2023,6,June,17,Afternoon,19,No és causa del  vianant,Motorcycle,Home,36,Driver,Desconegut                                                                                                                                            ,Unknown,Altres activitats,Ferit lleu: Hospitalització fins a 24h,430977.58 ,4583518.03,2.1731827,41.398391964
2023S003633    ,2,Eixample,7,la Dreta de l'Eixample,18505,Aragó,0375 0375,Saturday,2023,6,June,17,Afternoon,19,No és causa del  vianant,Motorcycle,Dona,35,Passatger,Desconegut                                                                                                                                            ,Unknown,Unknown,Ferit lleu: Hospitalització fins a 24h,430977.58 ,4583518.03,2.1731827,41.398391964
2023S003633    ,2,Eixample,7,la Dreta de l'Eixample,18505,Aragó,0375 0375,Saturday,2023,6,June,17,Afternoon,19,No és causa del  vianant,Motorcycle,Home,24,Driver,Desconegut                                                                                                                                            ,Unknown,In itínere,Ferit lleu: Hospitalització fins a 24h,430977.58 ,4583518.03,2.1731827,41.398391964
2023S003634    ,10,Sant Martí,68,el Poblenou,115603,Espronceda,0067 0069,Diumenge,2023,6,June,18,Morning,11,No és causa del  vianant,Motorcycle,Home,49,Driver,Desconegut                                                                                                                                            ,Unknown,Es desconeix,Ferit lleu: Hospitalització fins a 24h,433760.7  ,4584097.9 ,2.206409651,41.403848933
2023S003635    ,2,Eixample,7,la Dreta de l'Eixample,169409,Corts Catalanes,0700 0700,Diumenge,2023,6,June,18,Morning,11,Creuar per fora pas de vianants,Veh. mobilitat personal amb motor,Dona,82,Pedestrian,Fora del pas                                                                                                                                          ,Unknown,Unknown,Ferit lleu: Hospitalització fins a 24h,431063.78 ,4582985.1 ,2.174274485,41.393599426
2023S003636    ,7,Horta-Guinardó,33,el Baix Guinardó,68900,Cartagena,0375V0375V,Diumenge,2023,6,June,18,Afternoon,16,No és causa del  vianant,Motorcycle,Dona,27,Passatger,Desconegut                                                                                                                                            ,Unknown,Unknown,Ferit lleu: Hospitalització fins a 24h,430786.53 ,4585244.59,2.1706999,41.41392609
2023S003636    ,7,Horta-Guinardó,33,el Baix Guinardó,68900,Cartagena,0375V0375V,Diumenge,2023,6,June,18,Afternoon,16,No és causa del  vianant,Motorcycle,Dona,30,Driver,Desconegut                                                                                                                                            ,Unknown,Oci i entreteniment,Ferit lleu: Hospitalització fins a 24h,430786.53 ,4585244.59,2.1706999,41.41392609
2023S003637    ,2,Eixample,7,la Dreta de l'Eixample,232902,Urquinaona,0006 0006,Diumenge,2023,6,June,18,Afternoon,16,No és causa del  vianant,Ciclomotor,Dona,42,Driver,Desconegut                                                                                                                                            ,Unknown,Altres activitats,Ferit lleu: Hospitalització fins a 24h,430987.16 ,4582551.3 ,2.173407521,41.389685744
2023S003638    ,6,Gràcia,30,la Salut,366002,Mare de Déu de la Salut,0087 0087,Diumenge,2023,6,June,18,Afternoon,14,No és causa del  vianant,Motorcycle,Dona,59,Driver,Desconegut                                                                                                                                            ,Unknown,Es desconeix,Ferit lleu: Hospitalització fins a 24h,429863.6  ,4585180.72,2.159665098,41.413270776
2023S003639    ,3,Sants-Montjuïc,16,la Bordeta,169409,Corts Catalanes,0185 0185,Diumenge,2023,6,June,18,Afternoon,14,No és causa del  vianant,Car,Home,43,Driver,Desconegut                                                                                                                                            ,Unknown,Es desconeix,Ferit lleu: Hospitalització fins a 24h,428173.37 ,4580228.73,2.140030528,41.368520706