Case_Number,District_Code,District_Name,Neighborhood_Code,Neighborhood_Name,Street_Code,Street_Name,Postal_Code,Day_of_Week,Year,Month_Code,Month_Name,Day_of_Month,Shift_Description,Hour_of_Day,Pedestrian_Cause_Description,Involved_Vehicle_Type,Gender_Description,Age,Person_Type_Description,Pedestrian_Accident_Location_Description,Pedestrian_Movement_Reason_Description,Driver_Movement_Reason_Description,Victimization_Description,UTM_X_Coordinate,UTM_Y_Coordinate,Longitude,Latitude
2023S003709    ,2,Eixample,7,la Dreta de l'Eixample,90502,Còrsega,0400 0400,Dimecres,2023,6,June,21,Morning,10,No és causa del  vianant,Motorcycle,Home,33,Driver,Desconegut                                                                                                                                            ,Unknown,Es desconeix,Ferit lleu: Hospitalització fins a 24h,430251.21 ,4583732.76,2.164469501,41.400263252
2023S003710    ,8,Nou Barris,48,la Guineueta,700013,Karl Marx,0005 0005,Dimecres,2023,6,June,21,Morning,8,No és causa del  vianant,Motorcycle,Home,38,Driver,Desconegut                                                                                                                                            ,Unknown,In itínere,Ferit lleu: Amb assistència sanitària en lloc d'accident,430069.18 ,4588237.79,2.161770892,41.440822563
2023S003711    ,3,Sants-Montjuïc,17,Sants - Badal,312400,Sants,0375 0377,Dimecres,2023,6,June,21,Morning,7,Altres,Veh. mobilitat personal amb motor,Home,25,Pedestrian,En pas regulat per semàfor                                                                                                                            ,Unknown,Unknown,Ferit lleu: Hospitalització fins a 24h,426942.41 ,4581028.41,2.125216911,41.375612276
2023S003712    ,10,Sant Martí,65,el Clot,191204,Mallorca,0643 0643,Dimecres,2023,6,June,21,Morning,11,Transitar a peu per la calçada,Furgoneta,Home,69,Pedestrian,Fora del pas                                                                                                                                          ,Altres activitats,Unknown,Ferit lleu: Hospitalització fins a 24h,432315.14 ,4585203.46,2.188993349,41.413685915
2023S003713    ,6,Gràcia,30,la Salut,321605,Pau Alsina,0129 0129,Dimecres,2023,6,June,21,Morning,11,No és causa del  vianant,Bus,Home,68,Pedestrian,En pas regulat per semàfor                                                                                                                            ,Unknown,Unknown,Ferit lleu: Hospitalització fins a 24h,429927.96 ,4585014.77,2.160454342,41.411781742
2023S003714    ,2,Eixample,6,la Sagrada Família,197302,Marina,0229 0229,Dimecres,2023,6,June,21,Morning,13,No és causa del  vianant,Motorcycle,Home,66,Driver,Desconegut                                                                                                                                            ,Unknown,Es desconeix,Ferit lleu: Amb assistència sanitària en lloc d'accident,431318.82 ,4583941.66,2.177216353,41.402236706
2023S003715    ,2,Eixample,7,la Dreta de l'Eixample,169409,Corts Catalanes,0631 0631,Dimecres,2023,6,June,21,Morning,13,No és causa del  vianant,Motorcycle,Dona,50,Driver,Desconegut                                                                                                                                            ,Unknown,In itínere,Ferit lleu: Amb assistència sanitària en lloc d'accident,430743.49 ,4582744.36,2.17047117,41.391403621
2023S003716    ,1,Ciutat Vella,3,la Barceloneta,197302,Marina,0013 0013,Dimarts,2023,6,June,20,Afternoon,20,No és causa del  vianant,Veh. mobilitat personal amb motor,Home,26,Driver,En pas sense regular                                                                                                                                  ,Unknown,Es desconeix,Ferit lleu: Rebutja assistència sanitària,433038.5  ,4582211.98,2.197978952,41.386803062
2023S003717    ,1,Ciutat Vella,4,"Sant Pere, Santa Caterina i la Ribera",248050,Pau Vila,0013X0013X,Dimecres,2023,6,June,21,Morning,12,No és causa del  vianant,Veh. mobilitat personal amb motor,Dona,57,Pedestrian,A la vorera / Andana                                                                                                                                  ,Es desconeix,Unknown,Ferit lleu: Amb assistència sanitària en lloc d'accident,431967.52 ,4581740.84,2.185223603,41.382469712
2023S003718    ,10,Sant Martí,71,Provençals del Poblenou,701414,C-31,020750000,Dimecres,2023,6,June,21,Morning,13,No és causa del  vianant,Motorcycle,Home,39,Driver,Desconegut                                                                                                                                            ,Unknown,Oci i entreteniment,Ferit lleu: Rebutja assistència sanitària,433372.35 ,4585277.86,2.201633992,41.41444441
2023S003719    ,8,Nou Barris,52,la Prosperitat,120807,Favència,0370X0370X,Dimecres,2023,6,June,21,Morning,13,No és causa del  vianant,Motorcycle,Home,23,Driver,Desconegut                                                                                                                                            ,Unknown,Oci i entreteniment,Ferit lleu: Hospitalització fins a 24h,431584.89 ,4588795.14,2.179849683,41.445973069
2023S003720    ,7,Horta-Guinardó,43,Horta,701268,Dalt (Llobregat),001280000,Dimecres,2023,6,June,21,Afternoon,14,No és causa del  vianant,Motorcycle,Dona,57,Driver,Desconegut                                                                                                                                            ,Unknown,Es desconeix,Ferit lleu: Hospitalització fins a 24h,429688.06 ,4588027.93,2.157233617,41.438899137
2023S003721    ,10,Sant Martí,67,la Vila Olímpica del Poblenou,62609,Icària,0152 0158,Dimarts,2023,6,June,20,Afternoon,19,No és causa del  vianant,Bicicleta,Dona,55,Driver,Desconegut                                                                                                                                            ,Unknown,Oci i entreteniment,Ferit lleu: Hospitalització fins a 24h,432897.15 ,4582597.69,2.196245736,41.390265272
2023S003722    ,2,Eixample,5,el Fort Pienc,197302,Marina,0178 0178,Dimecres,2023,6,June,21,Afternoon,14,No és causa del  vianant,Car,Dona,74,Driver,Desconegut                                                                                                                                            ,Unknown,Es desconeix,Ferit lleu: Hospitalització fins a 24h,431648.43 ,4583591.24,2.181198802,41.399108683
2023S003724    ,9,Sant Andreu,57,la Trinitat Vella,701501,B-20 (Llobregat),001640000,Dimecres,2023,6,June,21,Afternoon,14,No és causa del  vianant,Motorcycle,Home,45,Driver,Desconegut                                                                                                                                            ,Unknown,Es desconeix,Ferit lleu: Hospitalització fins a 24h,432838.99 ,4589349.79,2.19479988,41.451074575
2023S003725    ,2,Eixample,8,l'Antiga Esquerra de l'Eixample,349706,Comte d'Urgell,0124 0124,Dimecres,2023,6,June,21,Afternoon,14,No és causa del  vianant,Car,Home,19,Passatger,Desconegut                                                                                                                                            ,Unknown,Unknown,Ferit lleu: Hospitalització fins a 24h,429442    ,4582051.19,2.154985925,41.385047287
2023S003726    ,5,Sarrià-Sant Gervasi,23,Sarrià,58601,Can Caralleu,0006 0014,Dimecres,2023,6,June,21,Afternoon,18,No és causa del  vianant,Motorcycle,Dona,43,Driver,Desconegut                                                                                                                                            ,Unknown,Oci i entreteniment,Ferit lleu: Hospitalització fins a 24h,426154.02 ,4584083.13,2.115417427,41.40305282
2023S003727    ,1,Ciutat Vella,4,"Sant Pere, Santa Caterina i la Ribera",65607,Carders,0039 0041,Dimecres,2023,6,June,21,Afternoon,20,No és causa del  vianant,Furgoneta,Home,1,Pedestrian,En zona peatonal                                                                                                                                      ,Unknown,Unknown,Mort (dins 24h posteriors accident),431568.68 ,4582258.16,2.180395577,41.387095227
2023S003728    ,5,Sarrià-Sant Gervasi,24,les Tres Torres,227200,Nena Casas,0063 0063,Dimecres,2023,6,June,21,Afternoon,20,No és causa del  vianant,Car,Dona,39,Driver,Desconegut                                                                                                                                            ,Unknown,In itínere,Ferit lleu: Hospitalització fins a 24h,427372.77 ,4583357.25,2.13008347,41.3966262
2023S003729    ,2,Eixample,7,la Dreta de l'Eixample,289105,Rosselló,0253 0253,Dimecres,2023,6,June,21,Night,22,No és causa del  vianant,Motorcycle,Home,28,Driver,Desconegut                                                                                                                                            ,Unknown,Es desconeix,Ferit lleu: Amb assistència sanitària en lloc d'accident,429831.31 ,4583162.93,2.15951282,41.395094433
2023S003730    ,2,Eixample,6,la Sagrada Família,178308,Lepant,0269 0269,Dimecres,2023,6,June,21,Night,22,No és causa del  vianant,Bicicleta,Dona,31,Driver,En pas regulat per semàfor                                                                                                                            ,Unknown,Oci i entreteniment,Ferit lleu: Hospitalització fins a 24h,431277.27 ,4584186.43,2.176691518,41.404437721
2023S003732    ,10,Sant Martí,66,el Parc i la Llacuna del Poblenou,330107,Tànger,0022 0022,Thursday,2023,6,June,22,Morning,7,No és causa del  vianant,Car,Dona,48,Driver,Desconegut                                                                                                                                            ,Unknown,Es desconeix,Ferit lleu: Hospitalització fins a 24h,432228.27 ,4583578.71,2.18813605,41.399044939
2023S003732    ,10,Sant Martí,66,el Parc i la Llacuna del Poblenou,330107,Tànger,0022 0022,Thursday,2023,6,June,22,Morning,7,No és causa del  vianant,Furgoneta,Home,55,Driver,Desconegut                                                                                                                                            ,Unknown,In itínere,Ferit lleu: Hospitalització fins a 24h,432228.27 ,4583578.71,2.18813605,41.399044939
2023S003733    ,5,Sarrià-Sant Gervasi,26,Sant Gervasi - Galvany,144601,Diagonal,0626 0626,Thursday,2023,6,June,22,Morning,8,Desobeir el senyal del semàfor,Motorcycle,Dona,61,Pedestrian,En pas regulat per semàfor                                                                                                                            ,In itinere,Unknown,Ferit lleu: Hospitalització fins a 24h,428145.43 ,4582763.57,2.13939577,41.391348601
2023S003733    ,5,Sarrià-Sant Gervasi,26,Sant Gervasi - Galvany,144601,Diagonal,0626 0626,Thursday,2023,6,June,22,Morning,8,Desobeir el senyal del semàfor,Motorcycle,Dona,27,Driver,En pas regulat per semàfor                                                                                                                            ,Unknown,In itínere,Ferit lleu: Rebutja assistència sanitària,428145.43 ,4582763.57,2.13939577,41.391348601
2023S003735    ,10,Sant Martí,64,el Camp de l'Arpa del Clot,90502,Còrsega,0658 0660,Thursday,2023,6,June,22,Morning,10,No és causa del  vianant,Motorcycle,Dona,67,Driver,Desconegut                                                                                                                                            ,Unknown,Es desconeix,Ferit lleu: Rebutja assistència sanitària,431495.29 ,4584949.92,2.17921313,41.411332855
2023S003736    ,2,Eixample,5,el Fort Pienc,76807,Sardenya,0208 0216,Thursday,2023,6,June,22,Morning,8,Creuar per fora pas de vianants,Veh. mobilitat personal amb motor,Home,50,Pedestrian,Fora del pas                                                                                                                                          ,Unknown,Unknown,Ferit lleu: Rebutja assistència sanitària,431599.68 ,4583470.53,2.180629317,41.398017336
2023S003736    ,2,Eixample,5,el Fort Pienc,76807,Sardenya,0208 0216,Thursday,2023,6,June,22,Morning,8,Creuar per fora pas de vianants,Veh. mobilitat personal amb motor,Dona,25,Driver,Fora del pas                                                                                                                                          ,Unknown,Es desconeix,Ferit lleu: Hospitalització fins a 24h,431599.68 ,4583470.53,2.180629317,41.398017336
2023S003737    ,3,Sants-Montjuïc,18,Sants,30602,Badal,0156 0156,Thursday,2023,6,June,22,Morning,11,No és causa del  vianant,"Camió rígid <= 3,5 tones",Dona,82,Pedestrian,En pas sense senyalitzar                                                                                                                              ,Es desconeix,Unknown,Ferit greu: hospitalització superior a 24h,427445.76 ,4580770.93,2.131266387,41.373338813
2023S003738    ,5,Sarrià-Sant Gervasi,24,les Tres Torres,143904,General Mitre,0079 0079,Thursday,2023,6,June,22,Night,0,No és causa del  vianant,Motorcycle,Dona,52,Driver,Desconegut                                                                                                                                            ,Unknown,In itínere,Ferit lleu: Hospitalització fins a 24h,427631.78 ,4583561.46,2.133157076,41.3984888
2023S003739    ,2,Eixample,5,el Fort Pienc,100800,Diputació,0449 0451,Thursday,2023,6,June,22,Morning,8,No és causa del  vianant,Bicicleta,Home,42,Driver,Desconegut                                                                                                                                            ,Unknown,Es desconeix,Ferit lleu: Hospitalització fins a 24h,431562.15 ,4583735.81,2.180150401,41.400403439
2023S003740    ,2,Eixample,5,el Fort Pienc,197302,Marina,0203 0203,Thursday,2023,6,June,22,Morning,10,No és causa del  vianant,Motorcycle,Home,49,Driver,Desconegut                                                                                                                                            ,Unknown,Es desconeix,Ferit lleu: Hospitalització fins a 24h,431369.71 ,4583900.94,2.177829728,41.401874302
2023S003741    ,2,Eixample,7,la Dreta de l'Eixample,191204,Mallorca,0347B0347B,Thursday,2023,6,June,22,Morning,9,No és causa del  vianant,Bus,Dona,58,Passatger,Desconegut                                                                                                                                            ,Unknown,Unknown,Ferit lleu: Hospitalització fins a 24h,430789.42 ,4583711.39,2.170909912,41.400117314
2023S003742    ,2,Eixample,7,la Dreta de l'Eixample,191204,Mallorca,0347B0347B,Thursday,2023,6,June,22,Morning,8,No és causa del  vianant,Motorcycle,Home,34,Driver,Desconegut                                                                                                                                            ,Unknown,In itínere,Ferit lleu: Hospitalització fins a 24h,430789.42 ,4583711.39,2.170909912,41.400117314
2023S003743    ,2,Eixample,10,Sant Antoni,54509,Calàbria,0059 0059,Thursday,2023,6,June,22,Morning,12,Desobeir el senyal del semàfor,Veh. mobilitat personal amb motor,Home,26,Pedestrian,En pas regulat per semàfor                                                                                                                            ,Oci i entreteniment,Unknown,Ferit lleu: Amb assistència sanitària en lloc d'accident,429672.66 ,4581204.2 ,2.157842737,41.377438928
2023S003743    ,2,Eixample,10,Sant Antoni,54509,Calàbria,0059 0059,Thursday,2023,6,June,22,Morning,12,Desobeir el senyal del semàfor,Veh. mobilitat personal amb motor,Dona,36,Driver,En pas regulat per semàfor                                                                                                                            ,Unknown,Oci i entreteniment,Ferit lleu: Hospitalització fins a 24h,429672.66 ,4581204.2 ,2.157842737,41.377438928
2023S003744    ,2,Eixample,6,la Sagrada Família,89004,Consell de Cent,0551 0551,Thursday,2023,6,June,22,Morning,12,No és causa del  vianant,Motorcycle,Home,48,Driver,Desconegut                                                                                                                                            ,Unknown,Es desconeix,Ferit lleu: Amb assistència sanitària en lloc d'accident,431741.04 ,4584077.1 ,2.182251755,41.403492552
2023S003745    ,3,Sants-Montjuïc,12,la Marina del Prat Vermell,701265,Litoral (Besòs),001390000,Thursday,2023,6,June,22,Afternoon,15,No és causa del  vianant,Car,Dona,44,Driver,Desconegut                                                                                                                                            ,Unknown,Oci i entreteniment,Ferit lleu: Rebutja assistència sanitària,429644.79 ,4578490.83,2.157824421,41.352997967
2023S003746    ,7,Horta-Guinardó,37,el Carmel,67103,Carmel,0004 0004,Thursday,2023,6,June,22,Morning,13,No és causa del  vianant,Bus,Dona,65,Passatger,Desconegut                                                                                                                                            ,Unknown,Unknown,Ferit greu: hospitalització superior a 24h,429673.39 ,4586715.49,2.15721083,41.427077233
2023S003747    ,1,Ciutat Vella,4,"Sant Pere, Santa Caterina i la Ribera",240707,Palau,0015 0015,Thursday,2023,6,June,22,Morning,13,No és causa del  vianant,Motorcycle,Home,59,Driver,Desconegut                                                                                                                                            ,Unknown,Es desconeix,Ferit lleu: Hospitalització fins a 24h,431910.16 ,4581778.39,2.184533436,41.38280306
2023S003748    ,10,Sant Martí,64,el Camp de l'Arpa del Clot,161101,Independència,0357 0357,Thursday,2023,6,June,22,Afternoon,15,No és causa del  vianant,Motorcycle,Home,69,Driver,Desconegut                                                                                                                                            ,Unknown,Oci i entreteniment,Ferit lleu: Hospitalització fins a 24h,431466.56 ,4584937.05,2.178870867,41.411214488
2023S003751    ,6,Gràcia,28,Vallcarca i els Penitents,229908,Mare de Déu del Coll,0139 0139,Thursday,2023,6,June,22,Afternoon,16,Creuar per fora pas de vianants,Motorcycle,Home,9,Pedestrian,Fora del pas                                                                                                                                          ,Estudiant cap a centre d'estudis,Unknown,Ferit lleu: Hospitalització fins a 24h,428790.64 ,4585180.02,2.146828135,41.413170067
2023S003752    ,4,Les Corts,21,Pedralbes,213806,Miret i Sans,0038 0046,Thursday,2023,6,June,22,Afternoon,14,No és causa del  vianant,Bus,Dona,41,Passatger,Desconegut                                                                                                                                            ,Unknown,Unknown,Ferit lleu: Hospitalització fins a 24h,425576.7  ,4582857.81,2.108662131,41.391963666
2023S003753    ,5,Sarrià-Sant Gervasi,25,Sant Gervasi - la Bonanova,701268,Dalt (Llobregat),000880000,Thursday,2023,6,June,22,Afternoon,15,No és causa del  vianant,Motorcycle,Home,60,Driver,Desconegut                                                                                                                                            ,Unknown,Es desconeix,Ferit lleu: Hospitalització fins a 24h,427350.84 ,4585168.98,2.12960359,41.412941704
2023S003754    ,8,Nou Barris,44,Vilapicina i la Torre Llobeta,328604,Subirats,0004 0004,Thursday,2023,6,June,22,Afternoon,19,No és causa del  vianant,Car,Home,32,Pedestrian,En zona peatonal                                                                                                                                      ,Unknown,Unknown,Ferit lleu: Hospitalització fins a 24h,431096.55 ,4586624.26,2.174251809,41.426378961
2023S003755    ,2,Eixample,5,el Fort Pienc,144601,Diagonal,9994 9994,Thursday,2023,6,June,22,Afternoon,16,No és causa del  vianant,Ciclomotor,Home,41,Driver,Desconegut                                                                                                                                            ,Unknown,Es desconeix,Ferit lleu: Hospitalització fins a 24h,431207.13 ,4583723.12,2.175905143,41.40025883
2023S003756    ,7,Horta-Guinardó,40,Montbau,701267,Dalt (Besòs),001170000,Thursday,2023,6,June,22,Afternoon,17,No és causa del  vianant,Car,Dona,51,Passatger,Desconegut                                                                                                                                            ,Unknown,Unknown,Ferit lleu: Rebutja assistència sanitària,429136.59 ,4587872.79,2.150651358,41.437453351
2023S003757    ,5,Sarrià-Sant Gervasi,26,Sant Gervasi - Galvany,55603,Calvet,0050 0050,Thursday,2023,6,June,22,Afternoon,19,No és causa del  vianant,Motorcycle,Dona,64,Driver,Desconegut                                                                                                                                            ,Unknown,Es desconeix,Ferit lleu: Hospitalització fins a 24h,428433.85 ,4583204.17,2.142793206,41.39534265
2023S003758    ,3,Sants-Montjuïc,11,el Poble-sec,701266,Litoral (Llobregat),001190000,Thursday,2023,6,June,22,Afternoon,16,No és causa del  vianant,Taxi,Home,57,Driver,Desconegut                                                                                                                                            ,Unknown,Taxi,Ferit lleu: Hospitalització fins a 24h,430808.33 ,4579990   ,2.171561304,41.36660147
2023S003759    ,4,Les Corts,19,les Corts,172403,Joan Güell,0236 0254,Thursday,2023,6,June,22,Afternoon,17,No és causa del  vianant,Bicicleta,Home,32,Driver,Desconegut                                                                                                                                            ,Unknown,Es desconeix,Ferit lleu: Amb assistència sanitària en lloc d'accident,427250.18 ,4582372.05,2.128735572,41.387741816
2023S003760    ,7,Horta-Guinardó,33,el Baix Guinardó,68900,Cartagena,0375V0375V,Thursday,2023,6,June,22,Afternoon,17,Altres,Bus,Home,47,Passatger,Desconegut                                                                                                                                            ,Unknown,Unknown,Ferit lleu: Hospitalització fins a 24h,430786.53 ,4585244.59,2.1706999,41.41392609
2023S003761    ,10,Sant Martí,69,Diagonal Mar i el Front Marítim del Poblenou,701266,Litoral (Llobregat),000650000,Thursday,2023,6,June,22,Afternoon,18,No és causa del  vianant,Motorcycle,Home,51,Driver,Desconegut                                                                                                                                            ,Unknown,Es desconeix,Ferit lleu: Hospitalització fins a 24h,434313.7  ,4583894.96,2.213047001,41.4020665
2023S003762    ,3,Sants-Montjuïc,13,la Marina de Port,212406,Mineria,0002B0002B,Thursday,2023,6,June,22,Afternoon,18,No és causa del  vianant,Motorcycle,Home,34,Driver,Desconegut                                                                                                                                            ,Unknown,Es desconeix,Ferit lleu: Hospitalització fins a 24h,427875.3  ,4579689.31,2.136531021,41.36363567
2023S003763    ,2,Eixample,7,la Dreta de l'Eixample,169409,Corts Catalanes,0665 0665,Thursday,2023,6,June,22,Afternoon,16,No és causa del  vianant,"Camió rígid <= 3,5 tones",Home,22,Driver,Desconegut                                                                                                                                            ,Unknown,Es desconeix,Ferit lleu: Amb assistència sanitària en lloc d'accident,431112.06 ,4583023.89,2.174847528,41.393952935
2023S003763    ,2,Eixample,7,la Dreta de l'Eixample,169409,Corts Catalanes,0665 0665,Thursday,2023,6,June,22,Afternoon,16,No és causa del  vianant,Furgoneta,Home,54,Driver,Desconegut                                                                                                                                            ,Unknown,Es desconeix,Ferit lleu: Rebutja assistència sanitària,431112.06 ,4583023.89,2.174847528,41.393952935
2023S003764    ,3,Sants-Montjuïc,13,la Marina de Port,198156,Marbre,0001 0001,Thursday,2023,6,June,22,Afternoon,19,No és causa del  vianant,Motorcycle,Home,33,Driver,Desconegut                                                                                                                                            ,Unknown,Oci i entreteniment,Ferit lleu: Hospitalització fins a 24h,428824.07 ,4579432.79,2.14790371,41.36140976
2023S003765    ,4,Les Corts,20,la Maternitat i Sant Ramon,144601,Diagonal,0645 0645,Thursday,2023,6,June,22,Afternoon,19,No és causa del  vianant,Motorcycle,Home,60,Driver,Desconegut                                                                                                                                            ,Unknown,In itínere,Ferit lleu: Hospitalització fins a 24h,426270.62 ,4582154.02,2.117047205,41.385688877
2023S003766    ,5,Sarrià-Sant Gervasi,25,Sant Gervasi - la Bonanova,200305,Marquesa de Vilallonga,0039 0039,Friday,2023,6,June,23,Morning,9,No és causa del  vianant,Car,Dona,43,Driver,Desconegut                                                                                                                                            ,Unknown,In itínere,Ferit lleu: Amb assistència sanitària en lloc d'accident,427002.51 ,4584538.16,2.125512308,41.407228607
2023S003768    ,2,Eixample,6,la Sagrada Família,73900,Castillejos,0218 0218,Friday,2023,6,June,23,Morning,9,No és causa del  vianant,Bicicleta,Home,49,Driver,Desconegut                                                                                                                                            ,Unknown,In itínere,Ferit lleu: Hospitalització fins a 24h,431647.55 ,4584174.64,2.181122366,41.404363118
2023S003769    ,7,Horta-Guinardó,33,el Baix Guinardó,76807,Sardenya,0540 0540,Friday,2023,6,June,23,Morning,11,No és causa del  vianant,Furgoneta,Home,48,Driver,Desconegut                                                                                                                                            ,Unknown,En missió,Ferit lleu: Hospitalització fins a 24h,430048.75 ,4585148.94,2.161883941,41.413000691
2023S003770    ,6,Gràcia,32,el Camp d'en Grassot i Gràcia Nova,268105,Providència,0143 0143,Friday,2023,6,June,23,Morning,12,No és causa del  vianant,Motorcycle,Home,21,Driver,Desconegut                                                                                                                                            ,Unknown,Oci i entreteniment,Ferit lleu: Amb assistència sanitària en lloc d'accident,430217.78 ,4584868.03,2.163938654,41.410485336
2023S003771    ,5,Sarrià-Sant Gervasi,26,Sant Gervasi - Galvany,28000,Augusta,0246 0246,Friday,2023,6,June,23,Morning,12,No és causa del  vianant,Motorcycle,Home,40,Driver,Desconegut                                                                                                                                            ,Unknown,Es desconeix,Ferit lleu: Hospitalització fins a 24h,427815.43 ,4583480.39,2.135363454,41.397775152
2023S003772    ,4,Les Corts,19,les Corts,144601,Diagonal,0650 0650,Thursday,2023,6,June,22,Afternoon,17,No és causa del  vianant,Bicicleta,Home,34,Driver,Desconegut                                                                                                                                            ,Unknown,Es desconeix,Ferit lleu: Hospitalització fins a 24h,427575.97 ,4582577.49,2.13260725,41.389621548
2023S003772    ,4,Les Corts,19,les Corts,144601,Diagonal,0650 0650,Thursday,2023,6,June,22,Afternoon,17,No és causa del  vianant,Motorcycle,Home,55,Driver,Desconegut                                                                                                                                            ,Unknown,Es desconeix,Ferit lleu: Hospitalització fins a 24h,427575.97 ,4582577.49,2.13260725,41.389621548
2023S003773    ,2,Eixample,9,la Nova Esquerra de l'Eixample,54509,Calàbria,0194 0194,Friday,2023,6,June,23,Morning,13,No és causa del  vianant,Autobús articulat,Dona,39,Passatger,Desconegut                                                                                                                                            ,Unknown,Unknown,Ferit lleu: Hospitalització fins a 24h,428973.69 ,4581930.81,2.149399541,41.383921833
2023S003773    ,2,Eixample,9,la Nova Esquerra de l'Eixample,54509,Calàbria,0194 0194,Friday,2023,6,June,23,Morning,13,No és causa del  vianant,Autobús articulat,Dona,42,Passatger,Desconegut                                                                                                                                            ,Unknown,Unknown,Ferit lleu: Hospitalització fins a 24h,428973.69 ,4581930.81,2.149399541,41.383921833
2023S003773    ,2,Eixample,9,la Nova Esquerra de l'Eixample,54509,Calàbria,0194 0194,Friday,2023,6,June,23,Morning,13,No és causa del  vianant,Autobús articulat,Dona,48,Passatger,Desconegut                                                                                                                                            ,Unknown,Unknown,Ferit lleu: Hospitalització fins a 24h,428973.69 ,4581930.81,2.149399541,41.383921833
2023S003773    ,2,Eixample,9,la Nova Esquerra de l'Eixample,54509,Calàbria,0194 0194,Friday,2023,6,June,23,Morning,13,No és causa del  vianant,Autobús articulat,Dona,70,Passatger,Desconegut                                                                                                                                            ,Unknown,Unknown,Ferit lleu: Hospitalització fins a 24h,428973.69 ,4581930.81,2.149399541,41.383921833
2023S003773    ,2,Eixample,9,la Nova Esquerra de l'Eixample,54509,Calàbria,0194 0194,Friday,2023,6,June,23,Morning,13,No és causa del  vianant,Autobús articulat,Home,47,Passatger,Desconegut                                                                                                                                            ,Unknown,Unknown,Ferit lleu: Rebutja assistència sanitària,428973.69 ,4581930.81,2.149399541,41.383921833
2023S003774    ,2,Eixample,7,la Dreta de l'Eixample,49509,Bruc,0099 0099,Thursday,2023,6,June,22,Afternoon,20,No és causa del  vianant,Motorcycle,Dona,26,Driver,Desconegut                                                                                                                                            ,Unknown,Es desconeix,Ferit lleu: Amb assistència sanitària en lloc d'accident,430499.78 ,4583238.78,2.167499581,41.395835671
2023S003775    ,9,Sant Andreu,59,el Bon Pastor,81002,Claramunt,0022 0022,Friday,2023,6,June,23,Afternoon,14,No és causa del  vianant,Motorcycle,Home,29,Driver,Desconegut                                                                                                                                            ,Unknown,In itínere,Ferit lleu: Hospitalització fins a 24h,433682.27 ,4587764.69,2.20506911,41.436868236
2023S003777    ,9,Sant Andreu,61,la Sagrera,292507,Gran de la Sagrera,0067 0075,Friday,2023,6,June,23,Morning,13,No és causa del  vianant,Bus,Dona,62,Passatger,Desconegut                                                                                                                                            ,Unknown,Unknown,Ferit lleu: Hospitalització fins a 24h,432490.18 ,4586081.68,2.190989512,41.421610509
2023S003777    ,9,Sant Andreu,61,la Sagrera,292507,Gran de la Sagrera,0067 0075,Friday,2023,6,June,23,Morning,13,No és causa del  vianant,Bus,Dona,81,Passatger,Desconegut                                                                                                                                            ,Unknown,Unknown,Ferit lleu: Hospitalització fins a 24h,432490.18 ,4586081.68,2.190989512,41.421610509
2023S003778    ,3,Sants-Montjuïc,12,la Marina del Prat Vermell,701265,Litoral (Besòs),001440000,Friday,2023,6,June,23,Afternoon,14,No és causa del  vianant,Motorcycle,Home,51,Driver,Desconegut                                                                                                                                            ,Unknown,Oci i entreteniment,Ferit lleu: Amb assistència sanitària en lloc d'accident,429275.46 ,4578334.55,2.153428002,41.351558031
2023S003779    ,7,Horta-Guinardó,35,el Guinardó,194406,Maragall,0089 0089,Friday,2023,6,June,23,Morning,13,No és causa del  vianant,Furgoneta,Home,58,Driver,Desconegut                                                                                                                                            ,Unknown,Oci i entreteniment,Ferit lleu: Hospitalització fins a 24h,431589.7  ,4585694.93,2.180258345,41.418050967
2023S003780    ,5,Sarrià-Sant Gervasi,26,Sant Gervasi - Galvany,318804,Santaló,0123 0125,Friday,2023,6,June,23,Afternoon,19,No és causa del  vianant,Motorcycle,Home,50,Driver,Desconegut                                                                                                                                            ,Unknown,Es desconeix,Ferit greu: hospitalització superior a 24h,428321.73 ,4583627.94,2.141401966,41.399149393
2023S003781    ,10,Sant Martí,68,el Poblenou,75804,Rere el Cementiri Vell,0021 0021,Friday,2023,6,June,23,Morning,11,No és causa del  vianant,Bicicleta,Dona,26,Driver,Desconegut                                                                                                                                            ,Unknown,Es desconeix,Ferit lleu: Hospitalització fins a 24h,433537.2  ,4583357.78,2.203817317,41.397164398
2023S003783    ,2,Eixample,7,la Dreta de l'Eixample,144601,Diagonal,0434 0434,Friday,2023,6,June,23,Afternoon,15,No és causa del  vianant,Motorcycle,Home,38,Driver,Desconegut                                                                                                                                            ,Unknown,Es desconeix,Ferit lleu: Rebutja assistència sanitària,430033.16 ,4583412.55,2.161898257,41.397360273
2023S003783    ,2,Eixample,7,la Dreta de l'Eixample,144601,Diagonal,0434 0434,Friday,2023,6,June,23,Afternoon,15,No és causa del  vianant,Motorcycle,Home,42,Driver,Desconegut                                                                                                                                            ,Unknown,In itínere,Ferit lleu: Rebutja assistència sanitària,430033.16 ,4583412.55,2.161898257,41.397360273
2023S003784    ,4,Les Corts,19,les Corts,144601,Diagonal,0543 0543,Friday,2023,6,June,23,Afternoon,16,No és causa del  vianant,Motorcycle,Dona,53,Driver,Desconegut                                                                                                                                            ,Unknown,Es desconeix,Ferit lleu: Hospitalització fins a 24h,427954.95 ,4582701.1 ,2.137125048,41.390768909
2023S003785    ,3,Sants-Montjuïc,12,la Marina del Prat Vermell,222206,Motors,0166 0166,Friday,2023,6,June,23,Afternoon,14,No és causa del  vianant,Motorcycle,Home,39,Driver,Desconegut                                                                                                                                            ,Unknown,Es desconeix,Ferit lleu: Hospitalització fins a 24h,428972.49 ,4578427.53,2.149795763,41.352368799