Case_Number,District_Code,District_Name,Neighborhood_Code,Neighborhood_Name,Street_Code,Street_Name,Postal_Code,Day_of_Week,Year,Month_Code,Month_Name,Day_of_Month,Shift_Description,Hour_of_Day,Pedestrian_Cause_Description,Involved_Vehicle_Type,Gender_Description,Age,Person_Type_Description,Pedestrian_Accident_Location_Description,Pedestrian_Movement_Reason_Description,Driver_Movement_Reason_Description,Victimization_Description,UTM_X_Coordinate,UTM_Y_Coordinate,Longitude,Latitude
2023S003786    ,10,Sant Martí,68,el Poblenou,701266,Litoral (Llobregat),000790000,Saturday,2023,6,June,24,Night,1,No és causa del  vianant,Motorcycle,Home,53,Passatger,Desconegut                                                                                                                                            ,Unknown,Unknown,Ferit lleu: Hospitalització fins a 24h,433443.3  ,4582903.44,2.202744112,41.393064496
2023S003787    ,9,Sant Andreu,63,Navas,121402,Felip II,0033 0035,Saturday,2023,6,June,24,Night,2,No és causa del  vianant,Motorcycle,Home,34,Driver,Desconegut                                                                                                                                            ,Unknown,Oci i entreteniment,Ferit lleu: Hospitalització fins a 24h,432373.63 ,4585694.71,2.189638193,41.418115382
2023S003788    ,1,Ciutat Vella,4,"Sant Pere, Santa Caterina i la Ribera",198203,Marquès de l'Argentera,0002 0002,Saturday,2023,6,June,24,Night,4,Creuar per fora pas de vianants,Motorcycle,Home,29,Passatger,Fora del pas                                                                                                                                          ,Unknown,Unknown,Ferit lleu: Hospitalització fins a 24h,431886.87 ,4581921.01,2.184238877,41.384085628
2023S003788    ,1,Ciutat Vella,4,"Sant Pere, Santa Caterina i la Ribera",198203,Marquès de l'Argentera,0002 0002,Saturday,2023,6,June,24,Night,4,Creuar per fora pas de vianants,Motorcycle,Home,29,Pedestrian,Fora del pas                                                                                                                                          ,Oci i entreteniment,Unknown,Ferit lleu: Hospitalització fins a 24h,431886.87 ,4581921.01,2.184238877,41.384085628
2023S003788    ,1,Ciutat Vella,4,"Sant Pere, Santa Caterina i la Ribera",198203,Marquès de l'Argentera,0002 0002,Saturday,2023,6,June,24,Night,4,Creuar per fora pas de vianants,Motorcycle,Home,30,Driver,Fora del pas                                                                                                                                          ,Unknown,Oci i entreteniment,Ferit lleu: Hospitalització fins a 24h,431886.87 ,4581921.01,2.184238877,41.384085628
2023S003789    ,10,Sant Martí,71,Provençals del Poblenou,200600,Marroc,0057 0057,Friday,2023,6,June,23,Night,22,No és causa del  vianant,Bicicleta,Dona,35,Pedestrian,En pas regulat per semàfor                                                                                                                            ,Es desconeix,Unknown,Ferit lleu: Hospitalització fins a 24h,433279.17 ,4584604.95,2.200593385,41.408375957
2023S003790    ,3,Sants-Montjuïc,13,la Marina de Port,137300,Foneria,0021 0023,Friday,2023,6,June,23,Afternoon,17,No és causa del  vianant,Car,Dona,54,Passatger,Desconegut                                                                                                                                            ,Unknown,Unknown,Ferit lleu: Amb assistència sanitària en lloc d'accident,427961.41 ,4579283.71,2.137608662,41.359990281
2023S003791    ,1,Ciutat Vella,1,el Raval,34308,Rambla,0123 0123,Friday,2023,6,June,23,Afternoon,19,No és causa del  vianant,Bicicleta,Home,32,Driver,Desconegut                                                                                                                                            ,Unknown,En missió,Ferit lleu: Hospitalització fins a 24h,430726.77 ,4581991.79,2.170357303,41.384624009
2023S003793    ,2,Eixample,8,l'Antiga Esquerra de l'Eixample,87009,Comte Borrell,0306 0306,Friday,2023,6,June,23,Afternoon,18,No és causa del  vianant,Motorcycle,Home,51,Driver,Desconegut                                                                                                                                            ,Unknown,Es desconeix,Ferit lleu: Hospitalització fins a 24h,428711.21 ,4582610.57,2.146180574,41.39002096
2023S003794    ,10,Sant Martí,66,el Parc i la Llacuna del Poblenou,44403,Bolívia,0000X0000X,Friday,2023,6,June,23,Afternoon,21,No és causa del  vianant,Veh. mobilitat personal amb motor,Home,33,Driver,Desconegut                                                                                                                                            ,Unknown,Oci i entreteniment,Ferit lleu: Hospitalització fins a 24h,432130.09 ,4583673.45,2.186951029,41.399889949
2023S003796    ,10,Sant Martí,65,el Clot,350308,València,0676 0676,Saturday,2023,6,June,24,Morning,6,No és causa del  vianant,Motorcycle,Dona,38,Passatger,Desconegut                                                                                                                                            ,Unknown,Unknown,Ferit lleu: Amb assistència sanitària en lloc d'accident,432363.33 ,4585076.1 ,2.189584156,41.412542881
2023S003796    ,10,Sant Martí,65,el Clot,350308,València,0676 0676,Saturday,2023,6,June,24,Morning,6,No és causa del  vianant,Motorcycle,Home,39,Driver,Desconegut                                                                                                                                            ,Unknown,En missió,Ferit lleu: Amb assistència sanitària en lloc d'accident,432363.33 ,4585076.1 ,2.189584156,41.412542881
2023S003797    ,2,Eixample,5,el Fort Pienc,335100,Tetuan,0036 0037,Saturday,2023,6,June,24,Morning,12,No és causa del  vianant,Bus,Dona,80,Passatger,Desconegut                                                                                                                                            ,Unknown,Unknown,Ferit lleu: Hospitalització fins a 24h,431246.5  ,4583153.05,2.17644085,41.395127752
2023S003800    ,5,Sarrià-Sant Gervasi,25,Sant Gervasi - la Bonanova,701267,Dalt (Besòs),000910000,Saturday,2023,6,June,24,Afternoon,20,No és causa del  vianant,Car,Dona,19,Driver,Desconegut                                                                                                                                            ,Unknown,Altres activitats,Ferit lleu: Hospitalització fins a 24h,427517.5  ,4585278.82,2.131584347,41.413946041
2023S003800    ,5,Sarrià-Sant Gervasi,25,Sant Gervasi - la Bonanova,701267,Dalt (Besòs),000910000,Saturday,2023,6,June,24,Afternoon,20,No és causa del  vianant,Car,Home,22,Passatger,Desconegut                                                                                                                                            ,Unknown,Unknown,Ferit lleu: Hospitalització fins a 24h,427517.5  ,4585278.82,2.131584347,41.413946041
2023S003801    ,2,Eixample,8,l'Antiga Esquerra de l'Eixample,18505,Aragó,0170 0170,Saturday,2023,6,June,24,Night,22,No és causa del  vianant,Ciclomotor,Home,30,Passatger,Desconegut                                                                                                                                            ,Unknown,Unknown,Ferit lleu: Hospitalització fins a 24h,429624.41 ,4582179.77,2.15715242,41.386221352
2023S003801    ,2,Eixample,8,l'Antiga Esquerra de l'Eixample,18505,Aragó,0170 0170,Saturday,2023,6,June,24,Night,22,No és causa del  vianant,Ciclomotor,Home,36,Driver,Desconegut                                                                                                                                            ,Unknown,Oci i entreteniment,Ferit greu: hospitalització superior a 24h,429624.41 ,4582179.77,2.15715242,41.386221352
2023S003802    ,3,Sants-Montjuïc,12,la Marina del Prat Vermell,701265,Litoral (Besòs),001390000,Diumenge,2023,6,June,25,Night,0,No és causa del  vianant,Motorcycle,Home,33,Driver,Desconegut                                                                                                                                            ,Unknown,Oci i entreteniment,Ferit lleu: Amb assistència sanitària en lloc d'accident,429644.79 ,4578490.83,2.157824421,41.352997967
2023S003803    ,9,Sant Andreu,62,el Congrés i els Indians,194406,Maragall,0106 0106,Saturday,2023,6,June,24,Night,23,No és causa del  vianant,Motorcycle,Home,41,Driver,Desconegut                                                                                                                                            ,Unknown,Oci i entreteniment,Ferit lleu: Amb assistència sanitària en lloc d'accident,431599.38 ,4586028.74,2.180336393,41.421058309
2023S003804    ,8,Nou Barris,52,la Prosperitat,209900,Meridiana,0531 0531,Diumenge,2023,6,June,25,Night,5,No és causa del  vianant,Car,Home,23,Driver,Desconegut                                                                                                                                            ,Unknown,Es desconeix,Ferit lleu: Hospitalització fins a 24h,432110.09 ,4588605.39,2.186157797,41.444308672
2023S003805    ,6,Gràcia,32,el Camp d'en Grassot i Gràcia Nova,225500,Nàpols,0273 0273,Diumenge,2023,6,June,25,Morning,8,No és causa del  vianant,Motorcycle,Home,37,Driver,Desconegut                                                                                                                                            ,Unknown,Es desconeix,Ferit lleu: Hospitalització fins a 24h,430682.29 ,4584026.66,2.169592326,41.402947614
2023S003807    ,9,Sant Andreu,62,el Congrés i els Indians,121402,Felip II,0167 0167,Diumenge,2023,6,June,25,Morning,11,Creuar per fora pas de vianants,Veh. mobilitat personal amb motor,Home,60,Pedestrian,Altres                                                                                                                                                ,Unknown,Unknown,Ferit greu: hospitalització superior a 24h,431698.79 ,4586391.02,2.181484958,41.424329707
2023S003809    ,10,Sant Martí,66,el Parc i la Llacuna del Poblenou,4908,Àlaba,0157 0157,Diumenge,2023,6,June,25,Afternoon,16,No és causa del  vianant,Bicicleta,Home,32,Driver,Desconegut                                                                                                                                            ,Unknown,Oci i entreteniment,Ferit lleu: Hospitalització fins a 24h,432130.09 ,4583673.45,2.186951029,41.399889949
2023S003811    ,3,Sants-Montjuïc,14,la Font de la Guatlla,169409,Corts Catalanes,0322 0324,Diumenge,2023,6,June,25,Afternoon,17,No és causa del  vianant,Bus,Dona,21,Passatger,Desconegut                                                                                                                                            ,Unknown,Unknown,Ferit lleu: Hospitalització fins a 24h,428805.39 ,4580812.36,2.147518341,41.37383345
2023S003812    ,9,Sant Andreu,57,la Trinitat Vella,701501,B-20 (Llobregat),001630000,Friday,2023,6,June,23,Afternoon,17,No és causa del  vianant,Motorcycle,Dona,49,Passatger,Desconegut                                                                                                                                            ,Unknown,Unknown,Ferit lleu: Hospitalització fins a 24h,433072.09 ,4589234.17,2.197603194,41.450052707
2023S003812    ,9,Sant Andreu,57,la Trinitat Vella,701501,B-20 (Llobregat),001630000,Friday,2023,6,June,23,Afternoon,17,No és causa del  vianant,Motorcycle,Home,59,Driver,Desconegut                                                                                                                                            ,Unknown,Es desconeix,Ferit lleu: Hospitalització fins a 24h,433072.09 ,4589234.17,2.197603194,41.450052707
2023S003814    ,2,Eixample,6,la Sagrada Família,76807,Sardenya,0265 0265,Diumenge,2023,6,June,25,Afternoon,18,No és causa del  vianant,Motorcycle,Dona,48,Passatger,Desconegut                                                                                                                                            ,Unknown,Unknown,Ferit greu: hospitalització superior a 24h,431169.93 ,4583892.6 ,2.175440883,41.401782098
2023S003814    ,2,Eixample,6,la Sagrada Família,76807,Sardenya,0265 0265,Diumenge,2023,6,June,25,Afternoon,18,No és causa del  vianant,Motorcycle,Home,18,Driver,Desconegut                                                                                                                                            ,Unknown,Oci i entreteniment,Ferit lleu: Hospitalització fins a 24h,431169.93 ,4583892.6 ,2.175440883,41.401782098
2023S003816    ,2,Eixample,8,l'Antiga Esquerra de l'Eixample,70607,Casanova,0092 0092,Diumenge,2023,6,June,25,Afternoon,21,Creuar per fora pas de vianants,Taxi,Home,23,Pedestrian,Fora del pas                                                                                                                                          ,Oci i entreteniment,Unknown,Ferit lleu: Hospitalització fins a 24h,429617.35 ,4582247.96,2.157060061,41.386834899
2023S003817    ,7,Horta-Guinardó,35,el Guinardó,152905,Guinardó,0083 0083,Dilluns,2023,6,June,26,Morning,7,No és causa del  vianant,Motorcycle,Dona,46,Driver,Desconegut                                                                                                                                            ,Unknown,Es desconeix,Ferit lleu: Amb assistència sanitària en lloc d'accident,430786.53 ,4585244.59,2.1706999,41.41392609
2023S003818    ,10,Sant Martí,69,Diagonal Mar i el Front Marítim del Poblenou,267907,Provençals,0001X0001X,Dilluns,2023,6,June,26,Morning,7,No és causa del  vianant,Bicicleta,Dona,68,Pedestrian,A la vorera / Andana                                                                                                                                  ,Unknown,Unknown,Ferit lleu: Amb assistència sanitària en lloc d'accident,434375.78 ,4584056.09,2.21377214,41.403522834
2023S003818    ,10,Sant Martí,69,Diagonal Mar i el Front Marítim del Poblenou,267907,Provençals,0001X0001X,Dilluns,2023,6,June,26,Morning,7,No és causa del  vianant,Bicicleta,Home,66,Pedestrian,A la vorera / Andana                                                                                                                                  ,Unknown,Unknown,Ferit lleu: Amb assistència sanitària en lloc d'accident,434375.78 ,4584056.09,2.21377214,41.403522834
2023S003818    ,10,Sant Martí,69,Diagonal Mar i el Front Marítim del Poblenou,267907,Provençals,0001X0001X,Dilluns,2023,6,June,26,Morning,7,No és causa del  vianant,Bicicleta,Dona,38,Driver,A la vorera / Andana                                                                                                                                  ,Unknown,Es desconeix,Ferit lleu: Amb assistència sanitària en lloc d'accident,434375.78 ,4584056.09,2.21377214,41.403522834
2023S003819    ,2,Eixample,8,l'Antiga Esquerra de l'Eixample,100800,Diputació,0198 0198,Diumenge,2023,6,June,25,Morning,10,No és causa del  vianant,Car,Home,56,Driver,Desconegut                                                                                                                                            ,Unknown,Taxi,Ferit lleu: Rebutja assistència sanitària,429922.08 ,4582109.9 ,2.160720404,41.385618056
2023S003820    ,4,Les Corts,19,les Corts,221305,Morales,0050 0050,Dilluns,2023,6,June,26,Morning,8,No és causa del  vianant,Car,Dona,61,Driver,Desconegut                                                                                                                                            ,Unknown,In itínere,Ferit lleu: Hospitalització fins a 24h,428327.04 ,4582348.35,2.141616999,41.387625082
2023S003821    ,2,Eixample,6,la Sagrada Família,73900,Castillejos,0218 0218,Dilluns,2023,6,June,26,Morning,7,No és causa del  vianant,Bicicleta,Dona,46,Driver,Desconegut                                                                                                                                            ,Unknown,En missió,Ferit lleu: Hospitalització fins a 24h,431647.55 ,4584174.64,2.181122366,41.404363118
2023S003822    ,5,Sarrià-Sant Gervasi,26,Sant Gervasi - Galvany,187105,Madrazo,0132 0132,Dilluns,2023,6,June,26,Morning,11,No és causa del  vianant,Car,Dona,65,Pedestrian,A la vorera / Andana                                                                                                                                  ,En missió,Unknown,Ferit greu: hospitalització superior a 24h,428414.15 ,4583212.62,2.142556578,41.395417002
2023S003822    ,5,Sarrià-Sant Gervasi,26,Sant Gervasi - Galvany,187105,Madrazo,0132 0132,Dilluns,2023,6,June,26,Morning,11,No és causa del  vianant,Car,Home,53,Driver,A la vorera / Andana                                                                                                                                  ,Unknown,En missió,Ferit lleu: Hospitalització fins a 24h,428414.15 ,4583212.62,2.142556578,41.395417002
2023S003823    ,5,Sarrià-Sant Gervasi,27,el Putxet i el Farró,93409,Craywinckel,0028 0028,Dilluns,2023,6,June,26,Morning,11,No és causa del  vianant,Motorcycle,Home,61,Driver,Desconegut                                                                                                                                            ,Unknown,Oci i entreteniment,Ferit lleu: Amb assistència sanitària en lloc d'accident,428075.42 ,4584981.77,2.138294757,41.411320787
2023S003824    ,3,Sants-Montjuïc,13,la Marina de Port,230601,Mare de Déu de Port,0148V0148V,Dilluns,2023,6,June,26,Morning,12,No és causa del  vianant,Car,Dona,71,Passatger,Desconegut                                                                                                                                            ,Unknown,Unknown,Ferit lleu: Hospitalització fins a 24h,428458.71 ,4579056.19,2.143580406,41.357985444
2023S003824    ,3,Sants-Montjuïc,13,la Marina de Port,230601,Mare de Déu de Port,0148V0148V,Dilluns,2023,6,June,26,Morning,12,No és causa del  vianant,Car,Home,19,Driver,Desconegut                                                                                                                                            ,Unknown,Es desconeix,Ferit lleu: Amb assistència sanitària en lloc d'accident,428458.71 ,4579056.19,2.143580406,41.357985444
2023S003824    ,3,Sants-Montjuïc,13,la Marina de Port,230601,Mare de Déu de Port,0148V0148V,Dilluns,2023,6,June,26,Morning,12,No és causa del  vianant,Car,Home,41,Driver,Desconegut                                                                                                                                            ,Unknown,Es desconeix,Ferit lleu: Amb assistència sanitària en lloc d'accident,428458.71 ,4579056.19,2.143580406,41.357985444
2023S003825    ,7,Horta-Guinardó,38,la Teixonera,318305,Santa Rosalia,0111 0111,Dilluns,2023,6,June,26,Morning,13,No és causa del  vianant,Motorcycle,Home,44,Pedestrian,En pas sense regular                                                                                                                                  ,Oci i entreteniment,Unknown,Ferit lleu: Hospitalització fins a 24h,429011.66 ,4586341.88,2.149336008,41.423654042
2023S003826    ,4,Les Corts,19,les Corts,368201,Guitard,0073 0073,Dilluns,2023,6,June,26,Morning,8,No és causa del  vianant,Motorcycle,Home,50,Driver,A la vorera / Andana                                                                                                                                  ,Unknown,Es desconeix,Ferit lleu: Hospitalització fins a 24h,427899.25 ,4581967.38,2.136546251,41.384155578
2023S003826    ,4,Les Corts,19,les Corts,368201,Guitard,0073 0073,Dilluns,2023,6,June,26,Morning,8,No és causa del  vianant,Veh. mobilitat personal amb motor,Dona,36,Driver,A la vorera / Andana                                                                                                                                  ,Unknown,Es desconeix,Ferit lleu: Amb assistència sanitària en lloc d'accident,427899.25 ,4581967.38,2.136546251,41.384155578
2023S003828    ,6,Gràcia,30,la Salut,273207,Rabassa,0069 0069,Dilluns,2023,6,June,26,Afternoon,14,No és causa del  vianant,Ciclomotor,Home,19,Driver,Desconegut                                                                                                                                            ,Unknown,Es desconeix,Ferit lleu: Amb assistència sanitària en lloc d'accident,429562.08 ,4584770.9 ,2.156105399,41.409553295
2023S003829    ,2,Eixample,9,la Nova Esquerra de l'Eixample,162002,Josep Tarradellas,0118 0118,Dilluns,2023,6,June,26,Morning,13,No és causa del  vianant,Bus,Dona,43,Passatger,Desconegut                                                                                                                                            ,Unknown,Unknown,Ferit lleu: Hospitalització fins a 24h,428499.73 ,4582666.13,2.143644741,41.390502587
2023S003829    ,2,Eixample,9,la Nova Esquerra de l'Eixample,162002,Josep Tarradellas,0118 0118,Dilluns,2023,6,June,26,Morning,13,No és causa del  vianant,Bus,Dona,54,Passatger,Desconegut                                                                                                                                            ,Unknown,Unknown,Ferit lleu: Hospitalització fins a 24h,428499.73 ,4582666.13,2.143644741,41.390502587
2023S003830    ,2,Eixample,8,l'Antiga Esquerra de l'Eixample,18505,Aragó,0148 0150,Dilluns,2023,6,June,26,Afternoon,14,No és causa del  vianant,Bicicleta,Home,57,Driver,Desconegut                                                                                                                                            ,Unknown,Es desconeix,Ferit lleu: Amb assistència sanitària en lloc d'accident,429544.56 ,4582114.92,2.156205024,41.385630276
2023S003831    ,10,Sant Martí,65,el Clot,209900,Meridiana,0198 0198,Dilluns,2023,6,June,26,Afternoon,14,No és causa del  vianant,Motorcycle,Home,43,Driver,Desconegut                                                                                                                                            ,Unknown,Es desconeix,Ferit lleu: Hospitalització fins a 24h,432140.24 ,4585237.32,2.186896987,41.413976124
2023S003833    ,2,Eixample,8,l'Antiga Esquerra de l'Eixample,268003,Provença,0184 0184,Dilluns,2023,6,June,26,Afternoon,16,No és causa del  vianant,Bicicleta,Home,36,Driver,Desconegut                                                                                                                                            ,Unknown,In itínere,Ferit lleu: Hospitalització fins a 24h,429361.23 ,4582493.6 ,2.153968384,41.389024832
2023S003834    ,6,Gràcia,30,la Salut,344000,Dalt,0077 0077,Dilluns,2023,6,June,26,Afternoon,15,No és causa del  vianant,Bus,Dona,56,Passatger,Desconegut                                                                                                                                            ,Unknown,Unknown,Ferit lleu: Hospitalització fins a 24h,429556.49 ,4584841.33,2.156030319,41.410187142
2023S003834    ,6,Gràcia,30,la Salut,344000,Dalt,0077 0077,Dilluns,2023,6,June,26,Afternoon,15,No és causa del  vianant,Bus,Dona,72,Passatger,Desconegut                                                                                                                                            ,Unknown,Unknown,Ferit lleu: Hospitalització fins a 24h,429556.49 ,4584841.33,2.156030319,41.410187142
2023S003835    ,3,Sants-Montjuïc,18,Sants,331507,Tarragona,0185X0185X,Diumenge,2023,6,June,25,Afternoon,19,No és causa del  vianant,Motorcycle,Home,26,Driver,Desconegut                                                                                                                                            ,Unknown,Es desconeix,Ferit lleu: Rebutja assistència sanitària,428426.74 ,4581528.37,2.142906267,41.380248698
2023S003836    ,10,Sant Martí,71,Provençals del Poblenou,249304,Pere IV,0405 0411,Dilluns,2023,6,June,26,Afternoon,16,No és causa del  vianant,Veh. mobilitat personal amb motor,Dona,27,Driver,Desconegut                                                                                                                                            ,Unknown,In itínere,Ferit lleu: Hospitalització fins a 24h,433691.38 ,4585154.54,2.205464557,41.413360102
2023S003837    ,5,Sarrià-Sant Gervasi,26,Sant Gervasi - Galvany,187105,Madrazo,0105 0105,Dilluns,2023,6,June,26,Afternoon,14,No és causa del  vianant,Motorcycle,Dona,45,Pedestrian,En pas sense regular                                                                                                                                  ,In itinere,Unknown,Ferit lleu: Amb assistència sanitària en lloc d'accident,428735.41 ,4583533.67,2.146361315,41.398337129
2023S003837    ,5,Sarrià-Sant Gervasi,26,Sant Gervasi - Galvany,187105,Madrazo,0105 0105,Dilluns,2023,6,June,26,Afternoon,14,No és causa del  vianant,Motorcycle,Dona,66,Driver,En pas sense regular                                                                                                                                  ,Unknown,Es desconeix,Ferit lleu: Hospitalització fins a 24h,428735.41 ,4583533.67,2.146361315,41.398337129
2023S003838    ,5,Sarrià-Sant Gervasi,25,Sant Gervasi - la Bonanova,701629,Isaac Newton,0009X0009X,Dilluns,2023,6,June,26,Afternoon,18,No és causa del  vianant,Motorcycle,Home,39,Driver,Desconegut                                                                                                                                            ,Unknown,Es desconeix,Ferit lleu: Hospitalització fins a 24h,427446.46 ,4585212.61,2.130742354,41.413343302
2023S003839    ,7,Horta-Guinardó,37,el Carmel,220404,Montserrat de Casanovas,0229 0229,Dilluns,2023,6,June,26,Afternoon,16,No és causa del  vianant,Motorcycle,Home,28,Driver,Desconegut                                                                                                                                            ,Unknown,Es desconeix,Ferit lleu: Hospitalització fins a 24h,429767.57 ,4586344.35,2.158380988,41.423742763
2023S003840    ,2,Eixample,6,la Sagrada Família,350308,València,0530 0530,Dilluns,2023,6,June,26,Afternoon,19,No és causa del  vianant,Bicicleta,Home,27,Driver,Desconegut                                                                                                                                            ,Unknown,En missió,Ferit lleu: Hospitalització fins a 24h,431648.21 ,4584360.13,2.181109301,41.406033826
2023S003841    ,2,Eixample,5,el Fort Pienc,18505,Aragó,0410 0410,Dilluns,2023,6,June,26,Afternoon,18,No és causa del  vianant,Motorcycle,Dona,33,Driver,Desconegut                                                                                                                                            ,Unknown,Oci i entreteniment,Ferit lleu: Hospitalització fins a 24h,431071.21 ,4583612.42,2.174291902,41.399250142
2023S003842    ,2,Eixample,7,la Dreta de l'Eixample,169409,Corts Catalanes,0704 0706,Dilluns,2023,6,June,26,Afternoon,17,No és causa del  vianant,Motorcycle,Home,38,Driver,Desconegut                                                                                                                                            ,Unknown,Es desconeix,Ferit lleu: Hospitalització fins a 24h,431076.53 ,4583033.4 ,2.174421483,41.394035543
2023S003843    ,2,Eixample,8,l'Antiga Esquerra de l'Eixample,32700,Balmes,0145 0145,Dilluns,2023,6,June,26,Afternoon,15,No és causa del  vianant,Ciclomotor,Home,24,Driver,Desconegut                                                                                                                                            ,Unknown,Oci i entreteniment,Ferit lleu: Hospitalització fins a 24h,429570.7  ,4583031.43,2.15641101,41.393887263
2023S003844    ,2,Eixample,7,la Dreta de l'Eixample,225500,Nàpols,0177 0177,Dilluns,2023,6,June,26,Afternoon,20,No és causa del  vianant,Motorcycle,Home,50,Driver,Desconegut                                                                                                                                            ,Unknown,Es desconeix,Ferit greu: hospitalització superior a 24h,431198.29 ,4583466.96,2.175828527,41.397950918
2023S003844    ,2,Eixample,7,la Dreta de l'Eixample,225500,Nàpols,0177 0177,Dilluns,2023,6,June,26,Afternoon,20,No és causa del  vianant,Motorcycle,Home,61,Driver,Desconegut                                                                                                                                            ,Unknown,Es desconeix,Ferit lleu: Amb assistència sanitària en lloc d'accident,431198.29 ,4583466.96,2.175828527,41.397950918
2023S003845    ,2,Eixample,5,el Fort Pienc,9209,Alí Bei,0094 0096,Dilluns,2023,6,June,26,Afternoon,16,Creuar per fora pas de vianants,Veh. mobilitat personal amb motor,Dona,65,Pedestrian,Fora del pas                                                                                                                                          ,Unknown,Unknown,Ferit lleu: Hospitalització fins a 24h,431881.49 ,4583222.51,2.184028089,41.395807427
2023S003846    ,3,Sants-Montjuïc,11,el Poble-sec,284101,Rius i Taulet,0012S0012S,Dilluns,2023,6,June,26,Afternoon,17,No és causa del  vianant,Ciclomotor,Dona,26,Driver,Desconegut                                                                                                                                            ,Unknown,Es desconeix,Ferit lleu: Hospitalització fins a 24h,429128.42 ,4580567.28,2.151409448,41.37165462
2023S003848    ,5,Sarrià-Sant Gervasi,24,les Tres Torres,320704,Sarrià,0134 0136,Dimarts,2023,6,June,27,Morning,8,No és causa del  vianant,Motorcycle,Home,36,Driver,Desconegut                                                                                                                                            ,Unknown,In itínere,Ferit lleu: Amb assistència sanitària en lloc d'accident,427507.88 ,4582876.67,2.131757084,41.392310007
2023S003849    ,2,Eixample,8,l'Antiga Esquerra de l'Eixample,223606,Muntaner,0132 0132,Dimarts,2023,6,June,27,Morning,9,No és causa del  vianant,Bicicleta,Home,24,Driver,Desconegut                                                                                                                                            ,Unknown,En missió,Ferit lleu: Hospitalització fins a 24h,429456.18 ,4582587.71,2.155092993,41.389880787
2023S003850    ,2,Eixample,8,l'Antiga Esquerra de l'Eixample,349706,Comte d'Urgell,0090 0090,Dimarts,2023,6,June,27,Morning,10,No és causa del  vianant,Motorcycle,Home,34,Driver,Desconegut                                                                                                                                            ,Unknown,Es desconeix,Ferit lleu: Hospitalització fins a 24h,429634.84 ,4581829.77,2.157317825,41.383069929
2023S003851    ,2,Eixample,7,la Dreta de l'Eixample,169409,Corts Catalanes,0645 0645,Dimarts,2023,6,June,27,Morning,12,No és causa del  vianant,Motorcycle,Home,44,Driver,Desconegut                                                                                                                                            ,Unknown,En missió,Ferit lleu: Rebutja assistència sanitària,430973.07 ,4582896.51,2.173199642,41.392793737
2023S003852    ,2,Eixample,7,la Dreta de l'Eixample,74404,Catalunya,0001S0001S,Dimarts,2023,6,June,27,Morning,11,No és causa del  vianant,Bus,Home,72,Passatger,Desconegut                                                                                                                                            ,Unknown,Unknown,Ferit greu: hospitalització superior a 24h,430704.97 ,4582088.39,2.170085544,41.385492178
2023S003853    ,3,Sants-Montjuïc,18,Sants,296406,Sant Antoni,0055X0055X,Dilluns,2023,6,June,26,Morning,13,No és causa del  vianant,Veh. mobilitat personal amb motor,Home,47,Driver,Desconegut                                                                                                                                            ,Unknown,Es desconeix,Ferit lleu: Hospitalització fins a 24h,428249.82 ,4581449.84,2.14079995,41.379525641
2023S003854    ,5,Sarrià-Sant Gervasi,27,el Putxet i el Farró,143904,General Mitre,0228V0228V,Dimarts,2023,6,June,27,Morning,13,No és causa del  vianant,Motorcycle,Home,50,Driver,Desconegut                                                                                                                                            ,Unknown,Es desconeix,Ferit lleu: Hospitalització fins a 24h,428875.94 ,4584366.28,2.147944371,41.405848584
2023S003855    ,2,Eixample,9,la Nova Esquerra de l'Eixample,320704,Sarrià,0043 0043,Dimarts,2023,6,June,27,Morning,13,No és causa del  vianant,Motorcycle,Dona,51,Driver,Desconegut                                                                                                                                            ,Unknown,Es desconeix,Ferit lleu: Hospitalització fins a 24h,428532.84 ,4582644.74,2.14404326,41.390312879
2023S003856    ,5,Sarrià-Sant Gervasi,26,Sant Gervasi - Galvany,144601,Diagonal,0630B0630B,Thursday,2023,6,June,29,Morning,8,No és causa del  vianant,Veh. mobilitat personal amb motor,Home,33,Pedestrian,En zona peatonal                                                                                                                                      ,Oci i entreteniment,Unknown,Ferit lleu: Amb assistència sanitària en lloc d'accident,427948.61 ,4582755.86,2.137042705,41.391261543
2023S003856    ,5,Sarrià-Sant Gervasi,26,Sant Gervasi - Galvany,144601,Diagonal,0630B0630B,Thursday,2023,6,June,29,Morning,8,No és causa del  vianant,Veh. mobilitat personal amb motor,Dona,47,Driver,En zona peatonal                                                                                                                                      ,Unknown,Oci i entreteniment,Ferit lleu: Hospitalització fins a 24h,427948.61 ,4582755.86,2.137042705,41.391261543
2023S003857    ,2,Eixample,8,l'Antiga Esquerra de l'Eixample,144601,Diagonal,0435 0435,Dimarts,2023,6,June,27,Morning,13,No és causa del  vianant,Bicicleta,Dona,67,Pedestrian,En pas regulat per semàfor                                                                                                                            ,Unknown,Unknown,Ferit lleu: Hospitalització fins a 24h,429099.58 ,4583056.44,2.150773206,41.394071101
2023S003858    ,10,Sant Martí,68,el Poblenou,332000,Taulat,0064 0064,Dimarts,2023,6,June,27,Afternoon,16,No és causa del  vianant,Bicicleta,Home,19,Driver,Desconegut                                                                                                                                            ,Unknown,Oci i entreteniment,Ferit lleu: Hospitalització fins a 24h,433720.21 ,4583628.35,2.205976727,41.399616472
2023S003859    ,8,Nou Barris,48,la Guineueta,356905,Verdum,0055 0055,Dimarts,2023,6,June,27,Afternoon,16,No és causa del  vianant,Bus,Dona,55,Passatger,Desconegut                                                                                                                                            ,Unknown,Unknown,Ferit lleu: Hospitalització fins a 24h,431088.86 ,4587892.3 ,2.174015135,41.437799078