Case_Number,District_Code,District_Name,Neighborhood_Code,Neighborhood_Name,Street_Code,Street_Name,Postal_Code,Day_of_Week,Year,Month_Code,Month_Name,Day_of_Month,Shift_Description,Hour_of_Day,Pedestrian_Cause_Description,Involved_Vehicle_Type,Gender_Description,Age,Person_Type_Description,Pedestrian_Accident_Location_Description,Pedestrian_Movement_Reason_Description,Driver_Movement_Reason_Description,Victimization_Description,UTM_X_Coordinate,UTM_Y_Coordinate,Longitude,Latitude
2023S003860    ,7,Horta-Guinardó,40,Montbau,701267,Dalt (Besòs),001110000,Dimarts,2023,6,June,27,Morning,13,No és causa del  vianant,Autobús articulat,Dona,58,Passatger,Desconegut                                                                                                                                            ,Unknown,Unknown,Ferit lleu: Hospitalització fins a 24h,428523.77 ,4586830.8 ,2.143440071,41.428014255
2023S003861    ,3,Sants-Montjuïc,13,la Marina de Port,369408,Zona Franca,0191 0205,Dimarts,2023,6,June,27,Afternoon,18,No és causa del  vianant,Car,Dona,44,Passatger,Desconegut                                                                                                                                            ,Unknown,Unknown,Ferit lleu: Amb assistència sanitària en lloc d'accident,427961.38 ,4579479.03,2.137585096,41.36174946
2023S003861    ,3,Sants-Montjuïc,13,la Marina de Port,369408,Zona Franca,0191 0205,Dimarts,2023,6,June,27,Afternoon,18,No és causa del  vianant,Car,Dona,42,Driver,Desconegut                                                                                                                                            ,Unknown,Es desconeix,Ferit lleu: Amb assistència sanitària en lloc d'accident,427961.38 ,4579479.03,2.137585096,41.36174946
2023S003862    ,9,Sant Andreu,60,Sant Andreu,701268,Dalt (Llobregat),001590000,Dimarts,2023,6,June,27,Afternoon,16,No és causa del  vianant,Furgoneta,Dona,49,Driver,Desconegut                                                                                                                                            ,Unknown,Es desconeix,Ferit lleu: Amb assistència sanitària en lloc d'accident,432719.94 ,4588904.37,2.193424358,41.447052854
2023S003863    ,7,Horta-Guinardó,40,Montbau,352507,Vall d'Hebron,0119 0129,Dimarts,2023,6,June,27,Afternoon,14,No és causa del  vianant,Car,Home,31,Driver,Desconegut                                                                                                                                            ,Unknown,Es desconeix,Ferit lleu: Hospitalització fins a 24h,428543.18 ,4586839.61,2.143671306,41.428095331
2023S003864    ,9,Sant Andreu,61,la Sagrera,292507,Gran de la Sagrera,0053X0053X,Dimarts,2023,6,June,27,Afternoon,19,No és causa del  vianant,Car,Dona,35,Driver,Desconegut                                                                                                                                            ,Unknown,Oci i entreteniment,Ferit lleu: Amb assistència sanitària en lloc d'accident,432523.98 ,4585867.76,2.191417837,41.419686638
2023S003865    ,1,Ciutat Vella,4,"Sant Pere, Santa Caterina i la Ribera",163504,Isabel II,0002 0002,Dimarts,2023,6,June,27,Afternoon,19,No és causa del  vianant,Ciclomotor,Dona,33,Driver,Desconegut                                                                                                                                            ,Unknown,Es desconeix,Ferit lleu: Hospitalització fins a 24h,431713.95 ,4581617.07,2.182205218,41.381333454
2023S003865    ,1,Ciutat Vella,4,"Sant Pere, Santa Caterina i la Ribera",163504,Isabel II,0002 0002,Dimarts,2023,6,June,27,Afternoon,19,No és causa del  vianant,Motorcycle,Home,26,Driver,Desconegut                                                                                                                                            ,Unknown,Es desconeix,Ferit lleu: Hospitalització fins a 24h,431713.95 ,4581617.07,2.182205218,41.381333454
2023S003866    ,5,Sarrià-Sant Gervasi,26,Sant Gervasi - Galvany,144601,Diagonal,0482 0482,Dimarts,2023,6,June,27,Afternoon,16,No és causa del  vianant,Furgoneta,Home,59,Pedestrian,A la vorera / Andana                                                                                                                                  ,Unknown,Unknown,Ferit lleu: Amb assistència sanitària en lloc d'accident,429482.03 ,4583236.02,2.155326626,41.39572216
2023S003868    ,5,Sarrià-Sant Gervasi,23,Sarrià,701268,Dalt (Llobregat),000670000,Dimarts,2023,6,June,27,Afternoon,18,No és causa del  vianant,Motorcycle,Home,59,Driver,Desconegut                                                                                                                                            ,Unknown,Es desconeix,Ferit lleu: Hospitalització fins a 24h,426191.44 ,4584068.24,2.115866867,41.402922151
2023S003869    ,-1,Unknown,-1,Unknown,-1,Unknown,Unknown,Dimarts,2023,6,June,27,Afternoon,18,No és causa del  vianant,Bus,Dona,21,Passatger,Desconegut                                                                                                                                            ,Unknown,Unknown,Ferit lleu: Hospitalització fins a 24h,434579.48 ,4584910.18,2.216116529,41.411232037
2023S003870    ,1,Ciutat Vella,1,el Raval,34308,Rambla,0027 0029,Dimecres,2023,6,June,28,Night,1,Creuar per fora pas de vianants,Taxi,Dona,21,Pedestrian,Fora del pas                                                                                                                                          ,Oci i entreteniment,Unknown,Ferit lleu: Hospitalització fins a 24h,431130.89 ,4581327.88,2.175265655,41.378679075
2023S003871    ,-1,Unknown,-1,Unknown,-1,Unknown,Unknown,Dimarts,2023,6,June,27,Afternoon,19,No és causa del  vianant,Motorcycle,Dona,43,Driver,Desconegut                                                                                                                                            ,Unknown,Es desconeix,Ferit lleu: Amb assistència sanitària en lloc d'accident,"431358,53","4581040,46",2.178020316,41.376109822
2023S003872    ,10,Sant Martí,65,el Clot,161101,Independència,0230 0232,Dimarts,2023,6,June,27,Afternoon,16,No és causa del  vianant,Motorcycle,Home,26,Driver,Desconegut                                                                                                                                            ,Unknown,Oci i entreteniment,Ferit lleu: Hospitalització fins a 24h,432028.36 ,4584359.69,2.185657054,41.406062115
2023S003873    ,2,Eixample,8,l'Antiga Esquerra de l'Eixample,268003,Provença,0177 0177,Dimarts,2023,6,June,27,Afternoon,17,No és causa del  vianant,Motorcycle,Home,36,Driver,Desconegut                                                                                                                                            ,Unknown,In itínere,Ferit greu: hospitalització superior a 24h,429551.72 ,4582681.47,2.156224727,41.39073363
2023S003874    ,9,Sant Andreu,60,Sant Andreu,314100,Santa Coloma,0009 0009,Dimarts,2023,6,June,27,Afternoon,19,No és causa del  vianant,Motorcycle,Home,29,Driver,Desconegut                                                                                                                                            ,Unknown,Altres activitats,Ferit lleu: Hospitalització fins a 24h,432308.88 ,4588633.5 ,2.188534153,41.444578645
2023S003875    ,8,Nou Barris,48,la Guineueta,186601,República,0002E0002E,Dimarts,2023,6,June,27,Afternoon,17,No és causa del  vianant,Motorcycle,Home,25,Driver,Desconegut                                                                                                                                            ,Unknown,En missió,Ferit lleu: Rebutja assistència sanitària,431112.53 ,4587960.49,2.174290656,41.438415272
2023S003875    ,8,Nou Barris,48,la Guineueta,186601,República,0002E0002E,Dimarts,2023,6,June,27,Afternoon,17,No és causa del  vianant,Motorcycle,Home,26,Driver,Desconegut                                                                                                                                            ,Unknown,En missió,Ferit lleu: Rebutja assistència sanitària,431112.53 ,4587960.49,2.174290656,41.438415272
2023S003876    ,3,Sants-Montjuïc,15,Hostafrancs,94809,Creu Coberta,0108 0108,Dimarts,2023,6,June,27,Afternoon,19,No és causa del  vianant,Autobús articulat,Dona,37,Passatger,Desconegut                                                                                                                                            ,Unknown,Unknown,Ferit lleu: Hospitalització fins a 24h,428342.46 ,4580977.66,2.141963587,41.375281141
2023S003877    ,2,Eixample,10,Sant Antoni,169409,Corts Catalanes,0590 0590,Dimarts,2023,6,June,27,Afternoon,20,No és causa del  vianant,Motorcycle,Dona,58,Passatger,Desconegut                                                                                                                                            ,Unknown,Unknown,Ferit lleu: Amb assistència sanitària en lloc d'accident,430121.36 ,4582099.83,2.163104777,41.385544703
2023S003877    ,2,Eixample,10,Sant Antoni,169409,Corts Catalanes,0590 0590,Dimarts,2023,6,June,27,Afternoon,20,No és causa del  vianant,Motorcycle,Home,59,Driver,Desconegut                                                                                                                                            ,Unknown,Es desconeix,Ferit lleu: Amb assistència sanitària en lloc d'accident,430121.36 ,4582099.83,2.163104777,41.385544703
2023S003878    ,8,Nou Barris,52,la Prosperitat,336409,Tissó,0041 0043,Dimecres,2023,6,June,28,Morning,8,Creuar per fora pas de vianants,Car,Dona,76,Pedestrian,Fora del pas                                                                                                                                          ,Unknown,Unknown,Ferit lleu: Hospitalització fins a 24h,431687.48 ,4588589.98,2.181100925,41.444134009
2023S003879    ,2,Eixample,10,Sant Antoni,246000,Parlament,0017 0017,Dimarts,2023,6,June,27,Afternoon,21,No és causa del  vianant,Veh. mobilitat personal amb motor,Home,22,Passatger,Desconegut                                                                                                                                            ,Unknown,Unknown,Ferit lleu: Rebutja assistència sanitària,430025.09 ,4581048.9 ,2.162074894,41.376070929
2023S003880    ,4,Les Corts,19,les Corts,343903,Corts,0255 0255,Dimarts,2023,6,June,27,Afternoon,19,No és causa del  vianant,Motorcycle,Dona,52,Driver,Desconegut                                                                                                                                            ,Unknown,Es desconeix,Ferit lleu: Hospitalització fins a 24h,427533.21 ,4582090.8 ,2.132154101,41.385234268
2023S003881    ,5,Sarrià-Sant Gervasi,27,el Putxet i el Farró,32700,Balmes,0326 0328,Dimarts,2023,6,June,27,Afternoon,20,No és causa del  vianant,Bus,Dona,44,Passatger,Desconegut                                                                                                                                            ,Unknown,Unknown,Ferit lleu: Hospitalització fins a 24h,428542.66 ,4584061.42,2.143993431,41.403073256
2023S003882    ,3,Sants-Montjuïc,17,Sants - Badal,365000,Violant Hongria Reina Aragó,0059 0059,Dimecres,2023,6,June,28,Afternoon,14,No és causa del  vianant,Motorcycle,Dona,17,Passatger,Desconegut                                                                                                                                            ,Unknown,Unknown,Ferit lleu: Hospitalització fins a 24h,427296.73 ,4581339.15,2.129416282,41.378443099
2023S003882    ,3,Sants-Montjuïc,17,Sants - Badal,365000,Violant Hongria Reina Aragó,0059 0059,Dimecres,2023,6,June,28,Afternoon,14,No és causa del  vianant,Motorcycle,Dona,52,Driver,Desconegut                                                                                                                                            ,Unknown,Es desconeix,Ferit lleu: Hospitalització fins a 24h,427296.73 ,4581339.15,2.129416282,41.378443099
2023S003883    ,5,Sarrià-Sant Gervasi,25,Sant Gervasi - la Bonanova,334108,Teodora Lamadrid,0038 0038,Dimecres,2023,6,June,28,Morning,9,No és causa del  vianant,Motorcycle,Home,60,Driver,Desconegut                                                                                                                                            ,Unknown,In itínere,Ferit lleu: Hospitalització fins a 24h,427867.8  ,4584537.76,2.1358638,41.407303157
2023S003884    ,2,Eixample,5,el Fort Pienc,238400,Padilla,0179 0181,Dimecres,2023,6,June,28,Morning,10,No és causa del  vianant,Motorcycle,Dona,33,Driver,Desconegut                                                                                                                                            ,Unknown,Es desconeix,Ferit lleu: Hospitalització fins a 24h,431778.93 ,4583867.37,2.182728662,41.401606794
2023S003885    ,1,Ciutat Vella,2,el Barri Gòtic,177101,Laietana,0027 0027,Dimarts,2023,6,June,27,Afternoon,17,No és causa del  vianant,Bicicleta,Home,38,Pedestrian,A la vorera / Andana                                                                                                                                  ,Unknown,Unknown,Ferit lleu: Hospitalització fins a 24h,431379.66 ,4581944.09,2.178170598,41.384250376
2023S003886    ,9,Sant Andreu,59,el Bon Pastor,701177,Monterrey,0001 0001,Dimecres,2023,6,June,28,Afternoon,15,No és causa del  vianant,Car,Dona,31,Driver,Desconegut                                                                                                                                            ,Unknown,Es desconeix,Ferit lleu: Hospitalització fins a 24h,433767.83 ,4588493.8 ,2.206013173,41.443442174
2023S003887    ,7,Horta-Guinardó,35,el Guinardó,310008,Sant Quintí,0126 0126,Dimecres,2023,6,June,28,Afternoon,14,No és causa del  vianant,Taxi,Home,78,Pedestrian,En pas regulat per semàfor                                                                                                                            ,Unknown,Unknown,Ferit lleu: Hospitalització fins a 24h,431075.25 ,4585522.42,2.174122569,41.41645324
2023S003888    ,8,Nou Barris,50,les Roquetes,701268,Dalt (Llobregat),001450000,Dimecres,2023,6,June,28,Morning,12,No és causa del  vianant,Car,Home,41,Driver,Desconegut                                                                                                                                            ,Unknown,En missió,Ferit lleu: Amb assistència sanitària en lloc d'accident,431253.54 ,4588685.4 ,2.175895845,41.444956358
2023S003889    ,2,Eixample,5,el Fort Pienc,100800,Diputació,0415 0419,Dimecres,2023,6,June,28,Afternoon,15,No és causa del  vianant,Veh. mobilitat personal amb motor,Dona,52,Driver,Desconegut                                                                                                                                            ,Unknown,In itínere,Ferit lleu: Hospitalització fins a 24h,431379.07 ,4583551.97,2.177981271,41.398732035
2023S003890    ,10,Sant Martí,64,el Camp de l'Arpa del Clot,310008,Sant Quintí,0033 0035,Dimecres,2023,6,June,28,Morning,8,No és causa del  vianant,Ciclomotor,Home,39,Driver,Desconegut                                                                                                                                            ,Unknown,Oci i entreteniment,Ferit lleu: Hospitalització fins a 24h,431428.31 ,4585146.28,2.178389523,41.413095691
2023S003891    ,10,Sant Martí,64,el Camp de l'Arpa del Clot,226400,Las Navas de Tolosa,0295 0295,Dimecres,2023,6,June,28,Afternoon,16,No és causa del  vianant,Motorcycle,Home,59,Driver,Desconegut                                                                                                                                            ,Unknown,Oci i entreteniment,Ferit lleu: Amb assistència sanitària en lloc d'accident,432141.03 ,4585382.64,2.186890129,41.415285043
2023S003892    ,5,Sarrià-Sant Gervasi,27,el Putxet i el Farró,279600,República Argentina,0167 0171,Dimecres,2023,6,June,28,Afternoon,15,No és causa del  vianant,Motorcycle,Home,28,Driver,Desconegut                                                                                                                                            ,Unknown,Es desconeix,Ferit lleu: Hospitalització fins a 24h,428500.99 ,4585023.45,2.143381245,41.411734174
2023S003893    ,2,Eixample,6,la Sagrada Família,73900,Castillejos,0218 0218,Dimecres,2023,6,June,28,Afternoon,17,No és causa del  vianant,Motorcycle,Dona,24,Driver,Desconegut                                                                                                                                            ,Unknown,Es desconeix,Ferit lleu: Hospitalització fins a 24h,431647.55 ,4584174.64,2.181122366,41.404363118
2023S003894    ,2,Eixample,7,la Dreta de l'Eixample,148307,Gràcia,0080 0080,Dimecres,2023,6,June,28,Afternoon,15,No és causa del  vianant,Motorcycle,Home,54,Driver,Desconegut                                                                                                                                            ,Unknown,Altres activitats,Ferit lleu: Hospitalització fins a 24h,430097.2  ,4583030.1 ,2.16270843,41.393921246
2023S003895    ,4,Les Corts,21,Pedralbes,144601,Diagonal,0712 0716,Dimecres,2023,6,June,28,Afternoon,19,No és causa del  vianant,Motorcycle,Home,63,Driver,Desconegut                                                                                                                                            ,Unknown,Oci i entreteniment,Ferit lleu: Hospitalització fins a 24h,425404.65 ,4581888.6 ,2.106723804,41.383218483
2023S003896    ,10,Sant Martí,70,el Besòs i el Maresme,41100,Bernat Metge,0028X0036X,Dimecres,2023,6,June,28,Afternoon,17,No és causa del  vianant,Ciclomotor,Dona,37,Driver,Desconegut                                                                                                                                            ,Unknown,In itínere,Ferit lleu: Rebutja assistència sanitària,434284.65 ,4585942.16,2.212477021,41.420502755
2023S003897    ,2,Eixample,5,el Fort Pienc,18505,Aragó,0410 0410,Dimecres,2023,6,June,28,Afternoon,15,No és causa del  vianant,Veh. mobilitat personal amb motor,Home,18,Driver,Desconegut                                                                                                                                            ,Unknown,In itínere,Ferit lleu: Hospitalització fins a 24h,431071.21 ,4583612.42,2.174291902,41.399250142
2023S003898    ,1,Ciutat Vella,1,el Raval,701349,Drassanes,0001 0001,Dimecres,2023,6,June,28,Afternoon,15,No és causa del  vianant,Motorcycle,Home,64,Driver,Desconegut                                                                                                                                            ,Unknown,Oci i entreteniment,Ferit lleu: Hospitalització fins a 24h,431242.62 ,4580854.67,2.176655418,41.37442656
2023S003899    ,6,Gràcia,31,la Vila de Gràcia,267000,Riera de Cassoles,0020 0020,Dimecres,2023,6,June,28,Afternoon,18,No és causa del  vianant,Bus,Dona,75,Passatger,Desconegut                                                                                                                                            ,Unknown,Unknown,Ferit lleu: Hospitalització fins a 24h,429073.91 ,4584019.6 ,2.150353287,41.402743667
2023S003900    ,2,Eixample,7,la Dreta de l'Eixample,247659,Pau Claris,0147 0147,Dimecres,2023,6,June,28,Afternoon,20,No és causa del  vianant,Veh. mobilitat personal amb motor,Home,27,Driver,Desconegut                                                                                                                                            ,Unknown,Es desconeix,Ferit lleu: Hospitalització fins a 24h,430310.82 ,4583051.57,2.165260989,41.394133169
2023S003901    ,2,Eixample,6,la Sagrada Família,350308,València,0479 0483,Dimecres,2023,6,June,28,Afternoon,17,No és causa del  vianant,Bus,Dona,47,Passatger,Desconegut                                                                                                                                            ,Unknown,Unknown,Ferit lleu: Hospitalització fins a 24h,431460.95 ,4584179.19,2.17888963,41.404388202
2023S003902    ,4,Les Corts,20,la Maternitat i Sant Ramon,700811,Albert Bastardas,0027 0027,Thursday,2023,6,June,29,Night,0,No és causa del  vianant,Bicicleta,Home,78,Driver,Desconegut                                                                                                                                            ,Unknown,Oci i entreteniment,Ferit lleu: Hospitalització fins a 24h,425487.39 ,4581578.42,2.107751411,41.380432499
2023S003903    ,8,Nou Barris,52,la Prosperitat,127602,Florida,0068 0068,Dimecres,2023,6,June,28,Night,22,No és causa del  vianant,Car,Dona,34,Passatger,Desconegut                                                                                                                                            ,Unknown,Unknown,Ferit lleu: Hospitalització fins a 24h,432098.31 ,4588728.57,2.186002936,41.445417114
2023S003904    ,5,Sarrià-Sant Gervasi,23,Sarrià,144408,General Vives,0011X0011X,Dimecres,2023,6,June,28,Afternoon,21,No és causa del  vianant,Motorcycle,Dona,28,Driver,Desconegut                                                                                                                                            ,Unknown,Es desconeix,Ferit lleu: Rebutja assistència sanitària,426255.18 ,4584147.38,2.116619687,41.403640781
2023S003905    ,2,Eixample,10,Sant Antoni,169409,Corts Catalanes,0426 0426,Thursday,2023,6,June,29,Morning,6,No és causa del  vianant,Bicicleta,Home,42,Driver,Desconegut                                                                                                                                            ,Unknown,Oci i entreteniment,Ferit lleu: Amb assistència sanitària en lloc d'accident,429260.06 ,4581256.4 ,2.152902942,41.37787289
2023S003906    ,5,Sarrià-Sant Gervasi,25,Sant Gervasi - la Bonanova,281704,Ricardo Calvo,0016 0018,Dimecres,2023,6,June,28,Afternoon,20,No és causa del  vianant,Motorcycle,Dona,57,Driver,Desconegut                                                                                                                                            ,Unknown,Altres activitats,Ferit lleu: Hospitalització fins a 24h,427572.5  ,4584009.77,2.132394343,41.402521205
2023S003907    ,2,Eixample,9,la Nova Esquerra de l'Eixample,18505,Aragó,0078 0082,Dimecres,2023,6,June,28,Afternoon,16,No és causa del  vianant,Veh. mobilitat personal amb motor,Dona,39,Driver,Desconegut                                                                                                                                            ,Unknown,In itínere,Ferit lleu: Amb assistència sanitària en lloc d'accident,429220.9  ,4581783.95,2.152373031,41.382620913
2023S003908    ,2,Eixample,6,la Sagrada Família,191204,Mallorca,0494 0494,Dimecres,2023,6,June,28,Night,22,No és causa del  vianant,Motorcycle,Dona,30,Driver,Desconegut                                                                                                                                            ,Unknown,Es desconeix,Ferit lleu: Amb assistència sanitària en lloc d'accident,431554.86 ,4584456.44,2.179981666,41.406893313
2023S003909    ,10,Sant Martí,69,Diagonal Mar i el Front Marítim del Poblenou,322608,Selva de Mar,0046X0046X,Thursday,2023,6,June,29,Night,0,No és causa del  vianant,Car,Home,26,Driver,Desconegut                                                                                                                                            ,Unknown,En missió,Ferit lleu: Amb assistència sanitària en lloc d'accident,433985.17 ,4584651.81,2.209034439,41.40885634
2023S003909    ,10,Sant Martí,69,Diagonal Mar i el Front Marítim del Poblenou,322608,Selva de Mar,0046X0046X,Thursday,2023,6,June,29,Night,0,No és causa del  vianant,Car,Home,52,Driver,Desconegut                                                                                                                                            ,Unknown,Taxi,Ferit lleu: Hospitalització fins a 24h,433985.17 ,4584651.81,2.209034439,41.40885634
2023S003910    ,3,Sants-Montjuïc,16,la Bordeta,30602,Badal,0119 0119,Saturday,2023,6,June,3,Afternoon,21,No és causa del  vianant,Veh. mobilitat personal amb motor,Dona,41,Driver,Desconegut                                                                                                                                            ,Unknown,Oci i entreteniment,Ferit greu: hospitalització superior a 24h,427488.22 ,4580608.4 ,2.131793522,41.371878793
2023S003912    ,10,Sant Martí,67,la Vila Olímpica del Poblenou,700664,Arquitecte Sert,0002 0002,Dimecres,2023,6,June,28,Afternoon,18,No és causa del  vianant,Bicicleta,Home,6,Driver,Desconegut                                                                                                                                            ,Unknown,Oci i entreteniment,Ferit lleu: Amb assistència sanitària en lloc d'accident,433245.44 ,4582555.36,2.200415976,41.389913015
2023S003913    ,4,Les Corts,20,la Maternitat i Sant Ramon,701434,Mig (Descendent),000220000,Thursday,2023,6,June,29,Morning,8,No és causa del  vianant,Motorcycle,Dona,33,Driver,Desconegut                                                                                                                                            ,Unknown,"Bombers, policia, ambulància",Ferit lleu: Rebutja assistència sanitària,426853.94 ,4582181.38,2.12401982,41.385988576
2023S003914    ,4,Les Corts,20,la Maternitat i Sant Ramon,285002,Sabino Arana,0020X0020X,Thursday,2023,6,June,29,Morning,10,No és causa del  vianant,Motorcycle,Home,42,Driver,Desconegut                                                                                                                                            ,Unknown,In itínere,Ferit lleu: Rebutja assistència sanitària,426914.54 ,4582118.53,2.124752125,41.385428023
2023S003915    ,2,Eixample,6,la Sagrada Família,350308,València,0449 0451,Thursday,2023,6,June,29,Morning,9,No és causa del  vianant,Bicicleta,Home,33,Driver,Desconegut                                                                                                                                            ,Unknown,Es desconeix,Ferit lleu: Hospitalització fins a 24h,431319.15 ,4584056.45,2.177207269,41.403270613
2023S003916    ,-1,Unknown,-1,Unknown,-1,Unknown,Unknown,Thursday,2023,6,June,29,Morning,8,No és causa del  vianant,Motorcycle,Home,40,Driver,Desconegut                                                                                                                                            ,Unknown,Es desconeix,Ferit lleu: Hospitalització fins a 24h,429411.09 ,4587178.85,2.154017831,41.43122751
2023S003917    ,10,Sant Martí,64,el Camp de l'Arpa del Clot,156305,Historiador Maians,0009 0009,Thursday,2023,6,June,29,Morning,11,No és causa del  vianant,Veh. mobilitat personal amb motor,Dona,50,Driver,Desconegut                                                                                                                                            ,Unknown,Es desconeix,Ferit lleu: Hospitalització fins a 24h,431778.94 ,4584960.81,2.182605456,41.411455078
2023S003918    ,9,Sant Andreu,59,el Bon Pastor,701266,Litoral (Llobregat),000120000,Thursday,2023,6,June,29,Afternoon,14,No és causa del  vianant,Motorcycle,Dona,36,Driver,Desconegut                                                                                                                                            ,Unknown,Es desconeix,Ferit lleu: Hospitalització fins a 24h,433806.8  ,4588470.27,2.206482217,41.443233462
2023S003919    ,3,Sants-Montjuïc,13,la Marina de Port,273502,Radi,0010 0010,Thursday,2023,6,June,29,Morning,9,No és causa del  vianant,Motorcycle,Home,51,Driver,Desconegut                                                                                                                                            ,Unknown,Es desconeix,Ferit lleu: Hospitalització fins a 24h,427647.52 ,4579751.26,2.133800518,41.364173182
2023S003920    ,2,Eixample,7,la Dreta de l'Eixample,169409,Corts Catalanes,0619 0619,Thursday,2023,6,June,29,Afternoon,15,No és causa del  vianant,Motorcycle,Dona,37,Driver,Desconegut                                                                                                                                            ,Unknown,Altres activitats,Ferit lleu: Hospitalització fins a 24h,430649.6  ,4582652.56,2.169358745,41.390568712
2023S003920    ,2,Eixample,7,la Dreta de l'Eixample,169409,Corts Catalanes,0619 0619,Thursday,2023,6,June,29,Afternoon,15,No és causa del  vianant,Motorcycle,Dona,37,Driver,Desconegut                                                                                                                                            ,Unknown,En missió,Ferit lleu: Hospitalització fins a 24h,430649.6  ,4582652.56,2.169358745,41.390568712
2023S003921    ,2,Eixample,6,la Sagrada Família,289105,Rosselló,0473 0473,Thursday,2023,6,June,29,Afternoon,17,No és causa del  vianant,Motorcycle,Home,46,Driver,Desconegut                                                                                                                                            ,Unknown,Oci i entreteniment,Ferit lleu: Hospitalització fins a 24h,431180.38 ,4584467.18,2.175500521,41.406958054
2023S003922    ,1,Ciutat Vella,2,el Barri Gòtic,112401,Escudellers Blancs,0008 0008,Thursday,2023,6,June,29,Afternoon,14,No és causa del  vianant,Veh. mobilitat personal amb motor,Dona,89,Pedestrian,En zona peatonal                                                                                                                                      ,Es desconeix,Unknown,Ferit lleu: Hospitalització fins a 24h,431198.2  ,4581522.28,2.176048457,41.380435744
2023S003923    ,10,Sant Martí,70,el Besòs i el Maresme,701559,Eduard Maristany,0002 0002,Thursday,2023,6,June,29,Afternoon,15,No és causa del  vianant,Car,Home,39,Driver,Desconegut                                                                                                                                            ,Unknown,Es desconeix,Ferit lleu: Hospitalització fins a 24h,434943.88 ,4585010.04,2.220465456,41.412161049
2023S003924    ,2,Eixample,6,la Sagrada Família,178308,Lepant,0213 0215,Thursday,2023,6,June,29,Morning,13,No és causa del  vianant,Motorcycle,Home,69,Driver,Desconegut                                                                                                                                            ,Unknown,Es desconeix,Ferit lleu: Hospitalització fins a 24h,431533.6  ,4583923.69,2.179787628,41.402093186
2023S003925    ,2,Eixample,6,la Sagrada Família,325005,Sicília,0257 0259,Thursday,2023,6,June,29,Morning,11,No és causa del  vianant,Motorcycle,Home,31,Passatger,Desconegut                                                                                                                                            ,Unknown,Unknown,Ferit lleu: Hospitalització fins a 24h,430809.67 ,4584056.99,2.171112616,41.403231766
2023S003925    ,2,Eixample,6,la Sagrada Família,325005,Sicília,0257 0259,Thursday,2023,6,June,29,Morning,11,No és causa del  vianant,Motorcycle,Home,27,Driver,Desconegut                                                                                                                                            ,Unknown,Es desconeix,Ferit lleu: Hospitalització fins a 24h,430809.67 ,4584056.99,2.171112616,41.403231766
2023S003926    ,5,Sarrià-Sant Gervasi,25,Sant Gervasi - la Bonanova,44800,Bonanova,0010 0010,Thursday,2023,6,June,29,Afternoon,16,No és causa del  vianant,Motorcycle,Home,50,Driver,Desconegut                                                                                                                                            ,Unknown,Es desconeix,Ferit lleu: Amb assistència sanitària en lloc d'accident,427644.2  ,4584447.68,2.13319965,41.406471738
2023S003927    ,2,Eixample,7,la Dreta de l'Eixample,169409,Corts Catalanes,0681 0683,Thursday,2023,6,June,29,Morning,12,No és causa del  vianant,Car,Home,22,Driver,Desconegut                                                                                                                                            ,Unknown,Es desconeix,Ferit lleu: Rebutja assistència sanitària,431362.47 ,4583277.26,2.177813868,41.396256386
2023S003930    ,2,Eixample,8,l'Antiga Esquerra de l'Eixample,223606,Muntaner,0201 0211,Thursday,2023,6,June,29,Afternoon,20,No és causa del  vianant,Motorcycle,Home,34,Driver,Desconegut                                                                                                                                            ,Unknown,En missió,Ferit lleu: Rebutja assistència sanitària,429079.89 ,4582972.71,2.150547513,41.393315237
2023S003931    ,2,Eixample,8,l'Antiga Esquerra de l'Eixample,70607,Casanova,0035 0035,Thursday,2023,6,June,29,Afternoon,15,No és causa del  vianant,Bicicleta,Home,51,Driver,Desconegut                                                                                                                                            ,Unknown,Es desconeix,Ferit greu: hospitalització superior a 24h,429928.15 ,4581911.44,2.160815961,41.383831119
2023S003933    ,5,Sarrià-Sant Gervasi,25,Sant Gervasi - la Bonanova,114600,Esperança,0011 0011,Thursday,2023,6,June,29,Afternoon,16,No és causa del  vianant,Car,Dona,36,Driver,Desconegut                                                                                                                                            ,Unknown,Es desconeix,Ferit lleu: Amb assistència sanitària en lloc d'accident,427046.68 ,4584150.64,2.126087446,41.403742394
2023S003934    ,4,Les Corts,19,les Corts,66508,Carles III,0070 0072,Thursday,2023,6,June,29,Afternoon,19,No és causa del  vianant,Autobús articulat,Dona,55,Passatger,Desconegut                                                                                                                                            ,Unknown,Unknown,Ferit lleu: Hospitalització fins a 24h,427151.9  ,4582081.1 ,2.127595207,41.385112446
2023S003934    ,4,Les Corts,19,les Corts,66508,Carles III,0070 0072,Thursday,2023,6,June,29,Afternoon,19,No és causa del  vianant,Car,Dona,67,Passatger,Desconegut                                                                                                                                            ,Unknown,Unknown,Ferit lleu: Hospitalització fins a 24h,427151.9  ,4582081.1 ,2.127595207,41.385112446
2023S003934    ,4,Les Corts,19,les Corts,66508,Carles III,0070 0072,Thursday,2023,6,June,29,Afternoon,19,No és causa del  vianant,Car,Home,39,Driver,Desconegut                                                                                                                                            ,Unknown,Oci i entreteniment,Ferit lleu: Hospitalització fins a 24h,427151.9  ,4582081.1 ,2.127595207,41.385112446
2023S003935    ,2,Eixample,6,la Sagrada Família,191204,Mallorca,0417 0417,Thursday,2023,6,June,29,Night,23,No és causa del  vianant,Motorcycle,Home,19,Passatger,Desconegut                                                                                                                                            ,Unknown,Unknown,Ferit lleu: Hospitalització fins a 24h,431277.27 ,4584186.43,2.176691518,41.404437721