Case_Number,District_Code,District_Name,Neighborhood_Code,Neighborhood_Name,Street_Code,Street_Name,Postal_Code,Day_of_Week,Year,Month_Code,Month_Name,Day_of_Month,Shift_Description,Hour_of_Day,Pedestrian_Cause_Description,Involved_Vehicle_Type,Gender_Description,Age,Person_Type_Description,Pedestrian_Accident_Location_Description,Pedestrian_Movement_Reason_Description,Driver_Movement_Reason_Description,Victimization_Description,UTM_X_Coordinate,UTM_Y_Coordinate,Longitude,Latitude
2023S003935    ,2,Eixample,6,la Sagrada Família,191204,Mallorca,0417 0417,Thursday,2023,6,June,29,Night,23,No és causa del  vianant,Motorcycle,Home,27,Driver,Desconegut                                                                                                                                            ,Unknown,Oci i entreteniment,Ferit lleu: Hospitalització fins a 24h,431277.27 ,4584186.43,2.176691518,41.404437721
2023S003936    ,10,Sant Martí,65,el Clot,226400,Las Navas de Tolosa,0289 0289,Friday,2023,6,June,30,Night,0,No és causa del  vianant,Veh. mobilitat personal amb motor,Home,0,Driver,Desconegut                                                                                                                                            ,Unknown,En missió,Ferit lleu: Hospitalització fins a 24h,432223.56 ,4585298.65,2.187886985,41.41453554
2023S003937    ,9,Sant Andreu,60,Sant Andreu,120807,Favència,0568B0568B,Thursday,2023,6,June,29,Night,22,No és causa del  vianant,Motorcycle,Dona,30,Driver,Desconegut                                                                                                                                            ,Unknown,Oci i entreteniment,Ferit lleu: Rebutja assistència sanitària,432719.94 ,4588904.37,2.193424358,41.447052854
2023S003938    ,7,Horta-Guinardó,35,el Guinardó,152905,Guinardó,0111 0111,Thursday,2023,6,June,29,Afternoon,18,No és causa del  vianant,Bus,Dona,52,Passatger,Desconegut                                                                                                                                            ,Unknown,Unknown,Ferit lleu: Hospitalització fins a 24h,430971.33 ,4585423.64,2.172890466,41.415554636
2023S003939    ,2,Eixample,9,la Nova Esquerra de l'Eixample,361406,Viladomat,0179 0183,Friday,2023,6,June,30,Night,1,No és causa del  vianant,Car,Home,23,Passatger,Desconegut                                                                                                                                            ,Unknown,Unknown,Ferit lleu: Hospitalització fins a 24h,429257.37 ,4581833.72,2.152803345,41.383072384
2023S003939    ,2,Eixample,9,la Nova Esquerra de l'Eixample,361406,Viladomat,0179 0183,Friday,2023,6,June,30,Night,1,No és causa del  vianant,Car,Home,26,Driver,Desconegut                                                                                                                                            ,Unknown,Taxi,Ferit lleu: Amb assistència sanitària en lloc d'accident,429257.37 ,4581833.72,2.152803345,41.383072384
2023S003940    ,4,Les Corts,20,la Maternitat i Sant Ramon,144601,Diagonal,0653 0659,Thursday,2023,6,June,29,Afternoon,20,No és causa del  vianant,Bus,Home,62,Passatger,Desconegut                                                                                                                                            ,Unknown,Unknown,Ferit lleu: Amb assistència sanitària en lloc d'accident,425773.04 ,4581961.26,2.111120291,41.38390699
2023S003941    ,1,Ciutat Vella,3,la Barceloneta,701266,Litoral (Llobregat),000920000,Friday,2023,6,June,30,Morning,8,No és causa del  vianant,Motorcycle,Home,56,Driver,Desconegut                                                                                                                                            ,Unknown,Es desconeix,Ferit lleu: Amb assistència sanitària en lloc d'accident,432275.46 ,4581857.73,2.188893064,41.383548507
2023S003943    ,5,Sarrià-Sant Gervasi,25,Sant Gervasi - la Bonanova,32700,Balmes,0445 0445,Thursday,2023,6,June,29,Afternoon,21,No és causa del  vianant,Motorcycle,Home,34,Driver,Desconegut                                                                                                                                            ,Unknown,Oci i entreteniment,Ferit lleu: Hospitalització fins a 24h,427943.27 ,4584805.19,2.136734788,41.409718562
2023S003944    ,2,Eixample,7,la Dreta de l'Eixample,148307,Gràcia,0072S0072S,Thursday,2023,6,June,29,Afternoon,16,No és causa del  vianant,Veh. mobilitat personal amb motor,Dona,45,Driver,Desconegut                                                                                                                                            ,Unknown,Es desconeix,Ferit lleu: Hospitalització fins a 24h,430188.01 ,4582979.22,2.163800443,41.393470878
2023S003945    ,2,Eixample,9,la Nova Esquerra de l'Eixample,245802,París,0050 0050,Thursday,2023,6,June,29,Afternoon,17,No és causa del  vianant,Motorcycle,Dona,22,Driver,Desconegut                                                                                                                                            ,Unknown,Es desconeix,Ferit lleu: Hospitalització fins a 24h,428505.92 ,4582219.91,2.143771466,41.386484196
2023S003946    ,5,Sarrià-Sant Gervasi,26,Sant Gervasi - Galvany,32700,Balmes,0213 0213,Thursday,2023,6,June,29,Afternoon,18,No és causa del  vianant,Bus,Dona,85,Passatger,Desconegut                                                                                                                                            ,Unknown,Unknown,Ferit lleu: Amb assistència sanitària en lloc d'accident,429122.62 ,4583540.98,2.150992032,41.39843721
2023S003947    ,9,Sant Andreu,58,Baró de Viver,314100,Santa Coloma,0108U0108U,Thursday,2023,6,June,29,Night,22,No és causa del  vianant,Car,Dona,42,Passatger,Desconegut                                                                                                                                            ,Unknown,Unknown,Ferit lleu: Hospitalització fins a 24h,433320.41 ,4589051.71,2.200596002,41.44843003
2023S003947    ,9,Sant Andreu,58,Baró de Viver,314100,Santa Coloma,0108U0108U,Thursday,2023,6,June,29,Night,22,No és causa del  vianant,Car,Home,42,Driver,Desconegut                                                                                                                                            ,Unknown,Oci i entreteniment,Ferit lleu: Hospitalització fins a 24h,433320.41 ,4589051.71,2.200596002,41.44843003
2023S003948    ,9,Sant Andreu,61,la Sagrera,241608,Palència,0031 0033,Friday,2023,6,June,30,Morning,9,No és causa del  vianant,Motorcycle,Home,64,Driver,Desconegut                                                                                                                                            ,Unknown,Es desconeix,Ferit lleu: Hospitalització fins a 24h,432438.08 ,4585717.06,2.190406849,41.418322106
2023S003950    ,4,Les Corts,20,la Maternitat i Sant Ramon,144601,Diagonal,0629 0629,Friday,2023,6,June,30,Morning,8,Altres,Bus,Home,26,Driver,Desconegut                                                                                                                                            ,Unknown,Bus urbà,Ferit lleu: Amb assistència sanitària en lloc d'accident,427067.42 ,4582366.31,2.126550566,41.38767356
2023S003950    ,4,Les Corts,20,la Maternitat i Sant Ramon,144601,Diagonal,0629 0629,Friday,2023,6,June,30,Morning,8,Altres,Bus,Dona,48,Passatger,Desconegut                                                                                                                                            ,Unknown,Unknown,Ferit lleu: Amb assistència sanitària en lloc d'accident,427067.42 ,4582366.31,2.126550566,41.38767356
2023S003951    ,1,Ciutat Vella,4,"Sant Pere, Santa Caterina i la Ribera",700813,Doctor Aiguader,0065 0087,Friday,2023,6,June,30,Morning,8,No és causa del  vianant,Motorcycle,Home,62,Driver,Desconegut                                                                                                                                            ,Unknown,Es desconeix,Ferit lleu: Hospitalització fins a 24h,432533.5  ,4582010.13,2.191961937,41.384942829
2023S003952    ,2,Eixample,9,la Nova Esquerra de l'Eixample,169409,Corts Catalanes,0501 0501,Friday,2023,6,June,30,Morning,13,No és causa del  vianant,Motorcycle,Dona,33,Passatger,Desconegut                                                                                                                                            ,Unknown,Unknown,Ferit lleu: Hospitalització fins a 24h,429641.98 ,4581631.12,2.157426287,41.381281377
2023S003952    ,2,Eixample,9,la Nova Esquerra de l'Eixample,169409,Corts Catalanes,0501 0501,Friday,2023,6,June,30,Morning,13,No és causa del  vianant,Motorcycle,Dona,55,Driver,Desconegut                                                                                                                                            ,Unknown,In itínere,Ferit lleu: Hospitalització fins a 24h,429641.98 ,4581631.12,2.157426287,41.381281377
2023S003953    ,2,Eixample,9,la Nova Esquerra de l'Eixample,227800,Nicaragua,0002 0002,Friday,2023,6,June,30,Morning,13,No és causa del  vianant,Motorcycle,Dona,61,Driver,Desconegut                                                                                                                                            ,Unknown,In itínere,Ferit lleu: Hospitalització fins a 24h,428548.42 ,4581601.9 ,2.14435265,41.380921778
2023S003954    ,2,Eixample,9,la Nova Esquerra de l'Eixample,227800,Nicaragua,0002 0002,Friday,2023,6,June,30,Morning,12,No és causa del  vianant,Bus,Dona,69,Passatger,Desconegut                                                                                                                                            ,Unknown,Unknown,Ferit lleu: Hospitalització fins a 24h,428548.42 ,4581601.9 ,2.14435265,41.380921778
2023S003956    ,1,Ciutat Vella,1,el Raval,68503,Carretes,0081 0081,Friday,2023,6,June,30,Afternoon,17,No és causa del  vianant,Veh. mobilitat personal amb motor,Dona,70,Pedestrian,En zona peatonal                                                                                                                                      ,Oci i entreteniment,Unknown,Ferit lleu: Hospitalització fins a 24h,430613.01 ,4581078.52,2.16910148,41.376388645
2023S003957    ,3,Sants-Montjuïc,11,el Poble-sec,198804,Paral·lel,0029 0031,Friday,2023,6,June,30,Afternoon,17,No és causa del  vianant,Motorcycle,Home,23,Driver,Desconegut                                                                                                                                            ,Unknown,Oci i entreteniment,Ferit lleu: Hospitalització fins a 24h,430934.44 ,4580915.69,2.172963525,41.374949747
2023S003958    ,2,Eixample,5,el Fort Pienc,305100,Sant Joan,0034 0034,Friday,2023,6,June,30,Afternoon,19,No és causa del  vianant,Motorcycle,Home,31,Driver,Desconegut                                                                                                                                            ,Unknown,Es desconeix,Ferit lleu: Amb assistència sanitària en lloc d'accident,431323    ,4582935.04,2.177380595,41.39317074
2023S003958    ,2,Eixample,5,el Fort Pienc,305100,Sant Joan,0034 0034,Friday,2023,6,June,30,Afternoon,19,No és causa del  vianant,Veh. mobilitat personal amb motor,Dona,27,Driver,Desconegut                                                                                                                                            ,Unknown,Es desconeix,Ferit greu: hospitalització superior a 24h,431323    ,4582935.04,2.177380595,41.39317074
2023S003959    ,2,Eixample,10,Sant Antoni,349207,Universitat,0003 0003,Friday,2023,6,June,30,Afternoon,20,No és causa del  vianant,Motorcycle,Home,37,Driver,Desconegut                                                                                                                                            ,Unknown,Es desconeix,Ferit lleu: Amb assistència sanitària en lloc d'accident,430148.16 ,4582056.26,2.163430307,41.385154611
2023S003960    ,2,Eixample,8,l'Antiga Esquerra de l'Eixample,268003,Provença,0184 0184,Friday,2023,6,June,30,Afternoon,18,Desobeir el senyal del semàfor,Veh. mobilitat personal amb motor,Dona,45,Pedestrian,En pas regulat per semàfor                                                                                                                            ,Unknown,Unknown,Ferit lleu: Hospitalització fins a 24h,429361.23 ,4582493.6 ,2.153968384,41.389024832
2023S003961    ,9,Sant Andreu,60,Sant Andreu,339101,Torras i Bages,0009 0009,Friday,2023,6,June,30,Morning,12,No és causa del  vianant,Autobús articulat,Dona,70,Passatger,Desconegut                                                                                                                                            ,Unknown,Unknown,Ferit lleu: Hospitalització fins a 24h,432502.99 ,4587785.36,2.19095246,41.436956088
2023S003962    ,2,Eixample,9,la Nova Esquerra de l'Eixample,350308,València,0016 0016,Friday,2023,6,June,30,Afternoon,18,No és causa del  vianant,Bicicleta,Home,30,Driver,Desconegut                                                                                                                                            ,Unknown,Altres activitats,Ferit lleu: Hospitalització fins a 24h,428659.57 ,4581420   ,2.145703228,41.379293336
2023S003963    ,1,Ciutat Vella,1,el Raval,34308,Rambla,0065 0065,Friday,2023,6,June,30,Afternoon,17,No és causa del  vianant,Bicicleta,Home,32,Driver,Desconegut                                                                                                                                            ,Unknown,Altres activitats,Ferit lleu: Hospitalització fins a 24h,430953.01 ,4581593.13,2.173108351,41.381052854
2023S003964    ,2,Eixample,7,la Dreta de l'Eixample,18505,Aragó,0244 0248,Friday,2023,6,June,30,Afternoon,19,No és causa del  vianant,Bicicleta,Home,30,Driver,Desconegut                                                                                                                                            ,Unknown,Oci i entreteniment,Ferit lleu: Hospitalització fins a 24h,430064.57 ,4582603.44,2.162367448,41.39007562
2023S003965    ,2,Eixample,7,la Dreta de l'Eixample,148307,Gràcia,0003 0003,Saturday,2023,7,July,1,Night,0,No és causa del  vianant,Motorcycle,Home,19,Passatger,Desconegut                                                                                                                                            ,Unknown,Unknown,Ferit lleu: Hospitalització fins a 24h,430658    ,4582415.71,2.169486338,41.388436201
2023S003965    ,2,Eixample,7,la Dreta de l'Eixample,148307,Gràcia,0003 0003,Saturday,2023,7,July,1,Night,0,No és causa del  vianant,Motorcycle,Home,19,Driver,Desconegut                                                                                                                                            ,Unknown,Oci i entreteniment,Ferit lleu: Hospitalització fins a 24h,430658    ,4582415.71,2.169486338,41.388436201
2023S003966    ,6,Gràcia,31,la Vila de Gràcia,208001,Torrent de l'Olla,0101 0101,Friday,2023,6,June,30,Afternoon,19,Creuar per fora pas de vianants,Veh. mobilitat personal amb motor,Home,63,Pedestrian,Fora del pas                                                                                                                                          ,Unknown,Unknown,Ferit greu: hospitalització superior a 24h,429648.39 ,4583949.44,2.157233505,41.402162264
2023S003967    ,2,Eixample,7,la Dreta de l'Eixample,169409,Corts Catalanes,0608 0608,Friday,2023,6,June,30,Afternoon,21,No és causa del  vianant,Motorcycle,Dona,43,Passatger,Desconegut                                                                                                                                            ,Unknown,Unknown,Ferit lleu: Rebutja assistència sanitària,430335.3  ,4582343.66,2.165635253,41.38775937
2023S003967    ,2,Eixample,7,la Dreta de l'Eixample,169409,Corts Catalanes,0608 0608,Friday,2023,6,June,30,Afternoon,21,No és causa del  vianant,Motorcycle,Home,42,Driver,Desconegut                                                                                                                                            ,Unknown,Oci i entreteniment,Ferit lleu: Rebutja assistència sanitària,430335.3  ,4582343.66,2.165635253,41.38775937
2023S003968    ,5,Sarrià-Sant Gervasi,23,Sarrià,278007,Reina Elisenda de Montcada,0021 0021,Friday,2023,6,June,30,Morning,13,No és causa del  vianant,Motorcycle,Home,33,Driver,Desconegut                                                                                                                                            ,Unknown,Altres activitats,Ferit lleu: Hospitalització fins a 24h,426290.88 ,4583485.89,2.117127321,41.397686312
2023S003969    ,7,Horta-Guinardó,33,el Baix Guinardó,152905,Guinardó,0090V0090V,Saturday,2023,7,July,1,Night,1,No és causa del  vianant,Motorcycle,Dona,27,Passatger,Desconegut                                                                                                                                            ,Unknown,Unknown,Ferit lleu: Hospitalització fins a 24h,430786.53 ,4585244.59,2.1706999,41.41392609
2023S003969    ,7,Horta-Guinardó,33,el Baix Guinardó,152905,Guinardó,0090V0090V,Saturday,2023,7,July,1,Night,1,No és causa del  vianant,Motorcycle,Dona,30,Driver,Desconegut                                                                                                                                            ,Unknown,Oci i entreteniment,Ferit lleu: Hospitalització fins a 24h,430786.53 ,4585244.59,2.1706999,41.41392609
2023S003970    ,1,Ciutat Vella,1,el Raval,67307,Carme,0059 0059,Friday,2023,6,June,30,Afternoon,17,No és causa del  vianant,Veh. mobilitat personal amb motor,Dona,18,Driver,Desconegut                                                                                                                                            ,Unknown,Es desconeix,Ferit lleu: Hospitalització fins a 24h,430546.51 ,4581605.16,2.168245925,41.381126197
2023S003971    ,3,Sants-Montjuïc,11,el Poble-sec,198702,Francesc Ferrer i Guàrdia,0009 0011,Saturday,2023,7,July,1,Morning,9,No és causa del  vianant,Car,Home,28,Driver,Desconegut                                                                                                                                            ,Unknown,"Bombers, policia, ambulància",Ferit lleu: Hospitalització fins a 24h,428949.41 ,4580346.61,2.149294986,41.369651325
2023S003971    ,3,Sants-Montjuïc,11,el Poble-sec,198702,Francesc Ferrer i Guàrdia,0009 0011,Saturday,2023,7,July,1,Morning,9,No és causa del  vianant,Car,Home,28,Passatger,Desconegut                                                                                                                                            ,Unknown,Unknown,Ferit lleu: Hospitalització fins a 24h,428949.41 ,4580346.61,2.149294986,41.369651325
2023S003973    ,7,Horta-Guinardó,36,la Font d'en Fargues,136002,Font d'en Fargas,0036 0036,Saturday,2023,7,July,1,Afternoon,15,No és causa del  vianant,Car,Dona,13,Passatger,Desconegut                                                                                                                                            ,Unknown,Unknown,Ferit lleu: Hospitalització fins a 24h,430357.87 ,4586411.94,2.165436789,41.424402937
2023S003973    ,7,Horta-Guinardó,36,la Font d'en Fargues,136002,Font d'en Fargas,0036 0036,Saturday,2023,7,July,1,Afternoon,15,No és causa del  vianant,Car,Dona,9,Passatger,Desconegut                                                                                                                                            ,Unknown,Unknown,Ferit lleu: Hospitalització fins a 24h,430357.87 ,4586411.94,2.165436789,41.424402937
2023S003974    ,2,Eixample,7,la Dreta de l'Eixample,350308,València,0237 0237,Saturday,2023,7,July,1,Morning,12,No és causa del  vianant,Motorcycle,Home,33,Driver,Desconegut                                                                                                                                            ,Unknown,Es desconeix,Ferit lleu: Hospitalització fins a 24h,430025.08 ,4582789.86,2.161873602,41.391751207
2023S003975    ,3,Sants-Montjuïc,12,la Marina del Prat Vermell,701496,Transversal 17,0049 0049,Saturday,2023,7,July,1,Morning,13,No és causa del  vianant,"Camió rígid > 3,5 tones",Home,48,Passatger,Desconegut                                                                                                                                            ,Unknown,Unknown,Ferit lleu: Hospitalització fins a 24h,426402    ,4575355.97,2.119443356,41.324473396
2023S003976    ,2,Eixample,8,l'Antiga Esquerra de l'Eixample,169409,Corts Catalanes,0581 0581,Saturday,2023,7,July,1,Afternoon,16,No és causa del  vianant,Ciclomotor,Home,22,Driver,Desconegut                                                                                                                                            ,Unknown,Oci i entreteniment,Ferit lleu: Amb assistència sanitària en lloc d'accident,430060.94 ,4582076.48,2.162384906,41.385329144
2023S003977    ,1,Ciutat Vella,2,el Barri Gòtic,82901,Colom,0013 0013,Saturday,2023,7,July,1,Afternoon,16,No és causa del  vianant,Motorcycle,Home,65,Driver,Desconegut                                                                                                                                            ,Unknown,Oci i entreteniment,Ferit lleu: Hospitalització fins a 24h,431548.04 ,4581400.91,2.180245634,41.379372452
2023S003978    ,3,Sants-Montjuïc,11,el Poble-sec,198804,Paral·lel,0001X0001X,Diumenge,2023,7,July,2,Morning,13,No és causa del  vianant,Car,Dona,24,Driver,Desconegut                                                                                                                                            ,Unknown,Es desconeix,Ferit lleu: Hospitalització fins a 24h,431120.24 ,4580858.49,2.175191674,41.374450495
2023S003980    ,1,Ciutat Vella,3,la Barceloneta,145706,Ginebra,0022 0022,Saturday,2023,7,July,1,Afternoon,20,No és causa del  vianant,Car,Dona,33,Passatger,Desconegut                                                                                                                                            ,Unknown,Unknown,Ferit lleu: Amb assistència sanitària en lloc d'accident,432283.87 ,4581658.44,2.189015922,41.38175426
2023S003980    ,1,Ciutat Vella,3,la Barceloneta,145706,Ginebra,0022 0022,Saturday,2023,7,July,1,Afternoon,20,No és causa del  vianant,Car,Home,26,Passatger,Desconegut                                                                                                                                            ,Unknown,Unknown,Ferit lleu: Amb assistència sanitària en lloc d'accident,432283.87 ,4581658.44,2.189015922,41.38175426
2023S003980    ,1,Ciutat Vella,3,la Barceloneta,145706,Ginebra,0022 0022,Saturday,2023,7,July,1,Afternoon,20,No és causa del  vianant,Furgoneta,Home,27,Driver,Desconegut                                                                                                                                            ,Unknown,Oci i entreteniment,Ferit lleu: Amb assistència sanitària en lloc d'accident,432283.87 ,4581658.44,2.189015922,41.38175426
2023S003981    ,10,Sant Martí,66,el Parc i la Llacuna del Poblenou,146902,Glòries Catalanes,0038X0038X,Saturday,2023,7,July,1,Afternoon,20,No és causa del  vianant,Motorcycle,Home,52,Driver,Desconegut                                                                                                                                            ,Unknown,Es desconeix,Ferit lleu: Hospitalització fins a 24h,432052.4  ,4583910.53,2.185995092,41.402018695
2023S003981    ,10,Sant Martí,66,el Parc i la Llacuna del Poblenou,146902,Glòries Catalanes,0038X0038X,Saturday,2023,7,July,1,Afternoon,20,No és causa del  vianant,Motorcycle,Home,30,Driver,Desconegut                                                                                                                                            ,Unknown,In itínere,Ferit lleu: Hospitalització fins a 24h,432052.4  ,4583910.53,2.185995092,41.402018695
2023S003982    ,9,Sant Andreu,60,Sant Andreu,168406,Jorba,0070 0070,Diumenge,2023,7,July,2,Afternoon,20,No és causa del  vianant,Veh. mobilitat personal amb motor,Dona,32,Driver,Desconegut                                                                                                                                            ,Unknown,Oci i entreteniment,Ferit lleu: Amb assistència sanitària en lloc d'accident,432147.51 ,4587740.27,2.186702927,41.436520002
2023S003983    ,2,Eixample,8,l'Antiga Esquerra de l'Eixample,169409,Corts Catalanes,0583 0583,Diumenge,2023,7,July,2,Night,0,No és causa del  vianant,Car,Home,42,Driver,Desconegut                                                                                                                                            ,Unknown,En missió,Ferit lleu: Hospitalització fins a 24h,430080.36 ,4582095.48,2.162614957,41.38550196
2023S003985    ,2,Eixample,7,la Dreta de l'Eixample,176801,Roger de Llúria,0087 0087,Diumenge,2023,7,July,2,Night,4,No és causa del  vianant,Motorcycle,Home,52,Driver,Desconegut                                                                                                                                            ,Unknown,Es desconeix,Ferit lleu: Hospitalització fins a 24h,430404.35 ,4583145.14,2.166368911,41.394984028
2023S003987    ,3,Sants-Montjuïc,11,el Poble-sec,701266,Litoral (Llobregat),001360000,Diumenge,2023,7,July,2,Morning,10,No és causa del  vianant,Motorcycle,Home,59,Driver,Desconegut                                                                                                                                            ,Unknown,Oci i entreteniment,Ferit lleu: Amb assistència sanitària en lloc d'accident,430149.5  ,4579104   ,2.163786661,41.358564582
2023S003988    ,10,Sant Martí,66,el Parc i la Llacuna del Poblenou,144601,Diagonal,0254 0254,Diumenge,2023,7,July,2,Morning,12,No és causa del  vianant,Motorcycle,Dona,41,Passatger,Desconegut                                                                                                                                            ,Unknown,Unknown,Ferit lleu: Hospitalització fins a 24h,432355.3  ,4584151.19,2.189591531,41.404211809
2023S003988    ,10,Sant Martí,66,el Parc i la Llacuna del Poblenou,144601,Diagonal,0254 0254,Diumenge,2023,7,July,2,Morning,12,No és causa del  vianant,Motorcycle,Home,43,Driver,Desconegut                                                                                                                                            ,Unknown,Oci i entreteniment,Ferit lleu: Hospitalització fins a 24h,432355.3  ,4584151.19,2.189591531,41.404211809
2023S003990    ,9,Sant Andreu,63,Navas,115603,Espronceda,0323 0327,Diumenge,2023,7,July,2,Afternoon,14,No és causa del  vianant,Motorcycle,Dona,27,Driver,Desconegut                                                                                                                                            ,Unknown,Oci i entreteniment,Ferit lleu: Amb assistència sanitària en lloc d'accident,432500.46 ,4585396.58,2.19118902,41.415440885
2023S003991    ,7,Horta-Guinardó,37,el Carmel,67103,Carmel,0030 0030,Diumenge,2023,7,July,2,Afternoon,18,No és causa del  vianant,Ciclomotor,Home,17,Driver,Desconegut                                                                                                                                            ,Unknown,Oci i entreteniment,Ferit lleu: Hospitalització fins a 24h,429694.4  ,4586575.05,2.15747859,41.425814185
2023S003992    ,3,Sants-Montjuïc,13,la Marina de Port,369408,Zona Franca,0168 0172,Diumenge,2023,7,July,2,Afternoon,19,No és causa del  vianant,Car,Dona,61,Passatger,Desconegut                                                                                                                                            ,Unknown,Unknown,Ferit lleu: Hospitalització fins a 24h,428110.61 ,4579288.7 ,2.139391658,41.360048566
2023S003992    ,3,Sants-Montjuïc,13,la Marina de Port,369408,Zona Franca,0168 0172,Diumenge,2023,7,July,2,Afternoon,19,No és causa del  vianant,Car,Home,65,Driver,Desconegut                                                                                                                                            ,Unknown,Es desconeix,Ferit lleu: Rebutja assistència sanitària,428110.61 ,4579288.7 ,2.139391658,41.360048566
2023S003993    ,3,Sants-Montjuïc,11,el Poble-sec,218504,Montjuïc,0033 0037,Diumenge,2023,7,July,2,Afternoon,18,No és causa del  vianant,Motorcycle,Home,22,Driver,Desconegut                                                                                                                                            ,Unknown,Es desconeix,Ferit lleu: Amb assistència sanitària en lloc d'accident,430624.64 ,4580232.1 ,2.169337458,41.36876618
2023S003994    ,2,Eixample,6,la Sagrada Família,109101,Enamorats,0078 0084,Diumenge,2023,7,July,2,Afternoon,20,Desobeir el senyal del semàfor,Veh. mobilitat personal amb motor,Home,88,Pedestrian,En pas regulat per semàfor                                                                                                                            ,Oci i entreteniment,Unknown,Ferit lleu: Hospitalització fins a 24h,431740.06 ,4584265.35,2.18221879,41.40518798
2023S003995    ,10,Sant Martí,68,el Poblenou,249304,Pere IV,0161 0161,Diumenge,2023,7,July,2,Afternoon,17,No és causa del  vianant,Motorcycle,Dona,45,Driver,Desconegut                                                                                                                                            ,Unknown,In itínere,Ferit lleu: Hospitalització fins a 24h,433046.08 ,4584029.43,2.197868543,41.40317301
2023S003996    ,2,Eixample,7,la Dreta de l'Eixample,305100,Sant Joan,0023 0023,Diumenge,2023,7,July,2,Afternoon,21,No és causa del  vianant,Bicicleta,Dona,18,Driver,Desconegut                                                                                                                                            ,Unknown,Oci i entreteniment,Ferit lleu: Amb assistència sanitària en lloc d'accident,431370    ,4582923.54,2.177944045,41.393071178
2023S003996    ,2,Eixample,7,la Dreta de l'Eixample,305100,Sant Joan,0023 0023,Diumenge,2023,7,July,2,Afternoon,21,No és causa del  vianant,Bicicleta,Home,31,Driver,Desconegut                                                                                                                                            ,Unknown,Oci i entreteniment,Ferit lleu: Hospitalització fins a 24h,431370    ,4582923.54,2.177944045,41.393071178
2023S003997    ,6,Gràcia,31,la Vila de Gràcia,267000,Riera de Cassoles,0050 0050,Diumenge,2023,7,July,2,Afternoon,21,No és causa del  vianant,Motorcycle,Home,33,Driver,Desconegut                                                                                                                                            ,Unknown,Es desconeix,Ferit lleu: Amb assistència sanitària en lloc d'accident,429069.17 ,4584269.87,2.150267243,41.404997337
2023S003997    ,6,Gràcia,31,la Vila de Gràcia,267000,Riera de Cassoles,0050 0050,Diumenge,2023,7,July,2,Afternoon,21,No és causa del  vianant,Motorcycle,Home,36,Driver,Desconegut                                                                                                                                            ,Unknown,Es desconeix,Ferit lleu: Amb assistència sanitària en lloc d'accident,429069.17 ,4584269.87,2.150267243,41.404997337
2023S003998    ,5,Sarrià-Sant Gervasi,26,Sant Gervasi - Galvany,144601,Diagonal,0602 0602,Dilluns,2023,7,July,3,Night,0,No és causa del  vianant,Bicicleta,Home,21,Driver,Desconegut                                                                                                                                            ,Unknown,Oci i entreteniment,Ferit lleu: Hospitalització fins a 24h,428614.3  ,4582926.6 ,2.144984276,41.392858727
2023S003999    ,5,Sarrià-Sant Gervasi,26,Sant Gervasi - Galvany,28000,Augusta,0168 0168,Diumenge,2023,7,July,2,Afternoon,18,Desobeir el senyal del semàfor,Motorcycle,Home,85,Pedestrian,En pas regulat per semàfor                                                                                                                            ,Es desconeix,Unknown,Ferit lleu: Hospitalització fins a 24h,428473.45 ,4583594.92,2.143220672,41.398865512
2023S003999    ,5,Sarrià-Sant Gervasi,26,Sant Gervasi - Galvany,28000,Augusta,0168 0168,Diumenge,2023,7,July,2,Afternoon,18,Desobeir el senyal del semàfor,Motorcycle,Dona,62,Driver,En pas regulat per semàfor                                                                                                                            ,Unknown,Es desconeix,Ferit lleu: Hospitalització fins a 24h,428473.45 ,4583594.92,2.143220672,41.398865512
2023S004001    ,6,Gràcia,31,la Vila de Gràcia,344101,Gràcia,0107 0109,Diumenge,2023,7,July,2,Night,22,No és causa del  vianant,Bicicleta,Home,18,Driver,Desconegut                                                                                                                                            ,Unknown,En missió,Ferit lleu: Rebutja assistència sanitària,429382.62 ,4583601.23,2.154094973,41.399002749
2023S004002    ,7,Horta-Guinardó,35,el Guinardó,194406,Maragall,0205 0205,Dilluns,2023,7,July,3,Morning,8,No és causa del  vianant,Veh. mobilitat personal amb motor,Home,22,Pedestrian,A la vorera / Andana                                                                                                                                  ,Oci i entreteniment,Unknown,Ferit lleu: Rebutja assistència sanitària,431356.18 ,4586363.82,2.177388289,41.424055507
2023S004003    ,1,Ciutat Vella,4,"Sant Pere, Santa Caterina i la Ribera",198203,Marquès de l'Argentera,0011 0011,Diumenge,2023,7,July,2,Afternoon,15,No és causa del  vianant,Motorcycle,Dona,32,Driver,Desconegut                                                                                                                                            ,Unknown,Es desconeix,Ferit lleu: Hospitalització fins a 24h,431919.55 ,4581929.16,2.184628777,41.384161801
2023S004004    ,3,Sants-Montjuïc,16,la Bordeta,89707,Constitució,0155 0155,Dilluns,2023,7,July,3,Afternoon,16,No és causa del  vianant,Motorcycle,Home,44,Passatger,Desconegut                                                                                                                                            ,Unknown,Unknown,Ferit lleu: Hospitalització fins a 24h,427535.53 ,4580241.67,2.132403036,41.368580052
2023S004004    ,3,Sants-Montjuïc,16,la Bordeta,89707,Constitució,0155 0155,Dilluns,2023,7,July,3,Afternoon,16,No és causa del  vianant,Motorcycle,Home,41,Driver,Desconegut                                                                                                                                            ,Unknown,En missió,Ferit lleu: Hospitalització fins a 24h,427535.53 ,4580241.67,2.132403036,41.368580052