Case_Number,District_Code,District_Name,Neighborhood_Code,Neighborhood_Name,Street_Code,Street_Name,Postal_Code,Day_of_Week,Year,Month_Code,Month_Name,Day_of_Month,Shift_Description,Hour_of_Day,Pedestrian_Cause_Description,Involved_Vehicle_Type,Gender_Description,Age,Person_Type_Description,Pedestrian_Accident_Location_Description,Pedestrian_Movement_Reason_Description,Driver_Movement_Reason_Description,Victimization_Description,UTM_X_Coordinate,UTM_Y_Coordinate,Longitude,Latitude
2023S004005    ,3,Sants-Montjuïc,11,el Poble-sec,304300,Sant Jordi,0001 0001X,Dilluns,2023,7,July,3,Morning,8,No és causa del  vianant,Motorcycle,Dona,52,Driver,Desconegut                                                                                                                                            ,Unknown,En missió,Ferit lleu: Hospitalització fins a 24h,428561.03 ,4580046.73,2.144686812,41.366916009
2023S004006    ,2,Eixample,7,la Dreta de l'Eixample,268003,Provença,0270 0272,Dilluns,2023,6,June,26,Afternoon,17,No és causa del  vianant,Motorcycle,Home,63,Driver,Desconegut                                                                                                                                            ,Unknown,In itínere,Ferit lleu: Hospitalització fins a 24h,429868.7  ,4582996.42,2.159979329,41.393597996
2023S004007    ,9,Sant Andreu,59,el Bon Pastor,123306,Ferran Junoy,0044X0044X,Dilluns,2023,7,July,3,Morning,11,No és causa del  vianant,Car,Dona,48,Driver,Desconegut                                                                                                                                            ,Unknown,Oci i entreteniment,Ferit lleu: Amb assistència sanitària en lloc d'accident,432958.62 ,4588200.09,2.196359681,41.440729618
2023S004008    ,5,Sarrià-Sant Gervasi,26,Sant Gervasi - Galvany,179708,Lincoln,0017 0017,Dilluns,2023,7,July,3,Morning,10,No és causa del  vianant,Furgoneta,Dona,49,Pedestrian,En zona peatonal                                                                                                                                      ,In itinere,Unknown,Ferit lleu: Rebutja assistència sanitària,429035.24 ,4583765.35,2.14992053,41.400450317
2023S004009    ,2,Eixample,8,l'Antiga Esquerra de l'Eixample,32700,Balmes,0167B0167B,Dilluns,2023,7,July,3,Morning,12,No és causa del  vianant,Bicicleta,Home,18,Driver,Desconegut                                                                                                                                            ,Unknown,Oci i entreteniment,Ferit lleu: Amb assistència sanitària en lloc d'accident,429430.09 ,4583191.25,2.154710596,41.395314373
2023S004010    ,7,Horta-Guinardó,33,el Baix Guinardó,8807,Alfons el Savi,0001 0001,Dilluns,2023,7,July,3,Morning,11,No és causa del  vianant,Furgoneta,Dona,86,Pedestrian,A la vorera / Andana                                                                                                                                  ,Es desconeix,Unknown,Ferit lleu: Hospitalització fins a 24h,430255.7  ,4585050.35,2.164371289,41.412130722
2023S004011    ,9,Sant Andreu,57,la Trinitat Vella,701268,Dalt (Llobregat),001600000,Dilluns,2023,7,July,3,Morning,12,No és causa del  vianant,Motorcycle,Home,30,Driver,Desconegut                                                                                                                                            ,Unknown,Oci i entreteniment,Ferit lleu: Hospitalització fins a 24h,432838.99 ,4589349.79,2.19479988,41.451074575
2023S004012    ,10,Sant Martí,68,el Poblenou,270901,Pujades,0124 0124,Dilluns,2023,7,July,3,Morning,9,No és causa del  vianant,Motorcycle,Dona,49,Driver,Desconegut                                                                                                                                            ,Unknown,Es desconeix,Ferit lleu: Hospitalització fins a 24h,432919.92 ,4583489.6 ,2.196419213,41.39830038
2023S004013    ,8,Nou Barris,49,Canyelles,701267,Dalt (Besòs),001410000,Dilluns,2023,7,July,3,Afternoon,14,No és causa del  vianant,Car,Dona,72,Driver,Desconegut                                                                                                                                            ,Unknown,Es desconeix,Ferit lleu: Hospitalització fins a 24h,430897.9  ,4588506.77,2.17165927,41.443316955
2023S004013    ,8,Nou Barris,49,Canyelles,701267,Dalt (Besòs),001410000,Dilluns,2023,7,July,3,Afternoon,14,No és causa del  vianant,Motorcycle,Home,60,Driver,Desconegut                                                                                                                                            ,Unknown,In itínere,Mort (dins 24h posteriors accident),430897.9  ,4588506.77,2.17165927,41.443316955
2023S004014    ,2,Eixample,5,el Fort Pienc,305100,Sant Joan,0004 0004,Dilluns,2023,7,July,3,Morning,12,No és causa del  vianant,Bus,Home,66,Passatger,Desconegut                                                                                                                                            ,Unknown,Unknown,Ferit lleu: Hospitalització fins a 24h,431530.8  ,4582759.73,2.179885827,41.391609502
2023S004014    ,2,Eixample,5,el Fort Pienc,305100,Sant Joan,0004 0004,Dilluns,2023,7,July,3,Morning,12,No és causa del  vianant,Bus,Home,89,Passatger,Desconegut                                                                                                                                            ,Unknown,Unknown,Ferit lleu: Amb assistència sanitària en lloc d'accident,431530.8  ,4582759.73,2.179885827,41.391609502
2023S004014    ,2,Eixample,5,el Fort Pienc,305100,Sant Joan,0004 0004,Dilluns,2023,7,July,3,Morning,12,No és causa del  vianant,Car,Home,51,Driver,Desconegut                                                                                                                                            ,Unknown,In itínere,Ferit lleu: Hospitalització fins a 24h,431530.8  ,4582759.73,2.179885827,41.391609502
2023S004015    ,7,Horta-Guinardó,43,Horta,186204,Lloret de Mar,0078 0078,Dilluns,2023,7,July,3,Afternoon,17,No és causa del  vianant,Motorcycle,Home,75,Driver,Desconegut                                                                                                                                            ,Unknown,Es desconeix,Ferit lleu: Hospitalització fins a 24h,429714.3  ,4587693.83,2.157586562,41.435892334
2023S004016    ,10,Sant Martí,69,Diagonal Mar i el Front Marítim del Poblenou,701266,Litoral (Llobregat),000650000,Dilluns,2023,7,July,3,Afternoon,14,No és causa del  vianant,Car,Dona,38,Driver,Desconegut                                                                                                                                            ,Unknown,Es desconeix,Ferit lleu: Amb assistència sanitària en lloc d'accident,434385.74 ,4583964.78,2.213901191,41.402701239
2023S004017    ,5,Sarrià-Sant Gervasi,27,el Putxet i el Farró,125301,Figuerola,0005 0005,Dilluns,2023,7,July,3,Afternoon,15,No és causa del  vianant,Motorcycle,Dona,56,Driver,Desconegut                                                                                                                                            ,Unknown,In itínere,Ferit lleu: Hospitalització fins a 24h,428182.1  ,4584284.3 ,2.139653867,41.405048502
2023S004018    ,8,Nou Barris,52,la Prosperitat,120807,Favència,0348 0348,Dilluns,2023,7,July,3,Afternoon,15,No és causa del  vianant,Car,Dona,45,Driver,Desconegut                                                                                                                                            ,Unknown,Es desconeix,Ferit lleu: Hospitalització fins a 24h,431720.19 ,4588848.82,2.181463185,41.446468071
2023S004019    ,2,Eixample,7,la Dreta de l'Eixample,350308,València,0297 0301,Dilluns,2023,7,July,3,Afternoon,16,No és causa del  vianant,Veh. mobilitat personal amb motor,Dona,36,Driver,Desconegut                                                                                                                                            ,Unknown,Es desconeix,Ferit lleu: Hospitalització fins a 24h,430466.05 ,4583222.79,2.167097974,41.395688737
2023S004021    ,2,Eixample,8,l'Antiga Esquerra de l'Eixample,70607,Casanova,0126 0126,Dilluns,2023,7,July,3,Afternoon,20,No és causa del  vianant,Motorcycle,Home,34,Driver,Desconegut                                                                                                                                            ,Unknown,Oci i entreteniment,Ferit lleu: Hospitalització fins a 24h,429452.6  ,4582399.4 ,2.15507212,41.388184428
2023S004022    ,2,Eixample,7,la Dreta de l'Eixample,350308,València,0324 0324,Dilluns,2023,7,July,3,Afternoon,19,No és causa del  vianant,Autobús articulat,Dona,26,Passatger,Desconegut                                                                                                                                            ,Unknown,Unknown,Ferit lleu: Rebutja assistència sanitària,430499.78 ,4583238.78,2.167499581,41.395835671
2023S004023    ,7,Horta-Guinardó,41,la Vall d'Hebron,701268,Dalt (Llobregat),001200000,Dilluns,2023,7,July,3,Afternoon,16,No és causa del  vianant,Motorcycle,Home,32,Driver,Desconegut                                                                                                                                            ,Unknown,Es desconeix,Ferit lleu: Hospitalització fins a 24h,428960.49 ,4587747.76,2.148558398,41.436311691
2023S004024    ,8,Nou Barris,51,Verdun,120807,Favència,0318 0318,Dilluns,2023,7,July,3,Afternoon,16,No és causa del  vianant,Motorcycle,Dona,49,Driver,Desconegut                                                                                                                                            ,Unknown,In itínere,Ferit lleu: Hospitalització fins a 24h,431523.69 ,4588815.12,2.179114838,41.4461478
2023S004025    ,4,Les Corts,21,Pedralbes,248108,Pearson,0011 0011,Dilluns,2023,7,July,3,Afternoon,14,No és causa del  vianant,Motorcycle,Dona,38,Driver,Desconegut                                                                                                                                            ,Unknown,Es desconeix,Ferit lleu: Hospitalització fins a 24h,425670.18 ,4583010.82,2.109761373,41.393350408
2023S004026    ,2,Eixample,7,la Dreta de l'Eixample,169409,Corts Catalanes,0638 0638,Dilluns,2023,7,July,3,Afternoon,18,No és causa del  vianant,Car,Dona,33,Driver,Desconegut                                                                                                                                            ,Unknown,Es desconeix,Ferit lleu: Amb assistència sanitària en lloc d'accident,430638.89 ,4582569.29,2.169240193,41.389817801
2023S004026    ,2,Eixample,7,la Dreta de l'Eixample,169409,Corts Catalanes,0638 0638,Dilluns,2023,7,July,3,Afternoon,18,No és causa del  vianant,Car,Home,52,Driver,Desconegut                                                                                                                                            ,Unknown,Es desconeix,Ferit lleu: Hospitalització fins a 24h,430638.89 ,4582569.29,2.169240193,41.389817801
2023S004028    ,3,Sants-Montjuïc,15,Hostafrancs,309508,Sant Pere d'Abanto,0014 0014,Dilluns,2023,7,July,3,Night,22,No és causa del  vianant,Veh. mobilitat personal amb motor,Dona,16,Pedestrian,A la vorera / Andana                                                                                                                                  ,Es desconeix,Unknown,Ferit lleu: Hospitalització fins a 24h,428430.06 ,4580595.12,2.14305622,41.371843534
2023S004028    ,3,Sants-Montjuïc,15,Hostafrancs,309508,Sant Pere d'Abanto,0014 0014,Dilluns,2023,7,July,3,Night,22,No és causa del  vianant,Veh. mobilitat personal amb motor,Home,39,Driver,A la vorera / Andana                                                                                                                                  ,Unknown,Es desconeix,Ferit lleu: Amb assistència sanitària en lloc d'accident,428430.06 ,4580595.12,2.14305622,41.371843534
2023S004030    ,2,Eixample,7,la Dreta de l'Eixample,247659,Pau Claris,0128 0128,Dilluns,2023,7,July,3,Afternoon,19,Transitar a peu per la calçada,Motorcycle,Home,22,Pedestrian,Fora del pas                                                                                                                                          ,Es desconeix,Unknown,Ferit lleu: Hospitalització fins a 24h,430451.43 ,4582923.73,2.166957469,41.392993934
2023S004031    ,10,Sant Martí,65,el Clot,89004,Consell de Cent,0621 0621,Dilluns,2023,7,July,3,Afternoon,19,No és causa del  vianant,Veh. mobilitat personal amb motor,Home,58,Driver,Desconegut                                                                                                                                            ,Unknown,In itínere,Ferit lleu: Hospitalització fins a 24h,432073.7  ,4584402.87,2.186194604,41.406454859
2023S004032    ,2,Eixample,7,la Dreta de l'Eixample,232902,Urquinaona,9998 9998,Dimarts,2023,7,July,4,Morning,9,No és causa del  vianant,Motorcycle,Dona,43,Driver,Desconegut                                                                                                                                            ,Unknown,In itínere,Ferit lleu: Amb assistència sanitària en lloc d'accident,431002.36 ,4582459.61,2.173599761,41.388861224
2023S004034    ,5,Sarrià-Sant Gervasi,25,Sant Gervasi - la Bonanova,701629,Isaac Newton,0032U0032U,Dimarts,2023,7,July,4,Morning,9,No és causa del  vianant,Motorcycle,Home,20,Driver,Desconegut                                                                                                                                            ,Unknown,In itínere,Ferit lleu: Amb assistència sanitària en lloc d'accident,427504.46 ,4585298.73,2.131425947,41.414124185
2023S004035    ,5,Sarrià-Sant Gervasi,25,Sant Gervasi - la Bonanova,143904,General Mitre,0093 0093,Dimarts,2023,7,July,4,Morning,9,No és causa del  vianant,Motorcycle,Home,28,Driver,Desconegut                                                                                                                                            ,Unknown,Es desconeix,Ferit lleu: Hospitalització fins a 24h,427725.91 ,4583693.72,2.134267204,41.399688484
2023S004036    ,5,Sarrià-Sant Gervasi,25,Sant Gervasi - la Bonanova,701267,Dalt (Besòs),000920000,Dimarts,2023,7,July,4,Morning,10,No és causa del  vianant,Car,Home,16,Passatger,Desconegut                                                                                                                                            ,Unknown,Unknown,Ferit lleu: Hospitalització fins a 24h,427869.96 ,4585406.47,2.135786027,41.415127459
2023S004036    ,5,Sarrià-Sant Gervasi,25,Sant Gervasi - la Bonanova,701267,Dalt (Besòs),000920000,Dimarts,2023,7,July,4,Morning,10,No és causa del  vianant,Car,Dona,49,Driver,Desconegut                                                                                                                                            ,Unknown,Es desconeix,Ferit lleu: Rebutja assistència sanitària,427869.96 ,4585406.47,2.135786027,41.415127459
2023S004037    ,2,Eixample,9,la Nova Esquerra de l'Eixample,100800,Diputació,0040 0040,Dimarts,2023,7,July,4,Afternoon,14,No és causa del  vianant,Motorcycle,Home,41,Driver,Desconegut                                                                                                                                            ,Unknown,En missió,Ferit lleu: Rebutja assistència sanitària,429156.52 ,4581362.4 ,2.151652449,41.378818483
2023S004037    ,2,Eixample,9,la Nova Esquerra de l'Eixample,100800,Diputació,0040 0040,Dimarts,2023,7,July,4,Afternoon,14,No és causa del  vianant,Motorcycle,Home,62,Driver,Desconegut                                                                                                                                            ,Unknown,Es desconeix,Ferit lleu: Amb assistència sanitària en lloc d'accident,429156.52 ,4581362.4 ,2.151652449,41.378818483
2023S004038    ,5,Sarrià-Sant Gervasi,26,Sant Gervasi - Galvany,196900,Marià Cubí,0010 0022,Dimarts,2023,7,July,4,Morning,10,No és causa del  vianant,Motorcycle,Dona,59,Driver,Desconegut                                                                                                                                            ,Unknown,Es desconeix,Ferit lleu: Hospitalització fins a 24h,429122.48 ,4583602.26,2.15098318,41.398989125
2023S004039    ,3,Sants-Montjuïc,11,el Poble-sec,700025,Josep Carner,0046 0046,Dimarts,2023,7,July,4,Afternoon,16,No és causa del  vianant,Motorcycle,Home,28,Pedestrian,En pas regulat per semàfor                                                                                                                            ,Unknown,Unknown,Ferit lleu: Hospitalització fins a 24h,431068.13 ,4580535.56,2.174605329,41.371537487
2023S004041    ,10,Sant Martí,66,el Parc i la Llacuna del Poblenou,311703,Sancho de Ávila,0145X0145X,Dilluns,2023,7,July,3,Afternoon,18,No és causa del  vianant,Veh. mobilitat personal amb motor,Home,3,Pedestrian,En zona peatonal                                                                                                                                      ,Unknown,Unknown,Ferit lleu: Hospitalització fins a 24h,432859.47 ,4583989.04,2.195640717,41.402793656
2023S004041    ,10,Sant Martí,66,el Parc i la Llacuna del Poblenou,311703,Sancho de Ávila,0145X0145X,Dilluns,2023,7,July,3,Afternoon,18,No és causa del  vianant,Veh. mobilitat personal amb motor,Dona,47,Driver,En zona peatonal                                                                                                                                      ,Unknown,Es desconeix,Ferit lleu: Rebutja assistència sanitària,432859.47 ,4583989.04,2.195640717,41.402793656
2023S004042    ,4,Les Corts,21,Pedralbes,115400,Esplugues,0042 0052,Dimarts,2023,7,July,4,Afternoon,14,No és causa del  vianant,Motorcycle,Home,53,Driver,Desconegut                                                                                                                                            ,Unknown,Es desconeix,Ferit lleu: Amb assistència sanitària en lloc d'accident,425446.43 ,4582439.41,2.107155614,41.388183257
2023S004043    ,2,Eixample,5,el Fort Pienc,100800,Diputació,0370 0370,Dimarts,2023,7,July,4,Morning,13,No és causa del  vianant,Veh. mobilitat personal amb motor,Dona,23,Driver,Desconegut                                                                                                                                            ,Unknown,Es desconeix,Ferit lleu: Hospitalització fins a 24h,431259.15 ,4583419.25,2.176561918,41.397526417
2023S004044    ,10,Sant Martí,68,el Poblenou,701266,Litoral (Llobregat),000730000,Dilluns,2023,7,July,3,Afternoon,15,No és causa del  vianant,Car,Home,56,Driver,Desconegut                                                                                                                                            ,Unknown,In itínere,Ferit lleu: Rebutja assistència sanitària,433777.75 ,4583199.54,2.206711936,41.395759025
2023S004045    ,9,Sant Andreu,63,Navas,86108,Concepción Arenal,0002 0002,Dimarts,2023,7,July,4,Morning,8,No és causa del  vianant,Veh. mobilitat personal amb motor,Dona,50,Driver,Desconegut                                                                                                                                            ,Unknown,Es desconeix,Ferit lleu: Amb assistència sanitària en lloc d'accident,431847.79 ,4585680.09,2.183348094,41.417939252
2023S004046    ,10,Sant Martí,64,el Camp de l'Arpa del Clot,105304,Dos de Maig,0330 0330,Dimarts,2023,7,July,4,Afternoon,14,No és causa del  vianant,Ciclomotor,Dona,46,Driver,Desconegut                                                                                                                                            ,Unknown,In itínere,Ferit lleu: Hospitalització fins a 24h,431181.73 ,4585030.22,2.175452602,41.412029288
2023S004048    ,6,Gràcia,31,la Vila de Gràcia,144601,Diagonal,0478 0480,Dimarts,2023,7,July,4,Afternoon,20,No és causa del  vianant,Motorcycle,Dona,28,Driver,Desconegut                                                                                                                                            ,Unknown,Oci i entreteniment,Ferit lleu: Amb assistència sanitària en lloc d'accident,429528.56 ,4583251.15,2.155881407,41.395862512
2023S004049    ,7,Horta-Guinardó,33,el Baix Guinardó,76807,Sardenya,0472 0472,Dimarts,2023,7,July,4,Afternoon,18,No és causa del  vianant,Bicicleta,Home,22,Driver,Desconegut                                                                                                                                            ,Unknown,Es desconeix,Ferit lleu: Hospitalització fins a 24h,430319.49 ,4584766.44,2.165167184,41.40957918
2023S004049    ,7,Horta-Guinardó,33,el Baix Guinardó,76807,Sardenya,0472 0472,Dimarts,2023,7,July,4,Afternoon,18,No és causa del  vianant,Motorcycle,Home,48,Driver,Desconegut                                                                                                                                            ,Unknown,Es desconeix,Ferit lleu: Hospitalització fins a 24h,430319.49 ,4584766.44,2.165167184,41.40957918
2023S004050    ,2,Eixample,7,la Dreta de l'Eixample,169409,Corts Catalanes,0643 0643,Dimarts,2023,7,July,4,Afternoon,18,No és causa del  vianant,Car,Dona,28,Passatger,Desconegut                                                                                                                                            ,Unknown,Unknown,Ferit lleu: Rebutja assistència sanitària,430874.03 ,4582799.68,2.172026137,41.391913108
2023S004050    ,2,Eixample,7,la Dreta de l'Eixample,169409,Corts Catalanes,0643 0643,Dimarts,2023,7,July,4,Afternoon,18,No és causa del  vianant,Car,Dona,68,Passatger,Desconegut                                                                                                                                            ,Unknown,Unknown,Ferit lleu: Hospitalització fins a 24h,430874.03 ,4582799.68,2.172026137,41.391913108
2023S004050    ,2,Eixample,7,la Dreta de l'Eixample,169409,Corts Catalanes,0643 0643,Dimarts,2023,7,July,4,Afternoon,18,No és causa del  vianant,Car,Dona,43,Driver,Desconegut                                                                                                                                            ,Unknown,Oci i entreteniment,Ferit lleu: Hospitalització fins a 24h,430874.03 ,4582799.68,2.172026137,41.391913108
2023S004051    ,5,Sarrià-Sant Gervasi,26,Sant Gervasi - Galvany,55807,Francesc Macià,9999 9999,Dimarts,2023,7,July,4,Afternoon,15,No és causa del  vianant,Ciclomotor,Dona,48,Driver,Desconegut                                                                                                                                            ,Unknown,En missió,Ferit lleu: Rebutja assistència sanitària,428614.3  ,4582926.6 ,2.144984276,41.392858727
2023S004052    ,6,Gràcia,31,la Vila de Gràcia,208001,Torrent de l'Olla,0063 0063,Dimarts,2023,7,July,4,Afternoon,15,No és causa del  vianant,Veh. mobilitat personal amb motor,Home,51,Pedestrian,En pas sense regular                                                                                                                                  ,Es desconeix,Unknown,Ferit lleu: Amb assistència sanitària en lloc d'accident,429792.04 ,4583790.49,2.158970309,41.400743221
2023S004054    ,10,Sant Martí,66,el Parc i la Llacuna del Poblenou,270901,Pujades,0013 0013,Dimarts,2023,7,July,4,Afternoon,21,No és causa del  vianant,Bicicleta,Dona,30,Driver,Desconegut                                                                                                                                            ,Unknown,Oci i entreteniment,Ferit lleu: Amb assistència sanitària en lloc d'accident,432230.67 ,4582867.36,2.188244415,41.392638206
2023S004055    ,6,Gràcia,32,el Camp d'en Grassot i Gràcia Nova,286504,Roger de Flor,0287 0287,Dimarts,2023,7,July,4,Afternoon,17,No és causa del  vianant,Motorcycle,Home,29,Driver,Desconegut                                                                                                                                            ,Unknown,Oci i entreteniment,Ferit lleu: Hospitalització fins a 24h,430321.69 ,4584187.34,2.165260215,41.404363616
2023S004056    ,2,Eixample,8,l'Antiga Esquerra de l'Eixample,70607,Casanova,0184 0196,Dimarts,2023,7,July,4,Afternoon,17,No és causa del  vianant,Motorcycle,Home,73,Driver,Desconegut                                                                                                                                            ,Unknown,Oci i entreteniment,Ferit lleu: Hospitalització fins a 24h,429078.41 ,4582782.78,2.150552064,41.391604474
2023S004057    ,10,Sant Martí,68,el Poblenou,47401,Bosch i Labrús,0005 0005,Dimarts,2023,7,July,4,Afternoon,20,No és causa del  vianant,Veh. mobilitat personal amb motor,Dona,62,Pedestrian,En zona peatonal                                                                                                                                      ,Es desconeix,Unknown,Ferit lleu: Hospitalització fins a 24h,433153.27 ,4584102.05,2.199142771,41.403836004
2023S004058    ,2,Eixample,7,la Dreta de l'Eixample,148307,Gràcia,0008 0010,Dimarts,2023,7,July,4,Afternoon,17,No és causa del  vianant,Bicicleta,Home,42,Driver,Desconegut                                                                                                                                            ,Unknown,Es desconeix,Ferit lleu: Amb assistència sanitària en lloc d'accident,430623.34 ,4582503.82,2.16906172,41.389226791
2023S004059    ,9,Sant Andreu,63,Navas,297001,Sant Antoni Maria Claret,0263 0263,Dimecres,2023,7,July,5,Morning,7,No és causa del  vianant,Motorcycle,Dona,42,Driver,Desconegut                                                                                                                                            ,Unknown,Es desconeix,Ferit lleu: Hospitalització fins a 24h,431768.44 ,4585618.91,2.182405569,41.417381485
2023S004060    ,2,Eixample,7,la Dreta de l'Eixample,169409,Corts Catalanes,0647 0647,Dilluns,2023,7,July,3,Morning,10,No és causa del  vianant,Car,Home,34,Driver,Desconegut                                                                                                                                            ,Unknown,Es desconeix,Ferit lleu: Hospitalització fins a 24h,430934.78 ,4582858.79,2.17274598,41.392450716
2023S004061    ,1,Ciutat Vella,1,el Raval,198804,Paral·lel,0080A0080A,Dimecres,2023,7,July,5,Morning,11,No és causa del  vianant,Motorcycle,Dona,36,Driver,Desconegut                                                                                                                                            ,Unknown,Oci i entreteniment,Ferit lleu: Amb assistència sanitària en lloc d'accident,430497.04 ,4580920.96,2.167732853,41.374959533
2023S004062    ,8,Nou Barris,44,Vilapicina i la Torre Llobeta,111704,Escòcia,0053 0061,Dimecres,2023,7,July,5,Morning,10,No és causa del  vianant,Autobús articulat,Dona,25,Passatger,Desconegut                                                                                                                                            ,Unknown,Unknown,Ferit lleu: Hospitalització fins a 24h,431721.81 ,4586871.37,2.181706144,41.428658016
2023S004062    ,8,Nou Barris,44,Vilapicina i la Torre Llobeta,111704,Escòcia,0053 0061,Dimecres,2023,7,July,5,Morning,10,No és causa del  vianant,Autobús articulat,Dona,52,Passatger,Desconegut                                                                                                                                            ,Unknown,Unknown,Ferit lleu: Hospitalització fins a 24h,431721.81 ,4586871.37,2.181706144,41.428658016
2023S004062    ,8,Nou Barris,44,Vilapicina i la Torre Llobeta,111704,Escòcia,0053 0061,Dimecres,2023,7,July,5,Morning,10,No és causa del  vianant,Autobús articulat,Dona,65,Passatger,Desconegut                                                                                                                                            ,Unknown,Unknown,Ferit lleu: Hospitalització fins a 24h,431721.81 ,4586871.37,2.181706144,41.428658016
2023S004062    ,8,Nou Barris,44,Vilapicina i la Torre Llobeta,111704,Escòcia,0053 0061,Dimecres,2023,7,July,5,Morning,10,No és causa del  vianant,Autobús articulat,Dona,82,Passatger,Desconegut                                                                                                                                            ,Unknown,Unknown,Ferit lleu: Hospitalització fins a 24h,431721.81 ,4586871.37,2.181706144,41.428658016
2023S004062    ,8,Nou Barris,44,Vilapicina i la Torre Llobeta,111704,Escòcia,0053 0061,Dimecres,2023,7,July,5,Morning,10,No és causa del  vianant,Autobús articulat,Home,56,Passatger,Desconegut                                                                                                                                            ,Unknown,Unknown,Ferit lleu: Hospitalització fins a 24h,431721.81 ,4586871.37,2.181706144,41.428658016
2023S004063    ,2,Eixample,5,el Fort Pienc,100800,Diputació,0397 0399,Dimecres,2023,7,July,5,Morning,8,No és causa del  vianant,Motorcycle,Home,53,Driver,Desconegut                                                                                                                                            ,Unknown,In itínere,Ferit lleu: Hospitalització fins a 24h,431259.15 ,4583419.25,2.176561918,41.397526417
2023S004064    ,9,Sant Andreu,59,el Bon Pastor,264308,Potosí,0001 0001,Dimecres,2023,7,July,5,Morning,12,No és causa del  vianant,Motorcycle,Dona,40,Driver,Desconegut                                                                                                                                            ,Unknown,Es desconeix,Ferit lleu: Hospitalització fins a 24h,433272.5  ,4588446.56,2.200089375,41.442975657
2023S004065    ,1,Ciutat Vella,3,la Barceloneta,700813,Doctor Aiguader,9998 9998,Dimarts,2023,7,July,4,Morning,12,No és causa del  vianant,Motorcycle,Dona,43,Driver,Desconegut                                                                                                                                            ,Unknown,Es desconeix,Ferit lleu: Hospitalització fins a 24h,432117.27 ,4581710.08,2.187017852,41.382205321
2023S004066    ,9,Sant Andreu,59,el Bon Pastor,264308,Potosí,0028 0030,Dimecres,2023,7,July,5,Morning,11,No és causa del  vianant,Car,Dona,73,Driver,Desconegut                                                                                                                                            ,Unknown,Oci i entreteniment,Ferit lleu: Hospitalització fins a 24h,433617.45 ,4588466.59,2.204216139,41.443184674
2023S004067    ,2,Eixample,9,la Nova Esquerra de l'Eixample,18505,Aragó,0113 0113,Dimecres,2023,7,July,5,Morning,13,No és causa del  vianant,Furgoneta,Dona,64,Pedestrian,A la vorera / Andana                                                                                                                                  ,Es desconeix,Unknown,Ferit lleu: Hospitalització fins a 24h,429208.44 ,4581802.53,2.152221856,41.38278716
2023S004068    ,1,Ciutat Vella,4,"Sant Pere, Santa Caterina i la Ribera",177101,Laietana,0040 0040,Dimecres,2023,7,July,5,Morning,12,Creuar per fora pas de vianants,Bicicleta,Dona,57,Pedestrian,Fora del pas                                                                                                                                          ,Unknown,Unknown,Ferit lleu: Hospitalització fins a 24h,431223.53 ,4582103.74,2.176285322,41.385674958
2023S004068    ,1,Ciutat Vella,4,"Sant Pere, Santa Caterina i la Ribera",177101,Laietana,0040 0040,Dimecres,2023,7,July,5,Morning,12,Creuar per fora pas de vianants,Bicicleta,Home,36,Driver,Fora del pas                                                                                                                                          ,Unknown,Es desconeix,Ferit lleu: Amb assistència sanitària en lloc d'accident,431223.53 ,4582103.74,2.176285322,41.385674958
2023S004069    ,4,Les Corts,19,les Corts,144601,Diagonal,0489 0489,Dimecres,2023,7,July,5,Morning,12,No és causa del  vianant,Motorcycle,Home,47,Driver,Desconegut                                                                                                                                            ,Unknown,En missió,Ferit lleu: Hospitalització fins a 24h,428484.44 ,4582839.4 ,2.143441403,41.392061806
2023S004070    ,7,Horta-Guinardó,37,el Carmel,185700,Llobregós,0134 0136,Dimecres,2023,7,July,5,Morning,10,No és causa del  vianant,Bus,Dona,40,Passatger,Desconegut                                                                                                                                            ,Unknown,Unknown,Ferit lleu: Hospitalització fins a 24h,429523.04 ,4586381.1 ,2.155450636,41.42405233
2023S004070    ,7,Horta-Guinardó,37,el Carmel,185700,Llobregós,0134 0136,Dimecres,2023,7,July,5,Morning,10,No és causa del  vianant,Bus,Dona,81,Passatger,Desconegut                                                                                                                                            ,Unknown,Unknown,Ferit lleu: Hospitalització fins a 24h,429523.04 ,4586381.1 ,2.155450636,41.42405233
2023S004071    ,2,Eixample,8,l'Antiga Esquerra de l'Eixample,169409,Corts Catalanes,0571 0571,Dimecres,2023,7,July,5,Morning,13,No és causa del  vianant,Veh. mobilitat personal amb motor,Home,31,Driver,Desconegut                                                                                                                                            ,Unknown,Oci i entreteniment,Ferit lleu: Hospitalització fins a 24h,430025.03 ,4582004.98,2.161963719,41.384682041
2023S004072    ,2,Eixample,9,la Nova Esquerra de l'Eixample,285807,Rocafort,0179 0179,Dimecres,2023,7,July,5,Afternoon,15,No és causa del  vianant,Ciclomotor,Home,45,Driver,Desconegut                                                                                                                                            ,Unknown,Altres activitats,Ferit lleu: Hospitalització fins a 24h,428909.27 ,4581807.57,2.148643625,41.382806159
2023S004073    ,8,Nou Barris,53,la Trinitat Nova,209900,Meridiana,0625 0625,Dimecres,2023,7,July,5,Afternoon,17,No és causa del  vianant,Bus,Dona,68,Passatger,Desconegut                                                                                                                                            ,Unknown,Unknown,Ferit lleu: Hospitalització fins a 24h,431705.66 ,4590778.18,2.18107088,41.463843842
2023S004074    ,2,Eixample,7,la Dreta de l'Eixample,144601,Diagonal,0343 0343,Dimecres,2023,7,July,5,Afternoon,15,No és causa del  vianant,Veh. mobilitat personal amb motor,Dona,45,Pedestrian,En pas regulat per semàfor                                                                                                                            ,Es desconeix,Unknown,Ferit lleu: Amb assistència sanitària en lloc d'accident,430420.21 ,4583514.23,2.166516174,41.398309675
2023S004075    ,5,Sarrià-Sant Gervasi,23,Sarrià,107300,Eduardo Conde,0044 0044,Dimecres,2023,7,July,5,Afternoon,17,No és causa del  vianant,Furgoneta,Home,31,Passatger,Desconegut                                                                                                                                            ,Unknown,Unknown,Ferit lleu: Hospitalització fins a 24h,426619.04 ,4583127.47,2.121095962,41.394488207