Case_Number,District_Code,District_Name,Neighborhood_Code,Neighborhood_Name,Street_Code,Street_Name,Postal_Code,Day_of_Week,Year,Month_Code,Month_Name,Day_of_Month,Shift_Description,Hour_of_Day,Pedestrian_Cause_Description,Involved_Vehicle_Type,Gender_Description,Age,Person_Type_Description,Pedestrian_Accident_Location_Description,Pedestrian_Movement_Reason_Description,Driver_Movement_Reason_Description,Victimization_Description,UTM_X_Coordinate,UTM_Y_Coordinate,Longitude,Latitude
2023S004200    ,2,Eixample,8,l'Antiga Esquerra de l'Eixample,23403,Aribau,0092 0092,Dimarts,2023,7,July,11,Afternoon,14,No és causa del  vianant,Bus,Dona,56,Passatger,Desconegut                                                                                                                                            ,Unknown,Unknown,Ferit lleu: Hospitalització fins a 24h,429645.09 ,4582587.71,2.157352332,41.389897342
2023S004201    ,2,Eixample,7,la Dreta de l'Eixample,144601,Diagonal,0375 0375,Dimarts,2023,7,July,11,Afternoon,20,No és causa del  vianant,Car,Dona,30,Driver,Desconegut                                                                                                                                            ,Unknown,Altres activitats,Ferit lleu: Hospitalització fins a 24h,429996.52 ,4583348.95,2.161467353,41.396784259
2023S004201    ,2,Eixample,7,la Dreta de l'Eixample,144601,Diagonal,0375 0375,Dimarts,2023,7,July,11,Afternoon,20,No és causa del  vianant,Car,Home,23,Driver,Desconegut                                                                                                                                            ,Unknown,Altres activitats,Ferit lleu: Hospitalització fins a 24h,429996.52 ,4583348.95,2.161467353,41.396784259
2023S004201    ,2,Eixample,7,la Dreta de l'Eixample,144601,Diagonal,0375 0375,Dimarts,2023,7,July,11,Afternoon,20,No és causa del  vianant,Car,Dona,20,Passatger,Desconegut                                                                                                                                            ,Unknown,Unknown,Ferit lleu: Hospitalització fins a 24h,429996.52 ,4583348.95,2.161467353,41.396784259
2023S004201    ,2,Eixample,7,la Dreta de l'Eixample,144601,Diagonal,0375 0375,Dimarts,2023,7,July,11,Afternoon,20,No és causa del  vianant,Car,Dona,9,Passatger,Desconegut                                                                                                                                            ,Unknown,Unknown,Ferit lleu: Hospitalització fins a 24h,429996.52 ,4583348.95,2.161467353,41.396784259
2023S004201    ,2,Eixample,7,la Dreta de l'Eixample,144601,Diagonal,0375 0375,Dimarts,2023,7,July,11,Afternoon,20,No és causa del  vianant,Car,Home,38,Passatger,Desconegut                                                                                                                                            ,Unknown,Unknown,Ferit lleu: Hospitalització fins a 24h,429996.52 ,4583348.95,2.161467353,41.396784259
2023S004202    ,2,Eixample,7,la Dreta de l'Eixample,305100,Sant Joan,0071 0071,Dimarts,2023,7,July,11,Afternoon,17,No és causa del  vianant,Veh. mobilitat personal amb motor,Home,31,Driver,Desconegut                                                                                                                                            ,Unknown,Es desconeix,Ferit lleu: Amb assistència sanitària en lloc d'accident,430880.87 ,4583424.29,2.172036613,41.397539366
2023S004202    ,2,Eixample,7,la Dreta de l'Eixample,305100,Sant Joan,0071 0071,Dimarts,2023,7,July,11,Afternoon,17,No és causa del  vianant,Motorcycle,Home,32,Driver,Desconegut                                                                                                                                            ,Unknown,Oci i entreteniment,Ferit lleu: Hospitalització fins a 24h,430880.87 ,4583424.29,2.172036613,41.397539366
2023S004203    ,10,Sant Martí,69,Diagonal Mar i el Front Marítim del Poblenou,700892,Garcia Fària,0095X0095X,Dimarts,2023,7,July,11,Afternoon,20,No és causa del  vianant,Motorcycle,Dona,29,Passatger,Desconegut                                                                                                                                            ,Unknown,Unknown,Ferit lleu: Hospitalització fins a 24h,434898.28 ,4584673.18,2.219956156,41.409123333
2023S004203    ,10,Sant Martí,69,Diagonal Mar i el Front Marítim del Poblenou,700892,Garcia Fària,0095X0095X,Dimarts,2023,7,July,11,Afternoon,20,No és causa del  vianant,Motorcycle,Home,30,Driver,Desconegut                                                                                                                                            ,Unknown,Es desconeix,Ferit lleu: Amb assistència sanitària en lloc d'accident,434898.28 ,4584673.18,2.219956156,41.409123333
2023S004204    ,2,Eixample,7,la Dreta de l'Eixample,32700,Balmes,0064 0064,Dimarts,2023,7,July,11,Afternoon,19,No és causa del  vianant,Bicicleta,Home,25,Driver,Desconegut                                                                                                                                            ,Unknown,Es desconeix,Ferit lleu: Hospitalització fins a 24h,430022.75 ,4582583.06,2.16186964,41.389888424
2023S004205    ,1,Ciutat Vella,3,la Barceloneta,701266,Litoral (Llobregat),0022S0000,Dimarts,2023,7,July,11,Afternoon,16,No és causa del  vianant,Motorcycle,Home,52,Driver,Desconegut                                                                                                                                            ,Unknown,In itínere,Ferit lleu: Hospitalització fins a 24h,432773.44 ,4582254.56,2.19480426,41.387164449
2023S004206    ,2,Eixample,8,l'Antiga Esquerra de l'Eixample,18505,Aragó,0128 0128,Dimarts,2023,7,July,11,Night,22,No és causa del  vianant,Bicicleta,Home,24,Driver,Desconegut                                                                                                                                            ,Unknown,In itínere,Ferit lleu: Amb assistència sanitària en lloc d'accident,429487.25 ,4582044.98,2.155527793,41.384995325
2023S004206    ,2,Eixample,8,l'Antiga Esquerra de l'Eixample,18505,Aragó,0128 0128,Dimarts,2023,7,July,11,Night,22,No és causa del  vianant,Veh. mobilitat personal amb motor,Home,28,Driver,Desconegut                                                                                                                                            ,Unknown,Oci i entreteniment,Ferit lleu: Amb assistència sanitària en lloc d'accident,429487.25 ,4582044.98,2.155527793,41.384995325
2023S004207    ,1,Ciutat Vella,2,el Barri Gòtic,269108,Portal de la Pau,0007 0007,Dimarts,2023,7,July,11,Afternoon,15,No és causa del  vianant,Motorcycle,Dona,28,Driver,Desconegut                                                                                                                                            ,Unknown,In itínere,Ferit lleu: Hospitalització fins a 24h,431229.39 ,4581076.77,2.176472014,41.376425825
2023S004208    ,2,Eixample,9,la Nova Esquerra de l'Eixample,54509,Calàbria,0162 0162,Dimecres,2023,7,July,12,Night,0,No és causa del  vianant,Motorcycle,Home,25,Passatger,Desconegut                                                                                                                                            ,Unknown,Unknown,Ferit lleu: Hospitalització fins a 24h,429161.14 ,4581740.42,2.151663481,41.38222359
2023S004208    ,2,Eixample,9,la Nova Esquerra de l'Eixample,54509,Calàbria,0162 0162,Dimecres,2023,7,July,12,Night,0,No és causa del  vianant,Motorcycle,Home,27,Driver,Desconegut                                                                                                                                            ,Unknown,Oci i entreteniment,Ferit lleu: Amb assistència sanitària en lloc d'accident,429161.14 ,4581740.42,2.151663481,41.38222359
2023S004209    ,2,Eixample,8,l'Antiga Esquerra de l'Eixample,350308,València,0130 0130,Dimarts,2023,7,July,11,Afternoon,16,No és causa del  vianant,Bicicleta,Dona,35,Driver,Desconegut                                                                                                                                            ,Unknown,In itínere,Ferit lleu: Hospitalització fins a 24h,429355.76 ,4582115.68,2.153947059,41.385620554
2023S004210    ,9,Sant Andreu,60,Sant Andreu,209900,Meridiana,0458 0458,Dimarts,2023,7,July,11,Afternoon,18,No és causa del  vianant,Ciclomotor,Home,40,Driver,Desconegut                                                                                                                                            ,Unknown,Oci i entreteniment,Ferit lleu: Hospitalització fins a 24h,431909.37 ,4587551.06,2.183874076,41.434795684
2023S004211    ,10,Sant Martí,68,el Poblenou,55501,Calvell,0035 0035,Dimarts,2023,7,July,11,Afternoon,14,Altres,Bus,Dona,19,Pedestrian,A la vorera / Andana                                                                                                                                  ,Oci i entreteniment,Unknown,Ferit lleu: Hospitalització fins a 24h,433819.07 ,4583503.53,2.207172923,41.398500396
2023S004212    ,5,Sarrià-Sant Gervasi,26,Sant Gervasi - Galvany,144601,Diagonal,0580 0580,Dimecres,2023,7,July,12,Morning,7,No és causa del  vianant,Motorcycle,Home,34,Driver,Desconegut                                                                                                                                            ,Unknown,In itínere,Ferit lleu: Amb assistència sanitària en lloc d'accident,428860.06 ,4583006.33,2.14791429,41.393598614
2023S004213    ,2,Eixample,7,la Dreta de l'Eixample,148307,Gràcia,0005 0005,Dimarts,2023,7,July,11,Afternoon,21,No és causa del  vianant,Car,Dona,48,Pedestrian,En pas regulat per semàfor                                                                                                                            ,Unknown,Unknown,Ferit lleu: Hospitalització fins a 24h,430658    ,4582415.71,2.169486338,41.388436201
2023S004213    ,2,Eixample,7,la Dreta de l'Eixample,148307,Gràcia,0005 0005,Dimarts,2023,7,July,11,Afternoon,21,No és causa del  vianant,Car,Dona,76,Pedestrian,En pas regulat per semàfor                                                                                                                            ,Unknown,Unknown,Ferit greu: hospitalització superior a 24h,430658    ,4582415.71,2.169486338,41.388436201
2023S004214    ,1,Ciutat Vella,4,"Sant Pere, Santa Caterina i la Ribera",365906,Mare de Déu del Pilar,0001 0001,Dilluns,2023,7,July,10,Night,22,No és causa del  vianant,"Camió rígid > 3,5 tones",Home,40,Pedestrian,En pas sense regular                                                                                                                                  ,Es desconeix,Unknown,Ferit lleu: Hospitalització fins a 24h,431292.45 ,4582244.89,2.17709353,41.386952148
2023S004214    ,1,Ciutat Vella,4,"Sant Pere, Santa Caterina i la Ribera",365906,Mare de Déu del Pilar,0001 0001,Dilluns,2023,7,July,10,Night,22,No és causa del  vianant,"Camió rígid > 3,5 tones",Home,56,Driver,En pas sense regular                                                                                                                                  ,Unknown,Servei de neteja o recollida d'escombraries,Ferit lleu: Hospitalització fins a 24h,431292.45 ,4582244.89,2.17709353,41.386952148
2023S004215    ,2,Eixample,9,la Nova Esquerra de l'Eixample,191204,Mallorca,0077 0077,Dimarts,2023,7,July,11,Afternoon,21,No és causa del  vianant,Bus,Dona,57,Passatger,Desconegut                                                                                                                                            ,Unknown,Unknown,Ferit lleu: Hospitalització fins a 24h,429069.9  ,4582025.34,2.150539021,41.384781725
2023S004216    ,6,Gràcia,28,Vallcarca i els Penitents,158107,Vallcarca,0107X0107X,Dimecres,2023,7,July,12,Morning,6,No és causa del  vianant,Bicicleta,Home,43,Driver,Desconegut                                                                                                                                            ,Unknown,Oci i entreteniment,Ferit lleu: Amb assistència sanitària en lloc d'accident,428638.04 ,4585043.15,2.145018565,41.411923791
2023S004218    ,3,Sants-Montjuïc,13,la Marina de Port,169409,Corts Catalanes,0170 0184,Dimecres,2023,7,July,12,Morning,10,No és causa del  vianant,Autobús articulat,Dona,69,Passatger,Desconegut                                                                                                                                            ,Unknown,Unknown,Ferit lleu: Hospitalització fins a 24h,428132.8  ,4580116.76,2.139558755,41.367508608
2023S004219    ,5,Sarrià-Sant Gervasi,24,les Tres Torres,357103,Vergós,0051 0051,Dimecres,2023,7,July,12,Morning,11,No és causa del  vianant,Motorcycle,Home,38,Driver,Desconegut                                                                                                                                            ,Unknown,En missió,Ferit lleu: Amb assistència sanitària en lloc d'accident,427123.58 ,4583407.73,2.127096825,41.397058296
2023S004220    ,6,Gràcia,28,Vallcarca i els Penitents,143802,General Mendoza,0002 0002,Dimecres,2023,7,July,12,Morning,6,No és causa del  vianant,Motorcycle,Home,33,Driver,Desconegut                                                                                                                                            ,Unknown,Oci i entreteniment,Ferit lleu: Amb assistència sanitària en lloc d'accident,428560.34 ,4585956.83,2.14398101,41.420146029
2023S004220    ,6,Gràcia,28,Vallcarca i els Penitents,143802,General Mendoza,0002 0002,Dimecres,2023,7,July,12,Morning,6,No és causa del  vianant,Motorcycle,Home,51,Driver,Desconegut                                                                                                                                            ,Unknown,Oci i entreteniment,Ferit lleu: Amb assistència sanitària en lloc d'accident,428560.34 ,4585956.83,2.14398101,41.420146029
2023S004221    ,4,Les Corts,20,la Maternitat i Sant Ramon,187207,Madrid,0099 0101,Dimecres,2023,7,July,12,Afternoon,14,No és causa del  vianant,Motorcycle,Dona,34,Driver,Desconegut                                                                                                                                            ,Unknown,In itínere,Ferit lleu: Hospitalització fins a 24h,427190.22 ,4581365.74,2.128139472,41.378672949
2023S004222    ,9,Sant Andreu,57,la Trinitat Vella,120807,Favència,0385 0385,Dimecres,2023,7,July,12,Morning,12,No és causa del  vianant,Car,Dona,32,Passatger,Desconegut                                                                                                                                            ,Unknown,Unknown,Ferit lleu: Rebutja assistència sanitària,432317.81 ,4588883.27,2.188613041,41.446828989
2023S004222    ,9,Sant Andreu,57,la Trinitat Vella,120807,Favència,0385 0385,Dimecres,2023,7,July,12,Morning,12,No és causa del  vianant,Car,Dona,33,Driver,Desconegut                                                                                                                                            ,Unknown,Es desconeix,Ferit lleu: Hospitalització fins a 24h,432317.81 ,4588883.27,2.188613041,41.446828989
2023S004223    ,2,Eixample,6,la Sagrada Família,76807,Sardenya,0380 0384,Dimecres,2023,7,July,12,Morning,8,Creuar per fora pas de vianants,Bicicleta,Dona,39,Pedestrian,Fora del pas                                                                                                                                          ,Oci i entreteniment,Unknown,Ferit lleu: Hospitalització fins a 24h,430683.28 ,4584408.26,2.169560442,41.406384645
2023S004224    ,5,Sarrià-Sant Gervasi,26,Sant Gervasi - Galvany,32700,Balmes,0277 0277,Dimecres,2023,7,July,12,Afternoon,14,No és causa del  vianant,Car,Dona,31,Driver,Desconegut                                                                                                                                            ,Unknown,Es desconeix,Ferit lleu: Amb assistència sanitària en lloc d'accident,428889.92 ,4583800.72,2.148178087,41.400756036
2023S004225    ,-1,Unknown,-1,Unknown,-1,Unknown,Unknown,Diumenge,2023,7,July,9,Afternoon,20,No és causa del  vianant,Motorcycle,Home,53,Driver,Desconegut                                                                                                                                            ,Unknown,Es desconeix,Ferit lleu: Hospitalització fins a 24h,427864.64 ,4578639.2 ,2.13652851,41.354176725
2023S004226    ,10,Sant Martí,68,el Poblenou,700662,Salvador Espriu,0097 0097,Dimecres,2023,7,July,12,Morning,9,No és causa del  vianant,Motorcycle,Home,33,Driver,Desconegut                                                                                                                                            ,Unknown,Oci i entreteniment,Ferit lleu: Amb assistència sanitària en lloc d'accident,433406.97 ,4582829.32,2.202317738,41.392393906
2023S004227    ,2,Eixample,8,l'Antiga Esquerra de l'Eixample,23403,Aribau,0177 0177,Dimecres,2023,7,July,12,Morning,12,No és causa del  vianant,Motorcycle,Dona,39,Passatger,Desconegut                                                                                                                                            ,Unknown,Unknown,Ferit lleu: Hospitalització fins a 24h,429197.68 ,4583028.67,2.151949792,41.393829633
2023S004227    ,2,Eixample,8,l'Antiga Esquerra de l'Eixample,23403,Aribau,0177 0177,Dimecres,2023,7,July,12,Morning,12,No és causa del  vianant,Motorcycle,Home,34,Driver,Desconegut                                                                                                                                            ,Unknown,Es desconeix,Ferit lleu: Rebutja assistència sanitària,429197.68 ,4583028.67,2.151949792,41.393829633
2023S004228    ,2,Eixample,7,la Dreta de l'Eixample,31300,Bailèn,0099 0099,Dimecres,2023,7,July,12,Afternoon,18,No és causa del  vianant,Motorcycle,Home,36,Driver,Desconegut                                                                                                                                            ,Unknown,En missió,Ferit lleu: Amb assistència sanitària en lloc d'accident,430736.47 ,4583365.8 ,2.170316093,41.397000133
2023S004229    ,6,Gràcia,31,la Vila de Gràcia,206403,Gran de Gràcia,0198 0198,Dimecres,2023,7,July,12,Afternoon,14,No és causa del  vianant,Bus,Dona,69,Passatger,Desconegut                                                                                                                                            ,Unknown,Unknown,Ferit lleu: Hospitalització fins a 24h,429224.5  ,4584118.23,2.152143139,41.40364527
2023S004230    ,3,Sants-Montjuïc,14,la Font de la Guatlla,207304,Mèxic,0002 0002,Dimecres,2023,7,July,12,Afternoon,14,No és causa del  vianant,Veh. mobilitat personal amb motor,Dona,41,Driver,Desconegut                                                                                                                                            ,Unknown,In itínere,Ferit lleu: Hospitalització fins a 24h,428864.28 ,4580724.24,2.148232828,41.373044992
2023S004233    ,2,Eixample,10,Sant Antoni,308709,Sant Pau,0073 0073,Dimecres,2023,7,July,12,Afternoon,19,No és causa del  vianant,Car,Dona,28,Passatger,Desconegut                                                                                                                                            ,Unknown,Unknown,Ferit lleu: Hospitalització fins a 24h,430153.49 ,4581277.66,2.163583843,41.378142463
2023S004234    ,2,Eixample,8,l'Antiga Esquerra de l'Eixample,350308,València,0218 0218,Dimecres,2023,7,July,12,Afternoon,20,No és causa del  vianant,Bus,Home,85,Passatger,Desconegut                                                                                                                                            ,Unknown,Unknown,Ferit lleu: Hospitalització fins a 24h,429817.79 ,4582556.25,2.15942145,41.389629088
2023S004235    ,9,Sant Andreu,59,el Bon Pastor,134007,Fra Juníper Serra,9999 9999,Dimecres,2023,7,July,12,Afternoon,19,No és causa del  vianant,Furgoneta,Home,37,Driver,Desconegut                                                                                                                                            ,Unknown,Oci i entreteniment,Ferit lleu: Hospitalització fins a 24h,433746.5  ,4587235.6 ,2.205895892,41.432108183
2023S004236    ,1,Ciutat Vella,3,la Barceloneta,701266,Litoral (Llobregat),001000000,Dimarts,2023,7,July,11,Afternoon,17,No és causa del  vianant,Motorcycle,Home,46,Driver,Desconegut                                                                                                                                            ,Unknown,Es desconeix,Ferit lleu: Amb assistència sanitària en lloc d'accident,431749.26 ,4581607.9 ,2.182628502,41.38125386
2023S004238    ,2,Eixample,7,la Dreta de l'Eixample,247659,Pau Claris,0133 0133,Dimecres,2023,7,July,12,Morning,8,No és causa del  vianant,Taxi,Home,62,Driver,Desconegut                                                                                                                                            ,Unknown,Taxi,Ferit lleu: Amb assistència sanitària en lloc d'accident,430403.06 ,4582955.17,2.166375326,41.393272917
2023S004239    ,10,Sant Martí,72,Sant Martí de Provençals,169409,Corts Catalanes,1043 1043,Dimecres,2023,7,July,12,Morning,9,No és causa del  vianant,Motorcycle,Dona,45,Driver,Desconegut                                                                                                                                            ,Unknown,Es desconeix,Ferit lleu: Amb assistència sanitària en lloc d'accident,433447.08 ,4585424.05,2.202512008,41.4157673
2023S004240    ,4,Les Corts,19,les Corts,144601,Diagonal,0579 0587,Dimecres,2023,7,July,12,Afternoon,15,No és causa del  vianant,Bus,Dona,45,Passatger,Desconegut                                                                                                                                            ,Unknown,Unknown,Ferit lleu: Amb assistència sanitària en lloc d'accident,427575.97 ,4582577.49,2.13260725,41.389621548
2023S004240    ,4,Les Corts,19,les Corts,144601,Diagonal,0579 0587,Dimecres,2023,7,July,12,Afternoon,15,No és causa del  vianant,Bus,Dona,49,Passatger,Desconegut                                                                                                                                            ,Unknown,Unknown,Ferit lleu: Amb assistència sanitària en lloc d'accident,427575.97 ,4582577.49,2.13260725,41.389621548
2023S004240    ,4,Les Corts,19,les Corts,144601,Diagonal,0579 0587,Dimecres,2023,7,July,12,Afternoon,15,No és causa del  vianant,Bus,Dona,50,Passatger,Desconegut                                                                                                                                            ,Unknown,Unknown,Ferit lleu: Amb assistència sanitària en lloc d'accident,427575.97 ,4582577.49,2.13260725,41.389621548
2023S004240    ,4,Les Corts,19,les Corts,144601,Diagonal,0579 0587,Dimecres,2023,7,July,12,Afternoon,15,No és causa del  vianant,Bus,Dona,55,Passatger,Desconegut                                                                                                                                            ,Unknown,Unknown,Ferit lleu: Amb assistència sanitària en lloc d'accident,427575.97 ,4582577.49,2.13260725,41.389621548
2023S004241    ,2,Eixample,7,la Dreta de l'Eixample,350308,València,0241 0241,Dimecres,2023,7,July,12,Afternoon,19,No és causa del  vianant,Bicicleta,Home,37,Driver,Desconegut                                                                                                                                            ,Unknown,Altres activitats,Ferit lleu: Hospitalització fins a 24h,430094.67 ,4582858.13,2.16269803,41.392372148
2023S004242    ,3,Sants-Montjuïc,11,el Poble-sec,213307,Miramar,0001 0001,Dimecres,2023,7,July,12,Afternoon,20,No és causa del  vianant,Motorcycle,Home,46,Passatger,Desconegut                                                                                                                                            ,Unknown,Unknown,Ferit lleu: Hospitalització fins a 24h,429853.64 ,4580183.47,2.160124994,41.368261326
2023S004243    ,4,Les Corts,19,les Corts,231502,Numància,0136X0136X,Thursday,2023,7,July,13,Morning,9,No és causa del  vianant,Bicicleta,Home,26,Driver,Desconegut                                                                                                                                            ,Unknown,Es desconeix,Ferit lleu: Amb assistència sanitària en lloc d'accident,427722.44 ,4582364.77,2.134384389,41.387718843
2023S004244    ,5,Sarrià-Sant Gervasi,22,"Vallvidrera, el Tibidabo i les Planes",700059,Vallvidrera a les Planes,000520000,Thursday,2023,7,July,13,Morning,9,No és causa del  vianant,Motorcycle,Home,62,Driver,Desconegut                                                                                                                                            ,Unknown,Es desconeix,Ferit lleu: Hospitalització fins a 24h,424709.04 ,4585883.51,2.097908269,41.419133832
2023S004245    ,3,Sants-Montjuïc,11,el Poble-sec,332601,Guàrdia Urbana,0002 0002,Thursday,2023,7,July,13,Morning,13,No és causa del  vianant,Furgoneta,Dona,53,Pedestrian,En pas sense regular                                                                                                                                  ,Unknown,Unknown,Ferit lleu: Amb assistència sanitària en lloc d'accident,429323.59 ,4580595.7 ,2.153739687,41.371927762
2023S004246    ,1,Ciutat Vella,3,la Barceloneta,701266,Litoral (Llobregat),000910000,Thursday,2023,7,July,13,Afternoon,14,No és causa del  vianant,Furgoneta,Dona,44,Driver,Desconegut                                                                                                                                            ,Unknown,Es desconeix,Ferit lleu: Hospitalització fins a 24h,432447.21 ,4581959.6 ,2.190935626,41.384480472
2023S004247    ,6,Gràcia,31,la Vila de Gràcia,90502,Còrsega,0427 0427,Thursday,2023,7,July,13,Afternoon,14,No és causa del  vianant,Motorcycle,Home,35,Driver,Desconegut                                                                                                                                            ,Unknown,Oci i entreteniment,Ferit lleu: Hospitalització fins a 24h,430315.07 ,4583809.94,2.165224493,41.400963927
2023S004248    ,2,Eixample,8,l'Antiga Esquerra de l'Eixample,320704,Sarrià,0010 0010,Thursday,2023,7,July,13,Morning,12,No és causa del  vianant,Motorcycle,Home,31,Driver,Desconegut                                                                                                                                            ,Unknown,Es desconeix,Ferit lleu: Hospitalització fins a 24h,428711.21 ,4582610.57,2.146180574,41.39002096
2023S004249    ,10,Sant Martí,64,el Camp de l'Arpa del Clot,161101,Independència,0262 0262,Thursday,2023,7,July,13,Afternoon,15,No és causa del  vianant,Motorcycle,Dona,37,Driver,Desconegut                                                                                                                                            ,Unknown,Es desconeix,Ferit lleu: Hospitalització fins a 24h,431888.2  ,4584502.2 ,2.183964283,41.407333789
2023S004251    ,2,Eixample,7,la Dreta de l'Eixample,286504,Roger de Flor,0186 0186,Thursday,2023,7,July,13,Afternoon,17,No és causa del  vianant,Motorcycle,Home,46,Driver,Desconegut                                                                                                                                            ,Unknown,In itínere,Ferit lleu: Amb assistència sanitària en lloc d'accident,430977.58 ,4583518.03,2.1731827,41.398391964
2023S004252    ,3,Sants-Montjuïc,15,Hostafrancs,308200,Sant Nicolau,0017U0017U,Thursday,2023,7,July,13,Afternoon,17,No és causa del  vianant,Car,Dona,59,Passatger,Desconegut                                                                                                                                            ,Unknown,Unknown,Ferit lleu: Amb assistència sanitària en lloc d'accident,428675.41 ,4581275.47,2.14590966,41.377993009
2023S004254    ,4,Les Corts,21,Pedralbes,248108,Pearson,0011 0011,Thursday,2023,7,July,13,Afternoon,19,No és causa del  vianant,Tot terreny,Home,55,Driver,Desconegut                                                                                                                                            ,Unknown,Oci i entreteniment,Ferit lleu: Rebutja assistència sanitària,425648.78 ,4583019.77,2.109504322,41.393429037
2023S004255    ,10,Sant Martí,69,Diagonal Mar i el Front Marítim del Poblenou,701266,Litoral (Llobregat),000700000,Thursday,2023,7,July,13,Afternoon,16,No és causa del  vianant,Motorcycle,Home,76,Driver,Desconegut                                                                                                                                            ,Unknown,Es desconeix,Ferit lleu: Amb assistència sanitària en lloc d'accident,434020.31 ,4583616.44,2.209567765,41.399533898
2023S004255    ,10,Sant Martí,69,Diagonal Mar i el Front Marítim del Poblenou,701266,Litoral (Llobregat),000700000,Thursday,2023,7,July,13,Afternoon,16,No és causa del  vianant,Car,Dona,52,Driver,Desconegut                                                                                                                                            ,Unknown,Es desconeix,Ferit lleu: Rebutja assistència sanitària,434020.31 ,4583616.44,2.209567765,41.399533898
2023S004256    ,7,Horta-Guinardó,43,Horta,352507,Vall d'Hebron,0312 0312,Thursday,2023,7,July,13,Afternoon,18,No és causa del  vianant,Motorcycle,Home,44,Driver,Desconegut                                                                                                                                            ,Unknown,Oci i entreteniment,Ferit lleu: Hospitalització fins a 24h,429739.8  ,4588052.89,2.157849982,41.439128473
2023S004257    ,7,Horta-Guinardó,33,el Baix Guinardó,152905,Guinardó,0090V0090V,Thursday,2023,7,July,13,Afternoon,20,No és causa del  vianant,Car,Dona,54,Passatger,Desconegut                                                                                                                                            ,Unknown,Unknown,Ferit lleu: Hospitalització fins a 24h,430786.53 ,4585244.59,2.1706999,41.41392609
2023S004257    ,7,Horta-Guinardó,33,el Baix Guinardó,152905,Guinardó,0090V0090V,Thursday,2023,7,July,13,Afternoon,20,No és causa del  vianant,Car,Dona,60,Passatger,Desconegut                                                                                                                                            ,Unknown,Unknown,Ferit lleu: Hospitalització fins a 24h,430786.53 ,4585244.59,2.1706999,41.41392609
2023S004257    ,7,Horta-Guinardó,33,el Baix Guinardó,152905,Guinardó,0090V0090V,Thursday,2023,7,July,13,Afternoon,20,No és causa del  vianant,Car,Dona,67,Passatger,Desconegut                                                                                                                                            ,Unknown,Unknown,Ferit lleu: Hospitalització fins a 24h,430786.53 ,4585244.59,2.1706999,41.41392609
2023S004257    ,7,Horta-Guinardó,33,el Baix Guinardó,152905,Guinardó,0090V0090V,Thursday,2023,7,July,13,Afternoon,20,No és causa del  vianant,Car,Home,63,Passatger,Desconegut                                                                                                                                            ,Unknown,Unknown,Ferit lleu: Hospitalització fins a 24h,430786.53 ,4585244.59,2.1706999,41.41392609
2023S004258    ,3,Sants-Montjuïc,16,la Bordeta,169409,Corts Catalanes,0181X0181X,Thursday,2023,7,July,13,Afternoon,16,No és causa del  vianant,Motorcycle,Home,36,Driver,Desconegut                                                                                                                                            ,Unknown,In itínere,Ferit lleu: Hospitalització fins a 24h,428120.05 ,4580176.09,2.139399283,41.368041834
2023S004259    ,7,Horta-Guinardó,35,el Guinardó,365702,Mare de Déu de Montserrat,0222 0222,Thursday,2023,7,July,13,Afternoon,17,No és causa del  vianant,Autobús articulat,Dona,46,Passatger,Desconegut                                                                                                                                            ,Unknown,Unknown,Ferit lleu: Amb assistència sanitària en lloc d'accident,431079.5  ,4586066.05,2.174111438,41.421349894
2023S004259    ,7,Horta-Guinardó,35,el Guinardó,365702,Mare de Déu de Montserrat,0222 0222,Thursday,2023,7,July,13,Afternoon,17,No és causa del  vianant,Autobús articulat,Dona,60,Passatger,Desconegut                                                                                                                                            ,Unknown,Unknown,Ferit lleu: Hospitalització fins a 24h,431079.5  ,4586066.05,2.174111438,41.421349894
2023S004259    ,7,Horta-Guinardó,35,el Guinardó,365702,Mare de Déu de Montserrat,0222 0222,Thursday,2023,7,July,13,Afternoon,17,No és causa del  vianant,Autobús articulat,Home,7,Passatger,Desconegut                                                                                                                                            ,Unknown,Unknown,Ferit lleu: Amb assistència sanitària en lloc d'accident,431079.5  ,4586066.05,2.174111438,41.421349894
2023S004260    ,10,Sant Martí,65,el Clot,209900,Meridiana,0182 0182,Thursday,2023,7,July,13,Afternoon,21,No és causa del  vianant,Bicicleta,Home,1,Pedestrian,A la vorera / Andana                                                                                                                                  ,Unknown,Unknown,Ferit lleu: Hospitalització fins a 24h,432163.59 ,4585096.22,2.187192186,41.412707251
2023S004261    ,3,Sants-Montjuïc,12,la Marina del Prat Vermell,375706,Número 60 Zona Franca,0026 0030,Friday,2023,7,July,14,Morning,8,No és causa del  vianant,Motorcycle,Home,38,Driver,Desconegut                                                                                                                                            ,Unknown,In itínere,Ferit lleu: Amb assistència sanitària en lloc d'accident,428608.62 ,4577923.34,2.145505773,41.347795521
2023S004262    ,2,Eixample,8,l'Antiga Esquerra de l'Eixample,268003,Provença,0232 0232,Friday,2023,7,July,14,Morning,11,Desobeir el senyal del semàfor,Veh. mobilitat personal amb motor,Home,40,Pedestrian,En pas regulat per semàfor                                                                                                                            ,Unknown,Unknown,Ferit lleu: Amb assistència sanitària en lloc d'accident,429634.74 ,4582750.5 ,2.157209625,41.391362631
2023S004263    ,4,Les Corts,20,la Maternitat i Sant Ramon,700941,Menéndez y Pelayo,0001S0001S,Friday,2023,7,July,14,Morning,11,No és causa del  vianant,Motorcycle,Home,66,Driver,Desconegut                                                                                                                                            ,Unknown,Es desconeix,Ferit lleu: Hospitalització fins a 24h,426627.07 ,4581963.66,2.121333051,41.38400699