Case_Number,District_Code,District_Name,Neighborhood_Code,Neighborhood_Name,Street_Code,Street_Name,Postal_Code,Day_of_Week,Year,Month_Code,Month_Name,Day_of_Month,Shift_Description,Hour_of_Day,Pedestrian_Cause_Description,Involved_Vehicle_Type,Gender_Description,Age,Person_Type_Description,Pedestrian_Accident_Location_Description,Pedestrian_Movement_Reason_Description,Driver_Movement_Reason_Description,Victimization_Description,UTM_X_Coordinate,UTM_Y_Coordinate,Longitude,Latitude
2023S004264    ,2,Eixample,8,l'Antiga Esquerra de l'Eixample,223606,Muntaner,0213 0213,Dilluns,2023,6,June,19,Morning,8,No és causa del  vianant,Ciclomotor,Home,23,Driver,Desconegut                                                                                                                                            ,Unknown,Es desconeix,Ferit lleu: Hospitalització fins a 24h,429079.89 ,4582972.71,2.150547513,41.393315237
2023S004265    ,2,Eixample,7,la Dreta de l'Eixample,18505,Aragó,0343 0343,Friday,2023,7,July,14,Morning,12,No és causa del  vianant,Motorcycle,Home,48,Driver,Desconegut                                                                                                                                            ,Unknown,In itínere,Ferit lleu: Rebutja assistència sanitària,430796.99 ,4583366.04,2.171039959,41.397007508
2023S004266    ,2,Eixample,5,el Fort Pienc,100800,Diputació,0449 0451,Friday,2023,7,July,14,Morning,12,No és causa del  vianant,Bicicleta,Home,44,Driver,Desconegut                                                                                                                                            ,Unknown,Es desconeix,Ferit greu: hospitalització superior a 24h,431545.26 ,4583698.06,2.179952636,41.400061997
2023S004267    ,7,Horta-Guinardó,43,Horta,701267,Dalt (Besòs),0004S0000,Friday,2023,7,July,14,Morning,13,No és causa del  vianant,Furgoneta,Home,52,Driver,Desconegut                                                                                                                                            ,Unknown,Es desconeix,Ferit lleu: Amb assistència sanitària en lloc d'accident,429885.48 ,4588089.59,2.159589353,41.439471757
2023S004268    ,2,Eixample,8,l'Antiga Esquerra de l'Eixample,32700,Balmes,0131 0131,Friday,2023,7,July,14,Morning,13,No és causa del  vianant,Motorcycle,Home,40,Driver,Desconegut                                                                                                                                            ,Unknown,Oci i entreteniment,Ferit lleu: Amb assistència sanitària en lloc d'accident,429649.26 ,4582966.26,2.15735821,41.393307179
2023S004270    ,2,Eixample,9,la Nova Esquerra de l'Eixample,268003,Provença,0061 0061,Friday,2023,7,July,14,Afternoon,14,No és causa del  vianant,Motorcycle,Home,59,Driver,Desconegut                                                                                                                                            ,Unknown,Es desconeix,Ferit lleu: Amb assistència sanitària en lloc d'accident,428880.88 ,4582025.85,2.148278487,41.384769621
2023S004271    ,5,Sarrià-Sant Gervasi,26,Sant Gervasi - Galvany,139805,Ganduxer,0033 0035,Thursday,2023,7,July,13,Afternoon,20,No és causa del  vianant,Motorcycle,Home,23,Driver,Desconegut                                                                                                                                            ,Unknown,Oci i entreteniment,Ferit lleu: Hospitalització fins a 24h,427981.27 ,4583171.69,2.137383844,41.39500969
2023S004272    ,5,Sarrià-Sant Gervasi,26,Sant Gervasi - Galvany,223606,Muntaner,0255 0259,Friday,2023,7,July,14,Morning,13,No és causa del  vianant,Car,Dona,24,Pedestrian,En pas regulat per semàfor                                                                                                                            ,Unknown,Unknown,Ferit lleu: Rebutja assistència sanitària,428876.65 ,4583180.87,2.148092205,41.395172101
2023S004274    ,7,Horta-Guinardó,41,la Vall d'Hebron,701268,Dalt (Llobregat),001080000,Friday,2023,7,July,14,Afternoon,15,No és causa del  vianant,Car,Dona,38,Driver,Desconegut                                                                                                                                            ,Unknown,In itínere,Ferit lleu: Hospitalització fins a 24h,428474.91 ,4586649.84,2.142876793,41.426380074
2023S004275    ,4,Les Corts,19,les Corts,144601,Diagonal,0632 0632,Friday,2023,7,July,14,Afternoon,15,No és causa del  vianant,Motorcycle,Home,47,Driver,Desconegut                                                                                                                                            ,Unknown,Es desconeix,Ferit lleu: Hospitalització fins a 24h,427954.95 ,4582701.1 ,2.137125048,41.390768909
2023S004276    ,8,Nou Barris,44,Vilapicina i la Torre Llobeta,111704,Escòcia,0124 0124,Friday,2023,7,July,14,Afternoon,16,No és causa del  vianant,Ciclomotor,Dona,43,Driver,Desconegut                                                                                                                                            ,Unknown,Es desconeix,Ferit lleu: Hospitalització fins a 24h,431353.65 ,4586877.33,2.177299677,41.428680298
2023S004277    ,1,Ciutat Vella,2,el Barri Gòtic,269108,Portal de la Pau,0007 0007,Saturday,2023,7,July,15,Night,0,No és causa del  vianant,Bus,Dona,56,Passatger,Desconegut                                                                                                                                            ,Unknown,Unknown,Ferit lleu: Rebutja assistència sanitària,431258.87 ,4580951.93,2.176838686,41.375303944
2023S004277    ,1,Ciutat Vella,2,el Barri Gòtic,269108,Portal de la Pau,0007 0007,Saturday,2023,7,July,15,Night,0,No és causa del  vianant,Bus,Dona,59,Passatger,Desconegut                                                                                                                                            ,Unknown,Unknown,Ferit lleu: Rebutja assistència sanitària,431258.87 ,4580951.93,2.176838686,41.375303944
2023S004277    ,1,Ciutat Vella,2,el Barri Gòtic,269108,Portal de la Pau,0007 0007,Saturday,2023,7,July,15,Night,0,No és causa del  vianant,Bus,Dona,64,Passatger,Desconegut                                                                                                                                            ,Unknown,Unknown,Ferit lleu: Rebutja assistència sanitària,431258.87 ,4580951.93,2.176838686,41.375303944
2023S004278    ,2,Eixample,7,la Dreta de l'Eixample,100800,Diputació,0346 0346,Saturday,2023,7,July,15,Night,1,No és causa del  vianant,Motorcycle,Home,29,Driver,Desconegut                                                                                                                                            ,Unknown,Oci i entreteniment,Ferit lleu: Hospitalització fins a 24h,431164.61 ,4583326.2 ,2.175441678,41.396680252
2023S004279    ,4,Les Corts,19,les Corts,144601,Diagonal,0587X0587X,Friday,2023,7,July,14,Afternoon,19,No és causa del  vianant,Furgoneta,Home,21,Driver,Desconegut                                                                                                                                            ,Unknown,Es desconeix,Ferit lleu: Amb assistència sanitària en lloc d'accident,427437.38 ,4582600.86,2.130946947,41.389819535
2023S004280    ,2,Eixample,7,la Dreta de l'Eixample,18505,Aragó,0372 0372,Friday,2023,7,July,14,Afternoon,21,No és causa del  vianant,Ciclomotor,Dona,45,Driver,Desconegut                                                                                                                                            ,Unknown,Es desconeix,Ferit lleu: Hospitalització fins a 24h,430920.34 ,4583442.18,2.172506684,41.397703889
2023S004280    ,2,Eixample,7,la Dreta de l'Eixample,18505,Aragó,0372 0372,Friday,2023,7,July,14,Afternoon,21,No és causa del  vianant,Motorcycle,Dona,33,Driver,Desconegut                                                                                                                                            ,Unknown,Es desconeix,Ferit lleu: Amb assistència sanitària en lloc d'accident,430920.34 ,4583442.18,2.172506684,41.397703889
2023S004281    ,10,Sant Martí,72,Sant Martí de Provençals,153205,Guipúscoa,0101 0101,Friday,2023,7,July,14,Afternoon,17,No és causa del  vianant,Bus,Home,27,Pedestrian,En pas regulat per semàfor                                                                                                                            ,In itinere,Unknown,Ferit lleu: Amb assistència sanitària en lloc d'accident,433366.06 ,4585856.75,2.201494928,41.41965779
2023S004282    ,3,Sants-Montjuïc,12,la Marina del Prat Vermell,175478,K Zona Franca,0039 0039,Saturday,2023,7,July,15,Night,3,No és causa del  vianant,Motorcycle,Dona,48,Driver,Desconegut                                                                                                                                            ,Unknown,En missió,Ferit lleu: Hospitalització fins a 24h,425917.8  ,4576746.51,2.113488594,41.336953137
2023S004283    ,1,Ciutat Vella,4,"Sant Pere, Santa Caterina i la Ribera",163504,Isabel II,0002 0002,Friday,2023,7,July,14,Afternoon,19,No és causa del  vianant,Motorcycle,Home,35,Driver,Desconegut                                                                                                                                            ,Unknown,Es desconeix,Ferit lleu: Hospitalització fins a 24h,431742.93 ,4581619.47,2.182551501,41.381357531
2023S004284    ,2,Eixample,7,la Dreta de l'Eixample,148307,Gràcia,0021 0021,Saturday,2023,7,July,15,Night,5,No és causa del  vianant,Taxi,Home,31,Passatger,Desconegut                                                                                                                                            ,Unknown,Unknown,Ferit lleu: Rebutja assistència sanitària,430456.33 ,4582637.21,2.167048993,41.390413762
2023S004285    ,7,Horta-Guinardó,35,el Guinardó,297001,Sant Antoni Maria Claret,0209 0209,Friday,2023,7,July,14,Afternoon,19,No és causa del  vianant,Motorcycle,Home,44,Driver,Desconegut                                                                                                                                            ,Unknown,Es desconeix,Ferit lleu: Hospitalització fins a 24h,431494.04 ,4585351.75,2.17915265,41.414951902
2023S004286    ,3,Sants-Montjuïc,18,Sants,312400,Sants,0182 0184,Saturday,2023,7,July,15,Morning,8,No és causa del  vianant,"Camió rígid > 3,5 tones",Home,49,Driver,Desconegut                                                                                                                                            ,Unknown,En missió,Ferit lleu: Hospitalització fins a 24h,427525.92 ,4581006.01,2.132196721,41.375463318
2023S004286    ,3,Sants-Montjuïc,18,Sants,312400,Sants,0182 0184,Saturday,2023,7,July,15,Morning,8,No és causa del  vianant,Car,Home,44,Driver,Desconegut                                                                                                                                            ,Unknown,Oci i entreteniment,Ferit lleu: Amb assistència sanitària en lloc d'accident,427525.92 ,4581006.01,2.132196721,41.375463318
2023S004287    ,2,Eixample,6,la Sagrada Família,289105,Rosselló,0453 0453,Saturday,2023,7,July,15,Morning,12,No és causa del  vianant,Motorcycle,Home,60,Driver,Desconegut                                                                                                                                            ,Unknown,Oci i entreteniment,Ferit lleu: Hospitalització fins a 24h,431089.06 ,4584377.39,2.174418284,41.406141516
2023S004288    ,10,Sant Martí,72,Sant Martí de Provençals,342503,Treball,0224 0224,Saturday,2023,7,July,15,Morning,12,No és causa del  vianant,Bicicleta,Dona,30,Driver,Desconegut                                                                                                                                            ,Unknown,Es desconeix,Ferit lleu: Hospitalització fins a 24h,433175.48 ,4585669.99,2.199235196,41.41795986
2023S004289    ,5,Sarrià-Sant Gervasi,26,Sant Gervasi - Galvany,701433,Mig (Ascendent),000400000,Saturday,2023,7,July,15,Afternoon,19,No és causa del  vianant,Motorcycle,Home,76,Driver,Desconegut                                                                                                                                            ,Unknown,Es desconeix,Ferit lleu: Hospitalització fins a 24h,427605.52 ,4583482.64,2.1328524,41.397776536
2023S004290    ,2,Eixample,7,la Dreta de l'Eixample,32700,Balmes,0094 0094,Saturday,2023,7,July,15,Afternoon,18,No és causa del  vianant,Motorcycle,Home,55,Driver,Desconegut                                                                                                                                            ,Unknown,Altres activitats,Ferit lleu: Amb assistència sanitària en lloc d'accident,429836.05 ,4582774.51,2.15961454,41.391596478
2023S004290    ,2,Eixample,7,la Dreta de l'Eixample,32700,Balmes,0094 0094,Saturday,2023,7,July,15,Afternoon,18,No és causa del  vianant,Motorcycle,Dona,58,Passatger,Desconegut                                                                                                                                            ,Unknown,Unknown,Ferit lleu: Amb assistència sanitària en lloc d'accident,429836.05 ,4582774.51,2.15961454,41.391596478
2023S004291    ,4,Les Corts,19,les Corts,278302,Reina Maria Cristina,9999 9999,Saturday,2023,7,July,15,Afternoon,18,No és causa del  vianant,Motorcycle,Home,19,Passatger,Desconegut                                                                                                                                            ,Unknown,Unknown,Ferit lleu: Amb assistència sanitària en lloc d'accident,427067.42 ,4582366.31,2.126550566,41.38767356
2023S004291    ,4,Les Corts,19,les Corts,278302,Reina Maria Cristina,9999 9999,Saturday,2023,7,July,15,Afternoon,18,No és causa del  vianant,Motorcycle,Home,51,Driver,Desconegut                                                                                                                                            ,Unknown,Es desconeix,Ferit lleu: Amb assistència sanitària en lloc d'accident,427067.42 ,4582366.31,2.126550566,41.38767356
2023S004292    ,4,Les Corts,19,les Corts,144601,Diagonal,0545 0545,Saturday,2023,7,July,15,Afternoon,15,No és causa del  vianant,Tren o tramvia,Dona,86,Passatger,Desconegut                                                                                                                                            ,Unknown,Unknown,Ferit lleu: Hospitalització fins a 24h,427769.46 ,4582595.23,2.134919226,41.389798734
2023S004293    ,2,Eixample,9,la Nova Esquerra de l'Eixample,362001,Vilamarí,0101 0101,Diumenge,2023,7,July,16,Night,1,No és causa del  vianant,Motorcycle,Home,37,Driver,Desconegut                                                                                                                                            ,Unknown,Oci i entreteniment,Ferit lleu: Hospitalització fins a 24h,428666.7  ,4581674.2 ,2.14575855,41.38158346
2023S004294    ,3,Sants-Montjuïc,17,Sants - Badal,30602,Badal,0151 0151,Saturday,2023,7,July,15,Night,22,No és causa del  vianant,Motorcycle,Home,35,Driver,Desconegut                                                                                                                                            ,Unknown,Es desconeix,Ferit lleu: Amb assistència sanitària en lloc d'accident,427426.77 ,4580841.64,2.131030859,41.373973958
2023S004294    ,3,Sants-Montjuïc,17,Sants - Badal,30602,Badal,0151 0151,Saturday,2023,7,July,15,Night,22,No és causa del  vianant,Veh. mobilitat personal amb motor,Dona,17,Driver,Desconegut                                                                                                                                            ,Unknown,Es desconeix,Ferit lleu: Hospitalització fins a 24h,427426.77 ,4580841.64,2.131030859,41.373973958
2023S004295    ,2,Eixample,5,el Fort Pienc,178308,Lepant,0161 0165,Diumenge,2023,7,July,16,Morning,6,No és causa del  vianant,Car,Dona,28,Passatger,Desconegut                                                                                                                                            ,Unknown,Unknown,Ferit lleu: Hospitalització fins a 24h,431819.96 ,4583612.19,2.183248222,41.399311945
2023S004295    ,2,Eixample,5,el Fort Pienc,178308,Lepant,0161 0165,Diumenge,2023,7,July,16,Morning,6,No és causa del  vianant,Car,Home,41,Driver,Desconegut                                                                                                                                            ,Unknown,In itínere,Ferit lleu: Rebutja assistència sanitària,431819.96 ,4583612.19,2.183248222,41.399311945
2023S004296    ,5,Sarrià-Sant Gervasi,26,Sant Gervasi - Galvany,143904,General Mitre,0112 0112,Diumenge,2023,7,July,16,Night,5,No és causa del  vianant,Car,Home,30,Driver,Desconegut                                                                                                                                            ,Unknown,"Bombers, policia, ambulància",Ferit lleu: Rebutja assistència sanitària,427891.79 ,4583865.87,2.136230879,41.401253871
2023S004296    ,5,Sarrià-Sant Gervasi,26,Sant Gervasi - Galvany,143904,General Mitre,0112 0112,Diumenge,2023,7,July,16,Night,5,No és causa del  vianant,Car,Home,19,Driver,Desconegut                                                                                                                                            ,Unknown,Es desconeix,Ferit lleu: Hospitalització fins a 24h,427891.79 ,4583865.87,2.136230879,41.401253871
2023S004297    ,3,Sants-Montjuïc,11,el Poble-sec,198804,Paral·lel,0057 0061,Diumenge,2023,7,July,16,Morning,6,Desobeir el senyal del semàfor,Car,Dona,38,Pedestrian,En pas regulat per semàfor                                                                                                                            ,Altres activitats,Unknown,Ferit lleu: Rebutja assistència sanitària,430712.83 ,4580896.42,2.170315898,41.374757127
2023S004298    ,2,Eixample,9,la Nova Esquerra de l'Eixample,18505,Aragó,0041 0041,Diumenge,2023,7,July,16,Afternoon,14,No és causa del  vianant,Motorcycle,Dona,51,Driver,Desconegut                                                                                                                                            ,Unknown,Es desconeix,Ferit lleu: Hospitalització fins a 24h,428875.47 ,4581460.32,2.148280205,41.379675608
2023S004299    ,1,Ciutat Vella,1,el Raval,269200,Portal de Santa Madrona,0028 0028,Diumenge,2023,7,July,16,Afternoon,14,No és causa del  vianant,Car,Dona,31,Pedestrian,En pas sense regular                                                                                                                                  ,Unknown,Unknown,Ferit lleu: Amb assistència sanitària en lloc d'accident,431106.57 ,4581001.17,2.175011996,41.375734404
2023S004300    ,6,Gràcia,32,el Camp d'en Grassot i Gràcia Nova,344101,Gràcia,0256 0262,Diumenge,2023,7,July,16,Afternoon,16,Creuar per fora pas de vianants,Veh. mobilitat personal amb motor,Home,53,Pedestrian,Fora del pas                                                                                                                                          ,Unknown,Unknown,Ferit lleu: Hospitalització fins a 24h,430279.33 ,4584347.74,2.164734994,41.405804609
2023S004300    ,6,Gràcia,32,el Camp d'en Grassot i Gràcia Nova,344101,Gràcia,0256 0262,Diumenge,2023,7,July,16,Afternoon,16,Creuar per fora pas de vianants,Veh. mobilitat personal amb motor,Home,20,Driver,Fora del pas                                                                                                                                          ,Unknown,Es desconeix,Ferit lleu: Hospitalització fins a 24h,430279.33 ,4584347.74,2.164734994,41.405804609
2023S004301    ,9,Sant Andreu,59,el Bon Pastor,151957,Guayaquil,0047E0047E,Diumenge,2023,7,July,16,Afternoon,17,No és causa del  vianant,Car,Dona,25,Passatger,Desconegut                                                                                                                                            ,Unknown,Unknown,Ferit lleu: Rebutja assistència sanitària,433863.66 ,4588355.65,2.207175377,41.442205804
2023S004301    ,9,Sant Andreu,59,el Bon Pastor,151957,Guayaquil,0047E0047E,Diumenge,2023,7,July,16,Afternoon,17,No és causa del  vianant,Car,Dona,25,Driver,Desconegut                                                                                                                                            ,Unknown,Oci i entreteniment,Ferit lleu: Amb assistència sanitària en lloc d'accident,433863.66 ,4588355.65,2.207175377,41.442205804
2023S004302    ,10,Sant Martí,66,el Parc i la Llacuna del Poblenou,144601,Diagonal,0280X0280X,Diumenge,2023,7,July,16,Afternoon,18,No és causa del  vianant,Motorcycle,Home,22,Driver,Desconegut                                                                                                                                            ,Unknown,Es desconeix,Ferit lleu: Hospitalització fins a 24h,432355.3  ,4584151.19,2.189591531,41.404211809
2023S004303    ,2,Eixample,10,Sant Antoni,169409,Corts Catalanes,0380 0380,Diumenge,2023,7,July,16,Afternoon,17,No és causa del  vianant,Car,Dona,65,Passatger,Desconegut                                                                                                                                            ,Unknown,Unknown,Ferit lleu: Rebutja assistència sanitària,429046.52 ,4581010.9 ,2.150378258,41.375642941
2023S004303    ,2,Eixample,10,Sant Antoni,169409,Corts Catalanes,0380 0380,Diumenge,2023,7,July,16,Afternoon,17,No és causa del  vianant,Car,Home,66,Driver,Desconegut                                                                                                                                            ,Unknown,Es desconeix,Ferit lleu: Hospitalització fins a 24h,429046.52 ,4581010.9 ,2.150378258,41.375642941
2023S004304    ,1,Ciutat Vella,4,"Sant Pere, Santa Caterina i la Ribera",131905,Forn de la Fonda,0005 0005,Diumenge,2023,7,July,16,Afternoon,20,No és causa del  vianant,Bicicleta,Dona,43,Pedestrian,En zona peatonal                                                                                                                                      ,Es desconeix,Unknown,Ferit lleu: Amb assistència sanitària en lloc d'accident,431492.49 ,4582201.16,2.179490837,41.386575355
2023S004305    ,5,Sarrià-Sant Gervasi,23,Sarrià,28000,Augusta,0374X0374X,Diumenge,2023,7,July,16,Afternoon,19,No és causa del  vianant,Motorcycle,Home,64,Driver,Desconegut                                                                                                                                            ,Unknown,Altres activitats,Ferit lleu: Hospitalització fins a 24h,426603.85 ,4583960.83,2.120813205,41.401992532
2023S004305    ,5,Sarrià-Sant Gervasi,23,Sarrià,28000,Augusta,0374X0374X,Diumenge,2023,7,July,16,Afternoon,19,No és causa del  vianant,Motorcycle,Dona,62,Passatger,Desconegut                                                                                                                                            ,Unknown,Unknown,Ferit lleu: Hospitalització fins a 24h,426603.85 ,4583960.83,2.120813205,41.401992532
2023S004306    ,8,Nou Barris,46,el Turó de la Peira,342707,Travau,0037 0037,Diumenge,2023,7,July,16,Afternoon,18,No és causa del  vianant,Veh. mobilitat personal amb motor,Dona,15,Driver,Desconegut                                                                                                                                            ,Unknown,Oci i entreteniment,Ferit lleu: Hospitalització fins a 24h,430640.57 ,4587281.87,2.168719782,41.432262548
2023S004307    ,3,Sants-Montjuïc,15,Hostafrancs,94809,Creu Coberta,0109 0109,Diumenge,2023,7,July,16,Afternoon,18,No és causa del  vianant,Motorcycle,Dona,30,Driver,Desconegut                                                                                                                                            ,Unknown,Oci i entreteniment,Ferit lleu: Hospitalització fins a 24h,428391.91 ,4580975.3 ,2.142555147,41.37526429
2023S004307    ,3,Sants-Montjuïc,15,Hostafrancs,94809,Creu Coberta,0109 0109,Diumenge,2023,7,July,16,Afternoon,18,No és causa del  vianant,Motorcycle,Home,53,Driver,Desconegut                                                                                                                                            ,Unknown,Oci i entreteniment,Ferit lleu: Amb assistència sanitària en lloc d'accident,428391.91 ,4580975.3 ,2.142555147,41.37526429
2023S004308    ,1,Ciutat Vella,2,el Barri Gòtic,269108,Portal de la Pau,0005 0005,Diumenge,2023,7,July,16,Afternoon,19,Desobeir el senyal del semàfor,Autobús articulat,Dona,69,Pedestrian,En pas regulat per semàfor                                                                                                                            ,Unknown,Unknown,Ferit lleu: Hospitalització fins a 24h,431358.53 ,4581040.46,2.178020316,41.376109822
2023S004309    ,10,Sant Martí,68,el Poblenou,42306,Bilbao,0116X0116X,Dilluns,2023,7,July,17,Morning,6,No és causa del  vianant,Veh. mobilitat personal amb motor,Home,31,Driver,Desconegut                                                                                                                                            ,Unknown,Es desconeix,Ferit lleu: Hospitalització fins a 24h,433090.05 ,4584419.2 ,2.198351418,41.406687227
2023S004310    ,3,Sants-Montjuïc,11,el Poble-sec,5401,Albareda,0020 0020,Dilluns,2023,7,July,17,Morning,8,No és causa del  vianant,Motorcycle,Home,29,Driver,Desconegut                                                                                                                                            ,Unknown,In itínere,Ferit lleu: Hospitalització fins a 24h,430989.11 ,4580790.74,2.173631457,41.373829049
2023S004311    ,1,Ciutat Vella,1,el Raval,308709,Sant Pau,0056 0072,Dilluns,2023,7,July,17,Morning,8,No és causa del  vianant,Motorcycle,Dona,29,Driver,Desconegut                                                                                                                                            ,Unknown,Es desconeix,Ferit lleu: Hospitalització fins a 24h,430216.19 ,4581236.02,2.16433839,41.377772867
2023S004311    ,1,Ciutat Vella,1,el Raval,308709,Sant Pau,0056 0072,Dilluns,2023,7,July,17,Morning,8,No és causa del  vianant,Motorcycle,Home,35,Driver,Desconegut                                                                                                                                            ,Unknown,Es desconeix,Ferit lleu: Rebutja assistència sanitària,430216.19 ,4581236.02,2.16433839,41.377772867
2023S004312    ,2,Eixample,7,la Dreta de l'Eixample,49509,Bruc,0141 0141,Dilluns,2023,7,July,17,Morning,8,No és causa del  vianant,Veh. mobilitat personal amb motor,Home,67,Driver,Desconegut                                                                                                                                            ,Unknown,Oci i entreteniment,Ferit lleu: Hospitalització fins a 24h,430233.4  ,4583497.63,2.164283571,41.398143968
2023S004313    ,6,Gràcia,30,la Salut,152905,Guinardó,0009 0009,Diumenge,2023,7,July,16,Afternoon,20,No és causa del  vianant,Ciclomotor,Home,19,Driver,Desconegut                                                                                                                                            ,Unknown,Es desconeix,Ferit lleu: Hospitalització fins a 24h,429951.55 ,4585070.46,2.160730119,41.412285379
2023S004314    ,2,Eixample,7,la Dreta de l'Eixample,350308,València,0231 0231,Diumenge,2023,7,July,16,Night,1,No és causa del  vianant,Motorcycle,Dona,37,Passatger,Desconegut                                                                                                                                            ,Unknown,Unknown,Ferit lleu: Hospitalització fins a 24h,429987.96 ,4582753.4 ,2.161433855,41.391419592
2023S004314    ,2,Eixample,7,la Dreta de l'Eixample,350308,València,0231 0231,Diumenge,2023,7,July,16,Night,1,No és causa del  vianant,Motorcycle,Dona,36,Driver,Desconegut                                                                                                                                            ,Unknown,Oci i entreteniment,Ferit lleu: Hospitalització fins a 24h,429987.96 ,4582753.4 ,2.161433855,41.391419592
2023S004316    ,2,Eixample,8,l'Antiga Esquerra de l'Eixample,363809,Villarroel,0113 0113,Dilluns,2023,7,July,17,Morning,11,No és causa del  vianant,Motorcycle,Home,26,Driver,Desconegut                                                                                                                                            ,Unknown,Es desconeix,Ferit lleu: Hospitalització fins a 24h,429567.01 ,4582076.18,2.156478011,41.385283324
2023S004317    ,3,Sants-Montjuïc,11,el Poble-sec,114000,Espanya,9999 9999,Dilluns,2023,7,July,17,Morning,12,No és causa del  vianant,Car,Home,47,Driver,Desconegut                                                                                                                                            ,Unknown,Es desconeix,Ferit lleu: Hospitalització fins a 24h,428828.16 ,4580797.28,2.147792371,41.373699644
2023S004318    ,-1,Unknown,-1,Unknown,-1,Unknown,Unknown,Dilluns,2023,7,July,17,Afternoon,15,No és causa del  vianant,Motorcycle,Home,42,Driver,Desconegut                                                                                                                                            ,Unknown,Es desconeix,Ferit lleu: Amb assistència sanitària en lloc d'accident,429688.64 ,4584955.16,2.157598074,41.411223945
2023S004319    ,10,Sant Martí,73,la Verneda i la Pau,153205,Guipúscoa,0137 0139,Dilluns,2023,7,July,17,Afternoon,14,No és causa del  vianant,Veh. mobilitat personal amb motor,Home,50,Driver,Desconegut                                                                                                                                            ,Unknown,Oci i entreteniment,Ferit lleu: Hospitalització fins a 24h,433653.97 ,4586136.52,2.204909198,41.422201441
2023S004320    ,2,Eixample,7,la Dreta de l'Eixample,305100,Sant Joan,0094 0094,Dilluns,2023,7,July,17,Afternoon,14,No és causa del  vianant,Motorcycle,Home,50,Driver,Desconegut                                                                                                                                            ,Unknown,Oci i entreteniment,Ferit lleu: Hospitalització fins a 24h,430786.51 ,4583519.87,2.170897011,41.398392104
2023S004321    ,2,Eixample,9,la Nova Esquerra de l'Eixample,362001,Vilamarí,0134B0134B,Dilluns,2023,7,July,17,Afternoon,15,No és causa del  vianant,Ciclomotor,Home,68,Driver,Desconegut                                                                                                                                            ,Unknown,Es desconeix,Ferit lleu: Amb assistència sanitària en lloc d'accident,428666.7  ,4581674.2 ,2.14575855,41.38158346
2023S004322    ,1,Ciutat Vella,1,el Raval,250904,Pelai,0008 0008,Dilluns,2023,7,July,17,Afternoon,15,No és causa del  vianant,Veh. mobilitat personal amb motor,Dona,42,Pedestrian,En zona peatonal                                                                                                                                      ,Es desconeix,Unknown,Ferit lleu: Hospitalització fins a 24h,430290.44 ,4582124.95,2.16512393,41.385785629
2023S004323    ,7,Horta-Guinardó,33,el Baix Guinardó,68900,Cartagena,0385 0385,Dilluns,2023,7,July,17,Afternoon,17,No és causa del  vianant,Bus,Dona,39,Passatger,Desconegut                                                                                                                                            ,Unknown,Unknown,Ferit lleu: Hospitalització fins a 24h,430733.8  ,4585298.35,2.170062863,41.414405743
2023S004324    ,2,Eixample,9,la Nova Esquerra de l'Eixample,285807,Rocafort,0179 0179,Dilluns,2023,7,July,17,Afternoon,18,No és causa del  vianant,Motorcycle,Home,57,Driver,Desconegut                                                                                                                                            ,Unknown,Oci i entreteniment,Ferit lleu: Amb assistència sanitària en lloc d'accident,428946.01 ,4581794.41,2.149084526,41.382690879
2023S004325    ,2,Eixample,10,Sant Antoni,362001,Vilamarí,0001 0003,Dilluns,2023,7,July,17,Afternoon,19,No és causa del  vianant,Motorcycle,Home,26,Driver,Desconegut                                                                                                                                            ,Unknown,Es desconeix,Ferit lleu: Amb assistència sanitària en lloc d'accident,429406.7  ,4580957.91,2.154691196,41.375197371
2023S004325    ,2,Eixample,10,Sant Antoni,362001,Vilamarí,0001 0003,Dilluns,2023,7,July,17,Afternoon,19,No és causa del  vianant,Motorcycle,Dona,34,Driver,Desconegut                                                                                                                                            ,Unknown,In itínere,Ferit lleu: Hospitalització fins a 24h,429406.7  ,4580957.91,2.154691196,41.375197371
2023S004326    ,8,Nou Barris,49,Canyelles,120807,Favència,0041 0045,Dilluns,2023,7,July,17,Afternoon,19,No és causa del  vianant,Car,Dona,52,Pedestrian,En pas regulat per semàfor                                                                                                                            ,Es desconeix,Unknown,Ferit lleu: Hospitalització fins a 24h,430457.12 ,4588348.41,2.166401501,41.441852588
2023S004328    ,2,Eixample,8,l'Antiga Esquerra de l'Eixample,169409,Corts Catalanes,0539 0539,Dilluns,2023,7,July,17,Night,23,No és causa del  vianant,Car,Home,25,Pedestrian,En pas regulat per semàfor                                                                                                                            ,Oci i entreteniment,Unknown,Ferit lleu: Hospitalització fins a 24h,429834.07 ,4581818.31,2.15970167,41.382984122
2023S004328    ,2,Eixample,8,l'Antiga Esquerra de l'Eixample,169409,Corts Catalanes,0539 0539,Dilluns,2023,7,July,17,Night,23,No és causa del  vianant,Car,Home,53,Pedestrian,En pas regulat per semàfor                                                                                                                            ,Oci i entreteniment,Unknown,Ferit lleu: Hospitalització fins a 24h,429834.07 ,4581818.31,2.15970167,41.382984122
2023S004329    ,8,Nou Barris,44,Vilapicina i la Torre Llobeta,194406,Maragall,0182 0182,Dilluns,2023,7,July,17,Afternoon,19,No és causa del  vianant,Autobús articulat,Dona,81,Passatger,Desconegut                                                                                                                                            ,Unknown,Unknown,Ferit lleu: Hospitalització fins a 24h,431241.28 ,4586570.94,2.175989806,41.425911134
2023S004331    ,5,Sarrià-Sant Gervasi,23,Sarrià,37350,J. V. Foix,0073 0073,Dimarts,2023,7,July,18,Morning,9,No és causa del  vianant,Bicicleta,Home,45,Driver,Desconegut                                                                                                                                            ,Unknown,Es desconeix,Ferit lleu: Hospitalització fins a 24h,426333.78 ,4583626.28,2.117623366,41.398954676