Case_Number,District_Code,District_Name,Neighborhood_Code,Neighborhood_Name,Street_Code,Street_Name,Postal_Code,Day_of_Week,Year,Month_Code,Month_Name,Day_of_Month,Shift_Description,Hour_of_Day,Pedestrian_Cause_Description,Involved_Vehicle_Type,Gender_Description,Age,Person_Type_Description,Pedestrian_Accident_Location_Description,Pedestrian_Movement_Reason_Description,Driver_Movement_Reason_Description,Victimization_Description,UTM_X_Coordinate,UTM_Y_Coordinate,Longitude,Latitude
2023S004406    ,6,Gràcia,31,la Vila de Gràcia,310802,Sant Salvador,0069 0071,Thursday,2023,7,July,20,Afternoon,20,Creuar per fora pas de vianants,Taxi,Dona,44,Pedestrian,Fora del pas                                                                                                                                          ,Es desconeix,Unknown,Ferit lleu: Hospitalització fins a 24h,429446.62 ,4584572   ,2.154747298,41.407751745
2023S004408    ,2,Eixample,7,la Dreta de l'Eixample,350308,València,0347 0347,Friday,2023,7,July,21,Night,0,No és causa del  vianant,Motorcycle,Dona,29,Passatger,Desconegut                                                                                                                                            ,Unknown,Unknown,Ferit lleu: Hospitalització fins a 24h,430721.45 ,4583472.37,2.170124235,41.39795868
2023S004409    ,8,Nou Barris,44,Vilapicina i la Torre Llobeta,194406,Maragall,0372 0372,Thursday,2023,7,July,20,Afternoon,16,Desobeir el senyal del semàfor,Bus,Dona,67,Passatger,Desconegut                                                                                                                                            ,Unknown,Unknown,Ferit lleu: Hospitalització fins a 24h,430241.7  ,4586819.89,2.163999578,41.428067105
2023S004410    ,10,Sant Martí,66,el Parc i la Llacuna del Poblenou,11200,Almogàvers,0062 0062,Thursday,2023,7,July,20,Afternoon,21,No és causa del  vianant,Motorcycle,Home,34,Driver,Desconegut                                                                                                                                            ,Unknown,In itínere,Ferit lleu: Amb assistència sanitària en lloc d'accident,432028.1  ,4583016.96,2.185804783,41.393968508
2023S004411    ,2,Eixample,10,Sant Antoni,361406,Viladomat,0039 0039,Friday,2023,7,July,21,Night,2,No és causa del  vianant,Motorcycle,Home,33,Driver,Desconegut                                                                                                                                            ,Unknown,En missió,Ferit lleu: Rebutja assistència sanitària,429930.96 ,4581144.61,2.160938278,41.376924765
2023S004412    ,2,Eixample,9,la Nova Esquerra de l'Eixample,268003,Provença,0130B0130B,Thursday,2023,7,July,20,Afternoon,21,No és causa del  vianant,Veh. mobilitat personal amb motor,Home,32,Driver,Desconegut                                                                                                                                            ,Unknown,Es desconeix,Ferit lleu: Hospitalització fins a 24h,429072.52 ,4582213.64,2.150548296,41.386477909
2023S004413    ,2,Eixample,7,la Dreta de l'Eixample,350308,València,0305 0305,Thursday,2023,7,July,20,Afternoon,16,No és causa del  vianant,Veh. mobilitat personal amb motor,Dona,52,Driver,Desconegut                                                                                                                                            ,Unknown,Es desconeix,Ferit lleu: Hospitalització fins a 24h,430518.05 ,4583273.26,2.16771415,41.396147801
2023S004414    ,2,Eixample,6,la Sagrada Família,238400,Padilla,0272 0272,Friday,2023,7,July,21,Morning,11,Transitar a peu per la calçada,Furgoneta,Dona,78,Pedestrian,Fora del pas                                                                                                                                          ,Unknown,Unknown,Ferit lleu: Hospitalització fins a 24h,431180.38 ,4584467.18,2.175500521,41.406958054
2023S004416    ,2,Eixample,7,la Dreta de l'Eixample,148307,Gràcia,0059 0059,Friday,2023,7,July,21,Morning,12,No és causa del  vianant,Bicicleta,Home,35,Driver,Desconegut                                                                                                                                            ,Unknown,Oci i entreteniment,Ferit lleu: Hospitalització fins a 24h,430187.73 ,4582930.63,2.163802698,41.39303322
2023S004417    ,10,Sant Martí,68,el Poblenou,174908,Joncar,0001 0001,Friday,2023,7,July,21,Afternoon,14,No és causa del  vianant,Car,Dona,58,Pedestrian,A la vorera / Andana                                                                                                                                  ,Unknown,Unknown,Ferit lleu: Amb assistència sanitària en lloc d'accident,433473.08 ,4583682.85,2.203014616,41.400086919
2023S004418    ,4,Les Corts,20,la Maternitat i Sant Ramon,144601,Diagonal,0629B0629B,Friday,2023,7,July,21,Afternoon,14,No és causa del  vianant,Motorcycle,Home,26,Driver,Desconegut                                                                                                                                            ,Unknown,Oci i entreteniment,Ferit lleu: Rebutja assistència sanitària,426980.58 ,4582337.71,2.125515463,41.387408089
2023S004418    ,4,Les Corts,20,la Maternitat i Sant Ramon,144601,Diagonal,0629B0629B,Friday,2023,7,July,21,Afternoon,14,No és causa del  vianant,Motorcycle,Home,59,Driver,Desconegut                                                                                                                                            ,Unknown,Oci i entreteniment,Ferit lleu: Hospitalització fins a 24h,426980.58 ,4582337.71,2.125515463,41.387408089
2023S004419    ,8,Nou Barris,44,Vilapicina i la Torre Llobeta,254406,Petrarca,0001 0005,Friday,2023,7,July,21,Afternoon,15,No és causa del  vianant,Car,Home,56,Driver,Desconegut                                                                                                                                            ,Unknown,Es desconeix,Ferit lleu: Hospitalització fins a 24h,430521.81 ,4587079.73,2.167321748,41.430431678
2023S004420    ,1,Ciutat Vella,3,la Barceloneta,224904,Joan Borbó Comte Barcelona,0086 0086,Friday,2023,7,July,21,Afternoon,15,No és causa del  vianant,Bicicleta,Home,44,Driver,Desconegut                                                                                                                                            ,Unknown,In itínere,Ferit lleu: Hospitalització fins a 24h,432180.91 ,4580707.8 ,2.187891109,41.373183402
2023S004421    ,2,Eixample,7,la Dreta de l'Eixample,278459,Reina Victòria,9998 9998,Friday,2023,7,July,21,Morning,13,No és causa del  vianant,Bus,Home,51,Passatger,Desconegut                                                                                                                                            ,Unknown,Unknown,Ferit lleu: Amb assistència sanitària en lloc d'accident,430531.07 ,4582463.6 ,2.167962805,41.388856573
2023S004422    ,2,Eixample,9,la Nova Esquerra de l'Eixample,350308,València,0122 0124,Friday,2023,7,July,21,Afternoon,17,No és causa del  vianant,Motorcycle,Dona,33,Passatger,Desconegut                                                                                                                                            ,Unknown,Unknown,Ferit lleu: Hospitalització fins a 24h,429151.86 ,4581940.5 ,2.1515291,41.384024826
2023S004422    ,2,Eixample,9,la Nova Esquerra de l'Eixample,350308,València,0122 0124,Friday,2023,7,July,21,Afternoon,17,No és causa del  vianant,Motorcycle,Home,35,Driver,Desconegut                                                                                                                                            ,Unknown,En missió,Ferit lleu: Amb assistència sanitària en lloc d'accident,429151.86 ,4581940.5 ,2.1515291,41.384024826
2023S004422    ,2,Eixample,9,la Nova Esquerra de l'Eixample,350308,València,0122 0124,Friday,2023,7,July,21,Afternoon,17,No és causa del  vianant,Motorcycle,Home,40,Driver,Desconegut                                                                                                                                            ,Unknown,Es desconeix,Ferit lleu: Amb assistència sanitària en lloc d'accident,429151.86 ,4581940.5 ,2.1515291,41.384024826
2023S004423    ,7,Horta-Guinardó,33,el Baix Guinardó,6608,Alcalde de Móstoles,0039 0039,Friday,2023,7,July,21,Afternoon,14,No és causa del  vianant,Motorcycle,Home,68,Driver,Desconegut                                                                                                                                            ,Unknown,Es desconeix,Ferit lleu: Hospitalització fins a 24h,430357.19 ,4584934.8 ,2.165598821,41.411098809
2023S004424    ,3,Sants-Montjuïc,12,la Marina del Prat Vermell,701498,B-10 (Besòs),001130000,Friday,2023,7,July,21,Afternoon,16,No és causa del  vianant,Motorcycle,Home,23,Driver,Desconegut                                                                                                                                            ,Unknown,Es desconeix,Ferit lleu: Hospitalització fins a 24h,431535.14 ,4581234.72,2.18011016,41.377874525
2023S004425    ,10,Sant Martí,70,el Besòs i el Maresme,701414,C-31,020850000,Friday,2023,7,July,21,Afternoon,16,No és causa del  vianant,Car,Dona,54,Passatger,Desconegut                                                                                                                                            ,Unknown,Unknown,Ferit lleu: Rebutja assistència sanitària,434078.33 ,4585946.2 ,2.210007828,41.420522231
2023S004425    ,10,Sant Martí,70,el Besòs i el Maresme,701414,C-31,020850000,Friday,2023,7,July,21,Afternoon,16,No és causa del  vianant,Car,Home,38,Driver,Desconegut                                                                                                                                            ,Unknown,Es desconeix,Ferit lleu: Rebutja assistència sanitària,434078.33 ,4585946.2 ,2.210007828,41.420522231
2023S004426    ,-1,Unknown,-1,Unknown,-1,Unknown,Unknown,Friday,2023,7,July,21,Afternoon,16,No és causa del  vianant,Veh. mobilitat personal amb motor,Dona,33,Driver,Desconegut                                                                                                                                            ,Unknown,Oci i entreteniment,Ferit lleu: Hospitalització fins a 24h,428225.37 ,4581633.3 ,2.140485838,41.381175817
2023S004427    ,2,Eixample,7,la Dreta de l'Eixample,309406,Sant Pere,0001 0001,Friday,2023,7,July,21,Afternoon,18,No és causa del  vianant,Car,Dona,48,Driver,Desconegut                                                                                                                                            ,Unknown,Es desconeix,Ferit lleu: Hospitalització fins a 24h,430775.51 ,4582378.01,2.170896027,41.388106776
2023S004428    ,5,Sarrià-Sant Gervasi,26,Sant Gervasi - Galvany,139805,Ganduxer,0014 0016,Friday,2023,7,July,21,Afternoon,16,No és causa del  vianant,Motorcycle,Dona,45,Driver,Desconegut                                                                                                                                            ,Unknown,En missió,Ferit lleu: Amb assistència sanitària en lloc d'accident,428083.42 ,4582947.19,2.13863231,41.392996851
2023S004429    ,10,Sant Martí,69,Diagonal Mar i el Front Marítim del Poblenou,144601,Diagonal,0032 0032,Friday,2023,7,July,21,Afternoon,18,No és causa del  vianant,Motorcycle,Dona,25,Driver,Desconegut                                                                                                                                            ,Unknown,Oci i entreteniment,Ferit lleu: Amb assistència sanitària en lloc d'accident,434435.8  ,4584827.32,2.214406531,41.410474022
2023S004429    ,10,Sant Martí,69,Diagonal Mar i el Front Marítim del Poblenou,144601,Diagonal,0032 0032,Friday,2023,7,July,21,Afternoon,18,No és causa del  vianant,Motorcycle,Home,42,Driver,Desconegut                                                                                                                                            ,Unknown,Oci i entreteniment,Ferit lleu: Rebutja assistència sanitària,434435.8  ,4584827.32,2.214406531,41.410474022
2023S004431    ,8,Nou Barris,48,la Guineueta,351901,Valldaura,0150 0152,Friday,2023,7,July,21,Afternoon,14,No és causa del  vianant,Motorcycle,Home,41,Driver,Desconegut                                                                                                                                            ,Unknown,Es desconeix,Ferit lleu: Hospitalització fins a 24h,430446.33 ,4588059.23,2.16630566,41.439247122
2023S004432    ,2,Eixample,7,la Dreta de l'Eixample,144601,Diagonal,0397 0397,Friday,2023,7,July,21,Afternoon,19,Desobeir el senyal del semàfor,Veh. mobilitat personal amb motor,Dona,24,Pedestrian,En pas regulat per semàfor                                                                                                                            ,Oci i entreteniment,Unknown,Ferit lleu: Amb assistència sanitària en lloc d'accident,429611.29 ,4583250.11,2.156871059,41.395860394
2023S004432    ,2,Eixample,7,la Dreta de l'Eixample,144601,Diagonal,0397 0397,Friday,2023,7,July,21,Afternoon,19,Desobeir el senyal del semàfor,Veh. mobilitat personal amb motor,Home,28,Driver,En pas regulat per semàfor                                                                                                                            ,Unknown,In itínere,Ferit lleu: Hospitalització fins a 24h,429611.29 ,4583250.11,2.156871059,41.395860394
2023S004433    ,5,Sarrià-Sant Gervasi,27,el Putxet i el Farró,143904,General Mitre,0214 0214,Friday,2023,7,July,21,Afternoon,16,No és causa del  vianant,Motorcycle,Home,66,Driver,Desconegut                                                                                                                                            ,Unknown,Oci i entreteniment,Ferit lleu: Hospitalització fins a 24h,428742.84 ,4584338.59,2.146355388,41.405587397
2023S004434    ,7,Horta-Guinardó,33,el Baix Guinardó,152905,Guinardó,0044 0044,Friday,2023,7,July,21,Afternoon,15,No és causa del  vianant,Motorcycle,Home,28,Driver,Desconegut                                                                                                                                            ,Unknown,Es desconeix,Ferit lleu: Rebutja assistència sanitària,430416.97 ,4585012.39,2.166305088,41.411802816
2023S004435    ,4,Les Corts,20,la Maternitat i Sant Ramon,187207,Madrid,0031 0031,Friday,2023,7,July,21,Night,22,No és causa del  vianant,Motorcycle,Dona,21,Passatger,Desconegut                                                                                                                                            ,Unknown,Unknown,Ferit lleu: Hospitalització fins a 24h,426901.8  ,4581168.8 ,2.124714391,41.376873024
2023S004435    ,4,Les Corts,20,la Maternitat i Sant Ramon,187207,Madrid,0031 0031,Friday,2023,7,July,21,Night,22,No és causa del  vianant,Motorcycle,Dona,37,Driver,Desconegut                                                                                                                                            ,Unknown,Oci i entreteniment,Ferit lleu: Hospitalització fins a 24h,426901.8  ,4581168.8 ,2.124714391,41.376873024
2023S004437    ,2,Eixample,8,l'Antiga Esquerra de l'Eixample,289105,Rosselló,0175 0175,Friday,2023,7,July,21,Afternoon,21,No és causa del  vianant,Motorcycle,Home,19,Driver,Desconegut                                                                                                                                            ,Unknown,Es desconeix,Ferit lleu: Hospitalització fins a 24h,429399.49 ,4582707.65,2.154401,41.390956068
2023S004438    ,3,Sants-Montjuïc,18,Sants,331507,Tarragona,0185X0185X,Saturday,2023,7,July,22,Night,1,Desobeir el senyal del semàfor,Car,Dona,24,Pedestrian,En pas regulat per semàfor                                                                                                                            ,Unknown,Unknown,Ferit lleu: Amb assistència sanitària en lloc d'accident,428334    ,4581417.71,2.141810369,41.379243764
2023S004439    ,2,Eixample,7,la Dreta de l'Eixample,18505,Aragó,0297 0297,Friday,2023,7,July,21,Night,22,No és causa del  vianant,Motorcycle,Home,39,Driver,Desconegut                                                                                                                                            ,Unknown,Es desconeix,Ferit lleu: Hospitalització fins a 24h,430498.67 ,4583050.27,2.167507952,41.394137725
2023S004440    ,1,Ciutat Vella,1,el Raval,198804,Paral·lel,0054 0054,Saturday,2023,7,July,22,Night,5,No és causa del  vianant,Bicicleta,Dona,21,Driver,Desconegut                                                                                                                                            ,Unknown,Oci i entreteniment,Ferit lleu: Hospitalització fins a 24h,430748.02 ,4580935.14,2.170732244,41.375108898
2023S004442    ,6,Gràcia,28,Vallcarca i els Penitents,33509,Ballester,0085 0085,Saturday,2023,7,July,22,Morning,12,No és causa del  vianant,Ciclomotor,Dona,20,Driver,Desconegut                                                                                                                                            ,Unknown,Es desconeix,Ferit lleu: Hospitalització fins a 24h,428893.94 ,4584705   ,2.148119881,41.408900898
2023S004443    ,7,Horta-Guinardó,43,Horta,352507,Vall d'Hebron,0272U0278U,Saturday,2023,7,July,22,Morning,13,No és causa del  vianant,Car,Dona,28,Passatger,Desconegut                                                                                                                                            ,Unknown,Unknown,Ferit lleu: Hospitalització fins a 24h,429398.22 ,4587988.75,2.153769143,41.438520813
2023S004443    ,7,Horta-Guinardó,43,Horta,352507,Vall d'Hebron,0272U0278U,Saturday,2023,7,July,22,Morning,13,No és causa del  vianant,Car,Home,28,Passatger,Desconegut                                                                                                                                            ,Unknown,Unknown,Ferit lleu: Hospitalització fins a 24h,429398.22 ,4587988.75,2.153769143,41.438520813
2023S004444    ,-1,Unknown,-1,Unknown,-1,Unknown,Unknown,Saturday,2023,7,July,22,Afternoon,14,No és causa del  vianant,Autobús articulat,Dona,26,Passatger,Desconegut                                                                                                                                            ,Unknown,Unknown,Ferit lleu: Rebutja assistència sanitària,434419.1  ,4584784.71,2.214211356,41.410088881
2023S004444    ,-1,Unknown,-1,Unknown,-1,Unknown,Unknown,Saturday,2023,7,July,22,Afternoon,14,No és causa del  vianant,Autobús articulat,Dona,64,Passatger,Desconegut                                                                                                                                            ,Unknown,Unknown,Ferit lleu: Hospitalització fins a 24h,434419.1  ,4584784.71,2.214211356,41.410088881
2023S004444    ,-1,Unknown,-1,Unknown,-1,Unknown,Unknown,Saturday,2023,7,July,22,Afternoon,14,No és causa del  vianant,Autobús articulat,Home,38,Passatger,Desconegut                                                                                                                                            ,Unknown,Unknown,Ferit lleu: Rebutja assistència sanitària,434419.1  ,4584784.71,2.214211356,41.410088881
2023S004445    ,2,Eixample,10,Sant Antoni,349706,Comte d'Urgell,0012 0012,Saturday,2023,7,July,22,Morning,13,No és causa del  vianant,Bicicleta,Dona,43,Pedestrian,En pas regulat per semàfor                                                                                                                            ,Unknown,Unknown,Ferit lleu: Rebutja assistència sanitària,430029.45 ,4581426.92,2.162083363,41.379476019
2023S004446    ,2,Eixample,7,la Dreta de l'Eixample,169409,Corts Catalanes,0648 0648,Saturday,2023,7,July,22,Morning,13,No és causa del  vianant,Motorcycle,Home,27,Passatger,Desconegut                                                                                                                                            ,Unknown,Unknown,Ferit lleu: Hospitalització fins a 24h,430694.58 ,4582659.98,2.169895858,41.390639421
2023S004446    ,2,Eixample,7,la Dreta de l'Eixample,169409,Corts Catalanes,0648 0648,Saturday,2023,7,July,22,Morning,13,No és causa del  vianant,Motorcycle,Home,35,Driver,Desconegut                                                                                                                                            ,Unknown,Oci i entreteniment,Ferit lleu: Hospitalització fins a 24h,430694.58 ,4582659.98,2.169895858,41.390639421
2023S004447    ,8,Nou Barris,48,la Guineueta,351901,Valldaura,0115 0115,Saturday,2023,7,July,22,Afternoon,16,No és causa del  vianant,Car,Home,47,Driver,Desconegut                                                                                                                                            ,Unknown,Es desconeix,Ferit lleu: Amb assistència sanitària en lloc d'accident,430268.77 ,4588059.45,2.164180427,41.439233695
2023S004448    ,3,Sants-Montjuïc,11,el Poble-sec,198804,Paral·lel,0115B0115B,Saturday,2023,7,July,22,Afternoon,15,No és causa del  vianant,Motorcycle,Dona,53,Passatger,Desconegut                                                                                                                                            ,Unknown,Unknown,Ferit lleu: Hospitalització fins a 24h,429928.43 ,4580928.19,2.160933058,41.374975315
2023S004449    ,5,Sarrià-Sant Gervasi,24,les Tres Torres,113007,Escoles Pies,0037 0039,Saturday,2023,7,July,22,Afternoon,15,No és causa del  vianant,"Camió rígid <= 3,5 tones",Home,31,Driver,Desconegut                                                                                                                                            ,Unknown,Altres activitats,Ferit lleu: Amb assistència sanitària en lloc d'accident,427631.17 ,4583529.52,2.1331536,41.398201075
2023S004449    ,5,Sarrià-Sant Gervasi,24,les Tres Torres,113007,Escoles Pies,0037 0039,Saturday,2023,7,July,22,Afternoon,15,No és causa del  vianant,"Camió rígid <= 3,5 tones",Home,55,Passatger,Desconegut                                                                                                                                            ,Unknown,Unknown,Ferit lleu: Amb assistència sanitària en lloc d'accident,427631.17 ,4583529.52,2.1331536,41.398201075
2023S004449    ,5,Sarrià-Sant Gervasi,24,les Tres Torres,113007,Escoles Pies,0037 0039,Saturday,2023,7,July,22,Afternoon,15,No és causa del  vianant,Car,Home,89,Driver,Desconegut                                                                                                                                            ,Unknown,Es desconeix,Ferit lleu: Hospitalització fins a 24h,427631.17 ,4583529.52,2.1331536,41.398201075
2023S004450    ,-1,Unknown,-1,Unknown,-1,Unknown,Unknown,Saturday,2023,7,July,22,Afternoon,15,No és causa del  vianant,Bus,Dona,37,Passatger,Desconegut                                                                                                                                            ,Unknown,Unknown,Ferit lleu: Hospitalització fins a 24h,434359.57 ,4584802.93,2.213497176,41.410248122
2023S004451    ,3,Sants-Montjuïc,18,Sants,88001,Comtes de Bell-lloc,0113 0113,Saturday,2023,7,July,22,Afternoon,16,No és causa del  vianant,Bicicleta,Home,24,Driver,Desconegut                                                                                                                                            ,Unknown,Es desconeix,Ferit lleu: Hospitalització fins a 24h,427920.05 ,4581643.37,2.136833557,41.381239205
2023S004452    ,2,Eixample,8,l'Antiga Esquerra de l'Eixample,268003,Provença,0164B0164B,Saturday,2023,7,July,22,Afternoon,16,No és causa del  vianant,Veh. mobilitat personal amb motor,Home,26,Driver,Desconegut                                                                                                                                            ,Unknown,In itínere,Ferit lleu: Hospitalització fins a 24h,429263.55 ,4582400.41,2.152811049,41.388176913
2023S004453    ,5,Sarrià-Sant Gervasi,22,"Vallvidrera, el Tibidabo i les Planes",335654,Vallvidrera al Tibidabo,0006 0008,Saturday,2023,7,July,22,Afternoon,18,No és causa del  vianant,Car,Dona,30,Passatger,Desconegut                                                                                                                                            ,Unknown,Unknown,Ferit lleu: Hospitalització fins a 24h,425826.22 ,4585547.39,2.111316657,41.416210523
2023S004453    ,5,Sarrià-Sant Gervasi,22,"Vallvidrera, el Tibidabo i les Planes",335654,Vallvidrera al Tibidabo,0006 0008,Saturday,2023,7,July,22,Afternoon,18,No és causa del  vianant,Car,Dona,27,Driver,Desconegut                                                                                                                                            ,Unknown,Oci i entreteniment,Ferit lleu: Hospitalització fins a 24h,425826.22 ,4585547.39,2.111316657,41.416210523
2023S004454    ,2,Eixample,7,la Dreta de l'Eixample,350308,València,0347 0347,Saturday,2023,7,July,22,Afternoon,20,No és causa del  vianant,Ciclomotor,Dona,22,Driver,Desconegut                                                                                                                                            ,Unknown,Oci i entreteniment,Ferit lleu: Hospitalització fins a 24h,430721.45 ,4583472.37,2.170124235,41.39795868
2023S004455    ,3,Sants-Montjuïc,15,Hostafrancs,331507,Tarragona,0177 0181,Saturday,2023,7,July,22,Afternoon,20,Creuar per fora pas de vianants,Car,Home,46,Pedestrian,Fora del pas                                                                                                                                          ,Es desconeix,Unknown,Ferit greu: hospitalització superior a 24h,428525.15 ,4581452.65,2.144091995,41.379575468
2023S004456    ,10,Sant Martí,69,Diagonal Mar i el Front Marítim del Poblenou,700892,Garcia Fària,0063X0069X,Saturday,2023,7,July,22,Night,23,No és causa del  vianant,Motorcycle,Home,40,Driver,Desconegut                                                                                                                                            ,Unknown,Oci i entreteniment,Ferit lleu: Amb assistència sanitària en lloc d'accident,434403.02 ,4584111.59,2.214091981,41.404024934
2023S004457    ,1,Ciutat Vella,1,el Raval,198804,Paral·lel,0054 0054,Saturday,2023,7,July,22,Night,22,No és causa del  vianant,Ciclomotor,Home,32,Driver,Desconegut                                                                                                                                            ,Unknown,Oci i entreteniment,Ferit lleu: Hospitalització fins a 24h,430748.02 ,4580935.14,2.170732244,41.375108898
2023S004458    ,2,Eixample,9,la Nova Esquerra de l'Eixample,349706,Comte d'Urgell,0121 0123,Saturday,2023,7,July,22,Night,22,No és causa del  vianant,Motorcycle,Dona,15,Passatger,Desconegut                                                                                                                                            ,Unknown,Unknown,Ferit lleu: Hospitalització fins a 24h,429407.84 ,4582040.16,2.154578693,41.384944945
2023S004458    ,2,Eixample,9,la Nova Esquerra de l'Eixample,349706,Comte d'Urgell,0121 0123,Saturday,2023,7,July,22,Night,22,No és causa del  vianant,Car,Home,36,Driver,Desconegut                                                                                                                                            ,Unknown,Es desconeix,Ferit lleu: Hospitalització fins a 24h,429407.84 ,4582040.16,2.154578693,41.384944945
2023S004458    ,2,Eixample,9,la Nova Esquerra de l'Eixample,349706,Comte d'Urgell,0121 0123,Saturday,2023,7,July,22,Night,22,No és causa del  vianant,Motorcycle,Dona,47,Driver,Desconegut                                                                                                                                            ,Unknown,Oci i entreteniment,Ferit lleu: Hospitalització fins a 24h,429407.84 ,4582040.16,2.154578693,41.384944945
2023S004459    ,9,Sant Andreu,59,el Bon Pastor,701498,B-10 (Besòs),000070000,Saturday,2023,7,July,22,Night,23,No és causa del  vianant,Car,Dona,24,Passatger,Desconegut                                                                                                                                            ,Unknown,Unknown,Ferit lleu: Rebutja assistència sanitària,433072.06 ,4589234.31,2.197602819,41.450053966
2023S004459    ,9,Sant Andreu,59,el Bon Pastor,701498,B-10 (Besòs),000070000,Saturday,2023,7,July,22,Night,23,No és causa del  vianant,Car,Dona,25,Passatger,Desconegut                                                                                                                                            ,Unknown,Unknown,Ferit lleu: Rebutja assistència sanitària,433072.06 ,4589234.31,2.197602819,41.450053966
2023S004459    ,9,Sant Andreu,59,el Bon Pastor,701498,B-10 (Besòs),000070000,Saturday,2023,7,July,22,Night,23,No és causa del  vianant,Car,Dona,45,Passatger,Desconegut                                                                                                                                            ,Unknown,Unknown,Ferit lleu: Rebutja assistència sanitària,433072.06 ,4589234.31,2.197602819,41.450053966
2023S004459    ,9,Sant Andreu,59,el Bon Pastor,701498,B-10 (Besòs),000070000,Saturday,2023,7,July,22,Night,23,No és causa del  vianant,Car,Home,14,Passatger,Desconegut                                                                                                                                            ,Unknown,Unknown,Ferit lleu: Rebutja assistència sanitària,433072.06 ,4589234.31,2.197602819,41.450053966
2023S004459    ,9,Sant Andreu,59,el Bon Pastor,701498,B-10 (Besòs),000070000,Saturday,2023,7,July,22,Night,23,No és causa del  vianant,Car,Home,28,Driver,Desconegut                                                                                                                                            ,Unknown,Oci i entreteniment,Ferit lleu: Rebutja assistència sanitària,433072.06 ,4589234.31,2.197602819,41.450053966
2023S004460    ,4,Les Corts,19,les Corts,343903,Corts,0293 0293,Diumenge,2023,7,July,23,Night,1,No és causa del  vianant,Motorcycle,Home,37,Driver,Desconegut                                                                                                                                            ,Unknown,Es desconeix,Ferit lleu: Hospitalització fins a 24h,427788.9  ,4582270.55,2.135190448,41.386876212
2023S004461    ,8,Nou Barris,53,la Trinitat Nova,4409,Aiguablava,0075 0075,Diumenge,2023,7,July,23,Night,4,No és causa del  vianant,Bicicleta,Home,22,Driver,Desconegut                                                                                                                                            ,Unknown,Altres activitats,Ferit lleu: Hospitalització fins a 24h,431987.67 ,4589255.87,2.184619145,41.450156942
2023S004462    ,3,Sants-Montjuïc,15,Hostafrancs,89004,Consell de Cent,0002 0002,Diumenge,2023,7,July,23,Morning,7,No és causa del  vianant,Ciclomotor,Home,34,Driver,Desconegut                                                                                                                                            ,Unknown,Oci i entreteniment,Ferit lleu: Hospitalització fins a 24h,428479.25 ,4580984.01,2.143598456,41.375350509
2023S004463    ,2,Eixample,5,el Fort Pienc,169409,Corts Catalanes,0701 0703,Diumenge,2023,7,July,23,Morning,10,No és causa del  vianant,Motorcycle,Home,28,Driver,Desconegut                                                                                                                                            ,Unknown,Oci i entreteniment,Ferit lleu: Amb assistència sanitària en lloc d'accident,431350.64 ,4583265.77,2.177673671,41.396151889
2023S004464    ,2,Eixample,5,el Fort Pienc,225500,Nàpols,0182 0182,Diumenge,2023,7,July,23,Morning,13,No és causa del  vianant,Motorcycle,Home,25,Driver,Desconegut                                                                                                                                            ,Unknown,Es desconeix,Ferit lleu: Amb assistència sanitària en lloc d'accident,431165.13 ,4583515.16,2.175426404,41.398382202
2023S004465    ,2,Eixample,9,la Nova Esquerra de l'Eixample,268003,Provença,0054 0054,Diumenge,2023,7,July,23,Afternoon,14,No és causa del  vianant,Bicicleta,Dona,29,Driver,Desconegut                                                                                                                                            ,Unknown,Oci i entreteniment,Ferit lleu: Hospitalització fins a 24h,428690.81 ,4581838.58,2.14602751,41.383066112
2023S004466    ,7,Horta-Guinardó,35,el Guinardó,367402,Volart,0037 0037,Diumenge,2023,7,July,23,Afternoon,15,No és causa del  vianant,Motorcycle,Dona,34,Passatger,Desconegut                                                                                                                                            ,Unknown,Unknown,Ferit lleu: Hospitalització fins a 24h,431396.41 ,4585509.24,2.177966682,41.41636203
2023S004466    ,7,Horta-Guinardó,35,el Guinardó,367402,Volart,0037 0037,Diumenge,2023,7,July,23,Afternoon,15,No és causa del  vianant,Motorcycle,Home,41,Driver,Desconegut                                                                                                                                            ,Unknown,Es desconeix,Ferit lleu: Hospitalització fins a 24h,431396.41 ,4585509.24,2.177966682,41.41636203
2023S004467    ,6,Gràcia,31,la Vila de Gràcia,28000,Augusta,0048 0054,Diumenge,2023,7,July,23,Afternoon,17,No és causa del  vianant,Ciclomotor,Dona,18,Passatger,Desconegut                                                                                                                                            ,Unknown,Unknown,Ferit lleu: Amb assistència sanitària en lloc d'accident,429338.23 ,4583530.7 ,2.153572236,41.398363609
2023S004467    ,6,Gràcia,31,la Vila de Gràcia,28000,Augusta,0048 0054,Diumenge,2023,7,July,23,Afternoon,17,No és causa del  vianant,Ciclomotor,Home,18,Driver,Desconegut                                                                                                                                            ,Unknown,Oci i entreteniment,Ferit lleu: Amb assistència sanitària en lloc d'accident,429338.23 ,4583530.7 ,2.153572236,41.398363609
2023S004467    ,6,Gràcia,31,la Vila de Gràcia,28000,Augusta,0048 0054,Diumenge,2023,7,July,23,Afternoon,17,No és causa del  vianant,Motorcycle,Home,47,Driver,Desconegut                                                                                                                                            ,Unknown,Oci i entreteniment,Ferit lleu: Rebutja assistència sanitària,429338.23 ,4583530.7 ,2.153572236,41.398363609
2023S004468    ,2,Eixample,5,el Fort Pienc,73900,Castillejos,0165 0165,Diumenge,2023,7,July,23,Afternoon,20,No és causa del  vianant,Motorcycle,Dona,56,Driver,Desconegut                                                                                                                                            ,Unknown,In itínere,Ferit lleu: Amb assistència sanitària en lloc d'accident,432046.09 ,4583751.41,2.185937483,41.400585014