Case_Number,District_Code,District_Name,Neighborhood_Code,Neighborhood_Name,Street_Code,Street_Name,Postal_Code,Day_of_Week,Year,Month_Code,Month_Name,Day_of_Month,Shift_Description,Hour_of_Day,Pedestrian_Cause_Description,Involved_Vehicle_Type,Gender_Description,Age,Person_Type_Description,Pedestrian_Accident_Location_Description,Pedestrian_Movement_Reason_Description,Driver_Movement_Reason_Description,Victimization_Description,UTM_X_Coordinate,UTM_Y_Coordinate,Longitude,Latitude
2023S004536    ,5,Sarrià-Sant Gervasi,23,Sarrià,701267,Dalt (Besòs),000730000,Dimecres,2023,7,July,26,Morning,13,No és causa del  vianant,Motorcycle,Home,69,Driver,Desconegut                                                                                                                                            ,Unknown,Es desconeix,Ferit lleu: Hospitalització fins a 24h,426262.38 ,4584142.67,2.116706389,41.403599021
2023S004537    ,2,Eixample,7,la Dreta de l'Eixample,169409,Corts Catalanes,0601 0601,Dimecres,2023,7,July,26,Afternoon,14,No és causa del  vianant,Motorcycle,Home,59,Driver,Desconegut                                                                                                                                            ,Unknown,Es desconeix,Ferit lleu: Hospitalització fins a 24h,430411.85 ,4582420.48,2.166541924,41.388457894
2023S004538    ,4,Les Corts,20,la Maternitat i Sant Ramon,343903,Corts,0129 0129,Dimecres,2023,7,July,26,Afternoon,17,No és causa del  vianant,Furgoneta,Dona,78,Pedestrian,En pas regulat per semàfor                                                                                                                            ,Altres activitats,Unknown,Ferit lleu: Amb assistència sanitària en lloc d'accident,426976.16 ,4581591.52,2.125552582,41.380687053
2023S004539    ,5,Sarrià-Sant Gervasi,26,Sant Gervasi - Galvany,55807,Francesc Macià,0006 0006,Dimecres,2023,7,July,26,Afternoon,16,No és causa del  vianant,Motorcycle,Home,22,Passatger,Desconegut                                                                                                                                            ,Unknown,Unknown,Ferit lleu: Hospitalització fins a 24h,428550.72 ,4582946.04,2.14422154,41.393028167
2023S004539    ,5,Sarrià-Sant Gervasi,26,Sant Gervasi - Galvany,55807,Francesc Macià,0006 0006,Dimecres,2023,7,July,26,Afternoon,16,No és causa del  vianant,Motorcycle,Dona,23,Driver,Desconegut                                                                                                                                            ,Unknown,Es desconeix,Ferit lleu: Hospitalització fins a 24h,428550.72 ,4582946.04,2.14422154,41.393028167
2023S004540    ,3,Sants-Montjuïc,11,el Poble-sec,230601,Mare de Déu de Port,0054F0054F,Dimecres,2023,7,July,26,Afternoon,17,No és causa del  vianant,Car,Dona,52,Passatger,Desconegut                                                                                                                                            ,Unknown,Unknown,Ferit lleu: Hospitalització fins a 24h,429775.47 ,4578643.74,2.159368751,41.354386597
2023S004540    ,3,Sants-Montjuïc,11,el Poble-sec,230601,Mare de Déu de Port,0054F0054F,Dimecres,2023,7,July,26,Afternoon,17,No és causa del  vianant,Furgoneta,Dona,43,Driver,Desconegut                                                                                                                                            ,Unknown,In itínere,Ferit lleu: Amb assistència sanitària en lloc d'accident,429775.47 ,4578643.74,2.159368751,41.354386597
2023S004541    ,1,Ciutat Vella,2,el Barri Gòtic,177101,Laietana,0003 0003,Dimecres,2023,7,July,26,Afternoon,19,No és causa del  vianant,Motorcycle,Home,13,Passatger,Desconegut                                                                                                                                            ,Unknown,Unknown,Ferit lleu: Hospitalització fins a 24h,431586.95 ,4581732.67,2.180673445,41.382363837
2023S004541    ,1,Ciutat Vella,2,el Barri Gòtic,177101,Laietana,0003 0003,Dimecres,2023,7,July,26,Afternoon,19,No és causa del  vianant,Motorcycle,Dona,34,Driver,Desconegut                                                                                                                                            ,Unknown,Oci i entreteniment,Ferit lleu: Hospitalització fins a 24h,431586.95 ,4581732.67,2.180673445,41.382363837
2023S004541    ,1,Ciutat Vella,2,el Barri Gòtic,177101,Laietana,0003 0003,Dimecres,2023,7,July,26,Afternoon,19,No és causa del  vianant,Motorcycle,Home,51,Driver,Desconegut                                                                                                                                            ,Unknown,Oci i entreteniment,Ferit lleu: Hospitalització fins a 24h,431586.95 ,4581732.67,2.180673445,41.382363837
2023S004542    ,2,Eixample,8,l'Antiga Esquerra de l'Eixample,23403,Aribau,0103 0103,Dimecres,2023,7,July,26,Afternoon,18,No és causa del  vianant,Car,Home,66,Driver,Desconegut                                                                                                                                            ,Unknown,Es desconeix,Ferit lleu: Hospitalització fins a 24h,429613.72 ,4582603.16,2.156975354,41.390033749
2023S004543    ,9,Sant Andreu,59,el Bon Pastor,151957,Guayaquil,0009 0009,Dimecres,2023,7,July,26,Afternoon,18,No és causa del  vianant,Car,Home,76,Passatger,Desconegut                                                                                                                                            ,Unknown,Unknown,Ferit lleu: Hospitalització fins a 24h,433753.46 ,4588457.88,2.205845107,41.443117467
2023S004543    ,9,Sant Andreu,59,el Bon Pastor,151957,Guayaquil,0009 0009,Dimecres,2023,7,July,26,Afternoon,18,No és causa del  vianant,Car,Home,48,Driver,Desconegut                                                                                                                                            ,Unknown,Oci i entreteniment,Ferit lleu: Hospitalització fins a 24h,433753.46 ,4588457.88,2.205845107,41.443117467
2023S004544    ,8,Nou Barris,52,la Prosperitat,701268,Dalt (Llobregat),001500000,Dimecres,2023,7,July,26,Afternoon,21,No és causa del  vianant,Motorcycle,Dona,53,Driver,Desconegut                                                                                                                                            ,Unknown,Oci i entreteniment,Ferit lleu: Hospitalització fins a 24h,431720.19 ,4588848.82,2.181463185,41.446468071
2023S004545    ,2,Eixample,10,Sant Antoni,361406,Viladomat,0098 0098,Dimecres,2023,7,July,26,Afternoon,18,No és causa del  vianant,Motorcycle,Dona,35,Driver,Desconegut                                                                                                                                            ,Unknown,Es desconeix,Ferit lleu: Hospitalització fins a 24h,429650.92 ,4581430.44,2.157556503,41.379474699
2023S004546    ,2,Eixample,6,la Sagrada Família,238400,Padilla,0265 0265,Dimecres,2023,7,July,26,Afternoon,21,No és causa del  vianant,Bicicleta,Home,28,Driver,Desconegut                                                                                                                                            ,Unknown,Altres activitats,Ferit greu: hospitalització superior a 24h,431273.03 ,4584371.26,2.176619797,41.406102064
2023S004546    ,2,Eixample,6,la Sagrada Família,238400,Padilla,0265 0265,Dimecres,2023,7,July,26,Afternoon,21,No és causa del  vianant,Motorcycle,Home,32,Driver,Desconegut                                                                                                                                            ,Unknown,Es desconeix,Ferit greu: hospitalització superior a 24h,431273.03 ,4584371.26,2.176619797,41.406102064
2023S004547    ,2,Eixample,8,l'Antiga Esquerra de l'Eixample,18505,Aragó,0175 0179,Dimecres,2023,7,July,26,Afternoon,16,No és causa del  vianant,Motorcycle,Home,68,Driver,Desconegut                                                                                                                                            ,Unknown,Es desconeix,Ferit lleu: Hospitalització fins a 24h,429699.48 ,4582290.78,2.158037308,41.38722775
2023S004548    ,9,Sant Andreu,62,el Congrés i els Indians,194406,Maragall,0140 0140,Dimecres,2023,7,July,26,Afternoon,19,No és causa del  vianant,Motorcycle,Home,23,Driver,Desconegut                                                                                                                                            ,Unknown,Es desconeix,Ferit lleu: Hospitalització fins a 24h,431457.6  ,4586212.43,2.178619071,41.422700653
2023S004549    ,3,Sants-Montjuïc,16,la Bordeta,160903,Ildefons Cerdà,0004X0004X,Dimecres,2023,7,July,26,Afternoon,21,No és causa del  vianant,Motorcycle,Dona,36,Driver,Desconegut                                                                                                                                            ,Unknown,Es desconeix,Ferit lleu: Hospitalització fins a 24h,427718.43 ,4579750.57,2.134648336,41.364173341
2023S004550    ,2,Eixample,5,el Fort Pienc,169409,Corts Catalanes,0722 0722,Dimecres,2023,7,July,26,Night,22,No és causa del  vianant,Ciclomotor,Dona,24,Passatger,Desconegut                                                                                                                                            ,Unknown,Unknown,Ferit lleu: Amb assistència sanitària en lloc d'accident,431363.28 ,4583313.93,2.177819397,41.396586731
2023S004550    ,2,Eixample,5,el Fort Pienc,169409,Corts Catalanes,0722 0722,Dimecres,2023,7,July,26,Night,22,No és causa del  vianant,Ciclomotor,Home,27,Driver,Desconegut                                                                                                                                            ,Unknown,Oci i entreteniment,Ferit lleu: Amb assistència sanitària en lloc d'accident,431363.28 ,4583313.93,2.177819397,41.396586731
2023S004551    ,2,Eixample,10,Sant Antoni,87009,Comte Borrell,0077 0077,Thursday,2023,7,July,27,Night,1,No és causa del  vianant,Bicicleta,Home,40,Driver,Desconegut                                                                                                                                            ,Unknown,Es desconeix,Ferit lleu: Rebutja assistència sanitària,429933.23 ,4581333.03,2.160943627,41.378622003
2023S004552    ,3,Sants-Montjuïc,14,la Font de la Guatlla,169409,Corts Catalanes,0302 0302,Thursday,2023,7,July,27,Morning,7,No és causa del  vianant,Motorcycle,Home,48,Driver,Desconegut                                                                                                                                            ,Unknown,Es desconeix,Ferit lleu: Hospitalització fins a 24h,428694.98 ,4580660.99,2.146215993,41.37246033
2023S004553    ,7,Horta-Guinardó,35,el Guinardó,347201,Trobador,0031 0031,Thursday,2023,7,July,27,Morning,7,No és causa del  vianant,Motorcycle,Home,53,Driver,Desconegut                                                                                                                                            ,Unknown,En missió,Ferit lleu: Hospitalització fins a 24h,431411.3  ,4585396.13,2.17815767,41.415344557
2023S004554    ,7,Horta-Guinardó,41,la Vall d'Hebron,701268,Dalt (Llobregat),001170000,Thursday,2023,7,July,27,Morning,8,No és causa del  vianant,Motorcycle,Home,28,Driver,Desconegut                                                                                                                                            ,Unknown,In itínere,Ferit lleu: Hospitalització fins a 24h,428871.6  ,4587569.59,2.147515512,41.434699118
2023S004555    ,2,Eixample,5,el Fort Pienc,197302,Marina,0178 0178,Thursday,2023,7,July,27,Morning,8,No és causa del  vianant,Veh. mobilitat personal amb motor,Home,46,Driver,Desconegut                                                                                                                                            ,Unknown,Es desconeix,Ferit lleu: Hospitalització fins a 24h,431648.43 ,4583591.24,2.181198802,41.399108683
2023S004556    ,2,Eixample,8,l'Antiga Esquerra de l'Eixample,169409,Corts Catalanes,0525 0525,Thursday,2023,7,July,27,Morning,10,No és causa del  vianant,Furgoneta,Dona,69,Pedestrian,En pas regulat per semàfor                                                                                                                            ,Es desconeix,Unknown,Ferit lleu: Hospitalització fins a 24h,429737.74 ,4581724.85,2.15856054,41.382133946
2023S004557    ,3,Sants-Montjuïc,11,el Poble-sec,198804,Paral·lel,0081 0081,Thursday,2023,7,July,27,Morning,9,No és causa del  vianant,Motorcycle,Dona,42,Driver,Desconegut                                                                                                                                            ,Unknown,Oci i entreteniment,Ferit lleu: Hospitalització fins a 24h,430399.33 ,4580900.2 ,2.166566903,41.374764105
2023S004558    ,10,Sant Martí,68,el Poblenou,115603,Espronceda,0045 0045,Thursday,2023,7,July,27,Night,5,No és causa del  vianant,Motorcycle,Dona,61,Driver,Desconegut                                                                                                                                            ,Unknown,Es desconeix,Ferit lleu: Hospitalització fins a 24h,433874.39 ,4583996.71,2.207780738,41.402946904
2023S004559    ,2,Eixample,8,l'Antiga Esquerra de l'Eixample,349706,Comte d'Urgell,0202 0202,Thursday,2023,7,July,27,Morning,8,No és causa del  vianant,Motorcycle,Dona,26,Driver,Desconegut                                                                                                                                            ,Unknown,En missió,Ferit lleu: Hospitalització fins a 24h,429073.81 ,4582402.87,2.150541557,41.388182352
2023S004562    ,8,Nou Barris,50,les Roquetes,212304,Mina de la Ciutat,0059 0061,Thursday,2023,7,July,27,Morning,13,Altres,Taxi,Home,24,Pedestrian,En pas regulat per semàfor                                                                                                                            ,Oci i entreteniment,Unknown,Ferit lleu: Amb assistència sanitària en lloc d'accident,431185.61 ,4589040.34,2.175042258,41.448147344
2023S004563    ,7,Horta-Guinardó,43,Horta,701080,Estatut,0001 0001,Thursday,2023,7,July,27,Morning,9,No és causa del  vianant,Car,Dona,35,Driver,Desconegut                                                                                                                                            ,Unknown,In itínere,Ferit lleu: Hospitalització fins a 24h,429493.73 ,4587108.15,2.155015073,41.430598006
2023S004564    ,7,Horta-Guinardó,33,el Baix Guinardó,152905,Guinardó,0033 0033,Thursday,2023,7,July,27,Morning,13,No és causa del  vianant,Motorcycle,Home,59,Driver,Desconegut                                                                                                                                            ,Unknown,Es desconeix,Ferit lleu: Hospitalització fins a 24h,430397.3  ,4585071.83,2.166062916,41.412336467
2023S004565    ,2,Eixample,6,la Sagrada Família,350308,València,0477 0477,Thursday,2023,7,July,27,Morning,12,No és causa del  vianant,Bicicleta,Home,46,Driver,Desconegut                                                                                                                                            ,Unknown,Altres activitats,Ferit lleu: Amb assistència sanitària en lloc d'accident,431501.68 ,4584234.31,2.179370625,41.404888124
2023S004566    ,4,Les Corts,20,la Maternitat i Sant Ramon,701434,Mig (Descendent),000190000,Thursday,2023,7,July,27,Morning,13,No és causa del  vianant,Veh. mobilitat personal amb motor,Dona,20,Driver,Desconegut                                                                                                                                            ,Unknown,Oci i entreteniment,Ferit lleu: Hospitalització fins a 24h,427191.1  ,4581776.77,2.128100585,41.382375016
2023S004567    ,1,Ciutat Vella,1,el Raval,151505,Guàrdia,0014 0014,Thursday,2023,7,July,27,Afternoon,18,No és causa del  vianant,Motorcycle,Dona,5,Pedestrian,Altres                                                                                                                                                ,Oci i entreteniment,Unknown,Ferit lleu: Hospitalització fins a 24h,431039.01 ,4581216.51,2.174179644,41.377668123
2023S004568    ,1,Ciutat Vella,3,la Barceloneta,325107,Trelawny,0006 0006,Thursday,2023,7,July,27,Afternoon,14,No és causa del  vianant,Bus,Dona,75,Passatger,Desconegut                                                                                                                                            ,Unknown,Unknown,Ferit lleu: Hospitalització fins a 24h,432767.26 ,4582084.73,2.194749208,41.385634315
2023S004569    ,10,Sant Martí,67,la Vila Olímpica del Poblenou,368008,Wellington,0042 0042,Thursday,2023,7,July,27,Morning,13,No és causa del  vianant,Bicicleta,Home,52,Driver,Desconegut                                                                                                                                            ,Unknown,In itínere,Ferit lleu: Hospitalització fins a 24h,432308.98 ,4582533.2 ,2.189218407,41.389635114
2023S004569    ,10,Sant Martí,67,la Vila Olímpica del Poblenou,368008,Wellington,0042 0042,Thursday,2023,7,July,27,Morning,13,No és causa del  vianant,Bicicleta,Home,55,Driver,Desconegut                                                                                                                                            ,Unknown,In itínere,Ferit lleu: Amb assistència sanitària en lloc d'accident,432308.98 ,4582533.2 ,2.189218407,41.389635114
2023S004570    ,5,Sarrià-Sant Gervasi,25,Sant Gervasi - la Bonanova,143904,General Mitre,0145 0145,Thursday,2023,7,July,27,Afternoon,15,No és causa del  vianant,Furgoneta,Dona,47,Pedestrian,Desconegut                                                                                                                                            ,Unknown,Unknown,Ferit lleu: Rebutja assistència sanitària,428034.16 ,4584036.69,2.137913576,41.402805141
2023S004570    ,5,Sarrià-Sant Gervasi,25,Sant Gervasi - la Bonanova,143904,General Mitre,0145 0145,Thursday,2023,7,July,27,Afternoon,15,No és causa del  vianant,Furgoneta,Home,80,Driver,Desconegut                                                                                                                                            ,Unknown,Es desconeix,Ferit lleu: Hospitalització fins a 24h,428034.16 ,4584036.69,2.137913576,41.402805141
2023S004571    ,9,Sant Andreu,61,la Sagrera,209900,Meridiana,0298 0298,Thursday,2023,7,July,27,Afternoon,16,No és causa del  vianant,Veh. mobilitat personal amb motor,Dona,54,Pedestrian,Altres                                                                                                                                                ,Unknown,Unknown,Ferit lleu: Hospitalització fins a 24h,432152.02 ,4586223.7 ,2.186927218,41.422861136
2023S004572    ,5,Sarrià-Sant Gervasi,25,Sant Gervasi - la Bonanova,38706,Benedetti,0003X0003X,Thursday,2023,7,July,27,Afternoon,20,No és causa del  vianant,Autocaravana,Dona,32,Driver,Desconegut                                                                                                                                            ,Unknown,Oci i entreteniment,Ferit lleu: Hospitalització fins a 24h,426972.87 ,4584864.31,2.125118346,41.410163403
2023S004573    ,3,Sants-Montjuïc,11,el Poble-sec,114000,Espanya,9999 9999,Thursday,2023,7,July,27,Afternoon,14,No és causa del  vianant,Motorcycle,Home,50,Driver,Desconegut                                                                                                                                            ,Unknown,In itínere,Ferit lleu: Hospitalització fins a 24h,428963.08 ,4580901.67,2.149393354,41.374651778
2023S004575    ,10,Sant Martí,68,el Poblenou,701265,Litoral (Besòs),000750000,Thursday,2023,7,July,27,Afternoon,18,No és causa del  vianant,Motorcycle,Home,36,Driver,Desconegut                                                                                                                                            ,Unknown,Es desconeix,Ferit lleu: Hospitalització fins a 24h,433778.05 ,4583139   ,2.206722149,41.39521378
2023S004576    ,7,Horta-Guinardó,41,la Vall d'Hebron,700812,Can Marcet,0036 0038,Thursday,2023,7,July,27,Afternoon,19,No és causa del  vianant,Motorcycle,Home,38,Driver,Desconegut                                                                                                                                            ,Unknown,Es desconeix,Ferit lleu: Hospitalització fins a 24h,428951.6  ,4587588.07,2.148470783,41.434872644
2023S004578    ,5,Sarrià-Sant Gervasi,25,Sant Gervasi - la Bonanova,701268,Dalt (Llobregat),000880000,Friday,2023,7,July,28,Night,1,No és causa del  vianant,Motorcycle,Home,47,Driver,Desconegut                                                                                                                                            ,Unknown,Oci i entreteniment,Ferit lleu: Hospitalització fins a 24h,427377.64 ,4585159.54,2.129925359,41.412859105
2023S004579    ,2,Eixample,6,la Sagrada Família,197302,Marina,0324 0324,Thursday,2023,7,July,27,Afternoon,19,No és causa del  vianant,Motorcycle,Home,27,Driver,Desconegut                                                                                                                                            ,Unknown,Es desconeix,Ferit lleu: Hospitalització fins a 24h,430879.37 ,4584427.44,2.171904064,41.406574287
2023S004580    ,5,Sarrià-Sant Gervasi,27,el Putxet i el Farró,143904,General Mitre,0220 0220,Friday,2023,7,July,28,Night,0,No és causa del  vianant,Motorcycle,Dona,42,Driver,Desconegut                                                                                                                                            ,Unknown,Oci i entreteniment,Ferit lleu: Amb assistència sanitària en lloc d'accident,428782.88 ,4584341.58,2.146834023,41.405617877
2023S004581    ,8,Nou Barris,49,Canyelles,120807,Favència,0039 0039,Friday,2023,7,July,28,Night,5,No és causa del  vianant,"Camió rígid > 3,5 tones",Home,57,Driver,Desconegut                                                                                                                                            ,Unknown,En missió,Ferit lleu: Hospitalització fins a 24h,430299.16 ,4588304.46,2.164515882,41.441443042
2023S004581    ,8,Nou Barris,49,Canyelles,120807,Favència,0039 0039,Friday,2023,7,July,28,Night,5,No és causa del  vianant,Car,Home,29,Driver,Desconegut                                                                                                                                            ,Unknown,Oci i entreteniment,Ferit lleu: Hospitalització fins a 24h,430299.16 ,4588304.46,2.164515882,41.441443042
2023S004582    ,2,Eixample,8,l'Antiga Esquerra de l'Eixample,18505,Aragó,0172 0172,Thursday,2023,7,July,27,Afternoon,19,No és causa del  vianant,Motorcycle,Home,64,Driver,Desconegut                                                                                                                                            ,Unknown,In itínere,Ferit lleu: Hospitalització fins a 24h,429640.11 ,4582207.73,2.15733693,41.386474552
2023S004583    ,2,Eixample,7,la Dreta de l'Eixample,18505,Aragó,0256 0256,Friday,2023,7,July,28,Night,0,No és causa del  vianant,Bicicleta,Home,32,Driver,Desconegut                                                                                                                                            ,Unknown,Altres activitats,Ferit lleu: Hospitalització fins a 24h,430127.37 ,4582664.91,2.163111437,41.390634721
2023S004584    ,7,Horta-Guinardó,35,el Guinardó,334403,Teodor Llorente,0010U0010U,Thursday,2023,7,July,27,Afternoon,21,No és causa del  vianant,Bicicleta,Dona,52,Driver,Desconegut                                                                                                                                            ,Unknown,Es desconeix,Ferit lleu: Hospitalització fins a 24h,431508.78 ,4585791.16,2.179279225,41.418910782
2023S004585    ,2,Eixample,8,l'Antiga Esquerra de l'Eixample,23403,Aribau,0089 0089,Friday,2023,7,July,28,Night,3,No és causa del  vianant,Veh. mobilitat personal amb motor,Home,24,Driver,Desconegut                                                                                                                                            ,Unknown,Es desconeix,Ferit lleu: Hospitalització fins a 24h,429645.09 ,4582587.71,2.157352332,41.389897342
2023S004586    ,2,Eixample,7,la Dreta de l'Eixample,305100,Sant Joan,0094 0094,Friday,2023,7,July,28,Morning,8,No és causa del  vianant,Motorcycle,Home,34,Driver,Desconegut                                                                                                                                            ,Unknown,Oci i entreteniment,Ferit lleu: Hospitalització fins a 24h,430786.51 ,4583519.87,2.170897011,41.398392104
2023S004587    ,9,Sant Andreu,63,Navas,169908,Josep Estivill,0024 0024,Thursday,2023,7,July,27,Afternoon,18,No és causa del  vianant,Bicicleta,Home,75,Pedestrian,A la vorera / Andana                                                                                                                                  ,Altres activitats,Unknown,Ferit lleu: Amb assistència sanitària en lloc d'accident,432170.87 ,4585607.25,2.187221954,41.417310557
2023S004589    ,2,Eixample,7,la Dreta de l'Eixample,144601,Diagonal,0387 0387,Friday,2023,7,July,28,Morning,13,No és causa del  vianant,Motorcycle,Home,35,Driver,Desconegut                                                                                                                                            ,Unknown,Altres activitats,Ferit lleu: Hospitalització fins a 24h,429756.96 ,4583325.47,2.158604667,41.396551881
2023S004589    ,2,Eixample,7,la Dreta de l'Eixample,144601,Diagonal,0387 0387,Friday,2023,7,July,28,Morning,13,No és causa del  vianant,Motorcycle,Home,38,Passatger,Desconegut                                                                                                                                            ,Unknown,Unknown,Ferit lleu: Hospitalització fins a 24h,429756.96 ,4583325.47,2.158604667,41.396551881
2023S004590    ,8,Nou Barris,47,Can Peguera,119003,Fabra i Puig,0438 0438,Friday,2023,7,July,28,Morning,9,No és causa del  vianant,Ciclomotor,Dona,77,Pedestrian,Altres                                                                                                                                                ,Unknown,Unknown,Ferit lleu: Hospitalització fins a 24h,430272.36 ,4587731.06,2.164261311,41.436276327
2023S004591    ,9,Sant Andreu,60,Sant Andreu,296202,Gran de Sant Andreu,0091 0091,Friday,2023,7,July,28,Morning,12,No és causa del  vianant,Bus,Home,71,Passatger,Desconegut                                                                                                                                            ,Unknown,Unknown,Ferit lleu: Hospitalització fins a 24h,432394.7  ,4587024.47,2.18974154,41.430093887
2023S004594    ,9,Sant Andreu,60,Sant Andreu,296202,Gran de Sant Andreu,0199 0199,Friday,2023,7,July,28,Afternoon,14,No és causa del  vianant,Veh. mobilitat personal amb motor,Dona,76,Pedestrian,Altres                                                                                                                                                ,Unknown,Unknown,Ferit lleu: Hospitalització fins a 24h,432373.83 ,4587394.69,2.189450336,41.43342658
2023S004595    ,3,Sants-Montjuïc,11,el Poble-sec,135203,Foc,0141 0145,Friday,2023,7,July,28,Morning,13,No és causa del  vianant,Motorcycle,Home,40,Driver,Desconegut                                                                                                                                            ,Unknown,Es desconeix,Ferit lleu: Hospitalització fins a 24h,429139.56 ,4579303.27,2.151690417,41.360271056
2023S004597    ,3,Sants-Montjuïc,16,la Bordeta,282252,Blanca,0163 0183,Friday,2023,7,July,28,Afternoon,14,No és causa del  vianant,Motorcycle,Dona,48,Passatger,Desconegut                                                                                                                                            ,Unknown,Unknown,Ferit lleu: Hospitalització fins a 24h,427414.26 ,4580298.28,2.130946365,41.369078986
2023S004597    ,3,Sants-Montjuïc,16,la Bordeta,282252,Blanca,0163 0183,Friday,2023,7,July,28,Afternoon,14,No és causa del  vianant,Motorcycle,Home,44,Driver,Desconegut                                                                                                                                            ,Unknown,Oci i entreteniment,Ferit lleu: Hospitalització fins a 24h,427414.26 ,4580298.28,2.130946365,41.369078986
2023S004598    ,10,Sant Martí,69,Diagonal Mar i el Front Marítim del Poblenou,700892,Garcia Fària,0014S0014S,Friday,2023,7,July,28,Afternoon,15,No és causa del  vianant,Motorcycle,Home,30,Driver,Desconegut                                                                                                                                            ,Unknown,Es desconeix,Ferit lleu: Hospitalització fins a 24h,434299.84 ,4583908.15,2.212879771,41.402184166
2023S004601    ,2,Eixample,9,la Nova Esquerra de l'Eixample,169409,Corts Catalanes,0521 0521,Friday,2023,7,July,28,Afternoon,19,No és causa del  vianant,Motorcycle,Home,39,Driver,Desconegut                                                                                                                                            ,Unknown,Es desconeix,Ferit lleu: Hospitalització fins a 24h,429737.74 ,4581724.85,2.15856054,41.382133946
2023S004602    ,2,Eixample,7,la Dreta de l'Eixample,74506,Catalunya,0030 0032,Friday,2023,7,July,28,Afternoon,15,No és causa del  vianant,Bicicleta,Dona,61,Pedestrian,En pas regulat per semàfor                                                                                                                            ,Oci i entreteniment,Unknown,Ferit lleu: Hospitalització fins a 24h,430345.56 ,4582527.49,2.165736808,41.389415958
2023S004603    ,10,Sant Martí,68,el Poblenou,42306,Bilbao,0116X0116X,Saturday,2023,7,July,29,Night,1,No és causa del  vianant,Veh. mobilitat personal amb motor,Home,25,Driver,Desconegut                                                                                                                                            ,Unknown,Es desconeix,Ferit lleu: Amb assistència sanitària en lloc d'accident,433090.05 ,4584419.2 ,2.198351418,41.406687227
2023S004604    ,2,Eixample,7,la Dreta de l'Eixample,144601,Diagonal,0374B0374B,Saturday,2023,7,July,29,Night,1,No és causa del  vianant,Motorcycle,Home,34,Driver,Desconegut                                                                                                                                            ,Unknown,In itínere,Ferit lleu: Amb assistència sanitària en lloc d'accident,430706.95 ,4583601.64,2.169935992,41.399121724
2023S004604    ,2,Eixample,7,la Dreta de l'Eixample,144601,Diagonal,0374B0374B,Saturday,2023,7,July,29,Night,1,No és causa del  vianant,Veh. mobilitat personal amb motor,Home,27,Driver,Desconegut                                                                                                                                            ,Unknown,Oci i entreteniment,Ferit lleu: Amb assistència sanitària en lloc d'accident,430706.95 ,4583601.64,2.169935992,41.399121724
2023S004605    ,4,Les Corts,21,Pedralbes,701267,Dalt (Besòs),000460000,Saturday,2023,7,July,29,Night,1,No és causa del  vianant,"Camió rígid > 3,5 tones",Home,53,Driver,Desconegut                                                                                                                                            ,Unknown,Servei de neteja o recollida d'escombraries,Ferit lleu: Hospitalització fins a 24h,425006.85 ,4581750.14,2.101983865,41.381934435
2023S004609    ,10,Sant Martí,64,el Camp de l'Arpa del Clot,226400,Las Navas de Tolosa,0293 0293,Friday,2023,7,July,28,Afternoon,21,No és causa del  vianant,Car,Dona,58,Driver,Desconegut                                                                                                                                            ,Unknown,Es desconeix,Ferit lleu: Hospitalització fins a 24h,432117.37 ,4585439.3 ,2.186600685,41.415793363
2023S004610    ,2,Eixample,7,la Dreta de l'Eixample,268003,Provença,0241 0241,Friday,2023,7,July,28,Morning,11,No és causa del  vianant,"Camió rígid <= 3,5 tones",Dona,63,Pedestrian,Fora del pas                                                                                                                                          ,Unknown,Unknown,Ferit lleu: Hospitalització fins a 24h,429868.7  ,4582996.42,2.159979329,41.393597996
2023S004611    ,10,Sant Martí,64,el Camp de l'Arpa del Clot,286300,Rogent,0001 0001,Saturday,2023,7,July,29,Morning,13,No és causa del  vianant,Ciclomotor,Dona,51,Driver,Desconegut                                                                                                                                            ,Unknown,Es desconeix,Ferit lleu: Amb assistència sanitària en lloc d'accident,432131.07 ,4584631.66,2.186855248,41.408520352
2023S004612    ,10,Sant Martí,67,la Vila Olímpica del Poblenou,701266,Litoral (Llobregat),0022E0000,Saturday,2023,7,July,29,Afternoon,19,No és causa del  vianant,Ciclomotor,Home,26,Driver,Desconegut                                                                                                                                            ,Unknown,Oci i entreteniment,Ferit lleu: Amb assistència sanitària en lloc d'accident,432731.79 ,4582228.94,2.194308993,41.386930212
2023S004612    ,10,Sant Martí,67,la Vila Olímpica del Poblenou,701266,Litoral (Llobregat),0022E0000,Saturday,2023,7,July,29,Afternoon,19,No és causa del  vianant,Ciclomotor,Home,27,Driver,Desconegut                                                                                                                                            ,Unknown,Oci i entreteniment,Ferit lleu: Hospitalització fins a 24h,432731.79 ,4582228.94,2.194308993,41.386930212
2023S004613    ,5,Sarrià-Sant Gervasi,26,Sant Gervasi - Galvany,28000,Augusta,0126 0126,Saturday,2023,7,July,29,Morning,12,No és causa del  vianant,Car,Dona,36,Driver,Desconegut                                                                                                                                            ,Unknown,Es desconeix,Ferit lleu: Hospitalització fins a 24h,428713.85 ,4583795.76,2.146072551,41.400695763
2023S004614    ,4,Les Corts,19,les Corts,144601,Diagonal,0545 0545,Saturday,2023,7,July,29,Afternoon,17,No és causa del  vianant,Bus,Dona,62,Passatger,Desconegut                                                                                                                                            ,Unknown,Unknown,Ferit lleu: Hospitalització fins a 24h,427769.46 ,4582595.23,2.134919226,41.389798734
2023S004615    ,2,Eixample,8,l'Antiga Esquerra de l'Eixample,18505,Aragó,0201 0201,Saturday,2023,7,July,29,Afternoon,15,No és causa del  vianant,Motorcycle,Home,58,Driver,Desconegut                                                                                                                                            ,Unknown,Es desconeix,Ferit lleu: Hospitalització fins a 24h,429830.93 ,4582396.05,2.15959717,41.388187366