Case_Number,District_Code,District_Name,Neighborhood_Code,Neighborhood_Name,Street_Code,Street_Name,Postal_Code,Day_of_Week,Year,Month_Code,Month_Name,Day_of_Month,Shift_Description,Hour_of_Day,Pedestrian_Cause_Description,Involved_Vehicle_Type,Gender_Description,Age,Person_Type_Description,Pedestrian_Accident_Location_Description,Pedestrian_Movement_Reason_Description,Driver_Movement_Reason_Description,Victimization_Description,UTM_X_Coordinate,UTM_Y_Coordinate,Longitude,Latitude
2023S004615    ,2,Eixample,8,l'Antiga Esquerra de l'Eixample,18505,Aragó,0201 0201,Saturday,2023,7,July,29,Afternoon,15,No és causa del  vianant,Veh. mobilitat personal amb motor,Home,39,Driver,Desconegut                                                                                                                                            ,Unknown,Es desconeix,Ferit lleu: Amb assistència sanitària en lloc d'accident,429830.93 ,4582396.05,2.15959717,41.388187366
2023S004616    ,8,Nou Barris,51,Verdun,197200,Marín,0010 0010,Saturday,2023,7,July,29,Afternoon,16,No és causa del  vianant,Car,Dona,72,Pedestrian,A la vorera / Andana                                                                                                                                  ,Oci i entreteniment,Unknown,Ferit lleu: Hospitalització fins a 24h,431031.9  ,4588482.51,2.173265985,41.443109984
2023S004617    ,7,Horta-Guinardó,43,Horta,157308,Horta a Cerdanyola,0099 0099,Saturday,2023,7,July,29,Afternoon,18,No és causa del  vianant,Car,Dona,16,Passatger,Desconegut                                                                                                                                            ,Unknown,Unknown,Ferit lleu: Hospitalització fins a 24h,429141.7  ,4588500.2 ,2.150638894,41.443104615
2023S004617    ,7,Horta-Guinardó,43,Horta,157308,Horta a Cerdanyola,0099 0099,Saturday,2023,7,July,29,Afternoon,18,No és causa del  vianant,Car,Home,24,Passatger,Desconegut                                                                                                                                            ,Unknown,Unknown,Ferit lleu: Hospitalització fins a 24h,429141.7  ,4588500.2 ,2.150638894,41.443104615
2023S004617    ,7,Horta-Guinardó,43,Horta,157308,Horta a Cerdanyola,0099 0099,Saturday,2023,7,July,29,Afternoon,18,No és causa del  vianant,Car,Home,55,Driver,Desconegut                                                                                                                                            ,Unknown,En missió,Ferit lleu: Hospitalització fins a 24h,429141.7  ,4588500.2 ,2.150638894,41.443104615
2023S004617    ,7,Horta-Guinardó,43,Horta,157308,Horta a Cerdanyola,0099 0099,Saturday,2023,7,July,29,Afternoon,18,No és causa del  vianant,Car,Home,20,Driver,Desconegut                                                                                                                                            ,Unknown,Es desconeix,Ferit lleu: Hospitalització fins a 24h,429141.7  ,4588500.2 ,2.150638894,41.443104615
2023S004618    ,1,Ciutat Vella,4,"Sant Pere, Santa Caterina i la Ribera",163504,Isabel II,0002 0002,Saturday,2023,7,July,29,Afternoon,20,No és causa del  vianant,Motorcycle,Home,51,Driver,Desconegut                                                                                                                                            ,Unknown,Oci i entreteniment,Ferit lleu: Hospitalització fins a 24h,431713.95 ,4581617.07,2.182205218,41.381333454
2023S004619    ,8,Nou Barris,53,la Trinitat Nova,4409,Aiguablava,0010X0010X,Saturday,2023,7,July,29,Afternoon,19,No és causa del  vianant,Veh. mobilitat personal amb motor,Home,26,Driver,Desconegut                                                                                                                                            ,Unknown,Altres activitats,Ferit lleu: Amb assistència sanitària en lloc d'accident,431626.17 ,4588928.51,2.180328708,41.447177802
2023S004620    ,2,Eixample,7,la Dreta de l'Eixample,18505,Aragó,0297 0297,Diumenge,2023,7,July,30,Night,0,No és causa del  vianant,Car,Dona,30,Passatger,Desconegut                                                                                                                                            ,Unknown,Unknown,Ferit lleu: Hospitalització fins a 24h,430498.67 ,4583050.27,2.167507952,41.394137725
2023S004620    ,2,Eixample,7,la Dreta de l'Eixample,18505,Aragó,0297 0297,Diumenge,2023,7,July,30,Night,0,No és causa del  vianant,Car,Dona,32,Passatger,Desconegut                                                                                                                                            ,Unknown,Unknown,Ferit lleu: Hospitalització fins a 24h,430498.67 ,4583050.27,2.167507952,41.394137725
2023S004621    ,1,Ciutat Vella,2,el Barri Gòtic,177101,Laietana,0029 0029,Diumenge,2023,7,July,30,Night,2,No és causa del  vianant,Furgoneta,Home,39,Driver,Desconegut                                                                                                                                            ,Unknown,"Bombers, policia, ambulància",Ferit lleu: Hospitalització fins a 24h,431321.86 ,4582003.38,2.177472649,41.384779449
2023S004621    ,1,Ciutat Vella,2,el Barri Gòtic,177101,Laietana,0029 0029,Diumenge,2023,7,July,30,Night,2,No és causa del  vianant,Autobús articulat,Home,54,Driver,Desconegut                                                                                                                                            ,Unknown,Bus urbà,Ferit lleu: Amb assistència sanitària en lloc d'accident,431321.86 ,4582003.38,2.177472649,41.384779449
2023S004621    ,1,Ciutat Vella,2,el Barri Gòtic,177101,Laietana,0029 0029,Diumenge,2023,7,July,30,Night,2,No és causa del  vianant,Furgoneta,Home,22,Passatger,Desconegut                                                                                                                                            ,Unknown,Unknown,Ferit lleu: Hospitalització fins a 24h,431321.86 ,4582003.38,2.177472649,41.384779449
2023S004621    ,1,Ciutat Vella,2,el Barri Gòtic,177101,Laietana,0029 0029,Diumenge,2023,7,July,30,Night,2,No és causa del  vianant,Furgoneta,Home,24,Passatger,Desconegut                                                                                                                                            ,Unknown,Unknown,Ferit lleu: Hospitalització fins a 24h,431321.86 ,4582003.38,2.177472649,41.384779449
2023S004621    ,1,Ciutat Vella,2,el Barri Gòtic,177101,Laietana,0029 0029,Diumenge,2023,7,July,30,Night,2,No és causa del  vianant,Furgoneta,Home,25,Passatger,Desconegut                                                                                                                                            ,Unknown,Unknown,Ferit lleu: Hospitalització fins a 24h,431321.86 ,4582003.38,2.177472649,41.384779449
2023S004621    ,1,Ciutat Vella,2,el Barri Gòtic,177101,Laietana,0029 0029,Diumenge,2023,7,July,30,Night,2,No és causa del  vianant,Furgoneta,Home,26,Passatger,Desconegut                                                                                                                                            ,Unknown,Unknown,Ferit lleu: Hospitalització fins a 24h,431321.86 ,4582003.38,2.177472649,41.384779449
2023S004621    ,1,Ciutat Vella,2,el Barri Gòtic,177101,Laietana,0029 0029,Diumenge,2023,7,July,30,Night,2,No és causa del  vianant,Furgoneta,Home,27,Passatger,Desconegut                                                                                                                                            ,Unknown,Unknown,Ferit lleu: Hospitalització fins a 24h,431321.86 ,4582003.38,2.177472649,41.384779449
2023S004622    ,10,Sant Martí,64,el Camp de l'Arpa del Clot,161407,Indústria,0327 0327,Saturday,2023,7,July,29,Night,22,No és causa del  vianant,Bicicleta,Home,18,Driver,Desconegut                                                                                                                                            ,Unknown,En missió,Ferit lleu: Amb assistència sanitària en lloc d'accident,431936    ,4585592.05,2.184413448,41.417153784
2023S004622    ,10,Sant Martí,64,el Camp de l'Arpa del Clot,161407,Indústria,0327 0327,Saturday,2023,7,July,29,Night,22,No és causa del  vianant,Motorcycle,Home,27,Driver,Desconegut                                                                                                                                            ,Unknown,In itínere,Ferit lleu: Amb assistència sanitària en lloc d'accident,431936    ,4585592.05,2.184413448,41.417153784
2023S004623    ,10,Sant Martí,69,Diagonal Mar i el Front Marítim del Poblenou,701265,Litoral (Besòs),000690000,Diumenge,2023,7,July,30,Night,5,No és causa del  vianant,Motorcycle,Home,41,Driver,Desconegut                                                                                                                                            ,Unknown,Oci i entreteniment,Ferit lleu: Amb assistència sanitària en lloc d'accident,434131.96 ,4583677.31,2.210896674,41.400091299
2023S004624    ,9,Sant Andreu,59,el Bon Pastor,701204,Avançada,0019 0019,Saturday,2023,7,July,29,Afternoon,21,No és causa del  vianant,Veh. mobilitat personal amb motor,Home,21,Driver,Desconegut                                                                                                                                            ,Unknown,Oci i entreteniment,Ferit lleu: Rebutja assistència sanitària,434005.51 ,4587569.74,2.208959157,41.435139024
2023S004625    ,10,Sant Martí,65,el Clot,81603,Clot,0179 0179,Saturday,2023,7,July,29,Afternoon,21,No és causa del  vianant,Motorcycle,Home,31,Driver,Desconegut                                                                                                                                            ,Unknown,Es desconeix,Ferit lleu: Hospitalització fins a 24h,432427.14 ,4585226.02,2.190330833,41.413898536
2023S004626    ,2,Eixample,6,la Sagrada Família,362704,Vilaret,0001 0001,Diumenge,2023,7,July,30,Night,0,No és causa del  vianant,Veh. mobilitat personal amb motor,Home,23,Driver,Desconegut                                                                                                                                            ,Unknown,In itínere,Ferit lleu: Hospitalització fins a 24h,431627.73 ,4584340.1 ,2.180866565,41.405851679
2023S004627    ,10,Sant Martí,64,el Camp de l'Arpa del Clot,191204,Mallorca,0604 0608,Diumenge,2023,7,July,30,Morning,8,Creuar per fora pas de vianants,Veh. mobilitat personal amb motor,Dona,50,Driver,Altres                                                                                                                                                ,Unknown,Oci i entreteniment,Ferit lleu: Hospitalització fins a 24h,432040.73 ,4584918.32,2.185742264,41.411094575
2023S004628    ,2,Eixample,6,la Sagrada Família,350308,València,0479 0483,Diumenge,2023,7,July,30,Night,4,No és causa del  vianant,Motorcycle,Dona,28,Passatger,Desconegut                                                                                                                                            ,Unknown,Unknown,Ferit lleu: Hospitalització fins a 24h,431460.95 ,4584179.19,2.17888963,41.404388202
2023S004628    ,2,Eixample,6,la Sagrada Família,350308,València,0479 0483,Diumenge,2023,7,July,30,Night,4,No és causa del  vianant,Motorcycle,Dona,26,Driver,Desconegut                                                                                                                                            ,Unknown,Es desconeix,Ferit lleu: Hospitalització fins a 24h,431460.95 ,4584179.19,2.17888963,41.404388202
2023S004629    ,3,Sants-Montjuïc,11,el Poble-sec,700025,Josep Carner,0046 0046,Saturday,2023,7,July,29,Morning,13,No és causa del  vianant,Motorcycle,Home,57,Driver,Desconegut                                                                                                                                            ,Unknown,Oci i entreteniment,Ferit lleu: Hospitalització fins a 24h,431057.25 ,4580570.36,2.174471282,41.371849989
2023S004630    ,7,Horta-Guinardó,33,el Baix Guinardó,73900,Castillejos,0432U0432U,Diumenge,2023,7,July,30,Morning,11,No és causa del  vianant,Car,Dona,85,Pedestrian,En pas regulat per semàfor                                                                                                                            ,Oci i entreteniment,Unknown,Ferit greu: hospitalització superior a 24h,430502.48 ,4585416.61,2.167281664,41.415450887
2023S004631    ,2,Eixample,8,l'Antiga Esquerra de l'Eixample,349706,Comte d'Urgell,0090 0090,Diumenge,2023,7,July,30,Night,5,No és causa del  vianant,Car,Home,37,Driver,Desconegut                                                                                                                                            ,Unknown,Taxi,Ferit lleu: Amb assistència sanitària en lloc d'accident,429634.84 ,4581829.77,2.157317825,41.383069929
2023S004632    ,2,Eixample,7,la Dreta de l'Eixample,305100,Sant Joan,0089 0089,Diumenge,2023,7,July,30,Morning,10,No és causa del  vianant,Autobús articulat,Dona,75,Passatger,Desconegut                                                                                                                                            ,Unknown,Unknown,Ferit lleu: Hospitalització fins a 24h,430786.51 ,4583519.87,2.170897011,41.398392104
2023S004633    ,9,Sant Andreu,58,Baró de Viver,701631,Pilar Miró,0003X0003X,Diumenge,2023,7,July,30,Morning,12,No és causa del  vianant,Motorcycle,Dona,31,Driver,Desconegut                                                                                                                                            ,Unknown,Es desconeix,Ferit lleu: Hospitalització fins a 24h,433055.46 ,4589197.32,2.197408203,41.449719424
2023S004634    ,9,Sant Andreu,63,Navas,86108,Concepción Arenal,0023 0027,Diumenge,2023,7,July,30,Afternoon,15,Desobeir el senyal del semàfor,Motorcycle,Dona,26,Passatger,En pas regulat per semàfor                                                                                                                            ,Unknown,Unknown,Ferit lleu: Amb assistència sanitària en lloc d'accident,431886.01 ,4585919.95,2.183778373,41.420102837
2023S004634    ,9,Sant Andreu,63,Navas,86108,Concepción Arenal,0023 0027,Diumenge,2023,7,July,30,Afternoon,15,Desobeir el senyal del semàfor,Motorcycle,Dona,33,Pedestrian,En pas regulat per semàfor                                                                                                                            ,Unknown,Unknown,Ferit lleu: Hospitalització fins a 24h,431886.01 ,4585919.95,2.183778373,41.420102837
2023S004634    ,9,Sant Andreu,63,Navas,86108,Concepción Arenal,0023 0027,Diumenge,2023,7,July,30,Afternoon,15,Desobeir el senyal del semàfor,Motorcycle,Home,26,Driver,En pas regulat per semàfor                                                                                                                            ,Unknown,Es desconeix,Ferit lleu: Amb assistència sanitària en lloc d'accident,431886.01 ,4585919.95,2.183778373,41.420102837
2023S004635    ,2,Eixample,5,el Fort Pienc,169409,Corts Catalanes,0806 0812,Diumenge,2023,7,July,30,Afternoon,14,No és causa del  vianant,Ciclomotor,Dona,25,Passatger,Desconegut                                                                                                                                            ,Unknown,Unknown,Ferit lleu: Hospitalització fins a 24h,431843.45 ,4583785.44,2.183509686,41.40087435
2023S004635    ,2,Eixample,5,el Fort Pienc,169409,Corts Catalanes,0806 0812,Diumenge,2023,7,July,30,Afternoon,14,No és causa del  vianant,Ciclomotor,Home,27,Driver,Desconegut                                                                                                                                            ,Unknown,In itínere,Ferit lleu: Hospitalització fins a 24h,431843.45 ,4583785.44,2.183509686,41.40087435
2023S004636    ,3,Sants-Montjuïc,11,el Poble-sec,189202,Magalhães,0039 0039,Diumenge,2023,7,July,30,Afternoon,18,No és causa del  vianant,Motorcycle,Home,37,Driver,Desconegut                                                                                                                                            ,Unknown,En missió,Ferit greu: hospitalització superior a 24h,430103.68 ,4580617.97,2.163064338,41.372196504
2023S004636    ,3,Sants-Montjuïc,11,el Poble-sec,189202,Magalhães,0039 0039,Diumenge,2023,7,July,30,Afternoon,18,No és causa del  vianant,Taxi,Home,40,Driver,Desconegut                                                                                                                                            ,Unknown,Taxi,Ferit lleu: Rebutja assistència sanitària,430103.68 ,4580617.97,2.163064338,41.372196504
2023S004637    ,2,Eixample,7,la Dreta de l'Eixample,169409,Corts Catalanes,9998 9998,Diumenge,2023,7,July,30,Afternoon,15,No és causa del  vianant,Motorcycle,Home,35,Driver,Desconegut                                                                                                                                            ,Unknown,Oci i entreteniment,Ferit lleu: Hospitalització fins a 24h,430452.15 ,4582422.95,2.167023614,41.388483628
2023S004638    ,8,Nou Barris,50,les Roquetes,701268,Dalt (Llobregat),001440000,Diumenge,2023,7,July,30,Afternoon,18,No és causa del  vianant,Car,Dona,29,Passatger,Desconegut                                                                                                                                            ,Unknown,Unknown,Ferit lleu: Hospitalització fins a 24h,431162.96 ,4588643.52,2.174816375,41.444571395
2023S004639    ,2,Eixample,7,la Dreta de l'Eixample,169409,Corts Catalanes,9997 9997,Diumenge,2023,7,July,30,Afternoon,21,No és causa del  vianant,Motorcycle,Dona,27,Passatger,Desconegut                                                                                                                                            ,Unknown,Unknown,Ferit lleu: Amb assistència sanitària en lloc d'accident,430786.78 ,4582752.66,2.170987978,41.391482105
2023S004639    ,2,Eixample,7,la Dreta de l'Eixample,169409,Corts Catalanes,9997 9997,Diumenge,2023,7,July,30,Afternoon,21,No és causa del  vianant,Motorcycle,Dona,55,Passatger,Desconegut                                                                                                                                            ,Unknown,Unknown,Ferit lleu: Hospitalització fins a 24h,430786.78 ,4582752.66,2.170987978,41.391482105
2023S004639    ,2,Eixample,7,la Dreta de l'Eixample,169409,Corts Catalanes,9997 9997,Diumenge,2023,7,July,30,Afternoon,21,No és causa del  vianant,Motorcycle,Home,31,Driver,Desconegut                                                                                                                                            ,Unknown,Es desconeix,Ferit lleu: Rebutja assistència sanitària,430786.78 ,4582752.66,2.170987978,41.391482105
2023S004640    ,1,Ciutat Vella,1,el Raval,269200,Portal de Santa Madrona,0014 0014,Diumenge,2023,7,July,30,Night,23,No és causa del  vianant,Veh. mobilitat personal amb motor,Home,12,Driver,Desconegut                                                                                                                                            ,Unknown,Oci i entreteniment,Ferit lleu: Hospitalització fins a 24h,431141.53 ,4581056.3 ,2.175423758,41.376233939
2023S004642    ,5,Sarrià-Sant Gervasi,23,Sarrià,44709,Bonanova,0086 0086,Dilluns,2023,7,July,31,Night,1,No és causa del  vianant,Veh. mobilitat personal amb motor,Home,20,Driver,Desconegut                                                                                                                                            ,Unknown,Es desconeix,Ferit lleu: Amb assistència sanitària en lloc d'accident,426909.24 ,4583916.22,2.124471666,41.401618584
2023S004643    ,2,Eixample,9,la Nova Esquerra de l'Eixample,287201,Roma,0030 0030,Dilluns,2023,7,July,31,Morning,9,No és causa del  vianant,Veh. mobilitat personal amb motor,Home,53,Pedestrian,A la vorera / Andana                                                                                                                                  ,Es desconeix,Unknown,Ferit lleu: Amb assistència sanitària en lloc d'accident,428666.7  ,4581674.2 ,2.14575855,41.38158346
2023S004643    ,2,Eixample,9,la Nova Esquerra de l'Eixample,287201,Roma,0030 0030,Dilluns,2023,7,July,31,Morning,9,No és causa del  vianant,Veh. mobilitat personal amb motor,Home,20,Driver,A la vorera / Andana                                                                                                                                  ,Unknown,Es desconeix,Ferit lleu: Amb assistència sanitària en lloc d'accident,428666.7  ,4581674.2 ,2.14575855,41.38158346
2023S004645    ,10,Sant Martí,68,el Poblenou,701265,Litoral (Besòs),000740000,Dilluns,2023,7,July,31,Morning,11,Desobeir el senyal del semàfor,"Camió rígid <= 3,5 tones",Home,62,Pedestrian,En pas regulat per semàfor                                                                                                                            ,Oci i entreteniment,Unknown,Ferit greu: hospitalització superior a 24h,433805.72 ,4583170.62,2.207049651,41.395500854
2023S004646    ,5,Sarrià-Sant Gervasi,26,Sant Gervasi - Galvany,32700,Balmes,0197 0197,Dilluns,2023,7,July,31,Morning,11,No és causa del  vianant,Car,Home,61,Driver,Desconegut                                                                                                                                            ,Unknown,Es desconeix,Ferit lleu: Rebutja assistència sanitària,429232.44 ,4583420.98,2.152319669,41.397366091
2023S004646    ,5,Sarrià-Sant Gervasi,26,Sant Gervasi - Galvany,32700,Balmes,0197 0197,Dilluns,2023,7,July,31,Morning,11,No és causa del  vianant,Car,Home,65,Driver,Desconegut                                                                                                                                            ,Unknown,Es desconeix,Ferit lleu: Hospitalització fins a 24h,429232.44 ,4583420.98,2.152319669,41.397366091
2023S004647    ,2,Eixample,7,la Dreta de l'Eixample,148307,Gràcia,0082 0082,Dilluns,2023,7,July,31,Afternoon,14,No és causa del  vianant,Ciclomotor,Dona,53,Driver,Desconegut                                                                                                                                            ,Unknown,Es desconeix,Ferit lleu: Hospitalització fins a 24h,430092.87 ,4583083.16,2.162650512,41.394398763
2023S004648    ,3,Sants-Montjuïc,18,Sants,88001,Comtes de Bell-lloc,0051 0051,Dilluns,2023,7,July,31,Afternoon,15,No és causa del  vianant,Taxi,Dona,29,Pedestrian,En pas sense regular                                                                                                                                  ,Unknown,Unknown,Ferit lleu: Hospitalització fins a 24h,428008.34 ,4581447.56,2.137912623,41.379483525
2023S004649    ,2,Eixample,6,la Sagrada Família,350308,València,0415 0415,Dilluns,2023,7,July,31,Afternoon,15,No és causa del  vianant,Bicicleta,Dona,58,Driver,Desconegut                                                                                                                                            ,Unknown,Es desconeix,Ferit lleu: Hospitalització fins a 24h,431139.81 ,4583881.22,2.175081879,41.401677021
2023S004650    ,2,Eixample,6,la Sagrada Família,350308,València,0510 0510,Dilluns,2023,7,July,31,Afternoon,14,No és causa del  vianant,Furgoneta,Home,45,Driver,Desconegut                                                                                                                                            ,Unknown,Es desconeix,Ferit lleu: Amb assistència sanitària en lloc d'accident,431555.53 ,4584270.88,2.180010678,41.405222088
2023S004650    ,2,Eixample,6,la Sagrada Família,350308,València,0510 0510,Dilluns,2023,7,July,31,Afternoon,14,No és causa del  vianant,Motorcycle,Home,26,Driver,Desconegut                                                                                                                                            ,Unknown,Es desconeix,Ferit lleu: Hospitalització fins a 24h,431555.53 ,4584270.88,2.180010678,41.405222088
2023S004652    ,10,Sant Martí,71,Provençals del Poblenou,701414,C-31,020760000,Dilluns,2023,7,July,31,Afternoon,18,No és causa del  vianant,Car,Dona,55,Driver,Desconegut                                                                                                                                            ,Unknown,Es desconeix,Ferit lleu: Amb assistència sanitària en lloc d'accident,433387.03 ,4585365.5 ,2.201799975,41.415234978
2023S004653    ,5,Sarrià-Sant Gervasi,26,Sant Gervasi - Galvany,701433,Mig (Ascendent),000400000,Dilluns,2023,7,July,31,Afternoon,20,No és causa del  vianant,Car,Dona,22,Driver,Desconegut                                                                                                                                            ,Unknown,Altres activitats,Ferit lleu: Hospitalització fins a 24h,427605.52 ,4583482.64,2.1328524,41.397776536
2023S004653    ,5,Sarrià-Sant Gervasi,26,Sant Gervasi - Galvany,701433,Mig (Ascendent),000400000,Dilluns,2023,7,July,31,Afternoon,20,No és causa del  vianant,Car,Home,61,Driver,Desconegut                                                                                                                                            ,Unknown,Altres activitats,Ferit lleu: Hospitalització fins a 24h,427605.52 ,4583482.64,2.1328524,41.397776536
2023S004654    ,2,Eixample,5,el Fort Pienc,169409,Corts Catalanes,0806 0812,Dilluns,2023,7,July,31,Afternoon,21,No és causa del  vianant,Car,Dona,24,Driver,Desconegut                                                                                                                                            ,Unknown,Es desconeix,Ferit lleu: Rebutja assistència sanitària,431830.18 ,4583734.58,2.183356681,41.400415143
2023S004655    ,3,Sants-Montjuïc,12,la Marina del Prat Vermell,180,A Zona Franca,0048X0048X,Dilluns,2023,7,July,31,Night,22,No és causa del  vianant,Car,Home,29,Driver,Desconegut                                                                                                                                            ,Unknown,In itínere,Ferit lleu: Hospitalització fins a 24h,428020.43 ,4576283.26,2.138670171,41.33297144
2023S004656    ,3,Sants-Montjuïc,11,el Poble-sec,114000,Espanya,9999 9999,Dilluns,2023,7,July,31,Night,23,No és causa del  vianant,Veh. mobilitat personal amb motor,Home,24,Driver,Desconegut                                                                                                                                            ,Unknown,Es desconeix,Ferit lleu: Hospitalització fins a 24h,428963.08 ,4580901.67,2.149393354,41.374651778
2023S004658    ,4,Les Corts,20,la Maternitat i Sant Ramon,244209,Joan XXIII,0018 0018,Dimarts,2023,8,August,1,Morning,9,No és causa del  vianant,Car,Home,46,Driver,Desconegut                                                                                                                                            ,Unknown,Taxi,Ferit lleu: Hospitalització fins a 24h,426724.1  ,4582010.62,2.12248772,41.384438788
2023S004660    ,10,Sant Martí,65,el Clot,18505,Aragó,0556 0556,Thursday,2023,7,July,27,Afternoon,20,No és causa del  vianant,Motorcycle,Home,32,Driver,Desconegut                                                                                                                                            ,Unknown,Es desconeix,Ferit lleu: Hospitalització fins a 24h,431934.16 ,4584454.66,2.184519459,41.406909506
2023S004661    ,2,Eixample,7,la Dreta de l'Eixample,247659,Pau Claris,0122 0124,Dimarts,2023,8,August,1,Morning,11,No és causa del  vianant,Car,Dona,31,Passatger,Desconegut                                                                                                                                            ,Unknown,Unknown,Ferit lleu: Hospitalització fins a 24h,430451.43 ,4582923.73,2.166957469,41.392993934
2023S004661    ,2,Eixample,7,la Dreta de l'Eixample,247659,Pau Claris,0122 0124,Dimarts,2023,8,August,1,Morning,11,No és causa del  vianant,Car,Home,41,Driver,Desconegut                                                                                                                                            ,Unknown,Es desconeix,Ferit lleu: Amb assistència sanitària en lloc d'accident,430451.43 ,4582923.73,2.166957469,41.392993934
2023S004662    ,5,Sarrià-Sant Gervasi,25,Sant Gervasi - la Bonanova,101008,Tibidabo,0031 0031,Dimarts,2023,8,August,1,Morning,12,No és causa del  vianant,Motorcycle,Home,25,Driver,Desconegut                                                                                                                                            ,Unknown,Es desconeix,Ferit lleu: Hospitalització fins a 24h,427782.28 ,4585202.75,2.134761317,41.413284761
2023S004664    ,8,Nou Barris,48,la Guineueta,351901,Valldaura,0145 0145,Dimarts,2023,8,August,1,Morning,12,No és causa del  vianant,Autobús articulat,Home,87,Passatger,Desconegut                                                                                                                                            ,Unknown,Unknown,Ferit lleu: Amb assistència sanitària en lloc d'accident,430596.99 ,4588038.52,2.168111284,41.439073639
2023S004665    ,1,Ciutat Vella,4,"Sant Pere, Santa Caterina i la Ribera",46205,Bòria,0019 0019,Dimarts,2023,8,August,1,Morning,13,No és causa del  vianant,Taxi,Home,45,Pedestrian,En zona peatonal                                                                                                                                      ,En missió,Unknown,Ferit lleu: Rebutja assistència sanitària,431431.65 ,4581975.52,2.178788783,41.384537892
2023S004666    ,2,Eixample,8,l'Antiga Esquerra de l'Eixample,110304,Enric Granados,0153 0155,Dimarts,2023,8,August,1,Morning,13,No és causa del  vianant,Bicicleta,Home,34,Pedestrian,Altres                                                                                                                                                ,Oci i entreteniment,Unknown,Ferit lleu: Hospitalització fins a 24h,429324.14 ,4583091.52,2.153454989,41.394406831
2023S004667    ,2,Eixample,7,la Dreta de l'Eixample,144601,Diagonal,0361B0361B,Dimarts,2023,8,August,1,Afternoon,14,No és causa del  vianant,Veh. mobilitat personal amb motor,Dona,21,Driver,Desconegut                                                                                                                                            ,Unknown,Es desconeix,Ferit lleu: Hospitalització fins a 24h,430134.59 ,4583421.81,2.163110418,41.397452499
2023S004668    ,6,Gràcia,31,la Vila de Gràcia,344000,Dalt,0018 0018,Dimarts,2023,8,August,1,Afternoon,17,No és causa del  vianant,Motorcycle,Home,56,Driver,Desconegut                                                                                                                                            ,Unknown,Altres activitats,Ferit lleu: Hospitalització fins a 24h,429259.61 ,4584650.84,2.152500851,41.408445382
2023S004668    ,6,Gràcia,31,la Vila de Gràcia,344000,Dalt,0018 0018,Dimarts,2023,8,August,1,Afternoon,17,No és causa del  vianant,Motorcycle,Home,27,Passatger,Desconegut                                                                                                                                            ,Unknown,Unknown,Ferit lleu: Hospitalització fins a 24h,429259.61 ,4584650.84,2.152500851,41.408445382
2023S004669    ,2,Eixample,9,la Nova Esquerra de l'Eixample,54509,Calàbria,0189 0189,Dimarts,2023,8,August,1,Morning,13,No és causa del  vianant,Motorcycle,Home,39,Driver,Desconegut                                                                                                                                            ,Unknown,Es desconeix,Ferit lleu: Amb assistència sanitària en lloc d'accident,428973.69 ,4581930.81,2.149399541,41.383921833
2023S004671    ,2,Eixample,7,la Dreta de l'Eixample,18505,Aragó,0305 0305,Dimarts,2023,8,August,1,Afternoon,16,No és causa del  vianant,Motorcycle,Home,42,Driver,Desconegut                                                                                                                                            ,Unknown,Es desconeix,Ferit lleu: Rebutja assistència sanitària,430553.27 ,4583126.71,2.168152234,41.394830916
2023S004672    ,5,Sarrià-Sant Gervasi,25,Sant Gervasi - la Bonanova,143904,General Mitre,0115 0115,Dimarts,2023,8,August,1,Afternoon,19,No és causa del  vianant,Ciclomotor,Home,20,Driver,Desconegut                                                                                                                                            ,Unknown,Oci i entreteniment,Ferit lleu: Hospitalització fins a 24h,427891.79 ,4583865.87,2.136230879,41.401253871
2023S004673    ,4,Les Corts,19,les Corts,172403,Joan Güell,0175X0175X,Dimarts,2023,8,August,1,Afternoon,17,No és causa del  vianant,Motorcycle,Home,46,Pedestrian,En pas sense regular                                                                                                                                  ,Es desconeix,Unknown,Ferit lleu: Rebutja assistència sanitària,427443.74 ,4581918.9 ,2.131104731,41.383677962
2023S004673    ,4,Les Corts,19,les Corts,172403,Joan Güell,0175X0175X,Dimarts,2023,8,August,1,Afternoon,17,No és causa del  vianant,Motorcycle,Dona,46,Driver,En pas sense regular                                                                                                                                  ,Unknown,Es desconeix,Ferit lleu: Rebutja assistència sanitària,427443.74 ,4581918.9 ,2.131104731,41.383677962
2023S004675    ,2,Eixample,9,la Nova Esquerra de l'Eixample,268003,Provença,0001 0005,Dimarts,2023,8,August,1,Night,23,No és causa del  vianant,Bicicleta,Dona,30,Pedestrian,En pas sense regular                                                                                                                                  ,Oci i entreteniment,Unknown,Ferit lleu: Hospitalització fins a 24h,428451.42 ,4581620.35,2.143190526,41.381079326
2023S004676    ,3,Sants-Montjuïc,13,la Marina de Port,137300,Foneria,0042B0042B,Dimecres,2023,8,August,2,Night,0,No és causa del  vianant,Motorcycle,Home,44,Driver,Desconegut                                                                                                                                            ,Unknown,In itínere,Ferit lleu: Hospitalització fins a 24h,428152.27 ,4579392.2 ,2.139877412,41.360984477
2023S004676    ,3,Sants-Montjuïc,13,la Marina de Port,137300,Foneria,0042B0042B,Dimecres,2023,8,August,2,Night,0,No és causa del  vianant,Car,Dona,25,Driver,Desconegut                                                                                                                                            ,Unknown,Oci i entreteniment,Ferit lleu: Hospitalització fins a 24h,428152.27 ,4579392.2 ,2.139877412,41.360984477