Case_Number,District_Code,District_Name,Neighborhood_Code,Neighborhood_Name,Street_Code,Street_Name,Postal_Code,Day_of_Week,Year,Month_Code,Month_Name,Day_of_Month,Shift_Description,Hour_of_Day,Pedestrian_Cause_Description,Involved_Vehicle_Type,Gender_Description,Age,Person_Type_Description,Pedestrian_Accident_Location_Description,Pedestrian_Movement_Reason_Description,Driver_Movement_Reason_Description,Victimization_Description,UTM_X_Coordinate,UTM_Y_Coordinate,Longitude,Latitude
2023S004677    ,10,Sant Martí,71,Provençals del Poblenou,701414,C-31,020750000,Dimecres,2023,8,August,2,Morning,6,No és causa del  vianant,Car,Home,31,Driver,Desconegut                                                                                                                                            ,Unknown,In itínere,Ferit lleu: Hospitalització fins a 24h,433349.55 ,4585185.38,2.201371396,41.413609577
2023S004678    ,9,Sant Andreu,60,Sant Andreu,209900,Meridiana,0408 0410,Dimecres,2023,8,August,2,Morning,7,Transitar a peu per la calçada,Bus,Home,59,Pedestrian,Fora del pas                                                                                                                                          ,Unknown,Unknown,Ferit lleu: Hospitalització fins a 24h,431870.03 ,4587039.84,2.183460905,41.430187961
2023S004679    ,6,Gràcia,28,Vallcarca i els Penitents,701267,Dalt (Besòs),000950000,Dimecres,2023,8,August,2,Morning,8,No és causa del  vianant,Motorcycle,Dona,44,Driver,Desconegut                                                                                                                                            ,Unknown,Es desconeix,Ferit lleu: Hospitalització fins a 24h,427881.7  ,4585454.09,2.135920809,41.415557406
2023S004680    ,4,Les Corts,19,les Corts,144601,Diagonal,0609 0615,Dimecres,2023,8,August,2,Morning,9,No és causa del  vianant,Motorcycle,Dona,51,Passatger,Desconegut                                                                                                                                            ,Unknown,Unknown,Ferit lleu: Hospitalització fins a 24h,427256.75 ,4582543.5 ,2.128793545,41.389286592
2023S004680    ,4,Les Corts,19,les Corts,144601,Diagonal,0609 0615,Dimecres,2023,8,August,2,Morning,9,No és causa del  vianant,Motorcycle,Home,60,Driver,Desconegut                                                                                                                                            ,Unknown,Es desconeix,Ferit lleu: Hospitalització fins a 24h,427256.75 ,4582543.5 ,2.128793545,41.389286592
2023S004682    ,2,Eixample,5,el Fort Pienc,169409,Corts Catalanes,0753 0753,Dimecres,2023,8,August,2,Morning,9,No és causa del  vianant,Motorcycle,Dona,21,Passatger,Desconegut                                                                                                                                            ,Unknown,Unknown,Ferit lleu: Amb assistència sanitària en lloc d'accident,431843.45 ,4583785.44,2.183509686,41.40087435
2023S004682    ,2,Eixample,5,el Fort Pienc,169409,Corts Catalanes,0753 0753,Dimecres,2023,8,August,2,Morning,9,No és causa del  vianant,Motorcycle,Dona,55,Driver,Desconegut                                                                                                                                            ,Unknown,Oci i entreteniment,Ferit lleu: Amb assistència sanitària en lloc d'accident,431843.45 ,4583785.44,2.183509686,41.40087435
2023S004683    ,2,Eixample,7,la Dreta de l'Eixample,169409,Corts Catalanes,0655 0655,Dimecres,2023,8,August,2,Morning,11,No és causa del  vianant,Motorcycle,Home,22,Driver,Desconegut                                                                                                                                            ,Unknown,Es desconeix,Ferit lleu: Hospitalització fins a 24h,430931.58 ,4582928.69,2.172699731,41.393080009
2023S004684    ,10,Sant Martí,69,Diagonal Mar i el Front Marítim del Poblenou,175004,Jonquera,0001X0003X,Dimecres,2023,8,August,2,Morning,11,No és causa del  vianant,Veh. mobilitat personal amb motor,Home,28,Driver,Desconegut                                                                                                                                            ,Unknown,Es desconeix,Ferit lleu: Hospitalització fins a 24h,433795.71 ,4583714.72,2.206870393,41.40040061
2023S004685    ,7,Horta-Guinardó,43,Horta,700651,Estatut de Catalunya,0056X0056X,Dimecres,2023,8,August,2,Morning,12,No és causa del  vianant,Car,Dona,60,Passatger,Desconegut                                                                                                                                            ,Unknown,Unknown,Ferit lleu: Rebutja assistència sanitària,429388.82 ,4587623.35,2.153699357,41.43522898
2023S004685    ,7,Horta-Guinardó,43,Horta,700651,Estatut de Catalunya,0056X0056X,Dimecres,2023,8,August,2,Morning,12,No és causa del  vianant,Car,Home,56,Driver,Desconegut                                                                                                                                            ,Unknown,Oci i entreteniment,Ferit lleu: Hospitalització fins a 24h,429388.82 ,4587623.35,2.153699357,41.43522898
2023S004685    ,7,Horta-Guinardó,43,Horta,700651,Estatut de Catalunya,0056X0056X,Dimecres,2023,8,August,2,Morning,12,No és causa del  vianant,Car,Home,61,Driver,Desconegut                                                                                                                                            ,Unknown,Oci i entreteniment,Ferit lleu: Rebutja assistència sanitària,429388.82 ,4587623.35,2.153699357,41.43522898
2023S004686    ,10,Sant Martí,73,la Verneda i la Pau,266405,Prim,0159 0159,Dimecres,2023,8,August,2,Afternoon,15,No és causa del  vianant,Motorcycle,Home,36,Driver,Desconegut                                                                                                                                            ,Unknown,Es desconeix,Ferit lleu: Hospitalització fins a 24h,433653.97 ,4586136.52,2.204909198,41.422201441
2023S004687    ,3,Sants-Montjuïc,15,Hostafrancs,331507,Tarragona,0131U0139U,Dimecres,2023,8,August,2,Morning,13,No és causa del  vianant,Motorcycle,Home,46,Driver,Desconegut                                                                                                                                            ,Unknown,Es desconeix,Ferit lleu: Hospitalització fins a 24h,428675.41 ,4581275.47,2.14590966,41.377993009
2023S004688    ,7,Horta-Guinardó,43,Horta,351901,Valldaura,0016 0016,Dimecres,2023,8,August,2,Morning,13,No és causa del  vianant,Motorcycle,Home,47,Driver,Desconegut                                                                                                                                            ,Unknown,Oci i entreteniment,Ferit lleu: Hospitalització fins a 24h,429506.06 ,4587830.56,2.155078322,41.437105541
2023S004689    ,4,Les Corts,19,les Corts,199909,Marquès de Sentmenat,0039 0041,Dimecres,2023,8,August,2,Afternoon,14,No és causa del  vianant,Bus,Dona,91,Passatger,Desconegut                                                                                                                                            ,Unknown,Unknown,Ferit lleu: Hospitalització fins a 24h,427984.78 ,4582061.89,2.137557844,41.385014459
2023S004690    ,3,Sants-Montjuïc,11,el Poble-sec,701497,B-10 (Llobregat),001200000,Dimecres,2023,8,August,2,Afternoon,16,No és causa del  vianant,Car,Dona,52,Driver,Desconegut                                                                                                                                            ,Unknown,Altres activitats,Ferit lleu: Amb assistència sanitària en lloc d'accident,430834.74 ,4579924.77,2.171884497,41.366016231
2023S004691    ,10,Sant Martí,66,el Parc i la Llacuna del Poblenou,181608,Roc Boronat,0117 0127,Dimecres,2023,8,August,2,Afternoon,14,No és causa del  vianant,Car,Dona,42,Pedestrian,En pas sense regular                                                                                                                                  ,Unknown,Unknown,Ferit lleu: Amb assistència sanitària en lloc d'accident,432761.21 ,4583977.33,2.194466597,41.402679971
2023S004692    ,4,Les Corts,19,les Corts,144601,Diagonal,0634 0642,Dimecres,2023,8,August,2,Afternoon,18,No és causa del  vianant,Bicicleta,Home,51,Driver,Desconegut                                                                                                                                            ,Unknown,Oci i entreteniment,Ferit lleu: Hospitalització fins a 24h,427842.47 ,4582730.17,2.135776326,41.391020643
2023S004693    ,3,Sants-Montjuïc,11,el Poble-sec,198804,Paral·lel,0001X0001X,Dimecres,2023,8,August,2,Afternoon,19,No és causa del  vianant,Motorcycle,Home,63,Driver,Desconegut                                                                                                                                            ,Unknown,En missió,Ferit lleu: Rebutja assistència sanitària,431213.91 ,4580892.22,2.176307867,41.374762308
2023S004694    ,10,Sant Martí,68,el Poblenou,180401,Lope de Vega,0099 0101,Dimecres,2023,8,August,2,Afternoon,19,No és causa del  vianant,Car,Home,31,Driver,Desconegut                                                                                                                                            ,Unknown,Es desconeix,Ferit lleu: Rebutja assistència sanitària,433502.66 ,4584202.66,2.203311313,41.404771165
2023S004695    ,7,Horta-Guinardó,36,la Font d'en Fargues,194406,Maragall,0391 0391,Dimecres,2023,8,August,2,Afternoon,20,No és causa del  vianant,Motorcycle,Dona,27,Driver,Desconegut                                                                                                                                            ,Unknown,Es desconeix,Ferit lleu: Amb assistència sanitària en lloc d'accident,430216.58 ,4586818.92,2.163699082,41.428056186
2023S004696    ,2,Eixample,8,l'Antiga Esquerra de l'Eixample,363809,Villarroel,0115 0115,Dimecres,2023,8,August,2,Afternoon,20,No és causa del  vianant,Bicicleta,Dona,33,Driver,Desconegut                                                                                                                                            ,Unknown,Oci i entreteniment,Ferit lleu: Amb assistència sanitària en lloc d'accident,429544.56 ,4582114.92,2.156205024,41.385630276
2023S004697    ,7,Horta-Guinardó,39,Sant Genís dels Agudells,352507,Vall d'Hebron,0101X0101X,Dimecres,2023,8,August,2,Afternoon,18,No és causa del  vianant,Veh. mobilitat personal amb motor,Home,25,Driver,Desconegut                                                                                                                                            ,Unknown,Es desconeix,Ferit lleu: Hospitalització fins a 24h,428344.25 ,4586439.12,2.141338233,41.424470559
2023S004698    ,9,Sant Andreu,58,Baró de Viver,701357,Potosí,0001X0001X,Dimecres,2023,8,August,2,Afternoon,19,No és causa del  vianant,Car,Dona,37,Passatger,Desconegut                                                                                                                                            ,Unknown,Unknown,Ferit lleu: Hospitalització fins a 24h,433127.01 ,4588397.43,2.198353339,41.442521047
2023S004699    ,2,Eixample,7,la Dreta de l'Eixample,148307,Gràcia,0045 0045,Dimecres,2023,8,August,2,Afternoon,21,No és causa del  vianant,Veh. mobilitat personal amb motor,Dona,25,Driver,Desconegut                                                                                                                                            ,Unknown,Oci i entreteniment,Ferit lleu: Hospitalització fins a 24h,430277.16 ,4582833.02,2.164883567,41.39216184
2023S004700    ,1,Ciutat Vella,1,el Raval,701367,Raval,0002 0002,Dimecres,2023,8,August,2,Afternoon,16,No és causa del  vianant,Motorcycle,Dona,27,Driver,Desconegut                                                                                                                                            ,Unknown,Oci i entreteniment,Ferit lleu: Rebutja assistència sanitària,430524.89 ,4581414.89,2.168009212,41.379410624
2023S004701    ,5,Sarrià-Sant Gervasi,22,"Vallvidrera, el Tibidabo i les Planes",314406,Santa Creu Olorda a Sarrià,0210 0240,Thursday,2023,8,August,3,Night,3,No és causa del  vianant,Car,Home,19,Passatger,Desconegut                                                                                                                                            ,Unknown,Unknown,Ferit lleu: Hospitalització fins a 24h,424121.88 ,4584688.07,2.091032888,41.408311879
2023S004701    ,5,Sarrià-Sant Gervasi,22,"Vallvidrera, el Tibidabo i les Planes",314406,Santa Creu Olorda a Sarrià,0210 0240,Thursday,2023,8,August,3,Night,3,No és causa del  vianant,Car,Home,20,Passatger,Desconegut                                                                                                                                            ,Unknown,Unknown,Ferit lleu: Hospitalització fins a 24h,424121.88 ,4584688.07,2.091032888,41.408311879
2023S004701    ,5,Sarrià-Sant Gervasi,22,"Vallvidrera, el Tibidabo i les Planes",314406,Santa Creu Olorda a Sarrià,0210 0240,Thursday,2023,8,August,3,Night,3,No és causa del  vianant,Car,Home,20,Driver,Desconegut                                                                                                                                            ,Unknown,Es desconeix,Ferit lleu: Hospitalització fins a 24h,424121.88 ,4584688.07,2.091032888,41.408311879
2023S004702    ,7,Horta-Guinardó,33,el Baix Guinardó,178308,Lepant,0357 0357,Dimecres,2023,8,August,2,Afternoon,21,No és causa del  vianant,Motorcycle,Home,33,Driver,Desconegut                                                                                                                                            ,Unknown,Oci i entreteniment,Ferit lleu: Rebutja assistència sanitària,430807.89 ,4584665.36,2.171021733,41.408711001
2023S004703    ,7,Horta-Guinardó,39,Sant Genís dels Agudells,701267,Dalt (Besòs),001060000,Thursday,2023,8,August,3,Morning,8,No és causa del  vianant,Motorcycle,Dona,30,Driver,Desconegut                                                                                                                                            ,Unknown,Es desconeix,Ferit lleu: Hospitalització fins a 24h,428461.5  ,4586654.83,2.142715731,41.426423822
2023S004704    ,2,Eixample,7,la Dreta de l'Eixample,32700,Balmes,0052 0052,Thursday,2023,8,August,3,Morning,10,No és causa del  vianant,Motorcycle,Dona,46,Driver,Desconegut                                                                                                                                            ,Unknown,Oci i entreteniment,Ferit lleu: Hospitalització fins a 24h,430100.1  ,4582519.52,2.162802074,41.38932287
2023S004705    ,2,Eixample,5,el Fort Pienc,18505,Aragó,0414 0414,Thursday,2023,8,August,3,Morning,9,No és causa del  vianant,Motorcycle,Home,30,Driver,Desconegut                                                                                                                                            ,Unknown,Oci i entreteniment,Ferit lleu: Hospitalització fins a 24h,431115.96 ,4583633.54,2.174824781,41.399444201
2023S004706    ,5,Sarrià-Sant Gervasi,26,Sant Gervasi - Galvany,143904,General Mitre,0128B0128B,Thursday,2023,8,August,3,Morning,12,No és causa del  vianant,Motorcycle,Home,55,Driver,Desconegut                                                                                                                                            ,Unknown,Es desconeix,Ferit lleu: Hospitalització fins a 24h,428034.16 ,4584036.69,2.137913576,41.402805141
2023S004707    ,10,Sant Martí,65,el Clot,226400,Las Navas de Tolosa,0251 0251,Thursday,2023,8,August,3,Morning,12,Desobeir el senyal del semàfor,Bicicleta,Home,42,Pedestrian,En pas regulat per semàfor                                                                                                                            ,In itinere,Unknown,Ferit lleu: Hospitalització fins a 24h,432411.1  ,4585107.29,2.190152196,41.412827821
2023S004708    ,10,Sant Martí,65,el Clot,217104,Muntanya,0001 0003,Thursday,2023,8,August,3,Morning,11,No és causa del  vianant,Ciclomotor,Home,42,Driver,Desconegut                                                                                                                                            ,Unknown,Es desconeix,Ferit lleu: Hospitalització fins a 24h,432349.81 ,4584858.95,2.189446694,41.410585936
2023S004709    ,9,Sant Andreu,58,Baró de Viver,701497,B-10 (Llobregat),000060000,Thursday,2023,8,August,3,Morning,13,No és causa del  vianant,Motorcycle,Home,34,Driver,Desconegut                                                                                                                                            ,Unknown,Es desconeix,Ferit lleu: Hospitalització fins a 24h,433242.77 ,4589139.03,2.199656935,41.449210035
2023S004710    ,2,Eixample,10,Sant Antoni,349706,Comte d'Urgell,0016 0016,Thursday,2023,8,August,3,Afternoon,14,No és causa del  vianant,Altres vehicles sense motor,Dona,37,Driver,Desconegut                                                                                                                                            ,Unknown,Altres activitats,Ferit lleu: Amb assistència sanitària en lloc d'accident,429995.98 ,4581439.96,2.161681622,41.379590554
2023S004711    ,10,Sant Martí,68,el Poblenou,700755,Poblenou,0008X0008X,Thursday,2023,8,August,3,Afternoon,16,No és causa del  vianant,Ciclomotor,Home,22,Passatger,Desconegut                                                                                                                                            ,Unknown,Unknown,Ferit lleu: Hospitalització fins a 24h,433573.77 ,4583177.95,2.204274482,41.395547736
2023S004711    ,10,Sant Martí,68,el Poblenou,700755,Poblenou,0008X0008X,Thursday,2023,8,August,3,Afternoon,16,No és causa del  vianant,Ciclomotor,Home,23,Driver,Desconegut                                                                                                                                            ,Unknown,Oci i entreteniment,Ferit lleu: Hospitalització fins a 24h,433573.77 ,4583177.95,2.204274482,41.395547736
2023S004712    ,2,Eixample,7,la Dreta de l'Eixample,18505,Aragó,0314 0314,Thursday,2023,8,August,3,Afternoon,16,No és causa del  vianant,Motorcycle,Home,52,Driver,Desconegut                                                                                                                                            ,Unknown,Es desconeix,Ferit lleu: Hospitalització fins a 24h,430640.19 ,4583167.83,2.169187156,41.395208776
2023S004713    ,6,Gràcia,31,la Vila de Gràcia,267000,Riera de Cassoles,0032 0032,Dimecres,2023,8,August,2,Afternoon,21,Desobeir el senyal del semàfor,Motorcycle,Home,59,Pedestrian,Fora del pas                                                                                                                                          ,Oci i entreteniment,Unknown,Ferit lleu: Amb assistència sanitària en lloc d'accident,429052.48 ,4584095.9 ,2.150087989,41.403428981
2023S004713    ,6,Gràcia,31,la Vila de Gràcia,267000,Riera de Cassoles,0032 0032,Dimecres,2023,8,August,2,Afternoon,21,Desobeir el senyal del semàfor,Motorcycle,Dona,51,Driver,Fora del pas                                                                                                                                          ,Unknown,Oci i entreteniment,Ferit lleu: Hospitalització fins a 24h,429052.48 ,4584095.9 ,2.150087989,41.403428981
2023S004716    ,8,Nou Barris,48,la Guineueta,351901,Valldaura,0162 0164,Thursday,2023,8,August,3,Afternoon,17,No és causa del  vianant,Motorcycle,Home,40,Driver,Desconegut                                                                                                                                            ,Unknown,Es desconeix,Ferit lleu: Hospitalització fins a 24h,430596.99 ,4588038.52,2.168111284,41.439073639
2023S004717    ,2,Eixample,8,l'Antiga Esquerra de l'Eixample,144601,Diagonal,0409 0409,Thursday,2023,8,August,3,Afternoon,19,No és causa del  vianant,Motorcycle,Dona,31,Passatger,Desconegut                                                                                                                                            ,Unknown,Unknown,Ferit lleu: Hospitalització fins a 24h,429430.09 ,4583191.25,2.154710596,41.395314373
2023S004717    ,2,Eixample,8,l'Antiga Esquerra de l'Eixample,144601,Diagonal,0409 0409,Thursday,2023,8,August,3,Afternoon,19,No és causa del  vianant,Motorcycle,Home,42,Driver,Desconegut                                                                                                                                            ,Unknown,Oci i entreteniment,Ferit lleu: Hospitalització fins a 24h,429430.09 ,4583191.25,2.154710596,41.395314373
2023S004718    ,6,Gràcia,28,Vallcarca i els Penitents,701268,Dalt (Llobregat),000950000,Thursday,2023,8,August,3,Afternoon,21,No és causa del  vianant,Motorcycle,Home,42,Driver,Desconegut                                                                                                                                            ,Unknown,Es desconeix,Ferit lleu: Hospitalització fins a 24h,427969.12 ,4585470.19,2.136964829,41.415710257
2023S004719    ,1,Ciutat Vella,4,"Sant Pere, Santa Caterina i la Ribera",700813,Doctor Aiguader,0027 0027,Thursday,2023,8,August,3,Afternoon,20,No és causa del  vianant,Veh. mobilitat personal amb motor,Home,31,Driver,Desconegut                                                                                                                                            ,Unknown,Oci i entreteniment,Ferit lleu: Hospitalització fins a 24h,432378.8  ,4581951.79,2.190118384,41.384404379
2023S004720    ,2,Eixample,9,la Nova Esquerra de l'Eixample,18505,Aragó,0124 0124,Friday,2023,8,August,4,Night,1,No és causa del  vianant,Bicicleta,Dona,26,Driver,Desconegut                                                                                                                                            ,Unknown,Oci i entreteniment,Ferit lleu: Amb assistència sanitària en lloc d'accident,429447.81 ,4582020.17,2.155059021,41.38476841
2023S004722    ,3,Sants-Montjuïc,13,la Marina de Port,369408,Zona Franca,0121 0121,Friday,2023,8,August,4,Morning,9,No és causa del  vianant,Veh. mobilitat personal amb motor,Home,14,Driver,Desconegut                                                                                                                                            ,Unknown,Es desconeix,Ferit lleu: Amb assistència sanitària en lloc d'accident,428200.17 ,4579031.23,2.140492779,41.357737613
2023S004723    ,1,Ciutat Vella,1,el Raval,34308,Rambla,0049 0049,Friday,2023,8,August,4,Morning,8,No és causa del  vianant,Veh. mobilitat personal amb motor,Dona,29,Driver,Desconegut                                                                                                                                            ,Unknown,Es desconeix,Ferit lleu: Hospitalització fins a 24h,431030.54 ,4581471.82,2.174049292,41.379966902
2023S004724    ,10,Sant Martí,67,la Vila Olímpica del Poblenou,110009,Ramon Turró,0037 0037,Friday,2023,8,August,4,Morning,10,Creuar per fora pas de vianants,Motorcycle,Home,81,Pedestrian,Fora del pas                                                                                                                                          ,Es desconeix,Unknown,Ferit greu: hospitalització superior a 24h,432648.07 ,4582848.16,2.193238857,41.39250036
2023S004724    ,10,Sant Martí,67,la Vila Olímpica del Poblenou,110009,Ramon Turró,0037 0037,Friday,2023,8,August,4,Morning,10,Creuar per fora pas de vianants,Motorcycle,Home,45,Driver,Fora del pas                                                                                                                                          ,Unknown,En missió,Ferit lleu: Hospitalització fins a 24h,432648.07 ,4582848.16,2.193238857,41.39250036
2023S004724    ,10,Sant Martí,67,la Vila Olímpica del Poblenou,110009,Ramon Turró,0037 0037,Friday,2023,8,August,4,Morning,10,Transitar a peu per la calçada,Motorcycle,Home,81,Pedestrian,Fora del pas                                                                                                                                          ,Es desconeix,Unknown,Ferit greu: hospitalització superior a 24h,432648.07 ,4582848.16,2.193238857,41.39250036
2023S004724    ,10,Sant Martí,67,la Vila Olímpica del Poblenou,110009,Ramon Turró,0037 0037,Friday,2023,8,August,4,Morning,10,Transitar a peu per la calçada,Motorcycle,Home,45,Driver,Fora del pas                                                                                                                                          ,Unknown,En missió,Ferit lleu: Hospitalització fins a 24h,432648.07 ,4582848.16,2.193238857,41.39250036
2023S004725    ,3,Sants-Montjuïc,15,Hostafrancs,331507,Tarragona,0131U0139U,Friday,2023,8,August,4,Morning,11,No és causa del  vianant,Car,Home,69,Driver,Desconegut                                                                                                                                            ,Unknown,Es desconeix,Ferit lleu: Amb assistència sanitària en lloc d'accident,428694.57 ,4581204.77,2.146147091,41.377357937
2023S004726    ,9,Sant Andreu,59,el Bon Pastor,701177,Monterrey,0001 0001,Friday,2023,8,August,4,Morning,12,No és causa del  vianant,Car,Dona,6,Passatger,Desconegut                                                                                                                                            ,Unknown,Unknown,Ferit lleu: Rebutja assistència sanitària,433767.29 ,4588494.32,2.206006652,41.443446813
2023S004726    ,9,Sant Andreu,59,el Bon Pastor,701177,Monterrey,0001 0001,Friday,2023,8,August,4,Morning,12,No és causa del  vianant,Car,Home,41,Driver,Desconegut                                                                                                                                            ,Unknown,Es desconeix,Ferit lleu: Rebutja assistència sanitària,433767.29 ,4588494.32,2.206006652,41.443446813
2023S004728    ,7,Horta-Guinardó,37,el Carmel,19100,Arbós,0027 0031,Friday,2023,8,August,4,Afternoon,14,No és causa del  vianant,Motorcycle,Home,61,Driver,Desconegut                                                                                                                                            ,Unknown,In itínere,Ferit lleu: Hospitalització fins a 24h,429703.05 ,4586093.1 ,2.157638159,41.421474205
2023S004729    ,10,Sant Martí,64,el Camp de l'Arpa del Clot,161101,Independència,0311 0311,Friday,2023,8,August,4,Afternoon,15,No és causa del  vianant,Bicicleta,Home,24,Driver,Desconegut                                                                                                                                            ,Unknown,Es desconeix,Ferit lleu: Amb assistència sanitària en lloc d'accident,431688.93 ,4584693.3 ,2.181558802,41.409038049
2023S004731    ,5,Sarrià-Sant Gervasi,25,Sant Gervasi - la Bonanova,701267,Dalt (Besòs),000890000,Friday,2023,8,August,4,Afternoon,16,No és causa del  vianant,Motorcycle,Home,43,Driver,Desconegut                                                                                                                                            ,Unknown,Oci i entreteniment,Ferit lleu: Hospitalització fins a 24h,427429.54 ,4585230.89,2.130537728,41.413506414
2023S004732    ,7,Horta-Guinardó,43,Horta,157308,Horta a Cerdanyola,001160000,Friday,2023,8,August,4,Afternoon,15,No és causa del  vianant,Bicicleta,Home,49,Driver,Desconegut                                                                                                                                            ,Unknown,Es desconeix,Ferit lleu: Hospitalització fins a 24h,429359.09 ,4587764.57,2.153327026,41.436498274
2023S004733    ,10,Sant Martí,71,Provençals del Poblenou,200600,Marroc,0004X0004X,Friday,2023,8,August,4,Afternoon,18,No és causa del  vianant,Car,Home,7,Passatger,Desconegut                                                                                                                                            ,Unknown,Unknown,Ferit lleu: Rebutja assistència sanitària,433090.05 ,4584419.2 ,2.198351418,41.406687227
2023S004734    ,2,Eixample,7,la Dreta de l'Eixample,349309,Universitat,0002 0002,Friday,2023,8,August,4,Afternoon,17,No és causa del  vianant,Motorcycle,Home,27,Driver,Desconegut                                                                                                                                            ,Unknown,Es desconeix,Ferit lleu: Hospitalització fins a 24h,430317.75 ,4582155.6 ,2.165447007,41.386064051
2023S004735    ,5,Sarrià-Sant Gervasi,24,les Tres Torres,28000,Augusta,0320 0322,Friday,2023,8,August,4,Afternoon,16,No és causa del  vianant,Car,Dona,54,Passatger,Desconegut                                                                                                                                            ,Unknown,Unknown,Ferit lleu: Hospitalització fins a 24h,427013    ,4583581.84,2.125753169,41.398616397
2023S004735    ,5,Sarrià-Sant Gervasi,24,les Tres Torres,28000,Augusta,0320 0322,Friday,2023,8,August,4,Afternoon,16,No és causa del  vianant,Car,Dona,9,Passatger,Desconegut                                                                                                                                            ,Unknown,Unknown,Ferit lleu: Amb assistència sanitària en lloc d'accident,427013    ,4583581.84,2.125753169,41.398616397
2023S004735    ,5,Sarrià-Sant Gervasi,24,les Tres Torres,28000,Augusta,0320 0322,Friday,2023,8,August,4,Afternoon,16,No és causa del  vianant,Car,Home,35,Passatger,Desconegut                                                                                                                                            ,Unknown,Unknown,Ferit lleu: Hospitalització fins a 24h,427013    ,4583581.84,2.125753169,41.398616397
2023S004735    ,5,Sarrià-Sant Gervasi,24,les Tres Torres,28000,Augusta,0320 0322,Friday,2023,8,August,4,Afternoon,16,No és causa del  vianant,Car,Home,6,Passatger,Desconegut                                                                                                                                            ,Unknown,Unknown,Ferit lleu: Amb assistència sanitària en lloc d'accident,427013    ,4583581.84,2.125753169,41.398616397
2023S004735    ,5,Sarrià-Sant Gervasi,24,les Tres Torres,28000,Augusta,0320 0322,Friday,2023,8,August,4,Afternoon,16,No és causa del  vianant,Car,Dona,48,Driver,Desconegut                                                                                                                                            ,Unknown,Es desconeix,Ferit lleu: Amb assistència sanitària en lloc d'accident,427013    ,4583581.84,2.125753169,41.398616397
2023S004736    ,2,Eixample,7,la Dreta de l'Eixample,144601,Diagonal,0397 0397,Friday,2023,8,August,4,Afternoon,18,No és causa del  vianant,Motorcycle,Home,22,Driver,Desconegut                                                                                                                                            ,Unknown,Es desconeix,Ferit lleu: Hospitalització fins a 24h,429599.35 ,4583274.46,2.156725412,41.396078661
2023S004737    ,4,Les Corts,20,la Maternitat i Sant Ramon,66508,Carles III,0061 0061,Friday,2023,8,August,4,Afternoon,21,No és causa del  vianant,Ciclomotor,Dona,42,Passatger,Desconegut                                                                                                                                            ,Unknown,Unknown,Ferit lleu: Hospitalització fins a 24h,427135.43 ,4581904.3 ,2.127419517,41.383518586
2023S004737    ,4,Les Corts,20,la Maternitat i Sant Ramon,66508,Carles III,0061 0061,Friday,2023,8,August,4,Afternoon,21,No és causa del  vianant,Ciclomotor,Home,18,Driver,Desconegut                                                                                                                                            ,Unknown,Oci i entreteniment,Ferit lleu: Hospitalització fins a 24h,427135.43 ,4581904.3 ,2.127419517,41.383518586
2023S004738    ,5,Sarrià-Sant Gervasi,26,Sant Gervasi - Galvany,222501,Moià,0018 0018,Friday,2023,8,August,4,Night,23,No és causa del  vianant,Veh. mobilitat personal amb motor,Home,21,Driver,Desconegut                                                                                                                                            ,Unknown,Es desconeix,Ferit lleu: Hospitalització fins a 24h,429144.63 ,4583098.78,2.151307076,41.394456414
2023S004739    ,9,Sant Andreu,63,Navas,209900,Meridiana,0270 0272,Diumenge,2023,6,June,25,Afternoon,20,No és causa del  vianant,Bicicleta,Home,26,Driver,Desconegut                                                                                                                                            ,Unknown,En missió,Ferit lleu: Amb assistència sanitària en lloc d'accident,432147.88 ,4585942.07,2.186909296,41.420324234
2023S004739    ,9,Sant Andreu,63,Navas,209900,Meridiana,0270 0272,Diumenge,2023,6,June,25,Afternoon,20,No és causa del  vianant,Motorcycle,Home,28,Driver,Desconegut                                                                                                                                            ,Unknown,Oci i entreteniment,Ferit lleu: Amb assistència sanitària en lloc d'accident,432147.88 ,4585942.07,2.186909296,41.420324234
2023S004740    ,9,Sant Andreu,59,el Bon Pastor,134007,Fra Juníper Serra,0051 0051,Friday,2023,8,August,4,Afternoon,20,No és causa del  vianant,Motorcycle,Home,28,Driver,Desconegut                                                                                                                                            ,Unknown,In itínere,Ferit lleu: Hospitalització fins a 24h,433725.6  ,4587278.04,2.205641109,41.432488703
2023S004741    ,5,Sarrià-Sant Gervasi,26,Sant Gervasi - Galvany,23403,Aribau,0237 0241,Saturday,2023,8,August,5,Night,2,No és causa del  vianant,Motorcycle,Home,23,Passatger,Desconegut                                                                                                                                            ,Unknown,Unknown,Ferit greu: hospitalització superior a 24h,428804.38 ,4583474.14,2.147193296,41.397807077
2023S004741    ,5,Sarrià-Sant Gervasi,26,Sant Gervasi - Galvany,23403,Aribau,0237 0241,Saturday,2023,8,August,5,Night,2,No és causa del  vianant,Motorcycle,Home,23,Driver,Desconegut                                                                                                                                            ,Unknown,Oci i entreteniment,Ferit greu: hospitalització superior a 24h,428804.38 ,4583474.14,2.147193296,41.397807077
2023S004742    ,8,Nou Barris,53,la Trinitat Nova,120807,Favència,0263 0263,Saturday,2023,8,August,5,Morning,8,No és causa del  vianant,Car,Dona,23,Driver,Desconegut                                                                                                                                            ,Unknown,En missió,Ferit lleu: Amb assistència sanitària en lloc d'accident,431720.19 ,4588848.82,2.181463185,41.446468071
2023S004743    ,5,Sarrià-Sant Gervasi,22,"Vallvidrera, el Tibidabo i les Planes",3508,Aigües,0275 0279,Saturday,2023,8,August,5,Morning,11,No és causa del  vianant,Bicicleta,Home,34,Driver,Desconegut                                                                                                                                            ,Unknown,Oci i entreteniment,Ferit lleu: Amb assistència sanitària en lloc d'accident,426869.14 ,4585247.48,2.123831036,41.413605007