Case_Number,District_Code,District_Name,Neighborhood_Code,Neighborhood_Name,Street_Code,Street_Name,Postal_Code,Day_of_Week,Year,Month_Code,Month_Name,Day_of_Month,Shift_Description,Hour_of_Day,Pedestrian_Cause_Description,Involved_Vehicle_Type,Gender_Description,Age,Person_Type_Description,Pedestrian_Accident_Location_Description,Pedestrian_Movement_Reason_Description,Driver_Movement_Reason_Description,Victimization_Description,UTM_X_Coordinate,UTM_Y_Coordinate,Longitude,Latitude
2023S004820    ,10,Sant Martí,71,Provençals del Poblenou,701414,C-31,020830000,Dimecres,2023,8,August,9,Afternoon,17,No és causa del  vianant,Car,Home,47,Driver,Desconegut                                                                                                                                            ,Unknown,Oci i entreteniment,Ferit lleu: Rebutja assistència sanitària,433930.91 ,4585754.25,2.208264833,41.418781272
2023S004821    ,7,Horta-Guinardó,41,la Vall d'Hebron,701268,Dalt (Llobregat),001130000,Dimecres,2023,8,August,9,Afternoon,18,No és causa del  vianant,Motorcycle,Home,42,Driver,Desconegut                                                                                                                                            ,Unknown,Es desconeix,Ferit lleu: Hospitalització fins a 24h,428643.58 ,4587123.26,2.144839277,41.430658976
2023S004824    ,2,Eixample,9,la Nova Esquerra de l'Eixample,287201,Roma,0042 0044,Dimecres,2023,8,August,9,Afternoon,18,No és causa del  vianant,Motorcycle,Home,53,Driver,Desconegut                                                                                                                                            ,Unknown,Es desconeix,Ferit lleu: Hospitalització fins a 24h,428787.04 ,4581740.07,2.147189869,41.382187394
2023S004825    ,3,Sants-Montjuïc,15,Hostafrancs,169409,Corts Catalanes,0361 0371,Dimecres,2023,8,August,9,Afternoon,18,No és causa del  vianant,Veh. mobilitat personal amb motor,Home,5,Pedestrian,A la vorera / Andana                                                                                                                                  ,Unknown,Unknown,Ferit lleu: Hospitalització fins a 24h,428831.97 ,4580872.86,2.147829048,41.374380705
2023S004826    ,2,Eixample,5,el Fort Pienc,9209,Alí Bei,0108B0108B,Dimecres,2023,8,August,9,Afternoon,18,No és causa del  vianant,Motorcycle,Dona,30,Driver,Desconegut                                                                                                                                            ,Unknown,Oci i entreteniment,Ferit lleu: Hospitalització fins a 24h,431937.24 ,4583291.59,2.184687148,41.396434334
2023S004827    ,2,Eixample,7,la Dreta de l'Eixample,268003,Provença,0359 0359,Dimecres,2023,8,August,9,Afternoon,17,No és causa del  vianant,Veh. mobilitat personal amb motor,Home,39,Driver,Desconegut                                                                                                                                            ,Unknown,In itínere,Ferit lleu: Hospitalització fins a 24h,430696.57 ,4583807.33,2.169788271,41.400973412
2023S004828    ,8,Nou Barris,45,Porta,166502,Jardins d'Alfàbia,0021 0021,Dimecres,2023,8,August,9,Afternoon,20,No és causa del  vianant,Motorcycle,Home,33,Driver,Desconegut                                                                                                                                            ,Unknown,In itínere,Ferit lleu: Hospitalització fins a 24h,431057.48 ,4587824.66,2.173647278,41.437187175
2023S004829    ,3,Sants-Montjuïc,11,el Poble-sec,114000,Espanya,0002 0002,Dimecres,2023,8,August,9,Afternoon,19,No és causa del  vianant,Car,Home,55,Driver,Desconegut                                                                                                                                            ,Unknown,Taxi,Ferit lleu: Amb assistència sanitària en lloc d'accident,428963.08 ,4580901.67,2.149393354,41.374651778
2023S004830    ,1,Ciutat Vella,2,el Barri Gòtic,169307,Josep Anselm Clavé,0001 0001,Dimecres,2023,8,August,2,Afternoon,19,No és causa del  vianant,Car,Home,42,Driver,Desconegut                                                                                                                                            ,Unknown,Es desconeix,Ferit lleu: Rebutja assistència sanitària,431311.42 ,4581120.25,2.177447955,41.376824447
2023S004831    ,2,Eixample,6,la Sagrada Família,289105,Rosselló,0433 0433,Thursday,2023,8,August,10,Night,0,No és causa del  vianant,Motorcycle,Dona,64,Driver,Desconegut                                                                                                                                            ,Unknown,Oci i entreteniment,Ferit lleu: Hospitalització fins a 24h,430996.4  ,4584288.18,2.173319978,41.405330078
2023S004831    ,2,Eixample,6,la Sagrada Família,289105,Rosselló,0433 0433,Thursday,2023,8,August,10,Night,0,No és causa del  vianant,Motorcycle,Home,66,Driver,Desconegut                                                                                                                                            ,Unknown,Oci i entreteniment,Ferit lleu: Hospitalització fins a 24h,430996.4  ,4584288.18,2.173319978,41.405330078
2023S004832    ,7,Horta-Guinardó,39,Sant Genís dels Agudells,148409,Sant Cugat,0243 0251,Dimecres,2023,8,August,9,Afternoon,21,No és causa del  vianant,Motorcycle,Dona,22,Passatger,Desconegut                                                                                                                                            ,Unknown,Unknown,Ferit lleu: Hospitalització fins a 24h,427461.91 ,4587041.13,2.130707757,41.429813362
2023S004832    ,7,Horta-Guinardó,39,Sant Genís dels Agudells,148409,Sant Cugat,0243 0251,Dimecres,2023,8,August,9,Afternoon,21,No és causa del  vianant,Motorcycle,Home,24,Driver,Desconegut                                                                                                                                            ,Unknown,Oci i entreteniment,Ferit lleu: Hospitalització fins a 24h,427461.91 ,4587041.13,2.130707757,41.429813362
2023S004835    ,5,Sarrià-Sant Gervasi,26,Sant Gervasi - Galvany,50202,Brusi,0056 0056,Thursday,2023,8,August,10,Morning,12,No és causa del  vianant,Ciclomotor,Home,46,Driver,Desconegut                                                                                                                                            ,Unknown,En missió,Ferit greu: hospitalització superior a 24h,428713.85 ,4583795.76,2.146072551,41.400695763
2023S004836    ,9,Sant Andreu,59,el Bon Pastor,701265,Litoral (Besòs),000080000,Thursday,2023,8,August,10,Morning,13,No és causa del  vianant,Motorcycle,Home,65,Driver,Desconegut                                                                                                                                            ,Unknown,Es desconeix,Ferit lleu: Hospitalització fins a 24h,434025.65 ,4587739.87,2.209181615,41.436672991
2023S004836    ,9,Sant Andreu,59,el Bon Pastor,701265,Litoral (Besòs),000080000,Thursday,2023,8,August,10,Morning,13,No és causa del  vianant,Motorcycle,Home,36,Driver,Desconegut                                                                                                                                            ,Unknown,In itínere,Ferit greu: hospitalització superior a 24h,434025.65 ,4587739.87,2.209181615,41.436672991
2023S004837    ,10,Sant Martí,65,el Clot,209900,Meridiana,0085 0089,Thursday,2023,8,August,10,Morning,12,No és causa del  vianant,Bus,Home,66,Passatger,Desconegut                                                                                                                                            ,Unknown,Unknown,Ferit lleu: Hospitalització fins a 24h,432103.97 ,4584341.92,2.186563565,41.405908459
2023S004838    ,2,Eixample,6,la Sagrada Família,238400,Padilla,0189X0193X,Dimecres,2023,8,August,9,Afternoon,20,No és causa del  vianant,Motorcycle,Dona,46,Passatger,Desconegut                                                                                                                                            ,Unknown,Unknown,Ferit lleu: Hospitalització fins a 24h,431646.63 ,4583986.73,2.181132592,41.402670591
2023S004839    ,2,Eixample,6,la Sagrada Família,73900,Castillejos,0211 0211,Thursday,2023,8,August,10,Morning,13,No és causa del  vianant,Veh. mobilitat personal amb motor,Home,25,Driver,Desconegut                                                                                                                                            ,Unknown,Es desconeix,Ferit lleu: Hospitalització fins a 24h,431741.04 ,4584077.1 ,2.182251755,41.403492552
2023S004840    ,1,Ciutat Vella,4,"Sant Pere, Santa Caterina i la Ribera",198203,Marquès de l'Argentera,0013 0013,Dimecres,2023,8,August,9,Afternoon,21,No és causa del  vianant,Motorcycle,Dona,34,Driver,Desconegut                                                                                                                                            ,Unknown,Oci i entreteniment,Ferit lleu: Amb assistència sanitària en lloc d'accident,431967.06 ,4581961.65,2.185193295,41.384458451
2023S004841    ,6,Gràcia,32,el Camp d'en Grassot i Gràcia Nova,344101,Gràcia,0287 0287,Thursday,2023,8,August,10,Afternoon,16,No és causa del  vianant,Veh. mobilitat personal amb motor,Home,28,Driver,Desconegut                                                                                                                                            ,Unknown,In itínere,Ferit lleu: Hospitalització fins a 24h,430252.06 ,4584312.28,2.164412857,41.405482866
2023S004842    ,1,Ciutat Vella,2,el Barri Gòtic,82901,Colom,0005 0005,Thursday,2023,8,August,10,Afternoon,17,No és causa del  vianant,Ciclomotor,Home,19,Driver,Desconegut                                                                                                                                            ,Unknown,Es desconeix,Ferit lleu: Hospitalització fins a 24h,431635.68 ,4581554.97,2.181276245,41.380767485
2023S004843    ,4,Les Corts,20,la Maternitat i Sant Ramon,144601,Diagonal,0653 0659,Thursday,2023,8,August,10,Afternoon,18,No és causa del  vianant,Bus,Dona,13,Passatger,Desconegut                                                                                                                                            ,Unknown,Unknown,Ferit lleu: Hospitalització fins a 24h,425852.58 ,4582020.45,2.112064233,41.384447427
2023S004843    ,4,Les Corts,20,la Maternitat i Sant Ramon,144601,Diagonal,0653 0659,Thursday,2023,8,August,10,Afternoon,18,No és causa del  vianant,Bus,Dona,35,Passatger,Desconegut                                                                                                                                            ,Unknown,Unknown,Ferit lleu: Amb assistència sanitària en lloc d'accident,425852.58 ,4582020.45,2.112064233,41.384447427
2023S004843    ,4,Les Corts,20,la Maternitat i Sant Ramon,144601,Diagonal,0653 0659,Thursday,2023,8,August,10,Afternoon,18,No és causa del  vianant,Bus,Dona,54,Passatger,Desconegut                                                                                                                                            ,Unknown,Unknown,Ferit lleu: Amb assistència sanitària en lloc d'accident,425852.58 ,4582020.45,2.112064233,41.384447427
2023S004843    ,4,Les Corts,20,la Maternitat i Sant Ramon,144601,Diagonal,0653 0659,Thursday,2023,8,August,10,Afternoon,18,No és causa del  vianant,Bus,Home,34,Passatger,Desconegut                                                                                                                                            ,Unknown,Unknown,Ferit lleu: Amb assistència sanitària en lloc d'accident,425852.58 ,4582020.45,2.112064233,41.384447427
2023S004843    ,4,Les Corts,20,la Maternitat i Sant Ramon,144601,Diagonal,0653 0659,Thursday,2023,8,August,10,Afternoon,18,No és causa del  vianant,Bus,Home,52,Passatger,Desconegut                                                                                                                                            ,Unknown,Unknown,Ferit lleu: Amb assistència sanitària en lloc d'accident,425852.58 ,4582020.45,2.112064233,41.384447427
2023S004844    ,4,Les Corts,20,la Maternitat i Sant Ramon,700906,Manuel Azaña,0004 0004,Thursday,2023,8,August,10,Afternoon,19,No és causa del  vianant,Bus,Dona,22,Passatger,Desconegut                                                                                                                                            ,Unknown,Unknown,Ferit lleu: Rebutja assistència sanitària,425652.24 ,4581229.11,2.109765559,41.377301672
2023S004845    ,8,Nou Barris,48,la Guineueta,351901,Valldaura,0177X0177X,Thursday,2023,8,August,10,Afternoon,20,No és causa del  vianant,Bus,Dona,77,Passatger,Desconegut                                                                                                                                            ,Unknown,Unknown,Ferit lleu: Hospitalització fins a 24h,431067.19 ,4588000.46,2.173743427,41.438771374
2023S004846    ,3,Sants-Montjuïc,18,Sants,312400,Sants,0051 0053,Thursday,2023,8,August,10,Night,22,Altres,Bicicleta,Home,32,Driver,Desconegut                                                                                                                                            ,Unknown,Oci i entreteniment,Ferit lleu: Amb assistència sanitària en lloc d'accident,428015.05 ,4580977.29,2.138048743,41.375248573
2023S004847    ,3,Sants-Montjuïc,15,Hostafrancs,169409,Corts Catalanes,0361 0371,Friday,2023,8,August,11,Night,0,No és causa del  vianant,Bicicleta,Home,24,Driver,Desconegut                                                                                                                                            ,Unknown,Es desconeix,Ferit lleu: Hospitalització fins a 24h,428831.97 ,4580872.86,2.147829048,41.374380705
2023S004849    ,1,Ciutat Vella,4,"Sant Pere, Santa Caterina i la Ribera",198203,Marquès de l'Argentera,0017 0017,Friday,2023,8,August,11,Night,3,No és causa del  vianant,Bus,Home,27,Passatger,Desconegut                                                                                                                                            ,Unknown,Unknown,Ferit lleu: Hospitalització fins a 24h,431967.06 ,4581961.65,2.185193295,41.384458451
2023S004850    ,9,Sant Andreu,60,Sant Andreu,322007,Segre,0086 0090,Thursday,2023,8,August,10,Afternoon,21,No és causa del  vianant,Veh. mobilitat personal amb motor,Home,59,Driver,Desconegut                                                                                                                                            ,Unknown,In itínere,Ferit lleu: Hospitalització fins a 24h,432783.97 ,4587142.11,2.194386984,41.431186123
2023S004851    ,2,Eixample,6,la Sagrada Família,178308,Lepant,0253 0253,Friday,2023,8,August,11,Morning,11,No és causa del  vianant,Autobús articulat,Dona,56,Passatger,Desconegut                                                                                                                                            ,Unknown,Unknown,Ferit lleu: Hospitalització fins a 24h,431343.05 ,4584103.02,2.177487884,41.403692097
2023S004852    ,3,Sants-Montjuïc,14,la Font de la Guatlla,169409,Corts Catalanes,0322 0324,Friday,2023,8,August,11,Morning,12,No és causa del  vianant,Motorcycle,Home,58,Driver,Desconegut                                                                                                                                            ,Unknown,Es desconeix,Ferit lleu: Hospitalització fins a 24h,428805.39 ,4580812.36,2.147518341,41.37383345
2023S004854    ,2,Eixample,8,l'Antiga Esquerra de l'Eixample,32700,Balmes,0061 0061,Friday,2023,8,August,11,Morning,13,No és causa del  vianant,Motorcycle,Home,35,Driver,Desconegut                                                                                                                                            ,Unknown,Es desconeix,Ferit lleu: Hospitalització fins a 24h,430022.75 ,4582583.06,2.16186964,41.389888424
2023S004855    ,2,Eixample,5,el Fort Pienc,144601,Diagonal,9994 9994,Friday,2023,8,August,11,Afternoon,16,No és causa del  vianant,Motorcycle,Dona,64,Passatger,Desconegut                                                                                                                                            ,Unknown,Unknown,Ferit lleu: Hospitalització fins a 24h,431207.13 ,4583723.12,2.175905143,41.40025883
2023S004855    ,2,Eixample,5,el Fort Pienc,144601,Diagonal,9994 9994,Friday,2023,8,August,11,Afternoon,16,No és causa del  vianant,Motorcycle,Home,67,Driver,Desconegut                                                                                                                                            ,Unknown,Es desconeix,Ferit lleu: Amb assistència sanitària en lloc d'accident,431207.13 ,4583723.12,2.175905143,41.40025883
2023S004856    ,2,Eixample,7,la Dreta de l'Eixample,100800,Diputació,0232 0232,Friday,2023,8,August,11,Afternoon,17,No és causa del  vianant,Motorcycle,Home,77,Driver,Desconegut                                                                                                                                            ,Unknown,Oci i entreteniment,Ferit lleu: Amb assistència sanitària en lloc d'accident,430208.68 ,4582391.9 ,2.16411538,41.38818287
2023S004857    ,1,Ciutat Vella,4,"Sant Pere, Santa Caterina i la Ribera",163504,Isabel II,0002 0002,Friday,2023,8,August,11,Afternoon,18,No és causa del  vianant,Motorcycle,Home,41,Driver,Desconegut                                                                                                                                            ,Unknown,Es desconeix,Ferit greu: hospitalització superior a 24h,431713.95 ,4581617.07,2.182205218,41.381333454
2023S004858    ,5,Sarrià-Sant Gervasi,25,Sant Gervasi - la Bonanova,80203,Ciutat de Balaguer,0025 0025,Friday,2023,8,August,11,Afternoon,17,No és causa del  vianant,Veh. mobilitat personal amb motor,Home,41,Driver,Desconegut                                                                                                                                            ,Unknown,Es desconeix,Ferit lleu: Amb assistència sanitària en lloc d'accident,427849.36 ,4584075.69,2.135698314,41.403139826
2023S004859    ,5,Sarrià-Sant Gervasi,23,Sarrià,700969,Gaspar Cassadó,0002 0002,Friday,2023,8,August,11,Afternoon,18,No és causa del  vianant,Car,Dona,24,Passatger,Desconegut                                                                                                                                            ,Unknown,Unknown,Ferit lleu: Amb assistència sanitària en lloc d'accident,425828.22 ,4583381.81,2.111606125,41.396706346
2023S004859    ,5,Sarrià-Sant Gervasi,23,Sarrià,700969,Gaspar Cassadó,0002 0002,Friday,2023,8,August,11,Afternoon,18,No és causa del  vianant,Car,Dona,30,Passatger,Desconegut                                                                                                                                            ,Unknown,Unknown,Ferit lleu: Amb assistència sanitària en lloc d'accident,425828.22 ,4583381.81,2.111606125,41.396706346
2023S004859    ,5,Sarrià-Sant Gervasi,23,Sarrià,700969,Gaspar Cassadó,0002 0002,Friday,2023,8,August,11,Afternoon,18,No és causa del  vianant,Car,Home,26,Passatger,Desconegut                                                                                                                                            ,Unknown,Unknown,Ferit lleu: Amb assistència sanitària en lloc d'accident,425828.22 ,4583381.81,2.111606125,41.396706346
2023S004859    ,5,Sarrià-Sant Gervasi,23,Sarrià,700969,Gaspar Cassadó,0002 0002,Friday,2023,8,August,11,Afternoon,18,No és causa del  vianant,Car,Dona,36,Driver,Desconegut                                                                                                                                            ,Unknown,En missió,Ferit lleu: Amb assistència sanitària en lloc d'accident,425828.22 ,4583381.81,2.111606125,41.396706346
2023S004859    ,5,Sarrià-Sant Gervasi,23,Sarrià,700969,Gaspar Cassadó,0002 0002,Friday,2023,8,August,11,Afternoon,18,No és causa del  vianant,Car,Dona,55,Driver,Desconegut                                                                                                                                            ,Unknown,En missió,Ferit lleu: Amb assistència sanitària en lloc d'accident,425828.22 ,4583381.81,2.111606125,41.396706346
2023S004859    ,5,Sarrià-Sant Gervasi,23,Sarrià,700969,Gaspar Cassadó,0002 0002,Friday,2023,8,August,11,Afternoon,18,No és causa del  vianant,Car,Home,29,Driver,Desconegut                                                                                                                                            ,Unknown,En missió,Ferit lleu: Amb assistència sanitària en lloc d'accident,425828.22 ,4583381.81,2.111606125,41.396706346
2023S004860    ,5,Sarrià-Sant Gervasi,24,les Tres Torres,28000,Augusta,0282 0284,Friday,2023,8,August,11,Afternoon,17,No és causa del  vianant,Motorcycle,Home,38,Driver,Desconegut                                                                                                                                            ,Unknown,En missió,Ferit lleu: Hospitalització fins a 24h,427395.49 ,4583501.99,2.130337859,41.397931866
2023S004861    ,7,Horta-Guinardó,33,el Baix Guinardó,152905,Guinardó,0081 0081,Friday,2023,8,August,11,Afternoon,17,No és causa del  vianant,Car,Dona,34,Driver,Desconegut                                                                                                                                            ,Unknown,Es desconeix,Ferit lleu: Hospitalització fins a 24h,430786.53 ,4585244.59,2.1706999,41.41392609
2023S004862    ,2,Eixample,7,la Dreta de l'Eixample,28305,Ausiàs Marc,0002 0002,Friday,2023,8,August,11,Afternoon,19,No és causa del  vianant,Ciclomotor,Home,30,Driver,Desconegut                                                                                                                                            ,Unknown,Altres activitats,Ferit lleu: Hospitalització fins a 24h,430987.16 ,4582551.3 ,2.173407521,41.389685744
2023S004863    ,4,Les Corts,19,les Corts,701433,Mig (Ascendent),000190000,Friday,2023,8,August,11,Night,23,No és causa del  vianant,Motorcycle,Dona,33,Passatger,Desconegut                                                                                                                                            ,Unknown,Unknown,Ferit lleu: Hospitalització fins a 24h,427237.23 ,4581703.8 ,2.128660994,41.38172198
2023S004863    ,4,Les Corts,19,les Corts,701433,Mig (Ascendent),000190000,Friday,2023,8,August,11,Night,23,No és causa del  vianant,Motorcycle,Dona,37,Driver,Desconegut                                                                                                                                            ,Unknown,Oci i entreteniment,Ferit lleu: Hospitalització fins a 24h,427237.23 ,4581703.8 ,2.128660994,41.38172198
2023S004866    ,5,Sarrià-Sant Gervasi,26,Sant Gervasi - Galvany,144601,Diagonal,0516 0516,Saturday,2023,8,August,12,Night,0,No és causa del  vianant,Motorcycle,Home,32,Driver,Desconegut                                                                                                                                            ,Unknown,Oci i entreteniment,Ferit lleu: Hospitalització fins a 24h,429301.07 ,4583149.39,2.153172296,41.394926017
2023S004867    ,6,Gràcia,29,el Coll,230000,Mare de Déu del Coll,0053 0053,Friday,2023,8,August,11,Afternoon,17,No és causa del  vianant,Motorcycle,Dona,31,Driver,Desconegut                                                                                                                                            ,Unknown,Oci i entreteniment,Ferit lleu: Hospitalització fins a 24h,428827.79 ,4585582.8 ,2.14722519,41.416801039
2023S004869    ,9,Sant Andreu,60,Sant Andreu,701268,Dalt (Llobregat),0001S0000,Friday,2023,8,August,11,Afternoon,20,No és causa del  vianant,Motorcycle,Home,46,Driver,Desconegut                                                                                                                                            ,Unknown,Es desconeix,Ferit lleu: Amb assistència sanitària en lloc d'accident,432922.68 ,4588961.94,2.195844856,41.447588345
2023S004870    ,10,Sant Martí,66,el Parc i la Llacuna del Poblenou,144601,Diagonal,0230 0238,Saturday,2023,8,August,12,Morning,9,No és causa del  vianant,Veh. mobilitat personal amb motor,Home,84,Pedestrian,En zona peatonal                                                                                                                                      ,Unknown,Unknown,Ferit lleu: Hospitalització fins a 24h,432462.86 ,4584186.25,2.190874314,41.404536633
2023S004871    ,10,Sant Martí,64,el Camp de l'Arpa del Clot,209900,Meridiana,0127 0127,Friday,2023,8,August,11,Afternoon,20,No és causa del  vianant,Bicicleta,Dona,32,Pedestrian,A la vorera / Andana                                                                                                                                  ,Unknown,Unknown,Ferit lleu: Amb assistència sanitària en lloc d'accident,432159.98 ,4584736.78,2.187189318,41.409469578
2023S004871    ,10,Sant Martí,64,el Camp de l'Arpa del Clot,209900,Meridiana,0127 0127,Friday,2023,8,August,11,Afternoon,20,No és causa del  vianant,Bicicleta,Home,44,Driver,A la vorera / Andana                                                                                                                                  ,Unknown,Es desconeix,Ferit lleu: Hospitalització fins a 24h,432159.98 ,4584736.78,2.187189318,41.409469578
2023S004872    ,7,Horta-Guinardó,41,la Vall d'Hebron,701268,Dalt (Llobregat),001070000,Saturday,2023,8,August,12,Morning,12,No és causa del  vianant,Car,Dona,32,Passatger,Desconegut                                                                                                                                            ,Unknown,Unknown,Ferit lleu: Hospitalització fins a 24h,428408.32 ,4586457.54,2.142102724,41.424642175
2023S004873    ,3,Sants-Montjuïc,14,la Font de la Guatlla,169409,Corts Catalanes,0322 0324,Friday,2023,8,August,11,Night,23,No és causa del  vianant,Car,Dona,57,Passatger,Desconegut                                                                                                                                            ,Unknown,Unknown,Ferit lleu: Amb assistència sanitària en lloc d'accident,428785.17 ,4580755.16,2.147283295,41.373316478
2023S004873    ,3,Sants-Montjuïc,14,la Font de la Guatlla,169409,Corts Catalanes,0322 0324,Friday,2023,8,August,11,Night,23,No és causa del  vianant,Car,Home,71,Pedestrian,Desconegut                                                                                                                                            ,Altres activitats,Unknown,Ferit lleu: Amb assistència sanitària en lloc d'accident,428785.17 ,4580755.16,2.147283295,41.373316478
2023S004874    ,4,Les Corts,19,les Corts,199909,Marquès de Sentmenat,0068 0068,Saturday,2023,8,August,12,Afternoon,14,No és causa del  vianant,Motorcycle,Dona,56,Passatger,Desconegut                                                                                                                                            ,Unknown,Unknown,Ferit lleu: Hospitalització fins a 24h,428085.94 ,4582094.4 ,2.138763748,41.385316319
2023S004874    ,4,Les Corts,19,les Corts,199909,Marquès de Sentmenat,0068 0068,Saturday,2023,8,August,12,Afternoon,14,No és causa del  vianant,Motorcycle,Home,55,Driver,Desconegut                                                                                                                                            ,Unknown,Es desconeix,Ferit lleu: Hospitalització fins a 24h,428085.94 ,4582094.4 ,2.138763748,41.385316319
2023S004875    ,7,Horta-Guinardó,37,el Carmel,78303,Ciències,0040X0040X,Saturday,2023,8,August,12,Afternoon,14,No és causa del  vianant,Motorcycle,Home,30,Driver,Desconegut                                                                                                                                            ,Unknown,Oci i entreteniment,Ferit lleu: Hospitalització fins a 24h,429784.5  ,4586510.07,2.158564319,41.42523682
2023S004876    ,8,Nou Barris,44,Vilapicina i la Torre Llobeta,24304,Arnau d'Oms,0005S0005S,Saturday,2023,8,August,12,Afternoon,14,No és causa del  vianant,Motorcycle,Home,31,Driver,Desconegut                                                                                                                                            ,Unknown,Es desconeix,Ferit lleu: Hospitalització fins a 24h,431328.4  ,4586889.08,2.176996174,41.428783967
2023S004877    ,3,Sants-Montjuïc,16,la Bordeta,169409,Corts Catalanes,0203 0203,Saturday,2023,8,August,12,Afternoon,16,No és causa del  vianant,Car,Home,45,Driver,Desconegut                                                                                                                                            ,Unknown,In itínere,Ferit lleu: Hospitalització fins a 24h,428225.71 ,4580279.72,2.140650262,41.368984627
2023S004877    ,3,Sants-Montjuïc,16,la Bordeta,169409,Corts Catalanes,0203 0203,Saturday,2023,8,August,12,Afternoon,16,No és causa del  vianant,Motorcycle,Home,55,Driver,Desconegut                                                                                                                                            ,Unknown,Oci i entreteniment,Ferit lleu: Amb assistència sanitària en lloc d'accident,428225.71 ,4580279.72,2.140650262,41.368984627
2023S004878    ,7,Horta-Guinardó,41,la Vall d'Hebron,169103,Jorge Manrique,0006 0010,Saturday,2023,8,August,12,Afternoon,17,No és causa del  vianant,Car,Dona,64,Passatger,Desconegut                                                                                                                                            ,Unknown,Unknown,Ferit lleu: Hospitalització fins a 24h,429271.61 ,4587149.73,2.152352021,41.430952961
2023S004879    ,2,Eixample,7,la Dreta de l'Eixample,148307,Gràcia,0073 0073,Saturday,2023,8,August,12,Afternoon,17,No és causa del  vianant,Motorcycle,Dona,38,Driver,Desconegut                                                                                                                                            ,Unknown,Oci i entreteniment,Ferit lleu: Amb assistència sanitària en lloc d'accident,430097.2  ,4583030.1 ,2.16270843,41.393921246
2023S004881    ,3,Sants-Montjuïc,11,el Poble-sec,198804,Paral·lel,0093 0093,Diumenge,2023,8,August,13,Night,0,No és causa del  vianant,Bus,Home,55,Passatger,Desconegut                                                                                                                                            ,Unknown,Unknown,Ferit lleu: Hospitalització fins a 24h,430219.12 ,4580905.36,2.164411514,41.374794965
2023S004882    ,2,Eixample,5,el Fort Pienc,169409,Corts Catalanes,0708 0708,Diumenge,2023,8,August,13,Night,3,No és causa del  vianant,Car,Home,53,Driver,Desconegut                                                                                                                                            ,Unknown,"Bombers, policia, ambulància",Ferit lleu: Hospitalització fins a 24h,431267    ,4583221.11,2.176678318,41.395742501
2023S004882    ,2,Eixample,5,el Fort Pienc,169409,Corts Catalanes,0708 0708,Diumenge,2023,8,August,13,Night,3,No és causa del  vianant,Car,Home,48,Driver,Desconegut                                                                                                                                            ,Unknown,Oci i entreteniment,Ferit lleu: Amb assistència sanitària en lloc d'accident,431267    ,4583221.11,2.176678318,41.395742501
2023S004883    ,10,Sant Martí,65,el Clot,1604,Sèquia Comtal,0016 0016,Diumenge,2023,8,August,13,Morning,8,Desobeir el senyal del semàfor,Bicicleta,Home,32,Driver,En pas regulat per semàfor                                                                                                                            ,Unknown,Activitat esportiva particular,Ferit lleu: Rebutja assistència sanitària,432076.51 ,4584712.38,2.186193461,41.409242761
2023S004883    ,10,Sant Martí,65,el Clot,1604,Sèquia Comtal,0016 0016,Diumenge,2023,8,August,13,Morning,8,Desobeir el senyal del semàfor,Bicicleta,Dona,30,Pedestrian,En pas regulat per semàfor                                                                                                                            ,Altres activitats,Unknown,Ferit lleu: Hospitalització fins a 24h,432076.51 ,4584712.38,2.186193461,41.409242761
2023S004884    ,2,Eixample,8,l'Antiga Esquerra de l'Eixample,32700,Balmes,0099 0099,Saturday,2023,8,August,12,Afternoon,15,No és causa del  vianant,Ciclomotor,Dona,21,Driver,Desconegut                                                                                                                                            ,Unknown,Oci i entreteniment,Ferit lleu: Amb assistència sanitària en lloc d'accident,429807.03 ,4582788.38,2.159265847,41.391718866
2023S004885    ,2,Eixample,8,l'Antiga Esquerra de l'Eixample,144601,Diagonal,0481 0483,Diumenge,2023,8,August,13,Morning,12,Creuar per fora pas de vianants,Motorcycle,Home,27,Pedestrian,Fora del pas                                                                                                                                          ,Oci i entreteniment,Unknown,Ferit lleu: Hospitalització fins a 24h,428643.85 ,4582908.97,2.145339783,41.392702564
2023S004886    ,7,Horta-Guinardó,37,el Carmel,85900,Conca de Tremp,0027 0027,Diumenge,2023,8,August,13,Morning,13,No és causa del  vianant,Bicicleta,Home,19,Driver,Desconegut                                                                                                                                            ,Unknown,Oci i entreteniment,Ferit greu: hospitalització superior a 24h,429557.37 ,4586269.57,2.155874433,41.423050835
2023S004887    ,10,Sant Martí,72,Sant Martí de Provençals,30409,Bac de Roda,0201 0201,Diumenge,2023,8,August,13,Afternoon,16,No és causa del  vianant,Veh. mobilitat personal amb motor,Home,21,Driver,Desconegut                                                                                                                                            ,Unknown,In itínere,Ferit lleu: Amb assistència sanitària en lloc d'accident,432792.64 ,4585292.45,2.194696433,41.414527519
2023S004889    ,1,Ciutat Vella,3,la Barceloneta,141909,Gas,0002 0002,Diumenge,2023,8,August,13,Afternoon,17,Altres,Veh. mobilitat personal amb motor,Home,30,Pedestrian,Fora del pas                                                                                                                                          ,Unknown,Unknown,Ferit lleu: Amb assistència sanitària en lloc d'accident,432758.38 ,4581836.02,2.194670628,41.383393501
2023S004889    ,1,Ciutat Vella,3,la Barceloneta,141909,Gas,0002 0002,Diumenge,2023,8,August,13,Afternoon,17,Altres,Veh. mobilitat personal amb motor,Home,35,Driver,Fora del pas                                                                                                                                          ,Unknown,Es desconeix,Ferit lleu: Amb assistència sanitària en lloc d'accident,432758.38 ,4581836.02,2.194670628,41.383393501