Case_Number,District_Code,District_Name,Neighborhood_Code,Neighborhood_Name,Street_Code,Street_Name,Postal_Code,Day_of_Week,Year,Month_Code,Month_Name,Day_of_Month,Shift_Description,Hour_of_Day,Pedestrian_Cause_Description,Involved_Vehicle_Type,Gender_Description,Age,Person_Type_Description,Pedestrian_Accident_Location_Description,Pedestrian_Movement_Reason_Description,Driver_Movement_Reason_Description,Victimization_Description,UTM_X_Coordinate,UTM_Y_Coordinate,Longitude,Latitude
2023S004890    ,7,Horta-Guinardó,39,Sant Genís dels Agudells,335654,Vallvidrera al Tibidabo,0056 0056,Diumenge,2023,8,August,13,Afternoon,19,No és causa del  vianant,Bicicleta,Home,31,Driver,Desconegut                                                                                                                                            ,Unknown,Oci i entreteniment,Ferit lleu: Hospitalització fins a 24h,426622.3  ,4586175.59,2.120765165,41.421941551
2023S004891    ,6,Gràcia,28,Vallcarca i els Penitents,701267,Dalt (Besòs),0006E0000,Diumenge,2023,8,August,13,Afternoon,20,No és causa del  vianant,Car,Dona,40,Driver,Desconegut                                                                                                                                            ,Unknown,Es desconeix,Ferit lleu: Hospitalització fins a 24h,428060.23 ,4585300.07,2.13807516,41.414186223
2023S004893    ,2,Eixample,5,el Fort Pienc,28305,Ausiàs Marc,0092 0098,Diumenge,2023,8,August,13,Afternoon,20,No és causa del  vianant,Bicicleta,Home,48,Driver,Desconegut                                                                                                                                            ,Unknown,Oci i entreteniment,Ferit lleu: Hospitalització fins a 24h,431604.17 ,4583169   ,2.180717103,41.395301925
2023S004894    ,2,Eixample,7,la Dreta de l'Eixample,335100,Tetuan,0015 0015,Diumenge,2023,8,August,13,Afternoon,21,No és causa del  vianant,Motorcycle,Home,44,Driver,Desconegut                                                                                                                                            ,Unknown,Es desconeix,Ferit lleu: Hospitalització fins a 24h,431076.53 ,4583033.4 ,2.174421483,41.394035543
2023S004895    ,2,Eixample,10,Sant Antoni,114000,Espanya,0001 0001,Diumenge,2023,8,August,13,Afternoon,20,No és causa del  vianant,Motorcycle,Dona,42,Pedestrian,En pas sense regular                                                                                                                                  ,Oci i entreteniment,Unknown,Ferit lleu: Amb assistència sanitària en lloc d'accident,429045.14 ,4580981.92,2.150365152,41.375381806
2023S004896    ,3,Sants-Montjuïc,13,la Marina de Port,124706,Ferrocarrils Catalans,0121 0121,Dilluns,2023,8,August,14,Night,2,No és causa del  vianant,Car,Home,32,Driver,Desconegut                                                                                                                                            ,Unknown,"Bombers, policia, ambulància",Ferit lleu: Hospitalització fins a 24h,428176.53 ,4579554.71,2.140148176,41.362450317
2023S004896    ,3,Sants-Montjuïc,13,la Marina de Port,124706,Ferrocarrils Catalans,0121 0121,Dilluns,2023,8,August,14,Night,2,No és causa del  vianant,Car,Dona,38,Passatger,Desconegut                                                                                                                                            ,Unknown,Unknown,Ferit lleu: Rebutja assistència sanitària,428176.53 ,4579554.71,2.140148176,41.362450317
2023S004896    ,3,Sants-Montjuïc,13,la Marina de Port,124706,Ferrocarrils Catalans,0121 0121,Dilluns,2023,8,August,14,Night,2,No és causa del  vianant,Car,Home,38,Passatger,Desconegut                                                                                                                                            ,Unknown,Unknown,Ferit lleu: Rebutja assistència sanitària,428176.53 ,4579554.71,2.140148176,41.362450317
2023S004896    ,3,Sants-Montjuïc,13,la Marina de Port,124706,Ferrocarrils Catalans,0121 0121,Dilluns,2023,8,August,14,Night,2,No és causa del  vianant,Car,Home,40,Passatger,Desconegut                                                                                                                                            ,Unknown,Unknown,Ferit lleu: Hospitalització fins a 24h,428176.53 ,4579554.71,2.140148176,41.362450317
2023S004896    ,3,Sants-Montjuïc,13,la Marina de Port,124706,Ferrocarrils Catalans,0121 0121,Dilluns,2023,8,August,14,Night,2,No és causa del  vianant,Car,Home,54,Passatger,Desconegut                                                                                                                                            ,Unknown,Unknown,Ferit lleu: Hospitalització fins a 24h,428176.53 ,4579554.71,2.140148176,41.362450317
2023S004896    ,3,Sants-Montjuïc,13,la Marina de Port,124706,Ferrocarrils Catalans,0121 0121,Dilluns,2023,8,August,14,Night,2,No és causa del  vianant,Car,Dona,28,Driver,Desconegut                                                                                                                                            ,Unknown,Oci i entreteniment,Ferit lleu: Rebutja assistència sanitària,428176.53 ,4579554.71,2.140148176,41.362450317
2023S004897    ,7,Horta-Guinardó,33,el Baix Guinardó,152905,Guinardó,0090V0090V,Diumenge,2023,8,August,13,Night,23,No és causa del  vianant,Ciclomotor,Dona,31,Passatger,Desconegut                                                                                                                                            ,Unknown,Unknown,Ferit lleu: Hospitalització fins a 24h,430786.53 ,4585244.59,2.1706999,41.41392609
2023S004897    ,7,Horta-Guinardó,33,el Baix Guinardó,152905,Guinardó,0090V0090V,Diumenge,2023,8,August,13,Night,23,No és causa del  vianant,Ciclomotor,Dona,32,Driver,Desconegut                                                                                                                                            ,Unknown,Oci i entreteniment,Ferit lleu: Hospitalització fins a 24h,430786.53 ,4585244.59,2.1706999,41.41392609
2023S004898    ,9,Sant Andreu,63,Navas,346402,Trinxant,0113 0113,Dilluns,2023,8,August,14,Morning,10,No és causa del  vianant,Car,Dona,34,Pedestrian,En pas regulat per semàfor                                                                                                                            ,Oci i entreteniment,Unknown,Ferit lleu: Hospitalització fins a 24h,431752.73 ,4585588.35,2.182221049,41.417104906
2023S004899    ,3,Sants-Montjuïc,13,la Marina de Port,230601,Mare de Déu de Port,0242 0244,Dilluns,2023,8,August,14,Morning,10,Creuar per fora pas de vianants,Bicicleta,Home,74,Pedestrian,Fora del pas                                                                                                                                          ,Unknown,Unknown,Ferit lleu: Hospitalització fins a 24h,428199.67 ,4579352.94,2.140448706,41.360635106
2023S004899    ,3,Sants-Montjuïc,13,la Marina de Port,230601,Mare de Déu de Port,0242 0244,Dilluns,2023,8,August,14,Morning,10,Creuar per fora pas de vianants,Bicicleta,Home,44,Driver,Fora del pas                                                                                                                                          ,Unknown,Oci i entreteniment,Ferit lleu: Hospitalització fins a 24h,428199.67 ,4579352.94,2.140448706,41.360635106
2023S004900    ,10,Sant Martí,64,el Camp de l'Arpa del Clot,173009,Joan de Peguera,0106 0106,Dilluns,2023,8,August,14,Morning,11,No és causa del  vianant,Veh. mobilitat personal amb motor,Dona,29,Driver,Desconegut                                                                                                                                            ,Unknown,En missió,Ferit lleu: Hospitalització fins a 24h,431822.85 ,4585372.82,2.183084336,41.415169651
2023S004901    ,5,Sarrià-Sant Gervasi,26,Sant Gervasi - Galvany,214106,Modolell,0080 0080,Dilluns,2023,8,August,14,Morning,12,No és causa del  vianant,Car,Home,62,Driver,Desconegut                                                                                                                                            ,Unknown,Es desconeix,Ferit lleu: Rebutja assistència sanitària,428014.08 ,4583986.13,2.137679391,41.402347969
2023S004902    ,1,Ciutat Vella,4,"Sant Pere, Santa Caterina i la Ribera",177101,Laietana,0044 0044,Dilluns,2023,8,August,14,Afternoon,16,No és causa del  vianant,Veh. mobilitat personal amb motor,Dona,24,Pedestrian,En pas regulat per semàfor                                                                                                                            ,Oci i entreteniment,Unknown,Ferit lleu: Hospitalització fins a 24h,431165.44 ,4582165.91,2.175583547,41.386229934
2023S004904    ,2,Eixample,7,la Dreta de l'Eixample,169409,Corts Catalanes,9999 9999,Dilluns,2023,8,August,14,Morning,13,No és causa del  vianant,Autobús articulat,Dona,91,Passatger,Desconegut                                                                                                                                            ,Unknown,Unknown,Ferit lleu: Hospitalització fins a 24h,430557.69 ,4582525.42,2.168274082,41.389415667
2023S004906    ,2,Eixample,7,la Dreta de l'Eixample,18505,Aragó,0242 0242,Dilluns,2023,8,August,14,Afternoon,19,No és causa del  vianant,Ciclomotor,Dona,18,Passatger,Desconegut                                                                                                                                            ,Unknown,Unknown,Ferit lleu: Hospitalització fins a 24h,430069.92 ,4582608.66,2.162430831,41.3901231
2023S004906    ,2,Eixample,7,la Dreta de l'Eixample,18505,Aragó,0242 0242,Dilluns,2023,8,August,14,Afternoon,19,No és causa del  vianant,Ciclomotor,Home,23,Driver,Desconegut                                                                                                                                            ,Unknown,Es desconeix,Ferit lleu: Amb assistència sanitària en lloc d'accident,430069.92 ,4582608.66,2.162430831,41.3901231
2023S004907    ,6,Gràcia,31,la Vila de Gràcia,344101,Gràcia,0219 0219,Dilluns,2023,8,August,14,Night,23,No és causa del  vianant,Motorcycle,Home,46,Driver,Desconegut                                                                                                                                            ,Unknown,Oci i entreteniment,Ferit lleu: Hospitalització fins a 24h,429977.6  ,4584088.94,2.161155413,41.403447448
2023S004908    ,3,Sants-Montjuïc,13,la Marina de Port,137300,Foneria,0018 0018,Dilluns,2023,8,August,14,Afternoon,21,No és causa del  vianant,Veh. mobilitat personal amb motor,Dona,77,Pedestrian,A la vorera / Andana                                                                                                                                  ,Oci i entreteniment,Unknown,Ferit lleu: Hospitalització fins a 24h,427942.71 ,4579273.62,2.137386315,41.359897729
2023S004909    ,1,Ciutat Vella,2,el Barri Gòtic,34308,Rambla,0038 0038,Dimarts,2023,8,August,15,Night,2,No és causa del  vianant,Motorcycle,Dona,23,Passatger,Desconegut                                                                                                                                            ,Unknown,Unknown,Ferit lleu: Hospitalització fins a 24h,431177.31 ,4581360.83,2.175816995,41.37897982
2023S004909    ,1,Ciutat Vella,2,el Barri Gòtic,34308,Rambla,0038 0038,Dimarts,2023,8,August,15,Night,2,No és causa del  vianant,Motorcycle,Home,28,Driver,Desconegut                                                                                                                                            ,Unknown,Oci i entreteniment,Ferit lleu: Hospitalització fins a 24h,431177.31 ,4581360.83,2.175816995,41.37897982
2023S004911    ,2,Eixample,7,la Dreta de l'Eixample,74506,Catalunya,0060 0060,Dimarts,2023,8,August,15,Morning,11,No és causa del  vianant,Motorcycle,Dona,53,Driver,Desconegut                                                                                                                                            ,Unknown,Oci i entreteniment,Ferit lleu: Hospitalització fins a 24h,430155.92 ,4582713.39,2.163447302,41.391073846
2023S004912    ,2,Eixample,7,la Dreta de l'Eixample,169409,Corts Catalanes,0700 0700,Dimarts,2023,8,August,15,Morning,13,No és causa del  vianant,Car,Home,41,Passatger,Desconegut                                                                                                                                            ,Unknown,Unknown,Ferit lleu: Hospitalització fins a 24h,431055.83 ,4582977.34,2.174180282,41.393528852
2023S004913    ,3,Sants-Montjuïc,11,el Poble-sec,284101,Rius i Taulet,0012S0012S,Dimarts,2023,8,August,15,Afternoon,14,No és causa del  vianant,Motorcycle,Dona,28,Driver,Desconegut                                                                                                                                            ,Unknown,Es desconeix,Ferit lleu: Amb assistència sanitària en lloc d'accident,429128.42 ,4580567.28,2.151409448,41.37165462
2023S004914    ,10,Sant Martí,69,Diagonal Mar i el Front Marítim del Poblenou,700756,Marítim del Bogatell,0102 0102,Dimarts,2023,8,August,15,Afternoon,15,No és causa del  vianant,Bicicleta,Dona,52,Driver,Desconegut                                                                                                                                            ,Unknown,Es desconeix,Ferit lleu: Hospitalització fins a 24h,433778.29 ,4582998.49,2.206740394,41.393948259
2023S004915    ,3,Sants-Montjuïc,13,la Marina de Port,369408,Zona Franca,0135 0139,Dimarts,2023,8,August,15,Morning,13,No és causa del  vianant,Veh. mobilitat personal amb motor,Home,18,Driver,Desconegut                                                                                                                                            ,Unknown,Es desconeix,Ferit lleu: Amb assistència sanitària en lloc d'accident,428188.51 ,4579099.98,2.140345254,41.358355782
2023S004916    ,10,Sant Martí,68,el Poblenou,701265,Litoral (Besòs),000740000,Dimarts,2023,8,August,15,Morning,13,No és causa del  vianant,Car,Home,81,Driver,Desconegut                                                                                                                                            ,Unknown,Oci i entreteniment,Ferit lleu: Amb assistència sanitària en lloc d'accident,433903.38 ,4583302.86,2.208203325,41.396699947
2023S004917    ,1,Ciutat Vella,4,"Sant Pere, Santa Caterina i la Ribera",177101,Laietana,0002 0002,Saturday,2023,8,August,12,Afternoon,21,No és causa del  vianant,Bus,Dona,70,Passatger,Desconegut                                                                                                                                            ,Unknown,Unknown,Ferit lleu: Hospitalització fins a 24h,431630.32 ,4581688.24,2.181197104,41.381967357
2023S004919    ,2,Eixample,7,la Dreta de l'Eixample,148307,Gràcia,0104 0104,Dimarts,2023,8,August,15,Afternoon,16,No és causa del  vianant,Bicicleta,Dona,22,Driver,Desconegut                                                                                                                                            ,Unknown,In itínere,Ferit lleu: Hospitalització fins a 24h,429914.38 ,4583230.13,2.160498625,41.395706928
2023S004920    ,1,Ciutat Vella,3,la Barceloneta,64309,Carbonell,0011 0011,Dimarts,2023,8,August,15,Afternoon,19,No és causa del  vianant,Car,Home,86,Driver,Desconegut                                                                                                                                            ,Unknown,Altres activitats,Ferit lleu: Amb assistència sanitària en lloc d'accident,432208.41 ,4581642.26,2.188115346,41.381602172
2023S004920    ,1,Ciutat Vella,3,la Barceloneta,64309,Carbonell,0011 0011,Dimarts,2023,8,August,15,Afternoon,19,No és causa del  vianant,Car,Home,32,Driver,Desconegut                                                                                                                                            ,Unknown,Oci i entreteniment,Ferit lleu: Amb assistència sanitària en lloc d'accident,432208.41 ,4581642.26,2.188115346,41.381602172
2023S004921    ,2,Eixample,7,la Dreta de l'Eixample,305100,Sant Joan,0080 0080,Dimarts,2023,8,August,15,Night,22,No és causa del  vianant,Car,Dona,57,Passatger,Desconegut                                                                                                                                            ,Unknown,Unknown,Ferit lleu: Hospitalització fins a 24h,430938.78 ,4583402.63,2.172731765,41.397349259
2023S004921    ,2,Eixample,7,la Dreta de l'Eixample,305100,Sant Joan,0080 0080,Dimarts,2023,8,August,15,Night,22,No és causa del  vianant,Car,Home,0,Passatger,Desconegut                                                                                                                                            ,Unknown,Unknown,Ferit lleu: Hospitalització fins a 24h,430938.78 ,4583402.63,2.172731765,41.397349259
2023S004922    ,5,Sarrià-Sant Gervasi,27,el Putxet i el Farró,143904,General Mitre,0261 0261,Dimecres,2023,8,August,16,Night,3,No és causa del  vianant,Car,Home,34,Driver,Desconegut                                                                                                                                            ,Unknown,Es desconeix,Ferit lleu: Amb assistència sanitària en lloc d'accident,428929.49 ,4584422.45,2.148578378,41.406359224
2023S004923    ,6,Gràcia,29,el Coll,320307,Santuari,0002 0002,Dimarts,2023,8,August,15,Night,22,No és causa del  vianant,Bus,Dona,64,Passatger,Desconegut                                                                                                                                            ,Unknown,Unknown,Ferit lleu: Amb assistència sanitària en lloc d'accident,429004.3  ,4585975.03,2.149291029,41.420349321
2023S004923    ,6,Gràcia,29,el Coll,320307,Santuari,0002 0002,Dimarts,2023,8,August,15,Night,22,No és causa del  vianant,Bus,Home,35,Passatger,Desconegut                                                                                                                                            ,Unknown,Unknown,Ferit lleu: Amb assistència sanitària en lloc d'accident,429004.3  ,4585975.03,2.149291029,41.420349321
2023S004924    ,4,Les Corts,21,Pedralbes,278302,Reina Maria Cristina,0001 0001,Dimecres,2023,8,August,16,Morning,6,Desobeir el senyal del semàfor,Car,Dona,27,Pedestrian,En pas regulat per semàfor                                                                                                                            ,In itinere,Unknown,Ferit lleu: Hospitalització fins a 24h,427207    ,4582445.17,2.128210374,41.38839647
2023S004925    ,8,Nou Barris,45,Porta,351901,Valldaura,0276 0278,Dimecres,2023,8,August,16,Morning,7,Creuar per fora pas de vianants,Car,Dona,82,Pedestrian,Fora del pas                                                                                                                                          ,Oci i entreteniment,Unknown,Ferit lleu: Hospitalització fins a 24h,431806.24 ,4588046.08,2.182583901,41.439245399
2023S004926    ,10,Sant Martí,64,el Camp de l'Arpa del Clot,209900,Meridiana,0119B0119B,Dimecres,2023,8,August,16,Morning,9,No és causa del  vianant,Motorcycle,Home,49,Driver,Desconegut                                                                                                                                            ,Unknown,In itínere,Ferit lleu: Hospitalització fins a 24h,432189.31 ,4584654.43,2.187549443,41.408730352
2023S004927    ,5,Sarrià-Sant Gervasi,26,Sant Gervasi - Galvany,223606,Muntaner,0323 0323,Dimecres,2023,8,August,16,Afternoon,16,No és causa del  vianant,Motorcycle,Home,42,Driver,Desconegut                                                                                                                                            ,Unknown,Es desconeix,Ferit greu: hospitalització superior a 24h,428638    ,4583426.14,2.145208837,41.397360003
2023S004928    ,10,Sant Martí,67,la Vila Olímpica del Poblenou,367504,Doctor Trueta,0100 0100,Dimecres,2023,8,August,16,Afternoon,17,No és causa del  vianant,Bicicleta,Home,45,Driver,Desconegut                                                                                                                                            ,Unknown,Es desconeix,Ferit lleu: Hospitalització fins a 24h,432985.66 ,4583007.18,2.197258985,41.393960831
2023S004929    ,2,Eixample,8,l'Antiga Esquerra de l'Eixample,70607,Casanova,0104 0104,Dimecres,2023,8,August,16,Morning,13,No és causa del  vianant,Motorcycle,Home,64,Driver,Desconegut                                                                                                                                            ,Unknown,Altres activitats,Ferit lleu: Rebutja assistència sanitària,429546.37 ,4582303.61,2.156204714,41.387329903
2023S004930    ,2,Eixample,5,el Fort Pienc,100800,Diputació,0445 0447,Dimecres,2023,8,August,16,Afternoon,18,No és causa del  vianant,Motorcycle,Dona,70,Passatger,Desconegut                                                                                                                                            ,Unknown,Unknown,Ferit greu: hospitalització superior a 24h,431545.26 ,4583698.06,2.179952636,41.400061997
2023S004930    ,2,Eixample,5,el Fort Pienc,100800,Diputació,0445 0447,Dimecres,2023,8,August,16,Afternoon,18,No és causa del  vianant,Motorcycle,Home,50,Driver,Desconegut                                                                                                                                            ,Unknown,En missió,Ferit greu: hospitalització superior a 24h,431545.26 ,4583698.06,2.179952636,41.400061997
2023S004930    ,2,Eixample,5,el Fort Pienc,100800,Diputació,0445 0447,Dimecres,2023,8,August,16,Afternoon,18,No és causa del  vianant,Motorcycle,Home,69,Driver,Desconegut                                                                                                                                            ,Unknown,En missió,Ferit greu: hospitalització superior a 24h,431545.26 ,4583698.06,2.179952636,41.400061997
2023S004931    ,2,Eixample,5,el Fort Pienc,305100,Sant Joan,0020 0020,Dimecres,2023,8,August,16,Afternoon,17,No és causa del  vianant,Motorcycle,Home,40,Driver,Desconegut                                                                                                                                            ,Unknown,Altres activitats,Ferit lleu: Amb assistència sanitària en lloc d'accident,431453.2  ,4582876.77,2.178944457,41.392657033
2023S004932    ,6,Gràcia,31,la Vila de Gràcia,206403,Gran de Gràcia,0002 0002,Dimecres,2023,8,August,16,Afternoon,18,No és causa del  vianant,Motorcycle,Dona,36,Driver,Desconegut                                                                                                                                            ,Unknown,Es desconeix,Ferit lleu: Hospitalització fins a 24h,429673.38 ,4583491.42,2.157585673,41.398039226
2023S004933    ,2,Eixample,6,la Sagrada Família,178308,Lepant,0224 0224,Dimecres,2023,8,August,16,Afternoon,21,No és causa del  vianant,Car,Dona,15,Passatger,Desconegut                                                                                                                                            ,Unknown,Unknown,Ferit lleu: Hospitalització fins a 24h,431557.65 ,4583899.32,2.180078076,41.401875741
2023S004933    ,2,Eixample,6,la Sagrada Família,178308,Lepant,0224 0224,Dimecres,2023,8,August,16,Afternoon,21,No és causa del  vianant,Car,Dona,40,Driver,Desconegut                                                                                                                                            ,Unknown,In itínere,Ferit lleu: Amb assistència sanitària en lloc d'accident,431557.65 ,4583899.32,2.180078076,41.401875741
2023S004934    ,4,Les Corts,19,les Corts,40300,Berlín,0001 0001,Thursday,2023,8,August,17,Night,1,No és causa del  vianant,Motorcycle,Home,32,Driver,Desconegut                                                                                                                                            ,Unknown,Es desconeix,Ferit lleu: Amb assistència sanitària en lloc d'accident,427873.2  ,4581734.62,2.136262447,41.382056859
2023S004935    ,2,Eixample,7,la Dreta de l'Eixample,289105,Rosselló,0258 0258,Thursday,2023,8,August,17,Morning,6,No és causa del  vianant,Veh. mobilitat personal amb motor,Home,54,Driver,Desconegut                                                                                                                                            ,Unknown,In itínere,Ferit lleu: Hospitalització fins a 24h,430134.59 ,4583421.81,2.163110418,41.397452499
2023S004936    ,6,Gràcia,31,la Vila de Gràcia,344000,Dalt,0018 0018,Thursday,2023,8,August,17,Morning,7,No és causa del  vianant,Furgoneta,Dona,67,Pedestrian,En pas regulat per semàfor                                                                                                                            ,Unknown,Unknown,Ferit lleu: Hospitalització fins a 24h,429276.88 ,4584658.71,2.152706536,41.408517785
2023S004937    ,5,Sarrià-Sant Gervasi,25,Sant Gervasi - la Bonanova,701267,Dalt (Besòs),000860000,Thursday,2023,8,August,17,Morning,11,No és causa del  vianant,Car,Dona,33,Passatger,Desconegut                                                                                                                                            ,Unknown,Unknown,Ferit lleu: Rebutja assistència sanitària,426887.19 ,4584726.25,2.124110004,41.408912164
2023S004938    ,1,Ciutat Vella,1,el Raval,175208,Junta de Comerç,0020 0020,Thursday,2023,8,August,17,Morning,13,Creuar per fora pas de vianants,Motorcycle,Home,7,Pedestrian,Fora del pas                                                                                                                                          ,Unknown,Unknown,Ferit lleu: Amb assistència sanitària en lloc d'accident,430827.39 ,4581428.47,2.171624954,41.379559012
2023S004940    ,2,Eixample,6,la Sagrada Família,289105,Rosselló,0427 0427,Thursday,2023,8,August,17,Morning,13,No és causa del  vianant,Bicicleta,Home,29,Driver,Desconegut                                                                                                                                            ,Unknown,En missió,Ferit lleu: Rebutja assistència sanitària,430938.91 ,4584247.35,2.1726369,41.404957396
2023S004940    ,2,Eixample,6,la Sagrada Família,289105,Rosselló,0427 0427,Thursday,2023,8,August,17,Morning,13,No és causa del  vianant,Motorcycle,Home,27,Driver,Desconegut                                                                                                                                            ,Unknown,In itínere,Ferit lleu: Hospitalització fins a 24h,430938.91 ,4584247.35,2.1726369,41.404957396
2023S004941    ,3,Sants-Montjuïc,13,la Marina de Port,369408,Zona Franca,0086 0088,Thursday,2023,8,August,17,Morning,11,No és causa del  vianant,Bicicleta,Home,59,Driver,Desconegut                                                                                                                                            ,Unknown,Es desconeix,Ferit lleu: Rebutja assistència sanitària,428307.92 ,4578872.9 ,2.141799534,41.356321191
2023S004942    ,2,Eixample,8,l'Antiga Esquerra de l'Eixample,349706,Comte d'Urgell,0238 0238,Thursday,2023,8,August,17,Afternoon,15,No és causa del  vianant,Motorcycle,Dona,27,Driver,Desconegut                                                                                                                                            ,Unknown,In itínere,Ferit lleu: Hospitalització fins a 24h,428885.89 ,4582593.13,2.148271772,41.389879356
2023S004943    ,3,Sants-Montjuïc,17,Sants - Badal,59105,Canalejas,0055 0055,Thursday,2023,8,August,17,Afternoon,16,No és causa del  vianant,Motorcycle,Dona,30,Driver,Desconegut                                                                                                                                            ,Unknown,Oci i entreteniment,Ferit lleu: Hospitalització fins a 24h,427399.61 ,4580744.33,2.13071777,41.373095072
2023S004944    ,10,Sant Martí,67,la Vila Olímpica del Poblenou,700758,Marítim del Port Olímpic,0046 0046,Thursday,2023,8,August,17,Afternoon,18,No és causa del  vianant,Veh. mobilitat personal amb motor,Home,4,Pedestrian,A la vorera / Andana                                                                                                                                  ,Unknown,Unknown,Ferit lleu: Hospitalització fins a 24h,433069.2  ,4582295.63,2.19833686,41.387559034
2023S004945    ,9,Sant Andreu,61,la Sagrera,39709,Berenguer de Palou,0037 0037,Thursday,2023,8,August,17,Afternoon,20,No és causa del  vianant,Motorcycle,Home,47,Driver,Desconegut                                                                                                                                            ,Unknown,Es desconeix,Ferit lleu: Amb assistència sanitària en lloc d'accident,432554.05 ,4586337.91,2.191725172,41.423923661
2023S004946    ,2,Eixample,7,la Dreta de l'Eixample,247659,Pau Claris,0095 0095,Thursday,2023,8,August,17,Afternoon,18,No és causa del  vianant,Ciclomotor,Home,29,Driver,Desconegut                                                                                                                                            ,Unknown,Altres activitats,Ferit lleu: Hospitalització fins a 24h,430665.57 ,4582704.09,2.169543844,41.391034204
2023S004946    ,2,Eixample,7,la Dreta de l'Eixample,247659,Pau Claris,0095 0095,Thursday,2023,8,August,17,Afternoon,18,No és causa del  vianant,Ciclomotor,Dona,24,Passatger,Desconegut                                                                                                                                            ,Unknown,Unknown,Ferit lleu: Hospitalització fins a 24h,430665.57 ,4582704.09,2.169543844,41.391034204
2023S004947    ,9,Sant Andreu,59,el Bon Pastor,701265,Litoral (Besòs),000180000,Thursday,2023,8,August,17,Afternoon,21,No és causa del  vianant,Motorcycle,Home,45,Driver,Desconegut                                                                                                                                            ,Unknown,Es desconeix,Ferit lleu: Hospitalització fins a 24h,433925.28 ,4588192.74,2.207930773,41.440743599
2023S004948    ,8,Nou Barris,48,la Guineueta,75101,Caçador,0012X0012X,Thursday,2023,8,August,17,Afternoon,20,No és causa del  vianant,Ciclomotor,Dona,21,Driver,Desconegut                                                                                                                                            ,Unknown,Altres activitats,Ferit lleu: Hospitalització fins a 24h,430646.37 ,4588217.69,2.168681732,41.440691623
2023S004949    ,4,Les Corts,20,la Maternitat i Sant Ramon,144601,Diagonal,0645 0645,Thursday,2023,8,August,17,Afternoon,21,No és causa del  vianant,Motorcycle,Dona,31,Driver,Desconegut                                                                                                                                            ,Unknown,Es desconeix,Ferit lleu: Hospitalització fins a 24h,426270.62 ,4582154.02,2.117047205,41.385688877
2023S004951    ,2,Eixample,8,l'Antiga Esquerra de l'Eixample,223606,Muntaner,0083 0083,Friday,2023,8,August,18,Night,3,No és causa del  vianant,Ciclomotor,Home,33,Driver,Desconegut                                                                                                                                            ,Unknown,Oci i entreteniment,Ferit lleu: Hospitalització fins a 24h,429654.97 ,4582369.8 ,2.157495815,41.387935564
2023S004952    ,4,Les Corts,19,les Corts,231502,Numància,0136X0136X,Friday,2023,8,August,18,Night,5,No és causa del  vianant,Bicicleta,Dona,20,Driver,Desconegut                                                                                                                                            ,Unknown,Es desconeix,Ferit lleu: Amb assistència sanitària en lloc d'accident,427722.44 ,4582364.77,2.134384389,41.387718843
2023S004953    ,3,Sants-Montjuïc,18,Sants,312400,Sants,0204 0204,Thursday,2023,8,August,17,Night,23,No és causa del  vianant,Ciclomotor,Dona,23,Passatger,Desconegut                                                                                                                                            ,Unknown,Unknown,Ferit lleu: Amb assistència sanitària en lloc d'accident,427463.32 ,4581021.23,2.131446381,41.375594756
2023S004954    ,2,Eixample,7,la Dreta de l'Eixample,169409,Corts Catalanes,0619 0619,Thursday,2023,8,August,17,Afternoon,18,No és causa del  vianant,Motorcycle,Home,49,Driver,Desconegut                                                                                                                                            ,Unknown,En missió,Ferit lleu: Hospitalització fins a 24h,430694.58 ,4582659.98,2.169895858,41.390639421
2023S004955    ,1,Ciutat Vella,4,"Sant Pere, Santa Caterina i la Ribera",163504,Isabel II,0002 0002,Thursday,2023,8,August,17,Afternoon,14,No és causa del  vianant,Bus,Dona,0,Passatger,Desconegut                                                                                                                                            ,Unknown,Unknown,Ferit lleu: Amb assistència sanitària en lloc d'accident,431713.95 ,4581617.07,2.182205218,41.381333454
2023S004955    ,1,Ciutat Vella,4,"Sant Pere, Santa Caterina i la Ribera",163504,Isabel II,0002 0002,Thursday,2023,8,August,17,Afternoon,14,No és causa del  vianant,Bus,Dona,67,Passatger,Desconegut                                                                                                                                            ,Unknown,Unknown,Ferit lleu: Amb assistència sanitària en lloc d'accident,431713.95 ,4581617.07,2.182205218,41.381333454
2023S004956    ,4,Les Corts,20,la Maternitat i Sant Ramon,66508,Carles III,0001 0005,Friday,2023,8,August,18,Morning,8,No és causa del  vianant,Motorcycle,Home,34,Driver,Desconegut                                                                                                                                            ,Unknown,In itínere,Ferit lleu: Hospitalització fins a 24h,427216.56 ,4581653.31,2.128419883,41.381265365
2023S004957    ,10,Sant Martí,66,el Parc i la Llacuna del Poblenou,148704,Ciutat de Granada,0145 0145,Friday,2023,8,August,18,Morning,10,Creuar per fora pas de vianants,Bicicleta,Dona,9,Pedestrian,Fora del pas                                                                                                                                          ,Unknown,Unknown,Ferit lleu: Amb assistència sanitària en lloc d'accident,432490.56 ,4584098.21,2.191215505,41.403746009
2023S004957    ,10,Sant Martí,66,el Parc i la Llacuna del Poblenou,148704,Ciutat de Granada,0145 0145,Friday,2023,8,August,18,Morning,10,Creuar per fora pas de vianants,Bicicleta,Home,32,Driver,Fora del pas                                                                                                                                          ,Unknown,In itínere,Ferit lleu: Amb assistència sanitària en lloc d'accident,432490.56 ,4584098.21,2.191215505,41.403746009