Case_Number,District_Code,District_Name,Neighborhood_Code,Neighborhood_Name,Street_Code,Street_Name,Postal_Code,Day_of_Week,Year,Month_Code,Month_Name,Day_of_Month,Shift_Description,Hour_of_Day,Pedestrian_Cause_Description,Involved_Vehicle_Type,Gender_Description,Age,Person_Type_Description,Pedestrian_Accident_Location_Description,Pedestrian_Movement_Reason_Description,Driver_Movement_Reason_Description,Victimization_Description,UTM_X_Coordinate,UTM_Y_Coordinate,Longitude,Latitude
2023S005094    ,9,Sant Andreu,57,la Trinitat Vella,701501,B-20 (Llobregat),001610000,Saturday,2023,8,August,26,Afternoon,20,No és causa del  vianant,Car,Dona,25,Passatger,Desconegut                                                                                                                                            ,Unknown,Unknown,Ferit lleu: Hospitalització fins a 24h,432696.87 ,4588930.56,2.193145279,41.447286803
2023S005095    ,2,Eixample,5,el Fort Pienc,238400,Padilla,0167 0169,Saturday,2023,8,August,26,Afternoon,19,No és causa del  vianant,Motorcycle,Home,51,Driver,Desconegut                                                                                                                                            ,Unknown,Es desconeix,Ferit lleu: Hospitalització fins a 24h,431843.45 ,4583785.44,2.183509686,41.40087435
2023S005096    ,6,Gràcia,28,Vallcarca i els Penitents,123408,Lesseps,0021X0021X,Saturday,2023,8,August,26,Afternoon,20,No és causa del  vianant,Bicicleta,Home,29,Driver,Desconegut                                                                                                                                            ,Unknown,Altres activitats,Ferit lleu: Hospitalització fins a 24h,429045.69 ,4584528.2 ,2.149956058,41.407321945
2023S005097    ,10,Sant Martí,66,el Parc i la Llacuna del Poblenou,701414,C-31,020610000,Saturday,2023,8,August,26,Afternoon,21,No és causa del  vianant,Motorcycle,Home,20,Passatger,Desconegut                                                                                                                                            ,Unknown,Unknown,Ferit lleu: Hospitalització fins a 24h,432172.41 ,4584181.5 ,2.187400294,41.404469384
2023S005098    ,7,Horta-Guinardó,35,el Guinardó,126803,Flaugier,0002 0004,Saturday,2023,8,August,26,Afternoon,18,No és causa del  vianant,Motorcycle,Dona,42,Passatger,Desconegut                                                                                                                                            ,Unknown,Unknown,Ferit lleu: Amb assistència sanitària en lloc d'accident,431430.19 ,4585297.77,2.178394836,41.414460273
2023S005098    ,7,Horta-Guinardó,35,el Guinardó,126803,Flaugier,0002 0004,Saturday,2023,8,August,26,Afternoon,18,No és causa del  vianant,Motorcycle,Home,37,Driver,Desconegut                                                                                                                                            ,Unknown,Es desconeix,Ferit lleu: Amb assistència sanitària en lloc d'accident,431430.19 ,4585297.77,2.178394836,41.414460273
2023S005099    ,1,Ciutat Vella,1,el Raval,157909,Hospital,0047 0047,Friday,2023,8,August,25,Night,23,No és causa del  vianant,Veh. mobilitat personal amb motor,Home,41,Driver,Desconegut                                                                                                                                            ,Unknown,Es desconeix,Ferit lleu: Hospitalització fins a 24h,430802.95 ,4581563.96,2.171317221,41.380777229
2023S005100    ,1,Ciutat Vella,1,el Raval,157909,Hospital,0055 0055,Diumenge,2023,8,August,27,Night,1,No és causa del  vianant,Motorcycle,Home,54,Driver,Desconegut                                                                                                                                            ,Unknown,In itínere,Ferit lleu: Hospitalització fins a 24h,430759.57 ,4581540.06,2.170801204,41.380558235
2023S005101    ,4,Les Corts,21,Pedralbes,193108,Manuel Girona,0056 0056,Saturday,2023,8,August,26,Afternoon,19,No és causa del  vianant,Car,Dona,50,Driver,Desconegut                                                                                                                                            ,Unknown,In itínere,Ferit lleu: Hospitalització fins a 24h,426989.8  ,4582786.06,2.125571659,41.391447031
2023S005101    ,4,Les Corts,21,Pedralbes,193108,Manuel Girona,0056 0056,Saturday,2023,8,August,26,Afternoon,19,No és causa del  vianant,Car,Dona,79,Driver,Desconegut                                                                                                                                            ,Unknown,Oci i entreteniment,Ferit lleu: Hospitalització fins a 24h,426989.8  ,4582786.06,2.125571659,41.391447031
2023S005102    ,5,Sarrià-Sant Gervasi,26,Sant Gervasi - Galvany,144601,Diagonal,0578 0578,Diumenge,2023,8,August,27,Morning,6,No és causa del  vianant,Car,Dona,38,Passatger,Desconegut                                                                                                                                            ,Unknown,Unknown,Ferit lleu: Hospitalització fins a 24h,428867.36 ,4583035.93,2.147998123,41.393865857
2023S005102    ,5,Sarrià-Sant Gervasi,26,Sant Gervasi - Galvany,144601,Diagonal,0578 0578,Diumenge,2023,8,August,27,Morning,6,No és causa del  vianant,Car,Dona,59,Passatger,Desconegut                                                                                                                                            ,Unknown,Unknown,Ferit lleu: Hospitalització fins a 24h,428867.36 ,4583035.93,2.147998123,41.393865857
2023S005103    ,10,Sant Martí,65,el Clot,146902,Glòries Catalanes,0019 0021,Saturday,2023,8,August,26,Afternoon,21,No és causa del  vianant,Motorcycle,Dona,54,Passatger,Desconegut                                                                                                                                            ,Unknown,Unknown,Ferit lleu: Hospitalització fins a 24h,432172.41 ,4584181.5 ,2.187400294,41.404469384
2023S005103    ,10,Sant Martí,65,el Clot,146902,Glòries Catalanes,0019 0021,Saturday,2023,8,August,26,Afternoon,21,No és causa del  vianant,Motorcycle,Home,51,Driver,Desconegut                                                                                                                                            ,Unknown,Oci i entreteniment,Ferit lleu: Hospitalització fins a 24h,432172.41 ,4584181.5 ,2.187400294,41.404469384
2023S005105    ,1,Ciutat Vella,4,"Sant Pere, Santa Caterina i la Ribera",240707,Palau,0015 0015,Diumenge,2023,8,August,27,Afternoon,19,No és causa del  vianant,Motorcycle,Home,57,Driver,Desconegut                                                                                                                                            ,Unknown,Altres activitats,Ferit lleu: Amb assistència sanitària en lloc d'accident,431889.52 ,4581812.01,2.184282828,41.383104118
2023S005106    ,2,Eixample,6,la Sagrada Família,90502,Còrsega,0613 0613,Diumenge,2023,8,August,27,Afternoon,17,No és causa del  vianant,Motorcycle,Home,40,Driver,Desconegut                                                                                                                                            ,Unknown,Altres activitats,Ferit lleu: Hospitalització fins a 24h,431178.69 ,4584655.52,2.175458873,41.408654227
2023S005107    ,2,Eixample,5,el Fort Pienc,9209,Alí Bei,0075 0075,Diumenge,2023,8,August,27,Afternoon,21,No és causa del  vianant,Car,Home,40,Pedestrian,Fora del pas                                                                                                                                          ,Unknown,Unknown,Ferit lleu: Hospitalització fins a 24h,431772.91 ,4583147.51,2.182737815,41.395122713
2023S005107    ,2,Eixample,5,el Fort Pienc,9209,Alí Bei,0075 0075,Diumenge,2023,8,August,27,Afternoon,21,No és causa del  vianant,Car,Home,Unknown,Driver,Fora del pas                                                                                                                                          ,Unknown,Es desconeix,Ferit lleu: Hospitalització fins a 24h,431772.91 ,4583147.51,2.182737815,41.395122713
2023S005109    ,8,Nou Barris,45,Porta,282650,Rio de Janeiro,0067 0067,Dilluns,2023,8,August,28,Morning,10,No és causa del  vianant,Bicicleta,Dona,62,Driver,Desconegut                                                                                                                                            ,Unknown,Es desconeix,Ferit lleu: Amb assistència sanitària en lloc d'accident,431657.68 ,4587938.58,2.180817951,41.438264547
2023S005110    ,5,Sarrià-Sant Gervasi,26,Sant Gervasi - Galvany,55807,Francesc Macià,0003 0003,Dilluns,2023,8,August,28,Morning,9,Altres,Veh. mobilitat personal amb motor,Dona,71,Pedestrian,Fora del pas                                                                                                                                          ,Unknown,Unknown,Ferit lleu: Hospitalització fins a 24h,428583.61 ,4582973.74,2.14461165,41.393280573
2023S005111    ,2,Eixample,7,la Dreta de l'Eixample,268003,Provença,0252 0252,Dilluns,2023,8,August,28,Morning,13,No és causa del  vianant,Bicicleta,Home,26,Driver,Desconegut                                                                                                                                            ,Unknown,En missió,Ferit lleu: Amb assistència sanitària en lloc d'accident,429768.59 ,4582882.07,2.158795226,41.392559343
2023S005111    ,2,Eixample,7,la Dreta de l'Eixample,268003,Provença,0252 0252,Dilluns,2023,8,August,28,Morning,13,No és causa del  vianant,Bicicleta,Home,40,Driver,Desconegut                                                                                                                                            ,Unknown,En missió,Ferit lleu: Rebutja assistència sanitària,429768.59 ,4582882.07,2.158795226,41.392559343
2023S005112    ,2,Eixample,8,l'Antiga Esquerra de l'Eixample,223606,Muntaner,0083D0083D,Dilluns,2023,8,August,28,Afternoon,15,No és causa del  vianant,Motorcycle,Home,50,Driver,Desconegut                                                                                                                                            ,Unknown,In itínere,Ferit lleu: Amb assistència sanitària en lloc d'accident,429641.8  ,4582396.81,2.157335169,41.388177681
2023S005113    ,2,Eixample,5,el Fort Pienc,169409,Corts Catalanes,0722 0722,Dilluns,2023,8,August,28,Afternoon,14,No és causa del  vianant,Motorcycle,Dona,24,Driver,Desconegut                                                                                                                                            ,Unknown,Oci i entreteniment,Ferit lleu: Hospitalització fins a 24h,431363.28 ,4583313.93,2.177819397,41.396586731
2023S005114    ,2,Eixample,7,la Dreta de l'Eixample,18505,Aragó,0364 0364,Dilluns,2023,8,August,28,Afternoon,16,No és causa del  vianant,Motorcycle,Home,32,Driver,Desconegut                                                                                                                                            ,Unknown,Oci i entreteniment,Ferit lleu: Hospitalització fins a 24h,430848.48 ,4583371.79,2.171655185,41.397063728
2023S005116    ,1,Ciutat Vella,3,la Barceloneta,701266,Litoral (Llobregat),000900000,Dilluns,2023,8,August,28,Afternoon,16,No és causa del  vianant,Motorcycle,Home,24,Driver,Desconegut                                                                                                                                            ,Unknown,Es desconeix,Ferit lleu: Amb assistència sanitària en lloc d'accident,432683.81 ,4582138.32,2.193745254,41.386110004
2023S005117    ,10,Sant Martí,71,Provençals del Poblenou,253902,Perú,0164 0164,Dilluns,2023,8,August,28,Afternoon,15,No és causa del  vianant,Ciclomotor,Dona,62,Driver,Desconegut                                                                                                                                            ,Unknown,Es desconeix,Ferit lleu: Hospitalització fins a 24h,433383.19 ,4585066.47,2.201786977,41.412541377
2023S005118    ,2,Eixample,6,la Sagrada Família,73900,Castillejos,0218 0218,Dilluns,2023,8,August,28,Afternoon,17,No és causa del  vianant,Motorcycle,Home,34,Driver,Desconegut                                                                                                                                            ,Unknown,In itínere,Ferit lleu: Hospitalització fins a 24h,431647.55 ,4584174.64,2.181122366,41.404363118
2023S005120    ,4,Les Corts,19,les Corts,231502,Numància,0136X0136X,Dilluns,2023,8,August,28,Afternoon,16,No és causa del  vianant,Bicicleta,Dona,26,Driver,Desconegut                                                                                                                                            ,Unknown,In itínere,Ferit lleu: Hospitalització fins a 24h,427722.44 ,4582364.77,2.134384389,41.387718843
2023S005122    ,3,Sants-Montjuïc,12,la Marina del Prat Vermell,369408,Zona Franca,0032U0054U,Diumenge,2023,8,August,27,Afternoon,16,No és causa del  vianant,Bus,Dona,65,Passatger,Desconegut                                                                                                                                            ,Unknown,Unknown,Ferit lleu: Hospitalització fins a 24h,428498.25 ,4578561.53,2.14411139,41.35353371
2023S005123    ,5,Sarrià-Sant Gervasi,26,Sant Gervasi - Galvany,344101,Gràcia,0054 0056,Dilluns,2023,8,August,28,Night,22,No és causa del  vianant,Motorcycle,Home,57,Driver,Desconegut                                                                                                                                            ,Unknown,En missió,Ferit lleu: Rebutja assistència sanitària,428981.3  ,4583264.73,2.149334064,41.395936651
2023S005124    ,3,Sants-Montjuïc,18,Sants,294400,Sants,9997 9997,Dilluns,2023,8,August,28,Afternoon,21,No és causa del  vianant,Motorcycle,Home,43,Driver,Desconegut                                                                                                                                            ,Unknown,Es desconeix,Ferit lleu: Amb assistència sanitària en lloc d'accident,427865.14 ,4581015.94,2.136251648,41.375583249
2023S005125    ,3,Sants-Montjuïc,11,el Poble-sec,189202,Magalhães,0033 0033,Dimarts,2023,8,August,29,Night,1,No és causa del  vianant,Motorcycle,Home,42,Driver,Desconegut                                                                                                                                            ,Unknown,Oci i entreteniment,Ferit lleu: Rebutja assistència sanitària,430157.95 ,4580602.24,2.163715038,41.372059543
2023S005127    ,5,Sarrià-Sant Gervasi,23,Sarrià,62507,Capità Arenas,0043 0043,Dimarts,2023,8,August,29,Morning,8,No és causa del  vianant,Motorcycle,Home,64,Pedestrian,En pas sense regular                                                                                                                                  ,Altres activitats,Unknown,Ferit lleu: Amb assistència sanitària en lloc d'accident,426949.45 ,4582910.63,2.125074038,41.392565316
2023S005127    ,5,Sarrià-Sant Gervasi,23,Sarrià,62507,Capità Arenas,0043 0043,Dimarts,2023,8,August,29,Morning,8,No és causa del  vianant,Motorcycle,Home,57,Driver,En pas sense regular                                                                                                                                  ,Unknown,Es desconeix,Ferit lleu: Amb assistència sanitària en lloc d'accident,426949.45 ,4582910.63,2.125074038,41.392565316
2023S005128    ,4,Les Corts,20,la Maternitat i Sant Ramon,144601,Diagonal,0653 0659,Dimarts,2023,8,August,29,Night,5,No és causa del  vianant,Motorcycle,Dona,33,Driver,Desconegut                                                                                                                                            ,Unknown,In itínere,Ferit lleu: Rebutja assistència sanitària,425773.04 ,4581961.26,2.111120291,41.38390699
2023S005130    ,5,Sarrià-Sant Gervasi,24,les Tres Torres,143904,General Mitre,0063 0063,Dimarts,2023,8,August,29,Morning,8,No és causa del  vianant,Motorcycle,Home,58,Driver,Desconegut                                                                                                                                            ,Unknown,Es desconeix,Ferit lleu: Hospitalització fins a 24h,427602.93 ,4583375.03,2.132834294,41.396807102
2023S005131    ,7,Horta-Guinardó,37,el Carmel,97807,Dante Alighieri,0164 0166,Dimarts,2023,8,August,29,Morning,10,No és causa del  vianant,Motorcycle,Dona,39,Pedestrian,En pas sense regular                                                                                                                                  ,Es desconeix,Unknown,Ferit lleu: Amb assistència sanitària en lloc d'accident,429337.52 ,4586510.71,2.153215525,41.42520337
2023S005132    ,3,Sants-Montjuïc,13,la Marina de Port,369408,Zona Franca,0177 0179,Dimarts,2023,8,August,29,Morning,10,No és causa del  vianant,Motorcycle,Dona,46,Driver,Desconegut                                                                                                                                            ,Unknown,Es desconeix,Ferit lleu: Hospitalització fins a 24h,428057.24 ,4579344.4 ,2.138747045,41.360545468
2023S005132    ,3,Sants-Montjuïc,13,la Marina de Port,369408,Zona Franca,0177 0179,Dimarts,2023,8,August,29,Morning,10,No és causa del  vianant,Veh. mobilitat personal amb motor,Home,36,Driver,Desconegut                                                                                                                                            ,Unknown,Es desconeix,Ferit lleu: Rebutja assistència sanitària,428057.24 ,4579344.4 ,2.138747045,41.360545468
2023S005133    ,2,Eixample,8,l'Antiga Esquerra de l'Eixample,144601,Diagonal,0433 0433,Dimarts,2023,8,August,29,Morning,8,No és causa del  vianant,Motorcycle,Dona,29,Driver,Desconegut                                                                                                                                            ,Unknown,Es desconeix,Ferit lleu: Amb assistència sanitària en lloc d'accident,429142.1  ,4583070.28,2.151280152,41.394199502
2023S005134    ,7,Horta-Guinardó,37,el Carmel,185700,Llobregós,0168 0168,Dimarts,2023,8,August,29,Morning,11,No és causa del  vianant,Motorcycle,Home,66,Driver,Desconegut                                                                                                                                            ,Unknown,Es desconeix,Ferit lleu: Hospitalització fins a 24h,429382.37 ,4586268.45,2.153780523,41.423025376
2023S005135    ,2,Eixample,8,l'Antiga Esquerra de l'Eixample,268003,Provença,0248 0250,Dimarts,2023,8,August,29,Morning,12,No és causa del  vianant,Bicicleta,Home,43,Driver,Desconegut                                                                                                                                            ,Unknown,Oci i entreteniment,Ferit lleu: Hospitalització fins a 24h,429743.72 ,4582869.41,2.158499241,41.392443146
2023S005136    ,2,Eixample,7,la Dreta de l'Eixample,350308,València,0314 0314,Dimarts,2023,8,August,29,Afternoon,14,No és causa del  vianant,Ciclomotor,Home,36,Driver,Desconegut                                                                                                                                            ,Unknown,Oci i entreteniment,Ferit lleu: Amb assistència sanitària en lloc d'accident,430442.77 ,4583169.16,2.166825686,41.395203694
2023S005137    ,5,Sarrià-Sant Gervasi,27,el Putxet i el Farró,369306,Saragossa,0063 0063,Dimarts,2023,8,August,29,Afternoon,16,No és causa del  vianant,Car,Dona,49,Pedestrian,En pas sense regular                                                                                                                                  ,Unknown,Unknown,Ferit lleu: Hospitalització fins a 24h,428923.46 ,4583987.97,2.148557289,41.402445494
2023S005138    ,4,Les Corts,21,Pedralbes,144601,Diagonal,0672B0672B,Dimarts,2023,8,August,29,Afternoon,16,No és causa del  vianant,Bus,Dona,50,Passatger,Desconegut                                                                                                                                            ,Unknown,Unknown,Ferit lleu: Hospitalització fins a 24h,426968.02 ,4582381.68,2.12535995,41.387802968
2023S005139    ,9,Sant Andreu,62,el Congrés i els Indians,121402,Felip II,0234 0234,Dimarts,2023,8,August,29,Afternoon,17,No és causa del  vianant,Bicicleta,Home,38,Driver,Desconegut                                                                                                                                            ,Unknown,Es desconeix,Ferit lleu: Amb assistència sanitària en lloc d'accident,431370.73 ,4586776.52,2.177515525,41.427773798
2023S005140    ,9,Sant Andreu,60,Sant Andreu,120807,Favència,0568B0568B,Dimarts,2023,8,August,29,Afternoon,16,No és causa del  vianant,Furgoneta,Home,37,Driver,Desconegut                                                                                                                                            ,Unknown,Es desconeix,Ferit lleu: Hospitalització fins a 24h,432696.87 ,4588930.56,2.193145279,41.447286803
2023S005140    ,9,Sant Andreu,60,Sant Andreu,120807,Favència,0568B0568B,Dimarts,2023,8,August,29,Afternoon,16,No és causa del  vianant,Motorcycle,Dona,48,Driver,Desconegut                                                                                                                                            ,Unknown,Es desconeix,Ferit lleu: Hospitalització fins a 24h,432696.87 ,4588930.56,2.193145279,41.447286803
2023S005141    ,1,Ciutat Vella,3,la Barceloneta,145706,Ginebra,0022 0022,Dimarts,2023,8,August,29,Morning,13,No és causa del  vianant,Bicicleta,Home,31,Driver,Desconegut                                                                                                                                            ,Unknown,Oci i entreteniment,Ferit lleu: Rebutja assistència sanitària,432283.87 ,4581658.44,2.189015922,41.38175426
2023S005142    ,1,Ciutat Vella,4,"Sant Pere, Santa Caterina i la Ribera",198203,Marquès de l'Argentera,0007 0007,Dimarts,2023,8,August,29,Afternoon,14,No és causa del  vianant,Motorcycle,Dona,35,Passatger,Desconegut                                                                                                                                            ,Unknown,Unknown,Ferit lleu: Hospitalització fins a 24h,431886.87 ,4581921.01,2.184238877,41.384085628
2023S005142    ,1,Ciutat Vella,4,"Sant Pere, Santa Caterina i la Ribera",198203,Marquès de l'Argentera,0007 0007,Dimarts,2023,8,August,29,Afternoon,14,No és causa del  vianant,Motorcycle,Home,33,Driver,Desconegut                                                                                                                                            ,Unknown,Es desconeix,Ferit lleu: Hospitalització fins a 24h,431886.87 ,4581921.01,2.184238877,41.384085628
2023S005143    ,2,Eixample,6,la Sagrada Família,297001,Sant Antoni Maria Claret,0216 0220,Dimarts,2023,8,August,29,Morning,13,No és causa del  vianant,Motorcycle,Home,66,Driver,Desconegut                                                                                                                                            ,Unknown,Oci i entreteniment,Ferit lleu: Hospitalització fins a 24h,431087.05 ,4584936.71,2.174330508,41.411178957
2023S005144    ,2,Eixample,5,el Fort Pienc,169409,Corts Catalanes,0753 0753,Dimarts,2023,8,August,29,Afternoon,16,No és causa del  vianant,Car,Home,33,Driver,Desconegut                                                                                                                                            ,Unknown,Es desconeix,Ferit lleu: Rebutja assistència sanitària,431843.45 ,4583785.44,2.183509686,41.40087435
2023S005145    ,4,Les Corts,19,les Corts,144601,Diagonal,0543 0543,Dimarts,2023,8,August,29,Afternoon,17,No és causa del  vianant,Motorcycle,Dona,24,Pedestrian,En pas regulat per semàfor                                                                                                                            ,Es desconeix,Unknown,Ferit lleu: Hospitalització fins a 24h,427950.94 ,4582654.58,2.137082626,41.390349562
2023S005146    ,8,Nou Barris,49,Canyelles,120807,Favència,0041 0045,Dimarts,2023,8,August,29,Afternoon,19,No és causa del  vianant,Veh. mobilitat personal amb motor,Dona,21,Driver,Desconegut                                                                                                                                            ,Unknown,Es desconeix,Ferit lleu: Hospitalització fins a 24h,430457.12 ,4588348.41,2.166401501,41.441852588
2023S005147    ,8,Nou Barris,50,les Roquetes,120807,Favència,0288A0288A,Dimarts,2023,8,August,29,Night,22,No és causa del  vianant,Motorcycle,Home,56,Driver,Desconegut                                                                                                                                            ,Unknown,Es desconeix,Ferit lleu: Hospitalització fins a 24h,431330.27 ,4588699.98,2.176812648,41.445094246
2023S005148    ,8,Nou Barris,50,les Roquetes,701267,Dalt (Besòs),001480000,Dimarts,2023,8,August,29,Night,23,No és causa del  vianant,Motorcycle,Home,38,Driver,Desconegut                                                                                                                                            ,Unknown,In itínere,Ferit lleu: Hospitalització fins a 24h,431510.91 ,4588833.99,2.178959717,41.446316664
2023S005150    ,10,Sant Martí,66,el Parc i la Llacuna del Poblenou,11200,Almogàvers,0004 0004,Dimecres,2023,8,August,30,Night,3,No és causa del  vianant,Taxi,Dona,27,Passatger,Desconegut                                                                                                                                            ,Unknown,Unknown,Ferit lleu: Hospitalització fins a 24h,431736.83 ,4582736.66,2.182352601,41.39141924
2023S005150    ,10,Sant Martí,66,el Parc i la Llacuna del Poblenou,11200,Almogàvers,0004 0004,Dimecres,2023,8,August,30,Night,3,No és causa del  vianant,Taxi,Home,28,Passatger,Desconegut                                                                                                                                            ,Unknown,Unknown,Ferit lleu: Hospitalització fins a 24h,431736.83 ,4582736.66,2.182352601,41.39141924
2023S005150    ,10,Sant Martí,66,el Parc i la Llacuna del Poblenou,11200,Almogàvers,0004 0004,Dimecres,2023,8,August,30,Night,3,No és causa del  vianant,Taxi,Home,48,Driver,Desconegut                                                                                                                                            ,Unknown,Taxi,Ferit lleu: Hospitalització fins a 24h,431736.83 ,4582736.66,2.182352601,41.39141924
2023S005151    ,4,Les Corts,21,Pedralbes,115400,Esplugues,0002 0022,Dimarts,2023,8,August,29,Morning,13,No és causa del  vianant,Car,Dona,42,Passatger,Desconegut                                                                                                                                            ,Unknown,Unknown,Ferit lleu: Hospitalització fins a 24h,425204.75 ,4582148.4 ,2.104301214,41.385539814
2023S005151    ,4,Les Corts,21,Pedralbes,115400,Esplugues,0002 0022,Dimarts,2023,8,August,29,Morning,13,No és causa del  vianant,Car,Dona,59,Driver,Desconegut                                                                                                                                            ,Unknown,Oci i entreteniment,Ferit lleu: Amb assistència sanitària en lloc d'accident,425204.75 ,4582148.4 ,2.104301214,41.385539814
2023S005152    ,1,Ciutat Vella,1,el Raval,701349,Drassanes,0001 0001,Dilluns,2023,8,August,28,Afternoon,19,No és causa del  vianant,Ciclomotor,Home,73,Driver,Desconegut                                                                                                                                            ,Unknown,Es desconeix,Ferit lleu: Hospitalització fins a 24h,431213.91 ,4580892.22,2.176307867,41.374762308
2023S005153    ,5,Sarrià-Sant Gervasi,24,les Tres Torres,143904,General Mitre,0081 0091,Dimecres,2023,8,August,30,Morning,9,No és causa del  vianant,Motorcycle,Dona,24,Driver,Desconegut                                                                                                                                            ,Unknown,En missió,Ferit lleu: Hospitalització fins a 24h,427714.85 ,4583654.89,2.134139547,41.399337763
2023S005154    ,7,Horta-Guinardó,41,la Vall d'Hebron,700825,Granja Vella,0001 0001,Dimecres,2023,8,August,30,Morning,8,No és causa del  vianant,Motorcycle,Home,46,Driver,Desconegut                                                                                                                                            ,Unknown,In itínere,Ferit lleu: Hospitalització fins a 24h,429003.29 ,4586683.09,2.149195765,41.426726441
2023S005155    ,1,Ciutat Vella,2,el Barri Gòtic,16000,Àngel,0012 0012,Dimarts,2023,8,August,29,Afternoon,17,No és causa del  vianant,Veh. mobilitat personal amb motor,Dona,26,Driver,Desconegut                                                                                                                                            ,Unknown,Es desconeix,Ferit lleu: Hospitalització fins a 24h,431402.24 ,4581885.51,2.178447266,41.383724688
2023S005156    ,5,Sarrià-Sant Gervasi,25,Sant Gervasi - la Bonanova,113007,Escoles Pies,0106 0108,Dimecres,2023,8,August,30,Morning,8,No és causa del  vianant,Motorcycle,Home,27,Driver,Desconegut                                                                                                                                            ,Unknown,In itínere,Ferit lleu: Hospitalització fins a 24h,427140.1  ,4584211.14,2.127197679,41.404295768
2023S005157    ,3,Sants-Montjuïc,11,el Poble-sec,198702,Francesc Ferrer i Guàrdia,0001 0005,Dimecres,2023,8,August,30,Morning,9,No és causa del  vianant,Motorcycle,Home,30,Driver,Desconegut                                                                                                                                            ,Unknown,In itínere,Ferit lleu: Hospitalització fins a 24h,429128.42 ,4580567.28,2.151409448,41.37165462
2023S005159    ,3,Sants-Montjuïc,15,Hostafrancs,94809,Creu Coberta,0024U0024U,Dimecres,2023,8,August,30,Afternoon,15,No és causa del  vianant,Bicicleta,Home,59,Driver,Desconegut                                                                                                                                            ,Unknown,In itínere,Ferit lleu: Hospitalització fins a 24h,428795.14 ,4580960.25,2.147378401,41.375164538
2023S005160    ,3,Sants-Montjuïc,12,la Marina del Prat Vermell,701265,Litoral (Besòs),001600000,Dimecres,2023,8,August,30,Afternoon,17,No és causa del  vianant,Motorcycle,Home,36,Driver,Desconegut                                                                                                                                            ,Unknown,Es desconeix,Ferit lleu: Hospitalització fins a 24h,427843.56 ,4577637.92,2.136395635,41.345156627
2023S005161    ,8,Nou Barris,45,Porta,289852,Rosselló i Porcel,0012 0012,Dimecres,2023,8,August,30,Afternoon,17,No és causa del  vianant,Motorcycle,Dona,44,Driver,Desconegut                                                                                                                                            ,Unknown,Es desconeix,Ferit lleu: Hospitalització fins a 24h,431791.07 ,4587776.85,2.182432739,41.43681925
2023S005162    ,9,Sant Andreu,63,Navas,169908,Josep Estivill,0034 0034,Dimecres,2023,8,August,30,Afternoon,18,Transitar a peu per la calçada,Car,Home,81,Pedestrian,Fora del pas                                                                                                                                          ,Oci i entreteniment,Unknown,Ferit lleu: Amb assistència sanitària en lloc d'accident,432227.71 ,4585676.28,2.187894305,41.417937088
2023S005163    ,9,Sant Andreu,60,Sant Andreu,295709,Sant Adrià,0038B0038B,Dimecres,2023,8,August,30,Afternoon,18,No és causa del  vianant,Ciclomotor,Home,35,Driver,Desconegut                                                                                                                                            ,Unknown,Oci i entreteniment,Ferit lleu: Amb assistència sanitària en lloc d'accident,432685.85 ,4587536.11,2.193168821,41.434726532
2023S005164    ,2,Eixample,7,la Dreta de l'Eixample,148307,Gràcia,0087 0087,Dimecres,2023,8,August,30,Afternoon,14,No és causa del  vianant,Veh. mobilitat personal amb motor,Home,22,Driver,Desconegut                                                                                                                                            ,Unknown,Altres activitats,Ferit lleu: Hospitalització fins a 24h,430005.45 ,4583130.22,2.161599464,41.394815009
2023S005165    ,5,Sarrià-Sant Gervasi,23,Sarrià,28000,Augusta,0389 0389,Dimecres,2023,8,August,30,Afternoon,20,No és causa del  vianant,Motorcycle,Home,61,Driver,Desconegut                                                                                                                                            ,Unknown,Es desconeix,Ferit lleu: Hospitalització fins a 24h,426449.38 ,4584094.02,2.118949247,41.403177991
2023S005166    ,2,Eixample,10,Sant Antoni,349706,Comte d'Urgell,0034 0034,Dimecres,2023,8,August,30,Afternoon,20,No és causa del  vianant,Motorcycle,Home,68,Driver,Desconegut                                                                                                                                            ,Unknown,Altres activitats,Ferit lleu: Hospitalització fins a 24h,429919.21 ,4581564.2 ,2.160749232,41.380702858
2023S005167    ,2,Eixample,5,el Fort Pienc,169409,Corts Catalanes,0753B0753B,Dimecres,2023,8,August,30,Afternoon,18,No és causa del  vianant,Motorcycle,Dona,28,Driver,Desconegut                                                                                                                                            ,Unknown,Servei d'auxili en carretera,Ferit lleu: Hospitalització fins a 24h,431854.97 ,4583831.25,2.183642329,41.401287924
2023S005168    ,2,Eixample,9,la Nova Esquerra de l'Eixample,54509,Calàbria,0194 0194,Dimecres,2023,8,August,30,Afternoon,19,No és causa del  vianant,Motorcycle,Home,35,Driver,Desconegut                                                                                                                                            ,Unknown,In itínere,Ferit lleu: Hospitalització fins a 24h,428973.69 ,4581930.81,2.149399541,41.383921833
2023S005168    ,2,Eixample,9,la Nova Esquerra de l'Eixample,54509,Calàbria,0194 0194,Dimecres,2023,8,August,30,Afternoon,19,No és causa del  vianant,Motorcycle,Home,63,Driver,Desconegut                                                                                                                                            ,Unknown,In itínere,Ferit lleu: Hospitalització fins a 24h,428973.69 ,4581930.81,2.149399541,41.383921833
2023S005170    ,2,Eixample,7,la Dreta de l'Eixample,350308,València,0269 0269,Dimecres,2023,8,August,30,Afternoon,20,No és causa del  vianant,Motorcycle,Home,56,Driver,Desconegut                                                                                                                                            ,Unknown,Oci i entreteniment,Ferit lleu: Amb assistència sanitària en lloc d'accident,430310.82 ,4583051.57,2.165260989,41.394133169