Case_Number,District_Code,District_Name,Neighborhood_Code,Neighborhood_Name,Street_Code,Street_Name,Postal_Code,Day_of_Week,Year,Month_Code,Month_Name,Day_of_Month,Shift_Description,Hour_of_Day,Pedestrian_Cause_Description,Involved_Vehicle_Type,Gender_Description,Age,Person_Type_Description,Pedestrian_Accident_Location_Description,Pedestrian_Movement_Reason_Description,Driver_Movement_Reason_Description,Victimization_Description,UTM_X_Coordinate,UTM_Y_Coordinate,Longitude,Latitude
2023S005171    ,2,Eixample,6,la Sagrada Família,350308,València,0443 0443,Dimecres,2023,8,August,30,Night,22,No és causa del  vianant,Motorcycle,Dona,42,Passatger,Desconegut                                                                                                                                            ,Unknown,Unknown,Ferit lleu: Hospitalització fins a 24h,431276.93 ,4583999.47,2.176708689,41.402753801
2023S005171    ,2,Eixample,6,la Sagrada Família,350308,València,0443 0443,Dimecres,2023,8,August,30,Night,22,No és causa del  vianant,Ciclomotor,Home,32,Driver,Desconegut                                                                                                                                            ,Unknown,In itínere,Ferit lleu: Hospitalització fins a 24h,431276.93 ,4583999.47,2.176708689,41.402753801
2023S005171    ,2,Eixample,6,la Sagrada Família,350308,València,0443 0443,Dimecres,2023,8,August,30,Night,22,No és causa del  vianant,Motorcycle,Home,44,Driver,Desconegut                                                                                                                                            ,Unknown,In itínere,Ferit lleu: Hospitalització fins a 24h,431276.93 ,4583999.47,2.176708689,41.402753801
2023S005172    ,9,Sant Andreu,59,el Bon Pastor,700051,Cresques,0016 0016,Thursday,2023,8,August,31,Night,5,No és causa del  vianant,"Camió rígid > 3,5 tones",Home,56,Pedestrian,En pas sense regular                                                                                                                                  ,In itinere,Unknown,Ferit lleu: Hospitalització fins a 24h,433618.71 ,4587440.27,2.204344039,41.433941027
2023S005173    ,7,Horta-Guinardó,41,la Vall d'Hebron,701268,Dalt (Llobregat),001130000,Thursday,2023,8,August,31,Morning,6,No és causa del  vianant,Car,Dona,43,Driver,Desconegut                                                                                                                                            ,Unknown,Es desconeix,Ferit lleu: Hospitalització fins a 24h,428665.97 ,4587115.35,2.145108159,41.430589724
2023S005174    ,4,Les Corts,19,les Corts,701433,Mig (Ascendent),000190000,Thursday,2023,8,August,31,Morning,6,No és causa del  vianant,Motorcycle,Home,52,Driver,Desconegut                                                                                                                                            ,Unknown,In itínere,Ferit greu: hospitalització superior a 24h,427191.1  ,4581776.77,2.128100585,41.382375016
2023S005175    ,2,Eixample,9,la Nova Esquerra de l'Eixample,87009,Comte Borrell,0167 0167,Thursday,2023,8,August,31,Morning,11,No és causa del  vianant,Car,Dona,47,Pedestrian,En zona peatonal                                                                                                                                      ,En missió,Unknown,Ferit lleu: Amb assistència sanitària en lloc d'accident,429412.31 ,4581883.92,2.154650361,41.383538136
2023S005177    ,10,Sant Martí,71,Provençals del Poblenou,42306,Bilbao,0120X0120X,Thursday,2023,8,August,31,Afternoon,15,No és causa del  vianant,Motorcycle,Home,23,Driver,Desconegut                                                                                                                                            ,Unknown,In itínere,Ferit lleu: Hospitalització fins a 24h,433090.05 ,4584419.2 ,2.198351418,41.406687227
2023S005178    ,5,Sarrià-Sant Gervasi,24,les Tres Torres,28000,Augusta,0293 0293,Thursday,2023,8,August,31,Afternoon,16,No és causa del  vianant,Motorcycle,Dona,21,Passatger,Desconegut                                                                                                                                            ,Unknown,Unknown,Ferit lleu: Hospitalització fins a 24h,427200.37 ,4583487.59,2.128005711,41.397784521
2023S005178    ,5,Sarrià-Sant Gervasi,24,les Tres Torres,28000,Augusta,0293 0293,Thursday,2023,8,August,31,Afternoon,16,No és causa del  vianant,Motorcycle,Dona,57,Driver,Desconegut                                                                                                                                            ,Unknown,Es desconeix,Ferit lleu: Hospitalització fins a 24h,427200.37 ,4583487.59,2.128005711,41.397784521
2023S005179    ,5,Sarrià-Sant Gervasi,26,Sant Gervasi - Galvany,23403,Aribau,0228 0228,Thursday,2023,8,August,31,Afternoon,15,No és causa del  vianant,Bicicleta,Home,26,Driver,Desconegut                                                                                                                                            ,Unknown,Es desconeix,Ferit lleu: Hospitalització fins a 24h,429041.28 ,4583219.98,2.150056729,41.395538902
2023S005180    ,3,Sants-Montjuïc,11,el Poble-sec,198804,Paral·lel,0077 0077,Thursday,2023,8,August,31,Afternoon,16,Desobeir el senyal del semàfor,Motorcycle,Home,42,Driver,Desconegut                                                                                                                                            ,Unknown,Altres activitats,Ferit lleu: Hospitalització fins a 24h,430497.04 ,4580920.96,2.167732853,41.374959533
2023S005180    ,3,Sants-Montjuïc,11,el Poble-sec,198804,Paral·lel,0077 0077,Thursday,2023,8,August,31,Afternoon,16,Desobeir el senyal del semàfor,Motorcycle,Home,45,Passatger,Desconegut                                                                                                                                            ,Unknown,Unknown,Ferit lleu: Hospitalització fins a 24h,430497.04 ,4580920.96,2.167732853,41.374959533
2023S005181    ,2,Eixample,8,l'Antiga Esquerra de l'Eixample,90502,Còrsega,0263 0263,Thursday,2023,8,August,31,Afternoon,18,No és causa del  vianant,Motorcycle,Home,45,Driver,Desconegut                                                                                                                                            ,Unknown,Es desconeix,Ferit lleu: Hospitalització fins a 24h,429458    ,4582969.11,2.155070314,41.393316086
2023S005182    ,7,Horta-Guinardó,35,el Guinardó,194406,Maragall,0155 0155,Thursday,2023,8,August,31,Afternoon,18,No és causa del  vianant,Autobús articulat,Dona,67,Passatger,Desconegut                                                                                                                                            ,Unknown,Unknown,Ferit lleu: Hospitalització fins a 24h,431521.68 ,4586117.02,2.17939666,41.421846795
2023S005183    ,6,Gràcia,28,Vallcarca i els Penitents,123408,Lesseps,0025 0025,Thursday,2023,8,August,31,Afternoon,18,No és causa del  vianant,Motorcycle,Dona,66,Passatger,Desconegut                                                                                                                                            ,Unknown,Unknown,Ferit lleu: Hospitalització fins a 24h,428967.21 ,4584479.36,2.149022934,41.406875127
2023S005183    ,6,Gràcia,28,Vallcarca i els Penitents,123408,Lesseps,0025 0025,Thursday,2023,8,August,31,Afternoon,18,No és causa del  vianant,Motorcycle,Dona,70,Driver,Desconegut                                                                                                                                            ,Unknown,Oci i entreteniment,Ferit lleu: Rebutja assistència sanitària,428967.21 ,4584479.36,2.149022934,41.406875127
2023S005184    ,2,Eixample,6,la Sagrada Família,191204,Mallorca,0417 0417,Thursday,2023,8,August,31,Afternoon,17,No és causa del  vianant,Furgoneta,Dona,58,Pedestrian,Altres                                                                                                                                                ,Unknown,Unknown,Ferit lleu: Hospitalització fins a 24h,431277.27 ,4584186.43,2.176691518,41.404437721
2023S005185    ,8,Nou Barris,56,Vallbona,269902,Puig de Jorba,0071 0073,Thursday,2023,8,August,31,Afternoon,16,No és causa del  vianant,Motorcycle,Home,23,Driver,Desconegut                                                                                                                                            ,Unknown,Oci i entreteniment,Ferit lleu: Hospitalització fins a 24h,431539.93 ,4591181.89,2.179040679,41.467465762
2023S005186    ,2,Eixample,5,el Fort Pienc,169409,Corts Catalanes,0790 0790,Thursday,2023,8,August,31,Afternoon,19,No és causa del  vianant,Motorcycle,Home,31,Driver,Desconegut                                                                                                                                            ,Unknown,Altres activitats,Ferit lleu: Hospitalització fins a 24h,431752.74 ,4583658.63,2.18243892,41.399724511
2023S005187    ,4,Les Corts,19,les Corts,199909,Marquès de Sentmenat,0026 0026,Thursday,2023,8,August,31,Afternoon,19,No és causa del  vianant,Bicicleta,Home,22,Driver,Desconegut                                                                                                                                            ,Unknown,Es desconeix,Ferit lleu: Hospitalització fins a 24h,427849.92 ,4582038.11,2.135947898,41.384788191
2023S005187    ,4,Les Corts,19,les Corts,199909,Marquès de Sentmenat,0026 0026,Thursday,2023,8,August,31,Afternoon,19,No és causa del  vianant,Veh. mobilitat personal amb motor,Dona,27,Driver,Desconegut                                                                                                                                            ,Unknown,Es desconeix,Ferit lleu: Hospitalització fins a 24h,427849.92 ,4582038.11,2.135947898,41.384788191
2023S005189    ,2,Eixample,10,Sant Antoni,169409,Corts Catalanes,0590 0590,Friday,2023,9,September,1,Night,1,No és causa del  vianant,Bus,Home,68,Passatger,Desconegut                                                                                                                                            ,Unknown,Unknown,Ferit lleu: Hospitalització fins a 24h,430073.01 ,4582088.29,2.162527888,41.385436562
2023S005190    ,2,Eixample,5,el Fort Pienc,18505,Aragó,0412 0412,Dimecres,2023,8,August,30,Morning,13,No és causa del  vianant,Ciclomotor,Dona,59,Driver,Desconegut                                                                                                                                            ,Unknown,Es desconeix,Ferit lleu: Hospitalització fins a 24h,431105.59 ,4583623.33,2.174701901,41.399351353
2023S005191    ,2,Eixample,5,el Fort Pienc,18505,Aragó,0412 0412,Friday,2023,9,September,1,Morning,6,No és causa del  vianant,Motorcycle,Home,43,Driver,Desconegut                                                                                                                                            ,Unknown,In itínere,Ferit lleu: Rebutja assistència sanitària,431105.59 ,4583623.33,2.174701901,41.399351353
2023S005192    ,6,Gràcia,32,el Camp d'en Grassot i Gràcia Nova,344101,Gràcia,0345 0347,Thursday,2023,8,August,31,Morning,12,Transitar a peu per la calçada,Car,Home,68,Pedestrian,Fora del pas                                                                                                                                          ,Oci i entreteniment,Unknown,Ferit lleu: Hospitalització fins a 24h,430536.23 ,4584543.28,2.167785787,41.407588024
2023S005193    ,10,Sant Martí,67,la Vila Olímpica del Poblenou,197302,Marina,0033 0033,Dimecres,2023,8,August,30,Afternoon,20,No és causa del  vianant,Veh. mobilitat personal amb motor,Dona,77,Pedestrian,En zona peatonal                                                                                                                                      ,Unknown,Unknown,Ferit lleu: Hospitalització fins a 24h,432610.99 ,4582552.1 ,2.192828322,41.389830716
2023S005194    ,2,Eixample,5,el Fort Pienc,169409,Corts Catalanes,0778 0778,Friday,2023,9,September,1,Morning,8,No és causa del  vianant,Motorcycle,Dona,33,Driver,Desconegut                                                                                                                                            ,Unknown,Oci i entreteniment,Ferit lleu: Hospitalització fins a 24h,431648.43 ,4583591.24,2.181198802,41.399108683
2023S005195    ,10,Sant Martí,64,el Camp de l'Arpa del Clot,161101,Independència,0267 0267,Thursday,2023,8,August,31,Morning,12,No és causa del  vianant,Motorcycle,Home,46,Driver,Desconegut                                                                                                                                            ,Unknown,Es desconeix,Ferit lleu: Hospitalització fins a 24h,431934.16 ,4584454.66,2.184519459,41.406909506
2023S005196    ,2,Eixample,5,el Fort Pienc,73900,Castillejos,0154 0156,Friday,2023,9,September,1,Morning,10,No és causa del  vianant,Motorcycle,Home,55,Driver,Desconegut                                                                                                                                            ,Unknown,Es desconeix,Ferit lleu: Amb assistència sanitària en lloc d'accident,431991.7  ,4583838.25,2.185277113,41.401362555
2023S005197    ,-1,Unknown,-1,Unknown,-1,Unknown,Unknown,Friday,2023,9,September,1,Morning,13,No és causa del  vianant,Ciclomotor,Home,25,Driver,Desconegut                                                                                                                                            ,Unknown,Es desconeix,Ferit lleu: Amb assistència sanitària en lloc d'accident,429493.73 ,4587108.15,2.155015073,41.430598006
2023S005198    ,2,Eixample,7,la Dreta de l'Eixample,169409,Corts Catalanes,0604 0604,Friday,2023,9,September,1,Afternoon,15,No és causa del  vianant,Motorcycle,Home,51,Driver,Desconegut                                                                                                                                            ,Unknown,Es desconeix,Ferit lleu: Hospitalització fins a 24h,430311.08 ,4582286.33,2.165352193,41.387240918
2023S005199    ,10,Sant Martí,71,Provençals del Poblenou,701414,C-31,020830000,Friday,2023,9,September,1,Afternoon,15,No és causa del  vianant,Car,Dona,20,Passatger,Desconegut                                                                                                                                            ,Unknown,Unknown,Ferit lleu: Hospitalització fins a 24h,434007.45 ,4585877.1 ,2.209167247,41.419894044
2023S005199    ,10,Sant Martí,71,Provençals del Poblenou,701414,C-31,020830000,Friday,2023,9,September,1,Afternoon,15,No és causa del  vianant,Car,Dona,30,Passatger,Desconegut                                                                                                                                            ,Unknown,Unknown,Ferit lleu: Hospitalització fins a 24h,434007.45 ,4585877.1 ,2.209167247,41.419894044
2023S005199    ,10,Sant Martí,71,Provençals del Poblenou,701414,C-31,020830000,Friday,2023,9,September,1,Afternoon,15,No és causa del  vianant,Motorcycle,Home,59,Driver,Desconegut                                                                                                                                            ,Unknown,Es desconeix,Ferit lleu: Hospitalització fins a 24h,434007.45 ,4585877.1 ,2.209167247,41.419894044
2023S005199    ,10,Sant Martí,71,Provençals del Poblenou,701414,C-31,020830000,Friday,2023,9,September,1,Afternoon,15,No és causa del  vianant,Car,Home,28,Driver,Desconegut                                                                                                                                            ,Unknown,Es desconeix,Ferit lleu: Hospitalització fins a 24h,434007.45 ,4585877.1 ,2.209167247,41.419894044
2023S005199    ,10,Sant Martí,71,Provençals del Poblenou,701414,C-31,020830000,Friday,2023,9,September,1,Afternoon,15,No és causa del  vianant,Car,Home,64,Driver,Desconegut                                                                                                                                            ,Unknown,Es desconeix,Ferit lleu: Hospitalització fins a 24h,434007.45 ,4585877.1 ,2.209167247,41.419894044
2023S005199    ,10,Sant Martí,71,Provençals del Poblenou,701414,C-31,020830000,Friday,2023,9,September,1,Afternoon,15,No és causa del  vianant,Car,Home,27,Driver,Desconegut                                                                                                                                            ,Unknown,In itínere,Ferit lleu: Hospitalització fins a 24h,434007.45 ,4585877.1 ,2.209167247,41.419894044
2023S005200    ,2,Eixample,7,la Dreta de l'Eixample,144601,Diagonal,0340 0348,Friday,2023,9,September,1,Afternoon,15,No és causa del  vianant,Veh. mobilitat personal amb motor,Dona,29,Driver,Desconegut                                                                                                                                            ,Unknown,Es desconeix,Ferit lleu: Hospitalització fins a 24h,430978.26 ,4583706.76,2.173169306,41.400091855
2023S005201    ,5,Sarrià-Sant Gervasi,26,Sant Gervasi - Galvany,28000,Augusta,0217 0223,Friday,2023,9,September,1,Afternoon,17,No és causa del  vianant,Motorcycle,Dona,20,Passatger,Desconegut                                                                                                                                            ,Unknown,Unknown,Ferit lleu: Rebutja assistència sanitària,427952.88 ,4583466.24,2.137009213,41.397660042
2023S005201    ,5,Sarrià-Sant Gervasi,26,Sant Gervasi - Galvany,28000,Augusta,0217 0223,Friday,2023,9,September,1,Afternoon,17,No és causa del  vianant,Motorcycle,Home,61,Driver,Desconegut                                                                                                                                            ,Unknown,Oci i entreteniment,Ferit lleu: Hospitalització fins a 24h,427952.88 ,4583466.24,2.137009213,41.397660042
2023S005202    ,5,Sarrià-Sant Gervasi,26,Sant Gervasi - Galvany,8501,Alfons XII,0054 0054,Friday,2023,9,September,1,Afternoon,18,No és causa del  vianant,Motorcycle,Home,61,Driver,Desconegut                                                                                                                                            ,Unknown,Es desconeix,Ferit lleu: Hospitalització fins a 24h,428898.83 ,4583679.86,2.148298869,41.399668283
2023S005203    ,2,Eixample,7,la Dreta de l'Eixample,268003,Provença,0368B0368B,Friday,2023,9,September,1,Afternoon,16,No és causa del  vianant,Veh. mobilitat personal amb motor,Dona,47,Driver,Desconegut                                                                                                                                            ,Unknown,Es desconeix,Ferit lleu: Hospitalització fins a 24h,430599.12 ,4583712.76,2.168633427,41.400113241
2023S005204    ,10,Sant Martí,64,el Camp de l'Arpa del Clot,161407,Indústria,0288 0288,Friday,2023,9,September,1,Afternoon,17,No és causa del  vianant,Motorcycle,Home,41,Driver,Desconegut                                                                                                                                            ,Unknown,In itínere,Ferit lleu: Hospitalització fins a 24h,431634.8  ,4585306.27,2.180841921,41.414554272
2023S005205    ,2,Eixample,7,la Dreta de l'Eixample,74506,Catalunya,0074 0074,Thursday,2023,8,August,31,Afternoon,16,No és causa del  vianant,Veh. mobilitat personal amb motor,Dona,45,Driver,Desconegut                                                                                                                                            ,Unknown,Es desconeix,Ferit lleu: Rebutja assistència sanitària,430061.22 ,4582806.77,2.162303891,41.391906656
2023S005206    ,8,Nou Barris,52,la Prosperitat,351901,Valldaura,0261 0269,Friday,2023,9,September,1,Afternoon,20,No és causa del  vianant,Veh. mobilitat personal amb motor,Home,5,Pedestrian,En zona peatonal                                                                                                                                      ,Unknown,Unknown,Ferit lleu: Hospitalització fins a 24h,431677.39 ,4588115.31,2.181033861,41.439857969
2023S005207    ,2,Eixample,7,la Dreta de l'Eixample,148307,Gràcia,0054 0054,Friday,2023,9,September,1,Afternoon,17,No és causa del  vianant,"Camió rígid <= 3,5 tones",Dona,36,Driver,Desconegut                                                                                                                                            ,Unknown,Servei de neteja o recollida d'escombraries,Ferit lleu: Hospitalització fins a 24h,430277.16 ,4582833.02,2.164883567,41.39216184
2023S005208    ,5,Sarrià-Sant Gervasi,24,les Tres Torres,357103,Vergós,0033 0033,Friday,2023,9,September,1,Afternoon,21,No és causa del  vianant,Motorcycle,Home,24,Driver,Desconegut                                                                                                                                            ,Unknown,Altres activitats,Ferit lleu: Hospitalització fins a 24h,427314.78 ,4583574.24,2.129363788,41.398575297
2023S005208    ,5,Sarrià-Sant Gervasi,24,les Tres Torres,357103,Vergós,0033 0033,Friday,2023,9,September,1,Afternoon,21,No és causa del  vianant,Motorcycle,Dona,23,Passatger,Desconegut                                                                                                                                            ,Unknown,Unknown,Ferit lleu: Hospitalització fins a 24h,427314.78 ,4583574.24,2.129363788,41.398575297
2023S005209    ,9,Sant Andreu,59,el Bon Pastor,701265,Litoral (Besòs),000080000,Friday,2023,9,September,1,Afternoon,21,No és causa del  vianant,Motorcycle,Home,23,Driver,Desconegut                                                                                                                                            ,Unknown,Oci i entreteniment,Ferit lleu: Hospitalització fins a 24h,433694.47 ,4588647.61,2.205118172,41.444821434
2023S005209    ,9,Sant Andreu,59,el Bon Pastor,701265,Litoral (Besòs),000080000,Friday,2023,9,September,1,Afternoon,21,No és causa del  vianant,Car,Dona,23,Driver,Desconegut                                                                                                                                            ,Unknown,Oci i entreteniment,Ferit lleu: Hospitalització fins a 24h,433694.47 ,4588647.61,2.205118172,41.444821434
2023S005210    ,1,Ciutat Vella,3,la Barceloneta,701498,B-10 (Besòs),001000000,Friday,2023,9,September,1,Afternoon,17,No és causa del  vianant,Ciclomotor,Home,25,Driver,Desconegut                                                                                                                                            ,Unknown,Es desconeix,Ferit lleu: Amb assistència sanitària en lloc d'accident,431839.77 ,4581625.77,2.183708843,41.381422488
2023S005211    ,9,Sant Andreu,60,Sant Andreu,209900,Meridiana,0574 0578,Friday,2023,9,September,1,Night,23,No és causa del  vianant,Car,Dona,21,Passatger,Desconegut                                                                                                                                            ,Unknown,Unknown,Ferit lleu: Amb assistència sanitària en lloc d'accident,432156.47 ,4588400.76,2.186735958,41.442469565
2023S005211    ,9,Sant Andreu,60,Sant Andreu,209900,Meridiana,0574 0578,Friday,2023,9,September,1,Night,23,No és causa del  vianant,Car,Home,23,Passatger,Desconegut                                                                                                                                            ,Unknown,Unknown,Ferit lleu: Amb assistència sanitària en lloc d'accident,432156.47 ,4588400.76,2.186735958,41.442469565
2023S005211    ,9,Sant Andreu,60,Sant Andreu,209900,Meridiana,0574 0578,Friday,2023,9,September,1,Night,23,No és causa del  vianant,Car,Dona,22,Driver,Desconegut                                                                                                                                            ,Unknown,Oci i entreteniment,Ferit lleu: Hospitalització fins a 24h,432156.47 ,4588400.76,2.186735958,41.442469565
2023S005213    ,8,Nou Barris,50,les Roquetes,701267,Dalt (Besòs),001480000,Saturday,2023,9,September,2,Morning,6,No és causa del  vianant,Motorcycle,Home,24,Passatger,Desconegut                                                                                                                                            ,Unknown,Unknown,Ferit lleu: Amb assistència sanitària en lloc d'accident,431563.44 ,4588806.2 ,2.179591668,41.446070853
2023S005213    ,8,Nou Barris,50,les Roquetes,701267,Dalt (Besòs),001480000,Saturday,2023,9,September,2,Morning,6,No és causa del  vianant,Motorcycle,Home,21,Driver,Desconegut                                                                                                                                            ,Unknown,Es desconeix,Ferit lleu: Amb assistència sanitària en lloc d'accident,431563.44 ,4588806.2 ,2.179591668,41.446070853
2023S005215    ,5,Sarrià-Sant Gervasi,23,Sarrià,249202,Pere II de Montcada,0007 0009,Saturday,2023,9,September,2,Morning,8,No és causa del  vianant,Car,Home,56,Driver,Desconegut                                                                                                                                            ,Unknown,Es desconeix,Ferit lleu: Amb assistència sanitària en lloc d'accident,426244.86 ,4583627.76,2.116559577,41.39895985
2023S005217    ,9,Sant Andreu,60,Sant Andreu,314100,Santa Coloma,0029 0031,Saturday,2023,9,September,2,Morning,11,No és causa del  vianant,Veh. mobilitat personal amb motor,Dona,36,Driver,En zona peatonal                                                                                                                                      ,Unknown,Es desconeix,Ferit lleu: Amb assistència sanitària en lloc d'accident,432437.97 ,4588710.74,2.190070717,41.4452852
2023S005218    ,3,Sants-Montjuïc,17,Sants - Badal,338903,Torns,0005 0005,Saturday,2023,9,September,2,Afternoon,15,No és causa del  vianant,Motorcycle,Home,23,Driver,Desconegut                                                                                                                                            ,Unknown,Oci i entreteniment,Ferit lleu: Rebutja assistència sanitària,426902.49 ,4580857.35,2.12476022,41.374067978
2023S005219    ,5,Sarrià-Sant Gervasi,25,Sant Gervasi - la Bonanova,701267,Dalt (Besòs),0007E0000,Saturday,2023,9,September,2,Afternoon,20,No és causa del  vianant,Motorcycle,Home,18,Driver,Desconegut                                                                                                                                            ,Unknown,Oci i entreteniment,Ferit lleu: Hospitalització fins a 24h,427111.18 ,4584977.45,2.126759381,41.411194966
2023S005220    ,9,Sant Andreu,63,Navas,115603,Espronceda,0323 0327,Saturday,2023,9,September,2,Morning,13,No és causa del  vianant,Bicicleta,Home,33,Driver,Desconegut                                                                                                                                            ,Unknown,Oci i entreteniment,Ferit lleu: Amb assistència sanitària en lloc d'accident,432500.46 ,4585396.58,2.19118902,41.415440885
2023S005221    ,2,Eixample,10,Sant Antoni,363809,Villarroel,0043 0043,Saturday,2023,9,September,2,Afternoon,14,No és causa del  vianant,Motorcycle,Dona,39,Passatger,Desconegut                                                                                                                                            ,Unknown,Unknown,Ferit lleu: Hospitalització fins a 24h,429957.7  ,4581677.28,2.161196425,41.381724688
2023S005221    ,2,Eixample,10,Sant Antoni,363809,Villarroel,0043 0043,Saturday,2023,9,September,2,Afternoon,14,No és causa del  vianant,Motorcycle,Home,37,Driver,Desconegut                                                                                                                                            ,Unknown,Es desconeix,Ferit lleu: Hospitalització fins a 24h,429957.7  ,4581677.28,2.161196425,41.381724688
2023S005222    ,8,Nou Barris,44,Vilapicina i la Torre Llobeta,319104,Santapau,0018 0018,Saturday,2023,9,September,2,Afternoon,17,No és causa del  vianant,Veh. mobilitat personal amb motor,Home,19,Driver,Desconegut                                                                                                                                            ,Unknown,Es desconeix,Ferit lleu: Hospitalització fins a 24h,431494.76 ,4586962.47,2.178978695,41.429459179
2023S005223    ,8,Nou Barris,49,Canyelles,120807,Favència,0039 0039,Thursday,2023,8,August,31,Night,2,No és causa del  vianant,Motorcycle,Home,25,Driver,Desconegut                                                                                                                                            ,Unknown,Es desconeix,Ferit greu: hospitalització superior a 24h,430361.27 ,4588243.81,2.165266294,41.440902185
2023S005225    ,7,Horta-Guinardó,33,el Baix Guinardó,152905,Guinardó,0049 0051,Saturday,2023,9,September,2,Night,22,No és causa del  vianant,Motorcycle,Home,28,Driver,Desconegut                                                                                                                                            ,Unknown,En missió,Ferit lleu: Hospitalització fins a 24h,430432.84 ,4585050.82,2.166490535,41.412150316
2023S005227    ,4,Les Corts,20,la Maternitat i Sant Ramon,343903,Corts,0037X0037X,Diumenge,2023,9,September,3,Night,3,No és causa del  vianant,Taxi,Home,30,Driver,Altres                                                                                                                                                ,Unknown,Taxi,Ferit lleu: Amb assistència sanitària en lloc d'accident,426524.72 ,4581209.93,2.120200515,41.377209106
2023S005228    ,10,Sant Martí,73,la Verneda i la Pau,266405,Prim,0177 0177,Diumenge,2023,9,September,3,Morning,11,No és causa del  vianant,Car,Home,50,Driver,Desconegut                                                                                                                                            ,Unknown,Oci i entreteniment,Ferit lleu: Rebutja assistència sanitària,433522.53 ,4586222.09,2.203326982,41.422961274
2023S005229    ,3,Sants-Montjuïc,11,el Poble-sec,304300,Sant Jordi,0001 0001X,Diumenge,2023,9,September,3,Morning,12,No és causa del  vianant,Motorcycle,Dona,34,Driver,Desconegut                                                                                                                                            ,Unknown,Oci i entreteniment,Ferit lleu: Hospitalització fins a 24h,428561.03 ,4580046.73,2.144686812,41.366916009
2023S005230    ,7,Horta-Guinardó,36,la Font d'en Fargues,194406,Maragall,0323 0333,Diumenge,2023,9,September,3,Morning,11,No és causa del  vianant,Motorcycle,Home,61,Driver,Desconegut                                                                                                                                            ,Unknown,Es desconeix,Ferit lleu: Hospitalització fins a 24h,430643.76 ,4586736.33,2.168820585,41.427349346
2023S005231    ,5,Sarrià-Sant Gervasi,26,Sant Gervasi - Galvany,187105,Madrazo,0106 0106,Diumenge,2023,9,September,3,Afternoon,16,No és causa del  vianant,Ciclomotor,Dona,28,Passatger,Desconegut                                                                                                                                            ,Unknown,Unknown,Ferit lleu: Hospitalització fins a 24h,428523.67 ,4583307.36,2.143855341,41.396280036
2023S005232    ,2,Eixample,6,la Sagrada Família,161407,Indústria,0172 0174,Diumenge,2023,9,September,3,Afternoon,16,No és causa del  vianant,Autobús articulat,Home,43,Passatger,Desconegut                                                                                                                                            ,Unknown,Unknown,Ferit lleu: Hospitalització fins a 24h,431158.55 ,4584805.51,2.175200857,41.410003413
2023S005233    ,8,Nou Barris,48,la Guineueta,120807,Favència,0160 0164,Diumenge,2023,9,September,3,Afternoon,17,No és causa del  vianant,Motorcycle,Home,44,Driver,Desconegut                                                                                                                                            ,Unknown,In itínere,Ferit lleu: Hospitalització fins a 24h,430657.95 ,4588364.28,2.168803501,41.442012903
2023S005234    ,8,Nou Barris,53,la Trinitat Nova,4409,Aiguablava,0002 0002,Diumenge,2023,9,September,3,Afternoon,18,No és causa del  vianant,Veh. mobilitat personal amb motor,Home,20,Pedestrian,A la vorera / Andana                                                                                                                                  ,Unknown,Unknown,Ferit lleu: Hospitalització fins a 24h,431618.01 ,4588855.59,2.18023929,41.446520343
2023S005235    ,2,Eixample,10,Sant Antoni,169409,Corts Catalanes,0384 0390,Diumenge,2023,9,September,3,Afternoon,18,No és causa del  vianant,Car,Dona,35,Passatger,Desconegut                                                                                                                                            ,Unknown,Unknown,Ferit lleu: Hospitalització fins a 24h,429069.79 ,4581070.36,2.150649542,41.376180531
2023S005235    ,2,Eixample,10,Sant Antoni,169409,Corts Catalanes,0384 0390,Diumenge,2023,9,September,3,Afternoon,18,No és causa del  vianant,Car,Home,40,Driver,Desconegut                                                                                                                                            ,Unknown,Es desconeix,Ferit lleu: Hospitalització fins a 24h,429069.79 ,4581070.36,2.150649542,41.376180531
2023S005236    ,10,Sant Martí,73,la Verneda i la Pau,208205,Menorca,0033 0033,Diumenge,2023,9,September,3,Night,22,No és causa del  vianant,Motorcycle,Dona,61,Driver,Desconegut                                                                                                                                            ,Unknown,Oci i entreteniment,Ferit lleu: Hospitalització fins a 24h,433219.38 ,4586083.39,2.199714793,41.421686887
2023S005238    ,9,Sant Andreu,61,la Sagrera,292507,Gran de la Sagrera,0066 0066,Diumenge,2023,9,September,3,Afternoon,19,No és causa del  vianant,Motorcycle,Dona,56,Driver,Desconegut                                                                                                                                            ,Unknown,Altres activitats,Ferit lleu: Hospitalització fins a 24h,432495.23 ,4586217.01,2.191034824,41.422829809
2023S005239    ,3,Sants-Montjuïc,13,la Marina de Port,369408,Zona Franca,0236 0238,Diumenge,2023,9,September,3,Afternoon,20,No és causa del  vianant,Bus,Dona,68,Passatger,Desconegut                                                                                                                                            ,Unknown,Unknown,Ferit lleu: Hospitalització fins a 24h,427928.41 ,4579629.1 ,2.13717311,41.363098137
2023S005240    ,4,Les Corts,19,les Corts,144601,Diagonal,0579 0587,Dilluns,2023,9,September,4,Morning,6,No és causa del  vianant,Motorcycle,Home,59,Driver,Desconegut                                                                                                                                            ,Unknown,In itínere,Ferit lleu: Amb assistència sanitària en lloc d'accident,427575.97 ,4582577.49,2.13260725,41.389621548