Case_Number,District_Code,District_Name,Neighborhood_Code,Neighborhood_Name,Street_Code,Street_Name,Postal_Code,Day_of_Week,Year,Month_Code,Month_Name,Day_of_Month,Shift_Description,Hour_of_Day,Pedestrian_Cause_Description,Involved_Vehicle_Type,Gender_Description,Age,Person_Type_Description,Pedestrian_Accident_Location_Description,Pedestrian_Movement_Reason_Description,Driver_Movement_Reason_Description,Victimization_Description,UTM_X_Coordinate,UTM_Y_Coordinate,Longitude,Latitude
2023S005241    ,7,Horta-Guinardó,37,el Carmel,291800,Sacedón,0020 0022,Dilluns,2023,9,September,4,Morning,7,No és causa del  vianant,Veh. mobilitat personal amb motor,Home,26,Pedestrian,A la vorera / Andana                                                                                                                                  ,Unknown,Unknown,Ferit lleu: Hospitalització fins a 24h,429504.97 ,4586562.2 ,2.155213282,41.42568184
2023S005242    ,-1,Unknown,-1,Unknown,-1,Unknown,Unknown,Dilluns,2023,9,September,4,Morning,12,No és causa del  vianant,Motorcycle,Home,51,Driver,Desconegut                                                                                                                                            ,Unknown,Es desconeix,Ferit lleu: Amb assistència sanitària en lloc d'accident,428310.7  ,4581655.17,2.141503645,41.381380404
2023S005243    ,2,Eixample,7,la Dreta de l'Eixample,148307,Gràcia,0089 0089,Dilluns,2023,9,September,4,Morning,12,No és causa del  vianant,Bus,Dona,76,Passatger,Desconegut                                                                                                                                            ,Unknown,Unknown,Ferit lleu: Hospitalització fins a 24h,429958.79 ,4583136.89,2.161040601,41.394871018
2023S005244    ,3,Sants-Montjuïc,12,la Marina del Prat Vermell,701489,Transversal 9,0001 0001,Dilluns,2023,9,September,4,Morning,12,No és causa del  vianant,Altres vehicles amb motor,Home,45,Pedestrian,En pas sense senyalitzar                                                                                                                              ,Unknown,Unknown,Ferit lleu: Rebutja assistència sanitària,426254.95 ,4575954.26,2.117613786,41.329848551
2023S005245    ,4,Les Corts,21,Pedralbes,101700,Doctor Ferran,0025 0025,Dilluns,2023,9,September,4,Morning,12,No és causa del  vianant,Autobús articulat,Dona,63,Passatger,Desconegut                                                                                                                                            ,Unknown,Unknown,Ferit lleu: Hospitalització fins a 24h,426900.98 ,4582580.46,2.124534193,41.389587205
2023S005246    ,1,Ciutat Vella,4,"Sant Pere, Santa Caterina i la Ribera",271100,Pujades,0009 0009,Dilluns,2023,9,September,4,Morning,12,No és causa del  vianant,Ciclomotor,Dona,24,Driver,Desconegut                                                                                                                                            ,Unknown,Oci i entreteniment,Ferit lleu: Amb assistència sanitària en lloc d'accident,431885.55 ,4582551.4 ,2.184152173,41.38976327
2023S005248    ,6,Gràcia,28,Vallcarca i els Penitents,158107,Vallcarca,0001X0001X,Dilluns,2023,9,September,4,Morning,13,No és causa del  vianant,Motorcycle,Home,66,Driver,Desconegut                                                                                                                                            ,Unknown,Es desconeix,Ferit lleu: Hospitalització fins a 24h,429028.69 ,4584584.14,2.149746123,41.407824274
2023S005249    ,5,Sarrià-Sant Gervasi,24,les Tres Torres,143904,General Mitre,0077 0077,Dilluns,2023,9,September,4,Afternoon,15,No és causa del  vianant,Motorcycle,Home,60,Driver,Desconegut                                                                                                                                            ,Unknown,Es desconeix,Ferit lleu: Hospitalització fins a 24h,427631.17 ,4583529.52,2.1331536,41.398201075
2023S005250    ,10,Sant Martí,66,el Parc i la Llacuna del Poblenou,44403,Bolívia,0000X0000X,Dilluns,2023,9,September,4,Afternoon,17,No és causa del  vianant,Bicicleta,Home,35,Driver,Desconegut                                                                                                                                            ,Unknown,Es desconeix,Ferit lleu: Hospitalització fins a 24h,432130.09 ,4583673.45,2.186951029,41.399889949
2023S005251    ,2,Eixample,5,el Fort Pienc,169409,Corts Catalanes,0727 0727,Dilluns,2023,9,September,4,Afternoon,17,No és causa del  vianant,Motorcycle,Home,29,Driver,Desconegut                                                                                                                                            ,Unknown,Es desconeix,Ferit lleu: Hospitalització fins a 24h,431494.37 ,4583478.27,2.179368783,41.398078078
2023S005252    ,10,Sant Martí,68,el Poblenou,42306,Bilbao,0116X0116X,Dilluns,2023,9,September,4,Afternoon,17,No és causa del  vianant,Bicicleta,Home,28,Driver,Desconegut                                                                                                                                            ,Unknown,Es desconeix,Ferit lleu: Amb assistència sanitària en lloc d'accident,433090.05 ,4584419.2 ,2.198351418,41.406687227
2023S005252    ,10,Sant Martí,68,el Poblenou,42306,Bilbao,0116X0116X,Dilluns,2023,9,September,4,Afternoon,17,No és causa del  vianant,Veh. mobilitat personal amb motor,Home,34,Driver,Desconegut                                                                                                                                            ,Unknown,Es desconeix,Ferit lleu: Hospitalització fins a 24h,433090.05 ,4584419.2 ,2.198351418,41.406687227
2023S005255    ,2,Eixample,7,la Dreta de l'Eixample,289105,Rosselló,0281 0281,Dilluns,2023,9,September,4,Afternoon,19,No és causa del  vianant,Motorcycle,Dona,62,Driver,Desconegut                                                                                                                                            ,Unknown,Oci i entreteniment,Ferit lleu: Hospitalització fins a 24h,430007.33 ,4583336.58,2.161598084,41.396673788
2023S005256    ,5,Sarrià-Sant Gervasi,25,Sant Gervasi - la Bonanova,302000,Sant Gervasi,0049 0049,Dilluns,2023,9,September,4,Afternoon,18,No és causa del  vianant,Motorcycle,Home,26,Driver,Desconegut                                                                                                                                            ,Unknown,In itínere,Ferit lleu: Amb assistència sanitària en lloc d'accident,427961.56 ,4584846.31,2.136948701,41.410090553
2023S005257    ,2,Eixample,6,la Sagrada Família,178308,Lepant,0247 0247,Dilluns,2023,9,September,4,Afternoon,19,No és causa del  vianant,Motorcycle,Dona,39,Driver,Desconegut                                                                                                                                            ,Unknown,In itínere,Ferit lleu: Hospitalització fins a 24h,431371.11 ,4584089.39,2.177825098,41.403571733
2023S005260    ,2,Eixample,7,la Dreta de l'Eixample,309406,Sant Pere,0003 0003,Dimarts,2023,9,September,5,Morning,7,Creuar per fora pas de vianants,Motorcycle,Home,33,Pedestrian,Fora del pas                                                                                                                                          ,Es desconeix,Unknown,Ferit lleu: Hospitalització fins a 24h,430757.91 ,4582404.97,2.170682455,41.388348081
2023S005261    ,7,Horta-Guinardó,35,el Guinardó,26208,Art,0055 0055,Dimarts,2023,9,September,5,Morning,8,No és causa del  vianant,Motorcycle,Dona,49,Driver,Desconegut                                                                                                                                            ,Unknown,Es desconeix,Ferit lleu: Hospitalització fins a 24h,431247.62 ,4585895.78,2.176142479,41.419830742
2023S005263    ,4,Les Corts,19,les Corts,172403,Joan Güell,0189 0189,Dimarts,2023,9,September,5,Afternoon,14,No és causa del  vianant,Ciclomotor,Dona,8,Passatger,Desconegut                                                                                                                                            ,Unknown,Unknown,Ferit lleu: Amb assistència sanitària en lloc d'accident,427391.49 ,4582021.26,2.130467618,41.384595162
2023S005263    ,4,Les Corts,19,les Corts,172403,Joan Güell,0189 0189,Dimarts,2023,9,September,5,Afternoon,14,No és causa del  vianant,Ciclomotor,Dona,36,Driver,Desconegut                                                                                                                                            ,Unknown,Es desconeix,Ferit lleu: Rebutja assistència sanitària,427391.49 ,4582021.26,2.130467618,41.384595162
2023S005264    ,10,Sant Martí,72,Sant Martí de Provençals,268604,Pont del Treball Digne,0015X0015X,Dimarts,2023,9,September,5,Afternoon,14,No és causa del  vianant,Motorcycle,Home,65,Driver,Desconegut                                                                                                                                            ,Unknown,Oci i entreteniment,Ferit lleu: Hospitalització fins a 24h,432991.29 ,4586106.87,2.196982904,41.421879363
2023S005265    ,2,Eixample,7,la Dreta de l'Eixample,148307,Gràcia,0001 0001,Dimarts,2023,9,September,5,Afternoon,14,No és causa del  vianant,Motorcycle,Home,59,Driver,Desconegut                                                                                                                                            ,Unknown,Es desconeix,Ferit lleu: Rebutja assistència sanitària,430707.55 ,4582361.15,2.170085183,41.387949068
2023S005266    ,1,Ciutat Vella,1,el Raval,296508,Sant Antoni,0078 0078,Dimarts,2023,9,September,5,Afternoon,18,Transitar a peu per la calçada,Car,Home,80,Pedestrian,Fora del pas                                                                                                                                          ,Es desconeix,Unknown,Ferit lleu: Hospitalització fins a 24h,430170.12 ,4581857.31,2.163715869,41.383364637
2023S005267    ,7,Horta-Guinardó,33,el Baix Guinardó,238400,Padilla,0389 0391,Dimarts,2023,9,September,5,Afternoon,17,No és causa del  vianant,Motorcycle,Home,38,Driver,Desconegut                                                                                                                                            ,Unknown,Oci i entreteniment,Ferit lleu: Hospitalització fins a 24h,430621.7  ,4585031.8 ,2.168752236,41.411995344
2023S005268    ,7,Horta-Guinardó,38,la Teixonera,230000,Mare de Déu del Coll,0199 0201,Dimarts,2023,9,September,5,Afternoon,17,No és causa del  vianant,Bus,Home,68,Passatger,Desconegut                                                                                                                                            ,Unknown,Unknown,Ferit lleu: Amb assistència sanitària en lloc d'accident,429213.5  ,4586437.79,2.151740001,41.424535684
2023S005269    ,2,Eixample,8,l'Antiga Esquerra de l'Eixample,144601,Diagonal,0475 0475,Dimarts,2023,9,September,5,Afternoon,18,No és causa del  vianant,Bicicleta,Dona,55,Pedestrian,En pas regulat per semàfor                                                                                                                            ,In itinere,Unknown,Ferit lleu: Amb assistència sanitària en lloc d'accident,428660.46 ,4582941.63,2.145534595,41.392998195
2023S005270    ,10,Sant Martí,69,Diagonal Mar i el Front Marítim del Poblenou,143609,Josep Pla,0059X0059X,Dimecres,2023,9,September,6,Morning,8,No és causa del  vianant,Car,Home,38,Driver,Desconegut                                                                                                                                            ,Unknown,Es desconeix,Ferit lleu: Amb assistència sanitària en lloc d'accident,434245.84 ,4584934.63,2.212122216,41.41142501
2023S005270    ,10,Sant Martí,69,Diagonal Mar i el Front Marítim del Poblenou,143609,Josep Pla,0059X0059X,Dimecres,2023,9,September,6,Morning,8,No és causa del  vianant,Car,Dona,45,Driver,Desconegut                                                                                                                                            ,Unknown,In itínere,Ferit lleu: Amb assistència sanitària en lloc d'accident,434245.84 ,4584934.63,2.212122216,41.41142501
2023S005271    ,8,Nou Barris,50,les Roquetes,701267,Dalt (Besòs),001440000,Dimecres,2023,9,September,6,Morning,8,No és causa del  vianant,Motorcycle,Dona,31,Driver,Desconegut                                                                                                                                            ,Unknown,In itínere,Ferit lleu: Hospitalització fins a 24h,431253.54 ,4588685.4 ,2.175895845,41.444956358
2023S005273    ,9,Sant Andreu,62,el Congrés i els Indians,194406,Maragall,0130 0132,Dimecres,2023,9,September,6,Morning,11,No és causa del  vianant,Bus,Dona,82,Passatger,Desconegut                                                                                                                                            ,Unknown,Unknown,Ferit lleu: Hospitalització fins a 24h,431528.01 ,4586133.97,2.179470483,41.421999998
2023S005275    ,10,Sant Martí,68,el Poblenou,175004,Jonquera,0002 0002,Dimecres,2023,9,September,6,Afternoon,14,No és causa del  vianant,Autobús articulat,Dona,55,Passatger,Desconegut                                                                                                                                            ,Unknown,Unknown,Ferit lleu: Hospitalització fins a 24h,433795.71 ,4583714.72,2.206870393,41.40040061
2023S005276    ,9,Sant Andreu,63,Navas,209900,Meridiana,0244 0244,Dimecres,2023,9,September,6,Morning,13,No és causa del  vianant,Motorcycle,Dona,28,Driver,Desconegut                                                                                                                                            ,Unknown,Es desconeix,Ferit lleu: Hospitalització fins a 24h,432170.73 ,4585586.18,2.187222643,41.417120774
2023S005278    ,3,Sants-Montjuïc,12,la Marina del Prat Vermell,701489,Transversal 9,0002 0002,Dimecres,2023,9,September,6,Afternoon,16,No és causa del  vianant,Altres vehicles amb motor,Home,58,Pedestrian,En pas sense regular                                                                                                                                  ,In itinere,Unknown,Ferit greu: hospitalització superior a 24h,426161.46 ,4576003.3 ,2.116490733,41.330281674
2023S005279    ,2,Eixample,7,la Dreta de l'Eixample,28305,Ausiàs Marc,0026 0028,Dimecres,2023,9,September,6,Afternoon,17,No és causa del  vianant,Veh. mobilitat personal sense motor,Dona,32,Driver,Desconegut                                                                                                                                            ,Unknown,Oci i entreteniment,Ferit lleu: Hospitalització fins a 24h,431178.84 ,4582738.58,2.175678702,41.391388953
2023S005280    ,5,Sarrià-Sant Gervasi,25,Sant Gervasi - la Bonanova,701103,Alfonso Comín,0015 0015,Dimecres,2023,9,September,6,Afternoon,15,No és causa del  vianant,Bus,Dona,57,Passatger,Desconegut                                                                                                                                            ,Unknown,Unknown,Ferit lleu: Hospitalització fins a 24h,427961.89 ,4585326.66,2.136895426,41.414416894
2023S005281    ,3,Sants-Montjuïc,16,la Bordeta,280202,Mossèn Amadeu Oller,0001X0001X,Dimecres,2023,9,September,6,Afternoon,17,No és causa del  vianant,Veh. mobilitat personal amb motor,Dona,23,Driver,Desconegut                                                                                                                                            ,Unknown,Es desconeix,Ferit lleu: Hospitalització fins a 24h,428120.79 ,4580141.49,2.139412234,41.367730269
2023S005282    ,8,Nou Barris,50,les Roquetes,701267,Dalt (Besòs),001440000,Dimecres,2023,9,September,6,Afternoon,17,No és causa del  vianant,Car,Home,48,Passatger,Desconegut                                                                                                                                            ,Unknown,Unknown,Ferit lleu: Hospitalització fins a 24h,431275.63 ,4588731.92,2.176154967,41.445377239
2023S005282    ,8,Nou Barris,50,les Roquetes,701267,Dalt (Besòs),001440000,Dimecres,2023,9,September,6,Afternoon,17,No és causa del  vianant,Car,Dona,37,Driver,Desconegut                                                                                                                                            ,Unknown,Es desconeix,Ferit lleu: Hospitalització fins a 24h,431275.63 ,4588731.92,2.176154967,41.445377239
2023S005283    ,8,Nou Barris,49,Canyelles,701267,Dalt (Besòs),001400000,Dimecres,2023,9,September,6,Afternoon,18,No és causa del  vianant,Motorcycle,Home,33,Driver,Desconegut                                                                                                                                            ,Unknown,Es desconeix,Ferit lleu: Hospitalització fins a 24h,430808.39 ,4588463.43,2.170592827,41.442918895
2023S005284    ,5,Sarrià-Sant Gervasi,27,el Putxet i el Farró,302804,Sant Guillem,0019 0019,Dimecres,2023,9,September,6,Afternoon,20,No és causa del  vianant,Motorcycle,Home,49,Driver,Desconegut                                                                                                                                            ,Unknown,Es desconeix,Ferit lleu: Hospitalització fins a 24h,428668.22 ,4584069.11,2.145494505,41.403153673
2023S005286    ,8,Nou Barris,49,Canyelles,120807,Favència,0041 0045,Dimecres,2023,9,September,6,Afternoon,21,No és causa del  vianant,Car,Dona,61,Pedestrian,En pas regulat per semàfor                                                                                                                            ,Es desconeix,Unknown,Ferit lleu: Hospitalització fins a 24h,430471.16 ,4588315.38,2.166573355,41.441556316
2023S005287    ,2,Eixample,7,la Dreta de l'Eixample,222002,Mossèn Jacint Verdaguer,9999 9999,Thursday,2023,9,September,7,Night,0,No és causa del  vianant,Motorcycle,Dona,29,Driver,Desconegut                                                                                                                                            ,Unknown,In itínere,Ferit lleu: Hospitalització fins a 24h,430706.95 ,4583601.64,2.169935992,41.399121724
2023S005288    ,6,Gràcia,31,la Vila de Gràcia,344101,Gràcia,0175 0175,Thursday,2023,9,September,7,Night,2,No és causa del  vianant,Motorcycle,Home,58,Driver,Desconegut                                                                                                                                            ,Unknown,Oci i entreteniment,Ferit lleu: Amb assistència sanitària en lloc d'accident,429745.6  ,4583911.81,2.158400713,41.401831849
2023S005289    ,5,Sarrià-Sant Gervasi,24,les Tres Torres,113007,Escoles Pies,0081 0081,Thursday,2023,9,September,7,Night,0,No és causa del  vianant,Motorcycle,Home,35,Driver,Desconegut                                                                                                                                            ,Unknown,Oci i entreteniment,Ferit lleu: Hospitalització fins a 24h,427388.84 ,4583866.89,2.13021453,41.401217769
2023S005290    ,2,Eixample,10,Sant Antoni,169409,Corts Catalanes,0590 0590,Thursday,2023,9,September,7,Night,3,No és causa del  vianant,Motorcycle,Home,36,Driver,Desconegut                                                                                                                                            ,Unknown,En missió,Ferit lleu: Hospitalització fins a 24h,430121.36 ,4582099.83,2.163104777,41.385544703
2023S005291    ,1,Ciutat Vella,4,"Sant Pere, Santa Caterina i la Ribera",240707,Palau,0016 0016,Thursday,2023,9,September,7,Morning,6,No és causa del  vianant,Taxi,Home,21,Driver,Desconegut                                                                                                                                            ,Unknown,Taxi,Ferit lleu: Amb assistència sanitària en lloc d'accident,431894.74 ,4581779.82,2.184348872,41.382814634
2023S005292    ,2,Eixample,7,la Dreta de l'Eixample,359404,Cinc d'Oros,9999 9999,Thursday,2023,9,September,7,Morning,10,No és causa del  vianant,Veh. mobilitat personal amb motor,Dona,30,Driver,Desconegut                                                                                                                                            ,Unknown,En missió,Ferit lleu: Amb assistència sanitària en lloc d'accident,429831.32 ,4583321.36,2.159494571,41.396521359
2023S005294    ,1,Ciutat Vella,4,"Sant Pere, Santa Caterina i la Ribera",359109,Lluís Companys,0002 0002,Thursday,2023,9,September,7,Morning,8,No és causa del  vianant,Bus,Dona,39,Passatger,Desconegut                                                                                                                                            ,Unknown,Unknown,Ferit lleu: Hospitalització fins a 24h,431791.37 ,4582425.96,2.18303992,41.38862548
2023S005296    ,2,Eixample,7,la Dreta de l'Eixample,74506,Catalunya,0079 0079,Thursday,2023,9,September,7,Morning,11,No és causa del  vianant,Bicicleta,Dona,34,Driver,Desconegut                                                                                                                                            ,Unknown,En missió,Ferit lleu: Hospitalització fins a 24h,430061.22 ,4582806.77,2.162303891,41.391906656
2023S005297    ,2,Eixample,7,la Dreta de l'Eixample,268003,Provença,0294 0294,Thursday,2023,9,September,7,Morning,9,Desobeir el senyal del semàfor,Bicicleta,Dona,42,Pedestrian,En pas regulat per semàfor                                                                                                                            ,Es desconeix,Unknown,Ferit lleu: Hospitalització fins a 24h,430005.45 ,4583130.22,2.161599464,41.394815009
2023S005298    ,1,Ciutat Vella,3,la Barceloneta,701266,Litoral (Llobregat),000900000,Thursday,2023,9,September,7,Morning,10,No és causa del  vianant,Car,Dona,65,Passatger,Desconegut                                                                                                                                            ,Unknown,Unknown,Ferit lleu: Hospitalització fins a 24h,432275.46 ,4581857.73,2.188893064,41.383548507
2023S005300    ,2,Eixample,7,la Dreta de l'Eixample,18505,Aragó,0283 0285,Thursday,2023,9,September,7,Morning,12,No és causa del  vianant,Motorcycle,Home,54,Driver,Desconegut                                                                                                                                            ,Unknown,Oci i entreteniment,Ferit lleu: Hospitalització fins a 24h,430414.02 ,4582990.45,2.166502358,41.393591622
2023S005301    ,1,Ciutat Vella,1,el Raval,269200,Portal de Santa Madrona,0014 0014,Thursday,2023,9,September,7,Morning,12,No és causa del  vianant,Furgoneta,Home,49,Pedestrian,En pas regulat per semàfor                                                                                                                            ,Oci i entreteniment,Unknown,Ferit lleu: Hospitalització fins a 24h,431141.53 ,4581056.3 ,2.175423758,41.376233939
2023S005302    ,2,Eixample,10,Sant Antoni,169409,Corts Catalanes,0548 0548,Thursday,2023,9,September,7,Afternoon,14,Creuar per fora pas de vianants,Veh. mobilitat personal amb motor,Dona,18,Driver,Fora del pas                                                                                                                                          ,Unknown,Oci i entreteniment,Ferit lleu: Hospitalització fins a 24h,429901.53 ,4581848.07,2.160504954,41.383258045
2023S005303    ,4,Les Corts,20,la Maternitat i Sant Ramon,84102,Collblanc,0088 0088,Dimecres,2023,9,September,6,Afternoon,16,No és causa del  vianant,Bus,Dona,78,Passatger,Desconegut                                                                                                                                            ,Unknown,Unknown,Ferit lleu: Hospitalització fins a 24h,426196.77 ,4581068.81,2.116296269,41.375908069
2023S005304    ,9,Sant Andreu,60,Sant Andreu,105701,Dublín,0016B0016B,Dimecres,2023,9,September,6,Afternoon,21,No és causa del  vianant,Veh. mobilitat personal amb motor,Home,16,Driver,Desconegut                                                                                                                                            ,Unknown,Es desconeix,Ferit lleu: Rebutja assistència sanitària,431945.85 ,4586831.44,2.184391743,41.428317403
2023S005305    ,2,Eixample,10,Sant Antoni,169409,Corts Catalanes,0538 0538,Thursday,2023,9,September,7,Afternoon,16,No és causa del  vianant,Car,Home,65,Pedestrian,En pas regulat per semàfor                                                                                                                            ,Oci i entreteniment,Unknown,Ferit lleu: Amb assistència sanitària en lloc d'accident,429841.57 ,4581783.12,2.159795437,41.382667832
2023S005306    ,-1,Unknown,-1,Unknown,-1,Unknown,Unknown,Thursday,2023,9,September,7,Morning,13,No és causa del  vianant,Ciclomotor,Home,32,Driver,Desconegut                                                                                                                                            ,Unknown,Es desconeix,Ferit lleu: Hospitalització fins a 24h,429391.4  ,4587227.22,2.153776539,41.431661427
2023S005307    ,3,Sants-Montjuïc,15,Hostafrancs,169409,Corts Catalanes,0321 0321,Thursday,2023,9,September,7,Afternoon,16,No és causa del  vianant,Motorcycle,Home,47,Driver,Desconegut                                                                                                                                            ,Unknown,Es desconeix,Ferit lleu: Hospitalització fins a 24h,428603.21 ,4580576.64,2.145128671,41.371692478
2023S005308    ,7,Horta-Guinardó,35,el Guinardó,365702,Mare de Déu de Montserrat,0278 0278,Thursday,2023,9,September,7,Afternoon,16,No és causa del  vianant,Car,Home,68,Pedestrian,En pas regulat per semàfor                                                                                                                            ,Unknown,Unknown,Ferit lleu: Hospitalització fins a 24h,431244.64 ,4586391.06,2.176050479,41.424291305
2023S005309    ,9,Sant Andreu,57,la Trinitat Vella,314100,Santa Coloma,0099 0099,Thursday,2023,9,September,7,Afternoon,16,No és causa del  vianant,Ciclomotor,Home,20,Driver,Desconegut                                                                                                                                            ,Unknown,Oci i entreteniment,Ferit lleu: Amb assistència sanitària en lloc d'accident,433116.41 ,4588997.52,2.198159975,41.447924977
2023S005310    ,5,Sarrià-Sant Gervasi,23,Sarrià,700969,Gaspar Cassadó,0010 0010,Thursday,2023,9,September,7,Afternoon,17,No és causa del  vianant,Motorcycle,Home,58,Driver,Desconegut                                                                                                                                            ,Unknown,Es desconeix,Ferit lleu: Hospitalització fins a 24h,425997.89 ,4583703.36,2.113596224,41.399618041
2023S005311    ,10,Sant Martí,71,Provençals del Poblenou,242906,Pallars,0391 0393,Thursday,2023,9,September,7,Afternoon,19,No és causa del  vianant,Motorcycle,Home,61,Driver,Desconegut                                                                                                                                            ,Unknown,Es desconeix,Ferit lleu: Amb assistència sanitària en lloc d'accident,433971.52 ,4584753.23,2.208860064,41.409768683
2023S005312    ,6,Gràcia,28,Vallcarca i els Penitents,701267,Dalt (Besòs),000970000,Thursday,2023,9,September,7,Afternoon,18,No és causa del  vianant,Motorcycle,Home,19,Driver,Desconegut                                                                                                                                            ,Unknown,Es desconeix,Ferit lleu: Hospitalització fins a 24h,428110.63 ,4585605.7 ,2.138641819,41.416943417
2023S005313    ,5,Sarrià-Sant Gervasi,25,Sant Gervasi - la Bonanova,701629,Isaac Newton,0024 0024,Thursday,2023,9,September,7,Afternoon,20,No és causa del  vianant,Car,Dona,30,Passatger,Desconegut                                                                                                                                            ,Unknown,Unknown,Ferit lleu: Hospitalització fins a 24h,427350.84 ,4585168.98,2.12960359,41.412941704
2023S005314    ,2,Eixample,6,la Sagrada Família,350308,València,0521 0521,Dimecres,2023,9,September,6,Night,22,No és causa del  vianant,Veh. mobilitat personal amb motor,Home,40,Driver,Desconegut                                                                                                                                            ,Unknown,Altres activitats,Ferit lleu: Hospitalització fins a 24h,431555.53 ,4584270.88,2.180010678,41.405222088
2023S005316    ,2,Eixample,7,la Dreta de l'Eixample,169409,Corts Catalanes,0669B0669B,Thursday,2023,9,September,7,Afternoon,17,No és causa del  vianant,Bicicleta,Home,34,Driver,Desconegut                                                                                                                                            ,Unknown,Es desconeix,Ferit lleu: Amb assistència sanitària en lloc d'accident,431314.18 ,4583230.39,2.177241585,41.395830117
2023S005317    ,2,Eixample,9,la Nova Esquerra de l'Eixample,114000,Espanya,0009 0009,Thursday,2023,9,September,7,Afternoon,19,No és causa del  vianant,Motorcycle,Home,64,Driver,Desconegut                                                                                                                                            ,Unknown,Altres activitats,Ferit lleu: Hospitalització fins a 24h,428974.33 ,4580977.98,2.149518925,41.37534007
2023S005318    ,1,Ciutat Vella,3,la Barceloneta,701266,Litoral (Llobregat),000880000,Thursday,2023,9,September,7,Afternoon,18,No és causa del  vianant,Motorcycle,Home,39,Driver,Desconegut                                                                                                                                            ,Unknown,Es desconeix,Ferit lleu: Amb assistència sanitària en lloc d'accident,432786.88 ,4582237.77,2.194966859,41.387014349
2023S005320    ,7,Horta-Guinardó,35,el Guinardó,339906,Torre dels Pardals,0011 0013,Friday,2023,9,September,8,Night,0,No és causa del  vianant,Motorcycle,Dona,29,Driver,Desconegut                                                                                                                                            ,Unknown,Oci i entreteniment,Ferit lleu: Rebutja assistència sanitària,431300.85 ,4586140.97,2.17675153,41.422043641
2023S005322    ,3,Sants-Montjuïc,18,Sants,40300,Berlín,0034 0036,Thursday,2023,9,September,7,Afternoon,20,No és causa del  vianant,Motorcycle,Dona,48,Driver,Desconegut                                                                                                                                            ,Unknown,Oci i entreteniment,Ferit lleu: Hospitalització fins a 24h,428108.47 ,4581859.44,2.139061078,41.383202135
2023S005323    ,3,Sants-Montjuïc,11,el Poble-sec,284101,Rius i Taulet,0004 0012,Friday,2023,9,September,8,Morning,7,No és causa del  vianant,Motorcycle,Dona,47,Driver,En pas sense regular                                                                                                                                  ,Unknown,Es desconeix,Ferit lleu: Hospitalització fins a 24h,429306.82 ,4580653.65,2.153532415,41.372448226
2023S005324    ,3,Sants-Montjuïc,15,Hostafrancs,89004,Consell de Cent,0002 0002,Friday,2023,9,September,8,Morning,6,No és causa del  vianant,Motorcycle,Dona,34,Driver,Desconegut                                                                                                                                            ,Unknown,In itínere,Ferit lleu: Rebutja assistència sanitària,428488.03 ,4580983.77,2.143703468,41.375349128
2023S005324    ,3,Sants-Montjuïc,15,Hostafrancs,89004,Consell de Cent,0002 0002,Friday,2023,9,September,8,Morning,6,No és causa del  vianant,Motorcycle,Home,43,Driver,Desconegut                                                                                                                                            ,Unknown,In itínere,Ferit lleu: Rebutja assistència sanitària,428488.03 ,4580983.77,2.143703468,41.375349128
2023S005325    ,8,Nou Barris,45,Porta,119003,Fabra i Puig,0160 0160,Thursday,2023,9,September,7,Afternoon,20,No és causa del  vianant,Autobús articulat,Home,8,Passatger,Desconegut                                                                                                                                            ,Unknown,Unknown,Ferit lleu: Hospitalització fins a 24h,431571.23 ,4587047.36,2.179884212,41.430230276
2023S005326    ,9,Sant Andreu,61,la Sagrera,209900,Meridiana,0276 0276,Thursday,2023,9,September,7,Afternoon,21,No és causa del  vianant,Car,Dona,63,Pedestrian,En pas regulat per semàfor                                                                                                                            ,Es desconeix,Unknown,Ferit lleu: Hospitalització fins a 24h,432112.31 ,4586107.41,2.186465111,41.421810393
2023S005327    ,10,Sant Martí,67,la Vila Olímpica del Poblenou,367504,Doctor Trueta,0118 0118,Friday,2023,9,September,8,Morning,10,No és causa del  vianant,Car,Home,69,Passatger,Desconegut                                                                                                                                            ,Unknown,Unknown,Ferit lleu: Amb assistència sanitària en lloc d'accident,433073.95 ,4583092.36,2.19830558,41.394735382
2023S005327    ,10,Sant Martí,67,la Vila Olímpica del Poblenou,367504,Doctor Trueta,0118 0118,Friday,2023,9,September,8,Morning,10,No és causa del  vianant,Furgoneta,Home,35,Driver,Desconegut                                                                                                                                            ,Unknown,En missió,Ferit lleu: Rebutja assistència sanitària,433073.95 ,4583092.36,2.19830558,41.394735382
2023S005327    ,10,Sant Martí,67,la Vila Olímpica del Poblenou,367504,Doctor Trueta,0118 0118,Friday,2023,9,September,8,Morning,10,No és causa del  vianant,Car,Home,67,Driver,Desconegut                                                                                                                                            ,Unknown,Oci i entreteniment,Ferit lleu: Rebutja assistència sanitària,433073.95 ,4583092.36,2.19830558,41.394735382
2023S005328    ,2,Eixample,8,l'Antiga Esquerra de l'Eixample,223606,Muntaner,0085 0085,Friday,2023,9,September,8,Morning,9,No és causa del  vianant,Motorcycle,Dona,55,Driver,Desconegut                                                                                                                                            ,Unknown,Es desconeix,Ferit lleu: Rebutja assistència sanitària,429641.8  ,4582396.81,2.157335169,41.388177681