Case_Number,District_Code,District_Name,Neighborhood_Code,Neighborhood_Name,Street_Code,Street_Name,Postal_Code,Day_of_Week,Year,Month_Code,Month_Name,Day_of_Month,Shift_Description,Hour_of_Day,Pedestrian_Cause_Description,Involved_Vehicle_Type,Gender_Description,Age,Person_Type_Description,Pedestrian_Accident_Location_Description,Pedestrian_Movement_Reason_Description,Driver_Movement_Reason_Description,Victimization_Description,UTM_X_Coordinate,UTM_Y_Coordinate,Longitude,Latitude
2023S005557    ,9,Sant Andreu,59,el Bon Pastor,264308,Potosí,0001 0001,Dimecres,2023,9,September,20,Afternoon,17,No és causa del  vianant,Car,Home,21,Driver,Desconegut                                                                                                                                            ,Unknown,En missió,Ferit lleu: Hospitalització fins a 24h,433283.08 ,4588420.85,2.200218856,41.442744975
2023S005558    ,5,Sarrià-Sant Gervasi,26,Sant Gervasi - Galvany,143904,General Mitre,0064 0066,Dimecres,2023,9,September,20,Afternoon,17,No és causa del  vianant,Motorcycle,Dona,60,Driver,Desconegut                                                                                                                                            ,Unknown,In itínere,Ferit lleu: Hospitalització fins a 24h,427637.31 ,4583325.79,2.133251403,41.396366714
2023S005560    ,7,Horta-Guinardó,39,Sant Genís dels Agudells,701267,Dalt (Besòs),001050000,Dimecres,2023,9,September,20,Afternoon,18,No és causa del  vianant,Motorcycle,Home,64,Driver,Desconegut                                                                                                                                            ,Unknown,In itínere,Ferit lleu: Hospitalització fins a 24h,428373.45 ,4586366.57,2.141696244,41.423819737
2023S005561    ,9,Sant Andreu,59,el Bon Pastor,318906,Santander,0075B0075B,Dimecres,2023,9,September,20,Afternoon,18,No és causa del  vianant,Veh. mobilitat personal amb motor,Home,20,Driver,Desconegut                                                                                                                                            ,Unknown,Oci i entreteniment,Ferit lleu: Hospitalització fins a 24h,433626.29 ,4587082.72,2.204474045,41.430721307
2023S005562    ,2,Eixample,8,l'Antiga Esquerra de l'Eixample,144601,Diagonal,0471 0473,Thursday,2023,9,September,7,Afternoon,17,No és causa del  vianant,Bus,Dona,73,Passatger,Desconegut                                                                                                                                            ,Unknown,Unknown,Ferit lleu: Hospitalització fins a 24h,428710.82 ,4582930.68,2.146138211,41.39290404
2023S005562    ,2,Eixample,8,l'Antiga Esquerra de l'Eixample,144601,Diagonal,0471 0473,Thursday,2023,9,September,7,Afternoon,17,No és causa del  vianant,Bus,Home,77,Passatger,Desconegut                                                                                                                                            ,Unknown,Unknown,Ferit greu: hospitalització superior a 24h,428710.82 ,4582930.68,2.146138211,41.39290404
2023S005563    ,2,Eixample,8,l'Antiga Esquerra de l'Eixample,223606,Muntaner,0023 0023,Dimecres,2023,9,September,20,Afternoon,18,No és causa del  vianant,Bus,Dona,53,Passatger,Desconegut                                                                                                                                            ,Unknown,Unknown,Ferit lleu: Hospitalització fins a 24h,429989.26 ,4582027.64,2.161533328,41.384883019
2023S005564    ,9,Sant Andreu,60,Sant Andreu,209900,Meridiana,0426 0428,Dimecres,2023,9,September,20,Afternoon,18,No és causa del  vianant,Motorcycle,Home,45,Driver,Desconegut                                                                                                                                            ,Unknown,Es desconeix,Ferit lleu: Hospitalització fins a 24h,431894.27 ,4587406.02,2.18370971,41.433488077
2023S005565    ,4,Les Corts,19,les Corts,352904,Vallespir,0141 0141,Dimecres,2023,9,September,20,Afternoon,19,No és causa del  vianant,Car,Dona,41,Driver,Desconegut                                                                                                                                            ,Unknown,Es desconeix,Ferit lleu: Hospitalització fins a 24h,427732.57 ,4581857.73,2.134566051,41.383153038
2023S005565    ,4,Les Corts,19,les Corts,352904,Vallespir,0141 0141,Dimecres,2023,9,September,20,Afternoon,19,No és causa del  vianant,Car,Home,51,Driver,Desconegut                                                                                                                                            ,Unknown,Es desconeix,Ferit lleu: Hospitalització fins a 24h,427732.57 ,4581857.73,2.134566051,41.383153038
2023S005566    ,8,Nou Barris,45,Porta,282650,Rio de Janeiro,0049 0049,Dimecres,2023,9,September,20,Afternoon,21,No és causa del  vianant,Veh. mobilitat personal amb motor,Home,25,Driver,Desconegut                                                                                                                                            ,Unknown,Es desconeix,Ferit lleu: Hospitalització fins a 24h,431623.71 ,4587735.17,2.1804344,41.436429612
2023S005566    ,8,Nou Barris,45,Porta,282650,Rio de Janeiro,0049 0049,Dimecres,2023,9,September,20,Afternoon,21,No és causa del  vianant,Veh. mobilitat personal amb motor,Home,32,Driver,Desconegut                                                                                                                                            ,Unknown,Es desconeix,Ferit lleu: Rebutja assistència sanitària,431623.71 ,4587735.17,2.1804344,41.436429612
2023S005568    ,2,Eixample,7,la Dreta de l'Eixample,31300,Bailèn,0134 0134,Thursday,2023,9,September,21,Night,1,No és causa del  vianant,Motorcycle,Home,33,Driver,Desconegut                                                                                                                                            ,Unknown,Oci i entreteniment,Ferit lleu: Hospitalització fins a 24h,430631.87 ,4583504.6 ,2.169049039,41.398241238
2023S005569    ,7,Horta-Guinardó,43,Horta,701268,Dalt (Llobregat),001310000,Dimecres,2023,9,September,20,Afternoon,21,No és causa del  vianant,Car,Home,56,Driver,Desconegut                                                                                                                                            ,Unknown,Altres activitats,Ferit lleu: Rebutja assistència sanitària,429978.13 ,4588136.19,2.160692875,41.439899554
2023S005569    ,7,Horta-Guinardó,43,Horta,701268,Dalt (Llobregat),001310000,Dimecres,2023,9,September,20,Afternoon,21,No és causa del  vianant,Car,Dona,32,Driver,Desconegut                                                                                                                                            ,Unknown,In itínere,Ferit lleu: Amb assistència sanitària en lloc d'accident,429978.13 ,4588136.19,2.160692875,41.439899554
2023S005570    ,2,Eixample,7,la Dreta de l'Eixample,191204,Mallorca,0301 0301,Dimecres,2023,9,September,20,Afternoon,20,No és causa del  vianant,Ciclomotor,Home,20,Driver,Desconegut                                                                                                                                            ,Unknown,Es desconeix,Ferit lleu: Hospitalització fins a 24h,430405.25 ,4583335.28,2.166357811,41.396696635
2023S005571    ,7,Horta-Guinardó,33,el Baix Guinardó,76807,Sardenya,0540 0540,Dimecres,2023,9,September,20,Night,22,No és causa del  vianant,Motorcycle,Dona,38,Driver,Desconegut                                                                                                                                            ,Unknown,Es desconeix,Ferit lleu: Hospitalització fins a 24h,430048.75 ,4585148.94,2.161883941,41.413000691
2023S005573    ,10,Sant Martí,65,el Clot,209900,Meridiana,0156 0156,Thursday,2023,9,September,21,Morning,9,No és causa del  vianant,Bus,Dona,40,Driver,Desconegut                                                                                                                                            ,Unknown,Bus urbà,Ferit lleu: Amb assistència sanitària en lloc d'accident,432134.81 ,4584834.86,2.186877189,41.410350829
2023S005573    ,10,Sant Martí,65,el Clot,209900,Meridiana,0156 0156,Thursday,2023,9,September,21,Morning,9,No és causa del  vianant,Bus,Dona,10,Passatger,Desconegut                                                                                                                                            ,Unknown,Unknown,Ferit lleu: Hospitalització fins a 24h,432134.81 ,4584834.86,2.186877189,41.410350829
2023S005573    ,10,Sant Martí,65,el Clot,209900,Meridiana,0156 0156,Thursday,2023,9,September,21,Morning,9,No és causa del  vianant,Bus,Dona,23,Passatger,Desconegut                                                                                                                                            ,Unknown,Unknown,Ferit lleu: Amb assistència sanitària en lloc d'accident,432134.81 ,4584834.86,2.186877189,41.410350829
2023S005573    ,10,Sant Martí,65,el Clot,209900,Meridiana,0156 0156,Thursday,2023,9,September,21,Morning,9,No és causa del  vianant,Bus,Dona,25,Passatger,Desconegut                                                                                                                                            ,Unknown,Unknown,Ferit lleu: Hospitalització fins a 24h,432134.81 ,4584834.86,2.186877189,41.410350829
2023S005573    ,10,Sant Martí,65,el Clot,209900,Meridiana,0156 0156,Thursday,2023,9,September,21,Morning,9,No és causa del  vianant,Bus,Dona,27,Passatger,Desconegut                                                                                                                                            ,Unknown,Unknown,Ferit lleu: Amb assistència sanitària en lloc d'accident,432134.81 ,4584834.86,2.186877189,41.410350829
2023S005573    ,10,Sant Martí,65,el Clot,209900,Meridiana,0156 0156,Thursday,2023,9,September,21,Morning,9,No és causa del  vianant,Bus,Dona,37,Passatger,Desconegut                                                                                                                                            ,Unknown,Unknown,Ferit lleu: Hospitalització fins a 24h,432134.81 ,4584834.86,2.186877189,41.410350829
2023S005573    ,10,Sant Martí,65,el Clot,209900,Meridiana,0156 0156,Thursday,2023,9,September,21,Morning,9,No és causa del  vianant,Bus,Dona,46,Passatger,Desconegut                                                                                                                                            ,Unknown,Unknown,Ferit lleu: Hospitalització fins a 24h,432134.81 ,4584834.86,2.186877189,41.410350829
2023S005573    ,10,Sant Martí,65,el Clot,209900,Meridiana,0156 0156,Thursday,2023,9,September,21,Morning,9,No és causa del  vianant,Bus,Dona,53,Passatger,Desconegut                                                                                                                                            ,Unknown,Unknown,Ferit lleu: Amb assistència sanitària en lloc d'accident,432134.81 ,4584834.86,2.186877189,41.410350829
2023S005573    ,10,Sant Martí,65,el Clot,209900,Meridiana,0156 0156,Thursday,2023,9,September,21,Morning,9,No és causa del  vianant,Bus,Dona,59,Passatger,Desconegut                                                                                                                                            ,Unknown,Unknown,Ferit lleu: Hospitalització fins a 24h,432134.81 ,4584834.86,2.186877189,41.410350829
2023S005573    ,10,Sant Martí,65,el Clot,209900,Meridiana,0156 0156,Thursday,2023,9,September,21,Morning,9,No és causa del  vianant,Bus,Dona,6,Passatger,Desconegut                                                                                                                                            ,Unknown,Unknown,Ferit lleu: Amb assistència sanitària en lloc d'accident,432134.81 ,4584834.86,2.186877189,41.410350829
2023S005573    ,10,Sant Martí,65,el Clot,209900,Meridiana,0156 0156,Thursday,2023,9,September,21,Morning,9,No és causa del  vianant,Bus,Home,54,Passatger,Desconegut                                                                                                                                            ,Unknown,Unknown,Ferit lleu: Hospitalització fins a 24h,432134.81 ,4584834.86,2.186877189,41.410350829
2023S005573    ,10,Sant Martí,65,el Clot,209900,Meridiana,0156 0156,Thursday,2023,9,September,21,Morning,9,No és causa del  vianant,Furgoneta,Dona,47,Driver,Desconegut                                                                                                                                            ,Unknown,En missió,Ferit lleu: Amb assistència sanitària en lloc d'accident,432134.81 ,4584834.86,2.186877189,41.410350829
2023S005574    ,5,Sarrià-Sant Gervasi,25,Sant Gervasi - la Bonanova,701501,B-20 (Llobregat),0007E0000,Thursday,2023,9,September,21,Morning,8,No és causa del  vianant,Motorcycle,Home,31,Driver,Desconegut                                                                                                                                            ,Unknown,Es desconeix,Ferit lleu: Amb assistència sanitària en lloc d'accident,427143.16 ,4584946.47,2.127145712,41.410918844
2023S005575    ,2,Eixample,10,Sant Antoni,127704,Floridablanca,0129 0129,Thursday,2023,9,September,21,Morning,11,No és causa del  vianant,Motorcycle,Home,41,Driver,Desconegut                                                                                                                                            ,Unknown,En missió,Ferit lleu: Amb assistència sanitària en lloc d'accident,430031.23 ,4581617.2 ,2.162082667,41.381189968
2023S005576    ,5,Sarrià-Sant Gervasi,26,Sant Gervasi - Galvany,32700,Balmes,0339 0339,Thursday,2023,9,September,21,Morning,12,No és causa del  vianant,Motorcycle,Home,42,Driver,Desconegut                                                                                                                                            ,Unknown,Es desconeix,Ferit lleu: Amb assistència sanitària en lloc d'accident,428450.9  ,4584096.03,2.142891682,41.403376809
2023S005577    ,10,Sant Martí,68,el Poblenou,29206,Àvila,0060 0064,Dimecres,2023,9,September,20,Afternoon,21,No és causa del  vianant,Motorcycle,Home,49,Driver,Desconegut                                                                                                                                            ,Unknown,In itínere,Ferit lleu: Rebutja assistència sanitària,432884.32 ,4583286.37,2.196015923,41.396466968
2023S005578    ,1,Ciutat Vella,4,"Sant Pere, Santa Caterina i la Ribera",163504,Isabel II,0002 0002,Thursday,2023,9,September,21,Morning,12,Transitar a peu per la calçada,Bus,Home,27,Pedestrian,A la vorera / Andana                                                                                                                                  ,In itinere,Unknown,Ferit lleu: Hospitalització fins a 24h,431742.93 ,4581619.47,2.182551501,41.381357531
2023S005579    ,2,Eixample,6,la Sagrada Família,178308,Lepant,0238 0242,Thursday,2023,9,September,21,Morning,8,No és causa del  vianant,Veh. mobilitat personal amb motor,Home,45,Driver,Desconegut                                                                                                                                            ,Unknown,Oci i entreteniment,Ferit lleu: Hospitalització fins a 24h,431463.86 ,4583995.65,2.178945234,41.402735362
2023S005580    ,10,Sant Martí,66,el Parc i la Llacuna del Poblenou,144601,Diagonal,0218U0218U,Thursday,2023,9,September,21,Morning,13,No és causa del  vianant,Motorcycle,Dona,30,Driver,Desconegut                                                                                                                                            ,Unknown,Es desconeix,Ferit lleu: Amb assistència sanitària en lloc d'accident,432597.32 ,4584229.48,2.192477997,41.404937285
2023S005581    ,9,Sant Andreu,59,el Bon Pastor,63850,Caracas,0041 0041,Thursday,2023,9,September,21,Morning,13,No és causa del  vianant,Car,Dona,76,Driver,Desconegut                                                                                                                                            ,Unknown,Oci i entreteniment,Ferit lleu: Rebutja assistència sanitària,433432.97 ,4588740.12,2.201977791,41.445632988
2023S005582    ,4,Les Corts,19,les Corts,144601,Diagonal,0579 0587,Thursday,2023,9,September,21,Morning,13,No és causa del  vianant,Motorcycle,Dona,20,Driver,Desconegut                                                                                                                                            ,Unknown,Es desconeix,Ferit lleu: Amb assistència sanitària en lloc d'accident,427575.97 ,4582577.49,2.13260725,41.389621548
2023S005583    ,3,Sants-Montjuïc,15,Hostafrancs,169409,Corts Catalanes,0255 0257,Thursday,2023,9,September,21,Afternoon,16,No és causa del  vianant,Taxi,Dona,58,Passatger,Desconegut                                                                                                                                            ,Unknown,Unknown,Ferit lleu: Hospitalització fins a 24h,428397.94 ,4580448.66,2.142689482,41.37052156
2023S005583    ,3,Sants-Montjuïc,15,Hostafrancs,169409,Corts Catalanes,0255 0257,Thursday,2023,9,September,21,Afternoon,16,No és causa del  vianant,Taxi,Home,61,Driver,Desconegut                                                                                                                                            ,Unknown,Es desconeix,Ferit lleu: Hospitalització fins a 24h,428397.94 ,4580448.66,2.142689482,41.37052156
2023S005584    ,2,Eixample,9,la Nova Esquerra de l'Eixample,350308,València,0001 0001,Thursday,2023,9,September,21,Afternoon,14,No és causa del  vianant,Veh. mobilitat personal amb motor,Home,43,Driver,Desconegut                                                                                                                                            ,Unknown,Oci i entreteniment,Ferit lleu: Hospitalització fins a 24h,428623.71 ,4581415.95,2.145274895,41.379253677
2023S005585    ,3,Sants-Montjuïc,15,Hostafrancs,331507,Tarragona,0177 0181,Thursday,2023,9,September,21,Afternoon,15,No és causa del  vianant,Bus,Dona,75,Passatger,Desconegut                                                                                                                                            ,Unknown,Unknown,Ferit lleu: Hospitalització fins a 24h,428423.26 ,4581481.55,2.142870186,41.379826697
2023S005586    ,5,Sarrià-Sant Gervasi,26,Sant Gervasi - Galvany,90105,Copèrnic,0067B0067B,Thursday,2023,9,September,21,Afternoon,18,No és causa del  vianant,Motorcycle,Home,55,Driver,Desconegut                                                                                                                                            ,Unknown,Es desconeix,Ferit lleu: Hospitalització fins a 24h,428417.46 ,4583909.11,2.142513779,41.401690315
2023S005586    ,5,Sarrià-Sant Gervasi,26,Sant Gervasi - Galvany,90105,Copèrnic,0067B0067B,Thursday,2023,9,September,21,Afternoon,18,No és causa del  vianant,Veh. mobilitat personal amb motor,Home,24,Driver,Desconegut                                                                                                                                            ,Unknown,Es desconeix,Ferit lleu: Hospitalització fins a 24h,428417.46 ,4583909.11,2.142513779,41.401690315
2023S005587    ,1,Ciutat Vella,2,el Barri Gòtic,307900,Sant Miquel,9999 9999,Thursday,2023,9,September,21,Afternoon,19,No és causa del  vianant,Furgoneta,Home,7,Pedestrian,En zona peatonal                                                                                                                                      ,Unknown,Unknown,Ferit greu: hospitalització superior a 24h,431274.4  ,4581717.49,2.17693752,41.382200462
2023S005589    ,6,Gràcia,28,Vallcarca i els Penitents,64502,Cardedeu,0059 0059,Thursday,2023,9,September,21,Afternoon,18,No és causa del  vianant,Car,Home,69,Driver,Desconegut                                                                                                                                            ,Unknown,Oci i entreteniment,Ferit lleu: Hospitalització fins a 24h,428586.28 ,4585874.71,2.144301094,41.419408715
2023S005590    ,2,Eixample,7,la Dreta de l'Eixample,335100,Tetuan,0017 0018,Thursday,2023,9,September,21,Night,22,No és causa del  vianant,Motorcycle,Home,48,Driver,Desconegut                                                                                                                                            ,Unknown,Es desconeix,Ferit lleu: Hospitalització fins a 24h,431099.5  ,4583116.37,2.174686775,41.394784798
2023S005591    ,6,Gràcia,31,la Vila de Gràcia,206403,Gran de Gràcia,0091 0091,Friday,2023,9,September,22,Night,4,No és causa del  vianant,Car,Home,20,Passatger,Desconegut                                                                                                                                            ,Unknown,Unknown,Ferit lleu: Amb assistència sanitària en lloc d'accident,429403.64 ,4583788.97,2.1543245,41.400695503
2023S005592    ,10,Sant Martí,69,Diagonal Mar i el Front Marítim del Poblenou,700892,Garcia Fària,0083X0083X,Friday,2023,9,September,22,Morning,7,No és causa del  vianant,Altres vehicles amb motor,Home,30,Driver,Desconegut                                                                                                                                            ,Unknown,In itínere,Ferit lleu: Hospitalització fins a 24h,434644.15 ,4584350.37,2.216950734,41.406195222
2023S005593    ,3,Sants-Montjuïc,15,Hostafrancs,45803,Bordeta,0078 0078,Friday,2023,9,September,22,Morning,8,Creuar per fora pas de vianants,Veh. mobilitat personal amb motor,Dona,59,Pedestrian,Fora del pas                                                                                                                                          ,En missió,Unknown,Ferit lleu: Hospitalització fins a 24h,428505.86 ,4580746.83,2.143944624,41.373216675
2023S005594    ,10,Sant Martí,72,Sant Martí de Provençals,153205,Guipúscoa,0027 0027,Friday,2023,9,September,22,Morning,10,No és causa del  vianant,Motorcycle,Home,62,Driver,Desconegut                                                                                                                                            ,Unknown,In itínere,Ferit lleu: Amb assistència sanitària en lloc d'accident,432752.53 ,4585285.36,2.194217325,41.414460304
2023S005595    ,2,Eixample,9,la Nova Esquerra de l'Eixample,268003,Provença,0119 0123,Thursday,2023,8,August,24,Afternoon,19,No és causa del  vianant,Motorcycle,Home,38,Driver,Desconegut                                                                                                                                            ,Unknown,Es desconeix,Ferit lleu: Hospitalització fins a 24h,429167.46 ,4582306.69,2.15167282,41.387324349
2023S005596    ,4,Les Corts,21,Pedralbes,701267,Dalt (Besòs),000480000,Friday,2023,9,September,22,Morning,8,No és causa del  vianant,Motorcycle,Dona,13,Passatger,Desconegut                                                                                                                                            ,Unknown,Unknown,Ferit lleu: Hospitalització fins a 24h,425208.78 ,4582104.27,2.104354859,41.38514273
2023S005596    ,4,Les Corts,21,Pedralbes,701267,Dalt (Besòs),000480000,Friday,2023,9,September,22,Morning,8,No és causa del  vianant,Motorcycle,Home,34,Driver,Desconegut                                                                                                                                            ,Unknown,Es desconeix,Ferit lleu: Hospitalització fins a 24h,425208.78 ,4582104.27,2.104354859,41.38514273
2023S005597    ,10,Sant Martí,68,el Poblenou,701265,Litoral (Besòs),000760000,Friday,2023,9,September,22,Morning,11,No és causa del  vianant,Motorcycle,Dona,46,Driver,Desconegut                                                                                                                                            ,Unknown,Es desconeix,Ferit lleu: Hospitalització fins a 24h,433590.9  ,4582862.8 ,2.204513955,41.39271067
2023S005598    ,6,Gràcia,28,Vallcarca i els Penitents,116901,Esteve Terradas,0017 0017,Friday,2023,9,September,22,Morning,11,No és causa del  vianant,Motorcycle,Home,32,Driver,Desconegut                                                                                                                                            ,Unknown,Oci i entreteniment,Ferit lleu: Hospitalització fins a 24h,428389.91 ,4585197.2 ,2.142031727,41.413289175
2023S005599    ,2,Eixample,7,la Dreta de l'Eixample,247659,Pau Claris,0154 0154,Friday,2023,9,September,22,Afternoon,14,No és causa del  vianant,Veh. mobilitat personal amb motor,Dona,37,Driver,Desconegut                                                                                                                                            ,Unknown,Es desconeix,Ferit lleu: Hospitalització fins a 24h,430282.93 ,4583096.35,2.164922247,41.394534069
2023S005600    ,2,Eixample,7,la Dreta de l'Eixample,289105,Rosselló,0275 0275,Friday,2023,9,September,22,Morning,13,No és causa del  vianant,Ciclomotor,Dona,60,Driver,Desconegut                                                                                                                                            ,Unknown,In itínere,Ferit lleu: Amb assistència sanitària en lloc d'accident,430005.85 ,4583304.38,2.161584106,41.396383644
2023S005601    ,5,Sarrià-Sant Gervasi,23,Sarrià,701267,Dalt (Besòs),000700000,Friday,2023,9,September,22,Afternoon,14,No és causa del  vianant,Furgoneta,Home,45,Driver,Desconegut                                                                                                                                            ,Unknown,Es desconeix,Ferit lleu: Hospitalització fins a 24h,426082.19 ,4583902   ,2.114580314,41.40141486
2023S005602    ,10,Sant Martí,65,el Clot,18505,Aragó,0594 0594,Friday,2023,9,September,22,Afternoon,16,No és causa del  vianant,Veh. mobilitat personal amb motor,Home,28,Driver,Desconegut                                                                                                                                            ,Unknown,Oci i entreteniment,Ferit lleu: Hospitalització fins a 24h,432192.1  ,4584733.46,2.18757396,41.409442388
2023S005603    ,10,Sant Martí,66,el Parc i la Llacuna del Poblenou,197302,Marina,0078X0078X,Friday,2023,9,September,22,Afternoon,16,No és causa del  vianant,Motorcycle,Dona,22,Driver,Desconegut                                                                                                                                            ,Unknown,Es desconeix,Ferit lleu: Hospitalització fins a 24h,432344    ,4582841.72,2.189602761,41.392416821
2023S005604    ,4,Les Corts,20,la Maternitat i Sant Ramon,66508,Carles III,0107B0107B,Friday,2023,9,September,22,Afternoon,16,No és causa del  vianant,Bus,Dona,76,Passatger,Desconegut                                                                                                                                            ,Unknown,Unknown,Ferit lleu: Amb assistència sanitària en lloc d'accident,427207    ,4582445.17,2.128210374,41.38839647
2023S005605    ,8,Nou Barris,55,Ciutat Meridiana,351606,Vallcivera,0002X0002X,Friday,2023,9,September,22,Afternoon,15,No és causa del  vianant,Motorcycle,Dona,30,Driver,Desconegut                                                                                                                                            ,Unknown,Es desconeix,Ferit lleu: Hospitalització fins a 24h,431868.35 ,4590251.15,2.183078383,41.459110928
2023S005606    ,8,Nou Barris,50,les Roquetes,120807,Favència,0185 0185,Friday,2023,9,September,22,Afternoon,14,No és causa del  vianant,Motorcycle,Home,33,Driver,Desconegut                                                                                                                                            ,Unknown,Oci i entreteniment,Ferit lleu: Hospitalització fins a 24h,431162.96 ,4588643.52,2.174816375,41.444571395
2023S005607    ,7,Horta-Guinardó,41,la Vall d'Hebron,701268,Dalt (Llobregat),001070000,Friday,2023,9,September,22,Afternoon,16,No és causa del  vianant,Motorcycle,Home,28,Driver,Desconegut                                                                                                                                            ,Unknown,Es desconeix,Ferit lleu: Amb assistència sanitària en lloc d'accident,428441.28 ,4586554.86,2.142485606,41.425521633
2023S005608    ,8,Nou Barris,45,Porta,255500,Piferrer,0129B0129B,Friday,2023,9,September,22,Afternoon,19,No és causa del  vianant,Motorcycle,Home,42,Driver,Desconegut                                                                                                                                            ,Unknown,Es desconeix,Ferit lleu: Hospitalització fins a 24h,431368.47 ,4587255.59,2.177434058,41.43208842
2023S005609    ,10,Sant Martí,71,Provençals del Poblenou,356202,Veneçuela,0028 0028,Dimecres,2023,9,September,20,Morning,7,No és causa del  vianant,Furgoneta,Home,43,Driver,Altres                                                                                                                                                ,Unknown,In itínere,Ferit lleu: Hospitalització fins a 24h,433751.02 ,4584696.28,2.206228314,41.409237594
2023S005611    ,3,Sants-Montjuïc,11,el Poble-sec,701266,Litoral (Llobregat),001300000,Saturday,2023,9,September,23,Afternoon,20,No és causa del  vianant,Motorcycle,Dona,49,Passatger,Desconegut                                                                                                                                            ,Unknown,Unknown,Ferit lleu: Hospitalització fins a 24h,430380.57 ,4579288.87,2.166527682,41.36024968
2023S005611    ,3,Sants-Montjuïc,11,el Poble-sec,701266,Litoral (Llobregat),001300000,Saturday,2023,9,September,23,Afternoon,20,No és causa del  vianant,Motorcycle,Home,54,Driver,Desconegut                                                                                                                                            ,Unknown,Es desconeix,Ferit lleu: Hospitalització fins a 24h,430380.57 ,4579288.87,2.166527682,41.36024968
2023S005612    ,9,Sant Andreu,58,Baró de Viver,701497,B-10 (Llobregat),000040000,Friday,2023,9,September,22,Night,23,No és causa del  vianant,Motorcycle,Home,38,Driver,Desconegut                                                                                                                                            ,Unknown,Oci i entreteniment,Ferit lleu: Hospitalització fins a 24h,433360.65 ,4589095.4 ,2.201072881,41.448826875
2023S005613    ,4,Les Corts,20,la Maternitat i Sant Ramon,144601,Diagonal,0649 0651,Friday,2023,9,September,22,Afternoon,20,No és causa del  vianant,Bus,Dona,69,Passatger,Desconegut                                                                                                                                            ,Unknown,Unknown,Ferit lleu: Hospitalització fins a 24h,425960.02 ,4582013.56,2.113349923,41.384395273
2023S005614    ,8,Nou Barris,46,el Turó de la Peira,119003,Fabra i Puig,0286 0286,Saturday,2023,9,September,23,Night,3,No és causa del  vianant,Motorcycle,Home,26,Driver,Desconegut                                                                                                                                            ,Unknown,Es desconeix,Ferit lleu: Hospitalització fins a 24h,430921.17 ,4587081.37,2.172100842,41.430480915
2023S005616    ,5,Sarrià-Sant Gervasi,25,Sant Gervasi - la Bonanova,38706,Benedetti,0078X0078X,Saturday,2023,9,September,23,Morning,11,No és causa del  vianant,Car,Dona,39,Passatger,Desconegut                                                                                                                                            ,Unknown,Unknown,Ferit lleu: Rebutja assistència sanitària,427028.24 ,4584882.89,2.125778523,41.410335776
2023S005616    ,5,Sarrià-Sant Gervasi,25,Sant Gervasi - la Bonanova,38706,Benedetti,0078X0078X,Saturday,2023,9,September,23,Morning,11,No és causa del  vianant,Car,Home,7,Passatger,Desconegut                                                                                                                                            ,Unknown,Unknown,Ferit lleu: Rebutja assistència sanitària,427028.24 ,4584882.89,2.125778523,41.410335776
2023S005616    ,5,Sarrià-Sant Gervasi,25,Sant Gervasi - la Bonanova,38706,Benedetti,0078X0078X,Saturday,2023,9,September,23,Morning,11,No és causa del  vianant,Car,Home,37,Driver,Desconegut                                                                                                                                            ,Unknown,Oci i entreteniment,Ferit lleu: Rebutja assistència sanitària,427028.24 ,4584882.89,2.125778523,41.410335776
2023S005617    ,2,Eixample,8,l'Antiga Esquerra de l'Eixample,100800,Diputació,0189 0189,Saturday,2023,9,September,23,Morning,12,Transitar a peu per la calçada,"Camió rígid <= 3,5 tones",Dona,86,Pedestrian,Fora del pas                                                                                                                                          ,Oci i entreteniment,Unknown,Ferit lleu: Rebutja assistència sanitària,429922.08 ,4582109.9 ,2.160720404,41.385618056
2023S005618    ,2,Eixample,6,la Sagrada Família,268003,Provença,0497 0497,Saturday,2023,9,September,23,Afternoon,14,No és causa del  vianant,Furgoneta,Home,42,Pedestrian,En pas regulat per semàfor                                                                                                                            ,Unknown,Unknown,Ferit lleu: Hospitalització fins a 24h,431369.9  ,4584462.66,2.177768274,41.406933556
2023S005619    ,10,Sant Martí,69,Diagonal Mar i el Front Marítim del Poblenou,144601,Diagonal,0032 0032,Saturday,2023,9,September,23,Afternoon,16,Desobeir el senyal del semàfor,Tren o tramvia,Home,81,Pedestrian,En pas regulat per semàfor                                                                                                                            ,Unknown,Unknown,Ferit lleu: Hospitalització fins a 24h,434419.1  ,4584784.71,2.214211356,41.410088881
2023S005620    ,2,Eixample,6,la Sagrada Família,238400,Padilla,0225 0227,Saturday,2023,9,September,23,Afternoon,17,No és causa del  vianant,Motorcycle,Home,28,Driver,Desconegut                                                                                                                                            ,Unknown,Es desconeix,Ferit lleu: Rebutja assistència sanitària,431495.05 ,4584160.34,2.179299689,41.404221334
2023S005621    ,3,Sants-Montjuïc,16,la Bordeta,244901,Parcerisa,0050 0050,Saturday,2023,9,September,23,Afternoon,16,No és causa del  vianant,Veh. mobilitat personal amb motor,Dona,19,Driver,Desconegut                                                                                                                                            ,Unknown,In itínere,Ferit lleu: Hospitalització fins a 24h,427779.73 ,4579926.5 ,2.135360222,41.365763386