Case_Number,District_Code,District_Name,Neighborhood_Code,Neighborhood_Name,Street_Code,Street_Name,Postal_Code,Day_of_Week,Year,Month_Code,Month_Name,Day_of_Month,Shift_Description,Hour_of_Day,Pedestrian_Cause_Description,Involved_Vehicle_Type,Gender_Description,Age,Person_Type_Description,Pedestrian_Accident_Location_Description,Pedestrian_Movement_Reason_Description,Driver_Movement_Reason_Description,Victimization_Description,UTM_X_Coordinate,UTM_Y_Coordinate,Longitude,Latitude
2023S005623    ,4,Les Corts,19,les Corts,144601,Diagonal,0652D0656D,Saturday,2023,9,September,23,Afternoon,18,No és causa del  vianant,Car,Home,16,Passatger,Desconegut                                                                                                                                            ,Unknown,Unknown,Ferit lleu: Amb assistència sanitària en lloc d'accident,427437.38 ,4582600.86,2.130946947,41.389819535
2023S005624    ,2,Eixample,8,l'Antiga Esquerra de l'Eixample,70607,Casanova,0228 0228,Saturday,2023,9,September,23,Afternoon,20,No és causa del  vianant,Car,Home,55,Driver,Desconegut                                                                                                                                            ,Unknown,"Bombers, policia, ambulància",Ferit lleu: Hospitalització fins a 24h,428984.69 ,4582878.82,2.14941989,41.392461198
2023S005624    ,2,Eixample,8,l'Antiga Esquerra de l'Eixample,70607,Casanova,0228 0228,Saturday,2023,9,September,23,Afternoon,20,No és causa del  vianant,Car,Dona,42,Passatger,Desconegut                                                                                                                                            ,Unknown,Unknown,Ferit lleu: Hospitalització fins a 24h,428984.69 ,4582878.82,2.14941989,41.392461198
2023S005624    ,2,Eixample,8,l'Antiga Esquerra de l'Eixample,70607,Casanova,0228 0228,Saturday,2023,9,September,23,Afternoon,20,No és causa del  vianant,Car,Home,41,Passatger,Desconegut                                                                                                                                            ,Unknown,Unknown,Ferit lleu: Hospitalització fins a 24h,428984.69 ,4582878.82,2.14941989,41.392461198
2023S005625    ,9,Sant Andreu,60,Sant Andreu,201603,Onze de Setembre,0046 0046,Diumenge,2023,9,September,24,Night,1,No és causa del  vianant,Ciclomotor,Dona,26,Passatger,Desconegut                                                                                                                                            ,Unknown,Unknown,Ferit lleu: Hospitalització fins a 24h,432633.83 ,4587034.08,2.192602221,41.430200545
2023S005625    ,9,Sant Andreu,60,Sant Andreu,201603,Onze de Setembre,0046 0046,Diumenge,2023,9,September,24,Night,1,No és causa del  vianant,Ciclomotor,Dona,27,Driver,Desconegut                                                                                                                                            ,Unknown,Oci i entreteniment,Ferit lleu: Hospitalització fins a 24h,432633.83 ,4587034.08,2.192602221,41.430200545
2023S005628    ,7,Horta-Guinardó,37,el Carmel,148602,Gran Vista,0106 0106,Diumenge,2023,9,September,24,Night,4,No és causa del  vianant,Car,Home,21,Driver,Desconegut                                                                                                                                            ,Unknown,Oci i entreteniment,Ferit lleu: Hospitalització fins a 24h,429971.96 ,4585958.16,2.160871483,41.420282347
2023S005630    ,1,Ciutat Vella,1,el Raval,34308,Rambla,0107 0107,Diumenge,2023,9,September,24,Morning,11,Creuar per fora pas de vianants,Autobús articulat,Dona,54,Pedestrian,Fora del pas                                                                                                                                          ,Oci i entreteniment,Unknown,Mort (dins 24h posteriors accident),430794.95 ,4581864.92,2.171187164,41.3834872
2023S005631    ,9,Sant Andreu,60,Sant Andreu,296202,Gran de Sant Andreu,0169 0171,Diumenge,2023,9,September,24,Morning,12,No és causa del  vianant,Bicicleta,Home,67,Driver,Desconegut                                                                                                                                            ,Unknown,Es desconeix,Ferit lleu: Hospitalització fins a 24h,432369.56 ,4587299.81,2.189409856,41.432571667
2023S005632    ,8,Nou Barris,51,Verdun,174307,Júlia,0011 0013,Diumenge,2023,9,September,24,Morning,12,No és causa del  vianant,Autobús articulat,Dona,82,Passatger,Desconegut                                                                                                                                            ,Unknown,Unknown,Ferit lleu: Amb assistència sanitària en lloc d'accident,431195.71 ,4588079.66,2.175272646,41.439495728
2023S005633    ,2,Eixample,8,l'Antiga Esquerra de l'Eixample,18505,Aragó,0203 0203,Diumenge,2023,9,September,24,Afternoon,16,No és causa del  vianant,Car,Dona,29,Passatger,Desconegut                                                                                                                                            ,Unknown,Unknown,Ferit lleu: Amb assistència sanitària en lloc d'accident,429830.93 ,4582396.05,2.15959717,41.388187366
2023S005634    ,4,Les Corts,19,les Corts,144601,Diagonal,0632 0632,Diumenge,2023,9,September,24,Afternoon,18,No és causa del  vianant,Motorcycle,Home,29,Driver,Desconegut                                                                                                                                            ,Unknown,Es desconeix,Ferit greu: hospitalització superior a 24h,427954.95 ,4582701.1 ,2.137125048,41.390768909
2023S005635    ,9,Sant Andreu,57,la Trinitat Vella,701501,B-20 (Llobregat),001650000,Diumenge,2023,9,September,24,Afternoon,20,No és causa del  vianant,Car,Dona,23,Passatger,Desconegut                                                                                                                                            ,Unknown,Unknown,Ferit lleu: Hospitalització fins a 24h,433072.09 ,4589234.17,2.197603194,41.450052707
2023S005635    ,9,Sant Andreu,57,la Trinitat Vella,701501,B-20 (Llobregat),001650000,Diumenge,2023,9,September,24,Afternoon,20,No és causa del  vianant,Car,Home,24,Driver,Desconegut                                                                                                                                            ,Unknown,Es desconeix,Ferit lleu: Hospitalització fins a 24h,433072.09 ,4589234.17,2.197603194,41.450052707
2023S005636    ,3,Sants-Montjuïc,11,el Poble-sec,97705,Dante,9999 9999,Diumenge,2023,9,September,24,Afternoon,20,Desobeir el senyal del semàfor,Car,Dona,8,Pedestrian,En pas regulat per semàfor                                                                                                                            ,Unknown,Unknown,Ferit greu: hospitalització superior a 24h,430247.12 ,4580255.27,2.16482115,41.368942221
2023S005637    ,3,Sants-Montjuïc,17,Sants - Badal,48404,Brasil,0021 0023,Diumenge,2023,9,September,24,Night,22,No és causa del  vianant,Motorcycle,Dona,23,Driver,Desconegut                                                                                                                                            ,Unknown,Oci i entreteniment,Ferit lleu: Hospitalització fins a 24h,427339.93 ,4581173.57,2.129952715,41.376955687
2023S005638    ,3,Sants-Montjuïc,12,la Marina del Prat Vermell,701265,Litoral (Besòs),001270000,Diumenge,2023,9,September,24,Afternoon,21,No és causa del  vianant,Motorcycle,Dona,56,Passatger,Desconegut                                                                                                                                            ,Unknown,Unknown,Ferit greu: hospitalització superior a 24h,430380.57 ,4579288.87,2.166527682,41.36024968
2023S005638    ,3,Sants-Montjuïc,12,la Marina del Prat Vermell,701265,Litoral (Besòs),001270000,Diumenge,2023,9,September,24,Afternoon,21,No és causa del  vianant,Motorcycle,Home,55,Driver,Desconegut                                                                                                                                            ,Unknown,Es desconeix,Ferit lleu: Hospitalització fins a 24h,430380.57 ,4579288.87,2.166527682,41.36024968
2023S005640    ,10,Sant Martí,66,el Parc i la Llacuna del Poblenou,197302,Marina,0078X0078X,Dilluns,2023,9,September,25,Night,1,Creuar per fora pas de vianants,Motorcycle,Home,62,Pedestrian,Fora del pas                                                                                                                                          ,Oci i entreteniment,Unknown,Ferit lleu: Hospitalització fins a 24h,432369.93 ,4582905.44,2.189905776,41.392992912
2023S005640    ,10,Sant Martí,66,el Parc i la Llacuna del Poblenou,197302,Marina,0078X0078X,Dilluns,2023,9,September,25,Night,1,Creuar per fora pas de vianants,Motorcycle,Home,48,Driver,Fora del pas                                                                                                                                          ,Unknown,En missió,Ferit lleu: Amb assistència sanitària en lloc d'accident,432369.93 ,4582905.44,2.189905776,41.392992912
2023S005641    ,5,Sarrià-Sant Gervasi,23,Sarrià,701268,Dalt (Llobregat),000700000,Dilluns,2023,9,September,25,Night,4,No és causa del  vianant,Furgoneta,Home,47,Passatger,Desconegut                                                                                                                                            ,Unknown,Unknown,Ferit lleu: Amb assistència sanitària en lloc d'accident,426062.63 ,4583917.33,2.114344467,41.401551131
2023S005641    ,5,Sarrià-Sant Gervasi,23,Sarrià,701268,Dalt (Llobregat),000700000,Dilluns,2023,9,September,25,Night,4,No és causa del  vianant,Furgoneta,Home,57,Driver,Desconegut                                                                                                                                            ,Unknown,En missió,Ferit lleu: Amb assistència sanitària en lloc d'accident,426062.63 ,4583917.33,2.114344467,41.401551131
2023S005642    ,8,Nou Barris,52,la Prosperitat,701268,Dalt (Llobregat),001530000,Dilluns,2023,9,September,25,Morning,10,No és causa del  vianant,Motorcycle,Home,31,Driver,Desconegut                                                                                                                                            ,Unknown,In itínere,Ferit lleu: Hospitalització fins a 24h,432029.26 ,4588843.94,2.185163407,41.446450363
2023S005643    ,2,Eixample,6,la Sagrada Família,18505,Aragó,0530 0532,Dilluns,2023,9,September,25,Afternoon,14,No és causa del  vianant,Motorcycle,Home,39,Driver,Desconegut                                                                                                                                            ,Unknown,Oci i entreteniment,Ferit greu: hospitalització superior a 24h,431821.31 ,4584328.86,2.183183606,41.405766895
2023S005644    ,2,Eixample,7,la Dreta de l'Eixample,232902,Urquinaona,0006 0006,Dilluns,2023,9,September,25,Afternoon,14,No és causa del  vianant,Taxi,Home,43,Driver,Desconegut                                                                                                                                            ,Unknown,Taxi,Ferit lleu: Hospitalització fins a 24h,430987.16 ,4582551.3 ,2.173407521,41.389685744
2023S005645    ,2,Eixample,8,l'Antiga Esquerra de l'Eixample,349706,Comte d'Urgell,0168 0170,Dilluns,2023,9,September,25,Afternoon,15,Transitar a peu per la calçada,Taxi,Home,68,Pedestrian,Fora del pas                                                                                                                                          ,Oci i entreteniment,Unknown,Ferit lleu: Hospitalització fins a 24h,429244.52 ,4582253.05,2.152600679,41.386848017
2023S005647    ,1,Ciutat Vella,1,el Raval,700025,Josep Carner,0029B0029B,Dilluns,2023,9,September,25,Morning,13,No és causa del  vianant,Bus,Home,63,Passatger,Desconegut                                                                                                                                            ,Unknown,Unknown,Ferit lleu: Hospitalització fins a 24h,431214.13 ,4580892.36,2.176310481,41.374763588
2023S005648    ,2,Eixample,8,l'Antiga Esquerra de l'Eixample,268003,Provença,0211 0211,Dilluns,2023,9,September,25,Afternoon,16,No és causa del  vianant,Bicicleta,Dona,29,Driver,Desconegut                                                                                                                                            ,Unknown,Oci i entreteniment,Ferit lleu: Amb assistència sanitària en lloc d'accident,429743.72 ,4582869.41,2.158499241,41.392443146
2023S005649    ,9,Sant Andreu,63,Navas,209900,Meridiana,0262 0268,Diumenge,2023,9,September,24,Afternoon,17,No és causa del  vianant,Ciclomotor,Home,54,Driver,Desconegut                                                                                                                                            ,Unknown,Es desconeix,Ferit lleu: Hospitalització fins a 24h,432173.88 ,4585852.69,2.187230429,41.419521413
2023S005650    ,10,Sant Martí,68,el Poblenou,701265,Litoral (Besòs),000760000,Dilluns,2023,9,September,25,Afternoon,16,No és causa del  vianant,Motorcycle,Home,25,Driver,Desconegut                                                                                                                                            ,Unknown,Es desconeix,Ferit lleu: Hospitalització fins a 24h,433600.12 ,4582986.31,2.204610681,41.393823857
2023S005651    ,2,Eixample,5,el Fort Pienc,335100,Tetuan,0036 0037,Dilluns,2023,9,September,25,Afternoon,18,No és causa del  vianant,Ciclomotor,Dona,24,Driver,Desconegut                                                                                                                                            ,Unknown,Es desconeix,Ferit lleu: Amb assistència sanitària en lloc d'accident,431246.5  ,4583153.05,2.17644085,41.395127752
2023S005652    ,2,Eixample,7,la Dreta de l'Eixample,169409,Corts Catalanes,0594 0594,Dilluns,2023,9,September,25,Afternoon,18,No és causa del  vianant,Motorcycle,Home,54,Passatger,Desconegut                                                                                                                                            ,Unknown,Unknown,Ferit lleu: Amb assistència sanitària en lloc d'accident,430264    ,4582202.37,2.164798814,41.386480634
2023S005652    ,2,Eixample,7,la Dreta de l'Eixample,169409,Corts Catalanes,0594 0594,Dilluns,2023,9,September,25,Afternoon,18,No és causa del  vianant,Motorcycle,Home,32,Driver,Desconegut                                                                                                                                            ,Unknown,Oci i entreteniment,Ferit lleu: Hospitalització fins a 24h,430264    ,4582202.37,2.164798814,41.386480634
2023S005653    ,9,Sant Andreu,59,el Bon Pastor,701177,Monterrey,0001 0001,Dilluns,2023,9,September,25,Afternoon,17,No és causa del  vianant,Car,Dona,19,Driver,Desconegut                                                                                                                                            ,Unknown,Es desconeix,Ferit lleu: Amb assistència sanitària en lloc d'accident,433767.83 ,4588493.8 ,2.206013173,41.443442174
2023S005655    ,3,Sants-Montjuïc,11,el Poble-sec,284101,Rius i Taulet,0002 0002,Dilluns,2023,9,September,25,Night,23,Transitar a peu per la calçada,Ciclomotor,Dona,61,Pedestrian,Altres                                                                                                                                                ,Oci i entreteniment,Unknown,Ferit lleu: Hospitalització fins a 24h,429413.36 ,4580717.57,2.154798832,41.373033289
2023S005656    ,10,Sant Martí,72,Sant Martí de Provençals,30409,Bac de Roda,0161 0161,Dilluns,2023,9,September,25,Night,22,Creuar per fora pas de vianants,Veh. mobilitat personal amb motor,Home,40,Driver,Desconegut                                                                                                                                            ,Unknown,Oci i entreteniment,Ferit lleu: Hospitalització fins a 24h,433007.82 ,4585054.03,2.197297372,41.412398114
2023S005658    ,5,Sarrià-Sant Gervasi,26,Sant Gervasi - Galvany,32700,Balmes,0331 0331,Dilluns,2023,9,September,25,Night,22,No és causa del  vianant,Motorcycle,Home,20,Driver,Desconegut                                                                                                                                            ,Unknown,Altres activitats,Ferit lleu: Hospitalització fins a 24h,428497.32 ,4584055.68,2.143451742,41.403017525
2023S005659    ,10,Sant Martí,73,la Verneda i la Pau,266405,Prim,0248 0248,Dimarts,2023,9,September,26,Morning,7,Creuar per fora pas de vianants,Motorcycle,Home,72,Pedestrian,Fora del pas                                                                                                                                          ,Es desconeix,Unknown,Mort (dins 24h posteriors accident),433385.01 ,4586455.61,2.201655666,41.425053124
2023S005659    ,10,Sant Martí,73,la Verneda i la Pau,266405,Prim,0248 0248,Dimarts,2023,9,September,26,Morning,7,Creuar per fora pas de vianants,Motorcycle,Home,22,Driver,Fora del pas                                                                                                                                          ,Unknown,Es desconeix,Ferit lleu: Hospitalització fins a 24h,433385.01 ,4586455.61,2.201655666,41.425053124
2023S005660    ,8,Nou Barris,44,Vilapicina i la Torre Llobeta,119003,Fabra i Puig,0305 0307,Dimarts,2023,9,September,26,Morning,8,No és causa del  vianant,Motorcycle,Dona,38,Driver,Desconegut                                                                                                                                            ,Unknown,In itínere,Ferit lleu: Hospitalització fins a 24h,430607.6  ,4587076.52,2.168348795,41.430410187
2023S005661    ,10,Sant Martí,71,Provençals del Poblenou,143609,Josep Pla,0107 0107,Dimarts,2023,9,September,26,Morning,8,No és causa del  vianant,Bicicleta,Dona,34,Driver,Desconegut                                                                                                                                            ,Unknown,Es desconeix,Ferit lleu: Hospitalització fins a 24h,434099.81 ,4585129.6 ,2.210353867,41.413169088
2023S005662    ,3,Sants-Montjuïc,11,el Poble-sec,198804,Paral·lel,0099 0099,Dimarts,2023,9,September,26,Morning,10,No és causa del  vianant,Bus,Dona,69,Passatger,Desconegut                                                                                                                                            ,Unknown,Unknown,Ferit lleu: Hospitalització fins a 24h,430165.02 ,4580906.14,2.163764544,41.374797294
2023S005663    ,4,Les Corts,19,les Corts,144601,Diagonal,0485 0485,Dimarts,2023,9,September,26,Morning,11,No és causa del  vianant,Bus,Dona,76,Passatger,Desconegut                                                                                                                                            ,Unknown,Unknown,Ferit lleu: Hospitalització fins a 24h,428505.87 ,4582846.36,2.143696889,41.392126398
2023S005665    ,2,Eixample,5,el Fort Pienc,9209,Alí Bei,0101 0101,Dimarts,2023,9,September,26,Morning,10,No és causa del  vianant,Car,Home,47,Driver,Desconegut                                                                                                                                            ,Unknown,Es desconeix,Ferit lleu: Rebutja assistència sanitària,431829.38 ,4583171.76,2.183410516,41.395345918
2023S005666    ,2,Eixample,8,l'Antiga Esquerra de l'Eixample,144601,Diagonal,0409 0409,Dimarts,2023,9,September,26,Morning,13,No és causa del  vianant,Car,Dona,63,Pedestrian,En pas regulat per semàfor                                                                                                                            ,Unknown,Unknown,Ferit lleu: Hospitalització fins a 24h,429430.09 ,4583191.25,2.154710596,41.395314373
2023S005666    ,2,Eixample,8,l'Antiga Esquerra de l'Eixample,144601,Diagonal,0409 0409,Dimarts,2023,9,September,26,Morning,13,No és causa del  vianant,Car,Home,62,Pedestrian,En pas regulat per semàfor                                                                                                                            ,Unknown,Unknown,Ferit lleu: Hospitalització fins a 24h,429430.09 ,4583191.25,2.154710596,41.395314373
2023S005667    ,2,Eixample,7,la Dreta de l'Eixample,148307,Gràcia,0019B0019B,Dimarts,2023,9,September,26,Afternoon,14,No és causa del  vianant,Motorcycle,Home,46,Driver,Desconegut                                                                                                                                            ,Unknown,Es desconeix,Ferit lleu: Hospitalització fins a 24h,430456.33 ,4582637.21,2.167048993,41.390413762
2023S005668    ,2,Eixample,7,la Dreta de l'Eixample,169409,Corts Catalanes,0643 0643,Dimarts,2023,9,September,26,Morning,13,No és causa del  vianant,Car,Home,74,Passatger,Desconegut                                                                                                                                            ,Unknown,Unknown,Ferit lleu: Amb assistència sanitària en lloc d'accident,430886.26 ,4582847.07,2.172167,41.392340987
2023S005669    ,7,Horta-Guinardó,33,el Baix Guinardó,238400,Padilla,0389 0391,Dimarts,2023,9,September,26,Afternoon,14,No és causa del  vianant,Motorcycle,Home,40,Driver,Desconegut                                                                                                                                            ,Unknown,Es desconeix,Ferit lleu: Hospitalització fins a 24h,430621.7  ,4585031.8 ,2.168752236,41.411995344
2023S005670    ,-1,Unknown,-1,Unknown,-1,Unknown,Unknown,Dimarts,2023,9,September,26,Afternoon,15,No és causa del  vianant,Motorcycle,Home,28,Driver,Desconegut                                                                                                                                            ,Unknown,Es desconeix,Ferit lleu: Hospitalització fins a 24h,427519.99 ,4575229.36,2.132816004,41.323434399
2023S005671    ,-1,Unknown,-1,Unknown,-1,Unknown,Unknown,Dimarts,2023,9,September,26,Afternoon,17,No és causa del  vianant,Furgoneta,Home,52,Driver,Desconegut                                                                                                                                            ,Unknown,En missió,Ferit lleu: Hospitalització fins a 24h,428497.71 ,4577319.47,2.144251323,41.342346799
2023S005671    ,-1,Unknown,-1,Unknown,-1,Unknown,Unknown,Dimarts,2023,9,September,26,Afternoon,17,No és causa del  vianant,Car,Home,30,Driver,Desconegut                                                                                                                                            ,Unknown,Es desconeix,Ferit lleu: Hospitalització fins a 24h,428497.71 ,4577319.47,2.144251323,41.342346799
2023S005672    ,2,Eixample,7,la Dreta de l'Eixample,169409,Corts Catalanes,0643 0643,Dimarts,2023,9,September,26,Afternoon,14,No és causa del  vianant,Car,Dona,42,Driver,Desconegut                                                                                                                                            ,Unknown,Es desconeix,Ferit lleu: Rebutja assistència sanitària,430884.28 ,4582809.76,2.172147579,41.392004777
2023S005673    ,2,Eixample,9,la Nova Esquerra de l'Eixample,191204,Mallorca,0097 0097,Dimarts,2023,9,September,26,Afternoon,17,No és causa del  vianant,Motorcycle,Home,60,Driver,Desconegut                                                                                                                                            ,Unknown,Es desconeix,Ferit lleu: Amb assistència sanitària en lloc d'accident,429167.06 ,4582119.31,2.151689957,41.385636646
2023S005674    ,10,Sant Martí,68,el Poblenou,144601,Diagonal,0174X0174X,Dimarts,2023,9,September,26,Afternoon,19,No és causa del  vianant,Motorcycle,Home,73,Pedestrian,Desconegut                                                                                                                                            ,Unknown,Unknown,Ferit lleu: Hospitalització fins a 24h,432874.84 ,4584318.95,2.19578797,41.405766351
2023S005674    ,10,Sant Martí,68,el Poblenou,144601,Diagonal,0174X0174X,Dimarts,2023,9,September,26,Afternoon,19,No és causa del  vianant,Motorcycle,Home,43,Driver,Desconegut                                                                                                                                            ,Unknown,Oci i entreteniment,Ferit lleu: Amb assistència sanitària en lloc d'accident,432874.84 ,4584318.95,2.19578797,41.405766351
2023S005675    ,2,Eixample,8,l'Antiga Esquerra de l'Eixample,18505,Aragó,0149 0149,Dimarts,2023,9,September,26,Afternoon,14,No és causa del  vianant,Ciclomotor,Dona,33,Driver,Desconegut                                                                                                                                            ,Unknown,Es desconeix,Ferit lleu: Hospitalització fins a 24h,429447.81 ,4582020.17,2.155059021,41.38476841
2023S005676    ,10,Sant Martí,69,Diagonal Mar i el Front Marítim del Poblenou,322608,Selva de Mar,0001 0001,Dimarts,2023,9,September,26,Afternoon,17,No és causa del  vianant,Veh. mobilitat personal sense motor,Home,58,Driver,Desconegut                                                                                                                                            ,Unknown,Es desconeix,Ferit lleu: Hospitalització fins a 24h,434442.84 ,4584162.4 ,2.214562827,41.404485818
2023S005677    ,4,Les Corts,20,la Maternitat i Sant Ramon,144601,Diagonal,0641 0641,Dimarts,2023,9,September,26,Afternoon,21,No és causa del  vianant,Motorcycle,Home,51,Driver,Desconegut                                                                                                                                            ,Unknown,Es desconeix,Ferit lleu: Hospitalització fins a 24h,426608.6  ,4582318   ,2.121069228,41.387196699
2023S005678    ,3,Sants-Montjuïc,12,la Marina del Prat Vermell,701265,Litoral (Besòs),001390000,Dimarts,2023,9,September,26,Afternoon,19,No és causa del  vianant,Motorcycle,Dona,25,Driver,Desconegut                                                                                                                                            ,Unknown,Es desconeix,Ferit lleu: Rebutja assistència sanitària,429644.79 ,4578490.83,2.157824421,41.352997967
2023S005678    ,3,Sants-Montjuïc,12,la Marina del Prat Vermell,701265,Litoral (Besòs),001390000,Dimarts,2023,9,September,26,Afternoon,19,No és causa del  vianant,Motorcycle,Home,26,Driver,Desconegut                                                                                                                                            ,Unknown,Es desconeix,Ferit lleu: Hospitalització fins a 24h,429644.79 ,4578490.83,2.157824421,41.352997967
2023S005679    ,1,Ciutat Vella,1,el Raval,117405,Estel,0002X0002X,Dimarts,2023,9,September,26,Afternoon,20,No és causa del  vianant,Bicicleta,Dona,34,Driver,Desconegut                                                                                                                                            ,Unknown,Altres activitats,Ferit lleu: Hospitalització fins a 24h,430762.92 ,4581083.38,2.170893465,41.376445337
2023S005680    ,5,Sarrià-Sant Gervasi,25,Sant Gervasi - la Bonanova,701268,Dalt (Llobregat),000810000,Dimarts,2023,9,September,26,Afternoon,17,No és causa del  vianant,Motorcycle,Home,24,Driver,Desconegut                                                                                                                                            ,Unknown,In itínere,Ferit lleu: Hospitalització fins a 24h,426829.82 ,4584695.73,2.123427364,41.408632061
2023S005681    ,10,Sant Martí,68,el Poblenou,42306,Bilbao,0052 0052,Dimarts,2023,9,September,26,Morning,6,No és causa del  vianant,Bicicleta,Home,77,Driver,Desconegut                                                                                                                                            ,Unknown,Oci i entreteniment,Ferit greu: hospitalització superior a 24h,433491.9  ,4584031.59,2.203201401,41.403229491
2023S005682    ,6,Gràcia,31,la Vila de Gràcia,340406,Torrent de les Flors,0035 0037,Dimarts,2023,9,September,26,Afternoon,20,No és causa del  vianant,Veh. mobilitat personal amb motor,Dona,35,Driver,Desconegut                                                                                                                                            ,Unknown,Es desconeix,Ferit lleu: Hospitalització fins a 24h,429950.77 ,4584337.14,2.160805722,41.40568056
2023S005683    ,8,Nou Barris,53,la Trinitat Nova,701267,Dalt (Besòs),001550000,Dimecres,2023,9,September,27,Morning,7,No és causa del  vianant,Motorcycle,Home,41,Driver,Desconegut                                                                                                                                            ,Unknown,En missió,Ferit lleu: Hospitalització fins a 24h,432217.32 ,4588883.98,2.187410054,41.4468269
2023S005684    ,10,Sant Martí,72,Sant Martí de Provençals,60807,Cantàbria,0029 0029,Dimecres,2023,9,September,27,Morning,8,Desobeir el senyal del semàfor,Furgoneta,Home,7,Pedestrian,En pas regulat per semàfor                                                                                                                            ,Estudiant cap a centre d'estudis,Unknown,Ferit greu: hospitalització superior a 24h,433366.06 ,4585856.75,2.201494928,41.41965779
2023S005685    ,2,Eixample,8,l'Antiga Esquerra de l'Eixample,18505,Aragó,0221 0223,Dimecres,2023,9,September,27,Morning,7,No és causa del  vianant,Motorcycle,Dona,47,Driver,Desconegut                                                                                                                                            ,Unknown,In itínere,Ferit lleu: Rebutja assistència sanitària,429986.01 ,4582571.15,2.161431611,41.389777956
2023S005687    ,9,Sant Andreu,57,la Trinitat Vella,34400,Bàrcino,0078I0078I,Dimecres,2023,9,September,27,Morning,10,No és causa del  vianant,Motorcycle,Home,45,Driver,Desconegut                                                                                                                                            ,Unknown,In itínere,Ferit lleu: Hospitalització fins a 24h,433055.35 ,4589197.34,2.197406884,41.449719595
2023S005688    ,10,Sant Martí,65,el Clot,89004,Consell de Cent,0631 0631,Dimecres,2023,9,September,27,Morning,11,Desobeir el senyal del semàfor,Motorcycle,Dona,48,Driver,Fora del pas                                                                                                                                          ,Unknown,Oci i entreteniment,Ferit lleu: Hospitalització fins a 24h,432129.07 ,4584436.31,2.186853243,41.406760723
2023S005689    ,8,Nou Barris,48,la Guineueta,75101,Caçador,0016X0016X,Dimecres,2023,9,September,27,Morning,8,No és causa del  vianant,Car,Dona,20,Pedestrian,En pas sense regular                                                                                                                                  ,Unknown,Unknown,Ferit lleu: Hospitalització fins a 24h,430725.87 ,4588223.29,2.169632644,41.440748927
2023S005689    ,8,Nou Barris,48,la Guineueta,75101,Caçador,0016X0016X,Dimecres,2023,9,September,27,Morning,8,No és causa del  vianant,Car,Dona,30,Pedestrian,En pas sense regular                                                                                                                                  ,Unknown,Unknown,Ferit lleu: Hospitalització fins a 24h,430725.87 ,4588223.29,2.169632644,41.440748927
2023S005689    ,8,Nou Barris,48,la Guineueta,75101,Caçador,0016X0016X,Dimecres,2023,9,September,27,Morning,8,No és causa del  vianant,Car,Home,3,Pedestrian,En pas sense regular                                                                                                                                  ,Unknown,Unknown,Ferit lleu: Hospitalització fins a 24h,430725.87 ,4588223.29,2.169632644,41.440748927
2023S005689    ,8,Nou Barris,48,la Guineueta,75101,Caçador,0016X0016X,Dimecres,2023,9,September,27,Morning,8,No és causa del  vianant,Car,Home,3,Pedestrian,En pas sense regular                                                                                                                                  ,Estudiant cap a centre d'estudis,Unknown,Ferit lleu: Hospitalització fins a 24h,430725.87 ,4588223.29,2.169632644,41.440748927
2023S005690    ,2,Eixample,8,l'Antiga Esquerra de l'Eixample,191204,Mallorca,0212 0212,Dimecres,2023,9,September,27,Morning,9,No és causa del  vianant,Motorcycle,Home,35,Driver,Desconegut                                                                                                                                            ,Unknown,Es desconeix,Ferit lleu: Hospitalització fins a 24h,429739.61 ,4582680.05,2.158472063,41.390737284
2023S005691    ,8,Nou Barris,53,la Trinitat Nova,291300,S'Agaró,0001 0001,Dimecres,2023,9,September,27,Morning,8,No és causa del  vianant,Car,Home,52,Driver,Desconegut                                                                                                                                            ,Unknown,Oci i entreteniment,Ferit lleu: Hospitalització fins a 24h,432170    ,4588894.12,2.186842475,41.446914228
2023S005692    ,7,Horta-Guinardó,40,Montbau,701267,Dalt (Besòs),001110000,Dimecres,2023,9,September,27,Morning,9,No és causa del  vianant,Motorcycle,Home,37,Driver,Desconegut                                                                                                                                            ,Unknown,In itínere,Ferit lleu: Hospitalització fins a 24h,428598.71 ,4586926.27,2.144325584,41.428880782
2023S005693    ,10,Sant Martí,66,el Parc i la Llacuna del Poblenou,76807,Sardenya,0084 0084,Dimecres,2023,9,September,27,Morning,13,No és causa del  vianant,Motorcycle,Home,56,Driver,Desconegut                                                                                                                                            ,Unknown,Oci i entreteniment,Ferit lleu: Amb assistència sanitària en lloc d'accident,432209.39 ,4582829.67,2.187994117,41.392296948
2023S005694    ,7,Horta-Guinardó,35,el Guinardó,293601,Sales i Ferré,0004C0004C,Dimarts,2023,9,September,26,Afternoon,18,No és causa del  vianant,Motorcycle,Home,12,Passatger,Desconegut                                                                                                                                            ,Unknown,Unknown,Ferit lleu: Hospitalització fins a 24h,431071.3  ,4585843.45,2.174038704,41.419344309
2023S005695    ,8,Nou Barris,45,Porta,256401,Pintor Alsamora,0020X0020X,Dimarts,2023,9,September,26,Afternoon,19,No és causa del  vianant,Motorcycle,Home,30,Driver,Desconegut                                                                                                                                            ,Unknown,En missió,Ferit lleu: Hospitalització fins a 24h,431409.06 ,4587633.55,2.177876907,41.435496041
2023S005695    ,8,Nou Barris,45,Porta,256401,Pintor Alsamora,0020X0020X,Dimarts,2023,9,September,26,Afternoon,19,No és causa del  vianant,Motorcycle,Home,39,Driver,Desconegut                                                                                                                                            ,Unknown,En missió,Ferit lleu: Hospitalització fins a 24h,431409.06 ,4587633.55,2.177876907,41.435496041