Case_Number,District_Code,District_Name,Neighborhood_Code,Neighborhood_Name,Street_Code,Street_Name,Postal_Code,Day_of_Week,Year,Month_Code,Month_Name,Day_of_Month,Shift_Description,Hour_of_Day,Pedestrian_Cause_Description,Involved_Vehicle_Type,Gender_Description,Age,Person_Type_Description,Pedestrian_Accident_Location_Description,Pedestrian_Movement_Reason_Description,Driver_Movement_Reason_Description,Victimization_Description,UTM_X_Coordinate,UTM_Y_Coordinate,Longitude,Latitude
2023S005696    ,7,Horta-Guinardó,40,Montbau,352507,Vall d'Hebron,0143 0143,Dimecres,2023,9,September,27,Afternoon,17,Altres,Autobús articulat,Home,86,Passatger,Desconegut                                                                                                                                            ,Unknown,Unknown,Ferit lleu: Hospitalització fins a 24h,428699.69 ,4587310.04,2.145488718,41.43234621
2023S005697    ,1,Ciutat Vella,2,el Barri Gòtic,82901,Colom,0012 0012,Dimecres,2023,9,September,27,Afternoon,18,No és causa del  vianant,Motorcycle,Home,23,Driver,Desconegut                                                                                                                                            ,Unknown,Es desconeix,Ferit lleu: Amb assistència sanitària en lloc d'accident,431548.04 ,4581400.91,2.180245634,41.379372452
2023S005698    ,2,Eixample,6,la Sagrada Família,68900,Cartagena,0332 0332,Dimecres,2023,9,September,27,Afternoon,18,Desobeir el senyal del semàfor,Bicicleta,Home,23,Driver,En pas regulat per semàfor                                                                                                                            ,Unknown,In itínere,Ferit lleu: Hospitalització fins a 24h,431087.05 ,4584936.71,2.174330508,41.411178957
2023S005699    ,10,Sant Martí,67,la Vila Olímpica del Poblenou,700662,Salvador Espriu,0031 0031,Dimecres,2023,9,September,27,Afternoon,18,No és causa del  vianant,Motorcycle,Dona,56,Driver,Desconegut                                                                                                                                            ,Unknown,Es desconeix,Ferit lleu: Amb assistència sanitària en lloc d'accident,432980.11 ,4582494.23,2.197249397,41.389340354
2023S005700    ,3,Sants-Montjuïc,11,el Poble-sec,701266,Litoral (Llobregat),001270000,Dimecres,2023,9,September,27,Afternoon,18,No és causa del  vianant,Motorcycle,Home,53,Driver,Desconegut                                                                                                                                            ,Unknown,Es desconeix,Ferit lleu: Hospitalització fins a 24h,430450.5  ,4579358.49,2.167355672,41.360882776
2023S005701    ,4,Les Corts,21,Pedralbes,701268,Dalt (Llobregat),000550000,Dimecres,2023,9,September,27,Afternoon,18,No és causa del  vianant,Motorcycle,Dona,34,Driver,Desconegut                                                                                                                                            ,Unknown,Altres activitats,Ferit lleu: Hospitalització fins a 24h,425483.61 ,4582534.73,2.107588533,41.389045208
2023S005702    ,3,Sants-Montjuïc,11,el Poble-sec,198804,Paral·lel,0185 0185,Dimecres,2023,9,September,27,Afternoon,17,No és causa del  vianant,Autobús articulat,Dona,54,Passatger,Desconegut                                                                                                                                            ,Unknown,Unknown,Ferit lleu: Hospitalització fins a 24h,429230.33 ,4580913.82,2.15258746,41.374784768
2023S005702    ,3,Sants-Montjuïc,11,el Poble-sec,198804,Paral·lel,0185 0185,Dimecres,2023,9,September,27,Afternoon,17,No és causa del  vianant,Autobús articulat,Dona,56,Passatger,Desconegut                                                                                                                                            ,Unknown,Unknown,Ferit lleu: Hospitalització fins a 24h,429230.33 ,4580913.82,2.15258746,41.374784768
2023S005703    ,2,Eixample,6,la Sagrada Família,350308,València,0390 0390,Dimecres,2023,9,September,27,Afternoon,21,No és causa del  vianant,Taxi,Dona,31,Passatger,Desconegut                                                                                                                                            ,Unknown,Unknown,Ferit lleu: Rebutja assistència sanitària,431059.8  ,4583773.18,2.174137103,41.400697079
2023S005703    ,2,Eixample,6,la Sagrada Família,350308,València,0390 0390,Dimecres,2023,9,September,27,Afternoon,21,No és causa del  vianant,Taxi,Home,72,Passatger,Desconegut                                                                                                                                            ,Unknown,Unknown,Ferit lleu: Rebutja assistència sanitària,431059.8  ,4583773.18,2.174137103,41.400697079
2023S005703    ,2,Eixample,6,la Sagrada Família,350308,València,0390 0390,Dimecres,2023,9,September,27,Afternoon,21,No és causa del  vianant,Taxi,Home,42,Driver,Desconegut                                                                                                                                            ,Unknown,En missió,Ferit lleu: Hospitalització fins a 24h,431059.8  ,4583773.18,2.174137103,41.400697079
2023S005703    ,2,Eixample,6,la Sagrada Família,350308,València,0390 0390,Dimecres,2023,9,September,27,Afternoon,21,No és causa del  vianant,Car,Dona,42,Driver,Desconegut                                                                                                                                            ,Unknown,Es desconeix,Ferit lleu: Rebutja assistència sanitària,431059.8  ,4583773.18,2.174137103,41.400697079
2023S005704    ,2,Eixample,7,la Dreta de l'Eixample,74506,Catalunya,0061 0061,Dimecres,2023,9,September,27,Night,23,No és causa del  vianant,Ciclomotor,Home,24,Driver,Desconegut                                                                                                                                            ,Unknown,Es desconeix,Ferit lleu: Hospitalització fins a 24h,430155.92 ,4582713.39,2.163447302,41.391073846
2023S005705    ,4,Les Corts,19,les Corts,701433,Mig (Ascendent),000190000,Thursday,2023,9,September,28,Night,3,No és causa del  vianant,Car,Home,30,Driver,Desconegut                                                                                                                                            ,Unknown,"Bombers, policia, ambulància",Ferit lleu: Hospitalització fins a 24h,427191.1  ,4581776.77,2.128100585,41.382375016
2023S005705    ,4,Les Corts,19,les Corts,701433,Mig (Ascendent),000190000,Thursday,2023,9,September,28,Night,3,No és causa del  vianant,Car,Home,21,Passatger,Desconegut                                                                                                                                            ,Unknown,Unknown,Ferit lleu: Hospitalització fins a 24h,427191.1  ,4581776.77,2.128100585,41.382375016
2023S005705    ,4,Les Corts,19,les Corts,701433,Mig (Ascendent),000190000,Thursday,2023,9,September,28,Night,3,No és causa del  vianant,Car,Home,30,Passatger,Desconegut                                                                                                                                            ,Unknown,Unknown,Ferit lleu: Hospitalització fins a 24h,427191.1  ,4581776.77,2.128100585,41.382375016
2023S005705    ,4,Les Corts,19,les Corts,701433,Mig (Ascendent),000190000,Thursday,2023,9,September,28,Night,3,No és causa del  vianant,Car,Home,26,Driver,Desconegut                                                                                                                                            ,Unknown,In itínere,Ferit lleu: Hospitalització fins a 24h,427191.1  ,4581776.77,2.128100585,41.382375016
2023S005706    ,6,Gràcia,30,la Salut,365702,Mare de Déu de Montserrat,0016 0018,Thursday,2023,9,September,28,Morning,7,Desobeir el senyal del semàfor,Motorcycle,Dona,16,Pedestrian,En pas regulat per semàfor                                                                                                                            ,Estudiant cap a centre d'estudis,Unknown,Ferit lleu: Hospitalització fins a 24h,429995.81 ,4585211.44,2.161243324,41.413558994
2023S005706    ,6,Gràcia,30,la Salut,365702,Mare de Déu de Montserrat,0016 0018,Thursday,2023,9,September,28,Morning,7,Desobeir el senyal del semàfor,Motorcycle,Home,39,Driver,En pas regulat per semàfor                                                                                                                            ,Unknown,In itínere,Ferit lleu: Rebutja assistència sanitària,429995.81 ,4585211.44,2.161243324,41.413558994
2023S005708    ,2,Eixample,10,Sant Antoni,349706,Comte d'Urgell,0041 0041,Dimecres,2023,9,September,27,Afternoon,18,No és causa del  vianant,Motorcycle,Dona,43,Driver,Desconegut                                                                                                                                            ,Unknown,Es desconeix,Ferit lleu: Rebutja assistència sanitària,429841.22 ,4581617.31,2.159810459,41.381174403
2023S005709    ,2,Eixample,7,la Dreta de l'Eixample,148307,Gràcia,0015 0015,Dimecres,2023,9,September,27,Afternoon,19,No és causa del  vianant,Car,Dona,52,Pedestrian,Fora del pas                                                                                                                                          ,Es desconeix,Unknown,Ferit lleu: Hospitalització fins a 24h,430479.33 ,4582566.73,2.167332167,41.38978096
2023S005710    ,7,Horta-Guinardó,43,Horta,701309,Botticelli,0001X0001X,Thursday,2023,9,September,28,Morning,10,No és causa del  vianant,Motorcycle,Home,36,Driver,Desconegut                                                                                                                                            ,Unknown,In itínere,Ferit lleu: Hospitalització fins a 24h,429350.45 ,4587439.72,2.153261616,41.433571724
2023S005711    ,6,Gràcia,30,la Salut,83609,Coll del Portell,0081 0081,Thursday,2023,9,September,28,Morning,7,No és causa del  vianant,Bus,Dona,57,Passatger,Desconegut                                                                                                                                            ,Unknown,Unknown,Ferit lleu: Hospitalització fins a 24h,429083.04 ,4585074.92,2.15033877,41.412249341
2023S005712    ,1,Ciutat Vella,1,el Raval,250904,Pelai,0040 0040,Thursday,2023,9,September,28,Morning,13,No és causa del  vianant,Motorcycle,Home,48,Driver,Desconegut                                                                                                                                            ,Unknown,In itínere,Ferit lleu: Hospitalització fins a 24h,430492.54 ,4582099.03,2.16754385,41.385569673
2023S005713    ,7,Horta-Guinardó,33,el Baix Guinardó,152905,Guinardó,0081 0081,Thursday,2023,9,September,28,Morning,12,No és causa del  vianant,Motorcycle,Dona,32,Pedestrian,En pas regulat per semàfor                                                                                                                            ,Oci i entreteniment,Unknown,Ferit lleu: Hospitalització fins a 24h,430786.53 ,4585244.59,2.1706999,41.41392609
2023S005713    ,7,Horta-Guinardó,33,el Baix Guinardó,152905,Guinardó,0081 0081,Thursday,2023,9,September,28,Morning,12,No és causa del  vianant,Motorcycle,Home,40,Driver,En pas regulat per semàfor                                                                                                                            ,Unknown,Oci i entreteniment,Ferit lleu: Rebutja assistència sanitària,430786.53 ,4585244.59,2.1706999,41.41392609
2023S005714    ,2,Eixample,5,el Fort Pienc,362409,Vilanova,0001 0001,Thursday,2023,9,September,28,Morning,12,Desobeir el senyal del semàfor,Bus,Dona,78,Passatger,Desconegut                                                                                                                                            ,Unknown,Unknown,Ferit lleu: Hospitalització fins a 24h,431582.27 ,4582754.76,2.180501983,41.391569121
2023S005715    ,5,Sarrià-Sant Gervasi,24,les Tres Torres,357103,Vergós,0057 0061,Dimecres,2023,9,September,27,Afternoon,20,No és causa del  vianant,Motorcycle,Dona,28,Driver,Desconegut                                                                                                                                            ,Unknown,Oci i entreteniment,Ferit lleu: Amb assistència sanitària en lloc d'accident,427021.41 ,4583327.42,2.125884445,41.396325706
2023S005716    ,9,Sant Andreu,59,el Bon Pastor,318906,Santander,0121U0121U,Thursday,2023,9,September,28,Morning,13,No és causa del  vianant,Motorcycle,Home,46,Driver,Desconegut                                                                                                                                            ,Unknown,Oci i entreteniment,Ferit greu: hospitalització superior a 24h,434014.78 ,4587640.93,2.209062326,41.435780974
2023S005717    ,1,Ciutat Vella,4,"Sant Pere, Santa Caterina i la Ribera",700813,Doctor Aiguader,0015 0015,Thursday,2023,9,September,28,Afternoon,14,No és causa del  vianant,Motorcycle,Home,25,Driver,Desconegut                                                                                                                                            ,Unknown,Oci i entreteniment,Ferit lleu: Rebutja assistència sanitària,432169.83 ,4581741.29,2.187642898,41.382490857
2023S005718    ,7,Horta-Guinardó,43,Horta,701267,Dalt (Besòs),0004E0000,Thursday,2023,9,September,28,Morning,12,No és causa del  vianant,Motorcycle,Home,44,Driver,Desconegut                                                                                                                                            ,Unknown,Oci i entreteniment,Ferit lleu: Hospitalització fins a 24h,429739.8  ,4588052.89,2.157849982,41.439128473
2023S005719    ,-1,Unknown,-1,Unknown,-1,Unknown,Unknown,Thursday,2023,9,September,28,Afternoon,14,No és causa del  vianant,Car,Home,56,Driver,Desconegut                                                                                                                                            ,Unknown,En missió,Ferit lleu: Amb assistència sanitària en lloc d'accident,429595.67 ,4578423.7 ,2.157245077,41.35238905
2023S005720    ,1,Ciutat Vella,4,"Sant Pere, Santa Caterina i la Ribera",163504,Isabel II,0014 0014,Thursday,2023,9,September,28,Afternoon,15,No és causa del  vianant,Motorcycle,Home,39,Driver,Desconegut                                                                                                                                            ,Unknown,Es desconeix,Ferit lleu: Amb assistència sanitària en lloc d'accident,431800.69 ,4581708.65,2.183232175,41.382165653
2023S005721    ,5,Sarrià-Sant Gervasi,27,el Putxet i el Farró,240208,Pàdua,0071 0073,Thursday,2023,9,September,28,Morning,13,No és causa del  vianant,Veh. mobilitat personal amb motor,Home,19,Driver,Desconegut                                                                                                                                            ,Unknown,Es desconeix,Ferit lleu: Rebutja assistència sanitària,428666    ,4584343.61,2.145435581,41.405625792
2023S005722    ,2,Eixample,8,l'Antiga Esquerra de l'Eixample,18505,Aragó,0189 0189,Thursday,2023,9,September,28,Afternoon,17,No és causa del  vianant,Motorcycle,Home,26,Driver,Desconegut                                                                                                                                            ,Unknown,In itínere,Ferit lleu: Hospitalització fins a 24h,429735.29 ,4582301.52,2.158464328,41.387327612
2023S005723    ,2,Eixample,9,la Nova Esquerra de l'Eixample,245802,París,0050 0050,Thursday,2023,9,September,28,Morning,13,No és causa del  vianant,Motorcycle,Home,53,Driver,Desconegut                                                                                                                                            ,Unknown,"Bombers, policia, ambulància",Ferit lleu: Hospitalització fins a 24h,428493.75 ,4582195   ,2.143628864,41.386258759
2023S005724    ,2,Eixample,7,la Dreta de l'Eixample,349207,Universitat,0012 0012,Thursday,2023,9,September,28,Afternoon,18,No és causa del  vianant,Veh. mobilitat personal amb motor,Dona,21,Driver,Desconegut                                                                                                                                            ,Unknown,Es desconeix,Ferit lleu: Hospitalització fins a 24h,430201.14 ,4582101.46,2.164058686,41.385566314
2023S005726    ,6,Gràcia,30,la Salut,7906,Ca l'Alegre de Dalt,0092 0094,Thursday,2023,9,September,28,Afternoon,20,No és causa del  vianant,Motorcycle,Dona,46,Passatger,Desconegut                                                                                                                                            ,Unknown,Unknown,Ferit lleu: Hospitalització fins a 24h,429825.66 ,4584944.76,2.15923856,41.411142257
2023S005726    ,6,Gràcia,30,la Salut,7906,Ca l'Alegre de Dalt,0092 0094,Thursday,2023,9,September,28,Afternoon,20,No és causa del  vianant,Motorcycle,Home,49,Driver,Desconegut                                                                                                                                            ,Unknown,Oci i entreteniment,Ferit lleu: Hospitalització fins a 24h,429825.66 ,4584944.76,2.15923856,41.411142257
2023S005727    ,2,Eixample,10,Sant Antoni,169409,Corts Catalanes,0590 0590,Thursday,2023,9,September,28,Afternoon,21,No és causa del  vianant,Veh. mobilitat personal sense motor,Home,27,Driver,Desconegut                                                                                                                                            ,Unknown,Altres activitats,Ferit lleu: Hospitalització fins a 24h,430138    ,4582066.54,2.163307617,41.385246317
2023S005728    ,5,Sarrià-Sant Gervasi,26,Sant Gervasi - Galvany,144601,Diagonal,0630 0630,Thursday,2023,9,September,28,Afternoon,18,No és causa del  vianant,Taxi,Home,43,Pedestrian,Fora del pas                                                                                                                                          ,Unknown,Unknown,Ferit lleu: Amb assistència sanitària en lloc d'accident,428045.52 ,4582786.7 ,2.138198089,41.391547988
2023S005729    ,2,Eixample,8,l'Antiga Esquerra de l'Eixample,18505,Aragó,0205 0205,Thursday,2023,9,September,28,Night,22,No és causa del  vianant,Car,Dona,32,Driver,Desconegut                                                                                                                                            ,Unknown,Oci i entreteniment,Ferit lleu: Hospitalització fins a 24h,429830.93 ,4582396.05,2.15959717,41.388187366
2023S005730    ,8,Nou Barris,52,la Prosperitat,23200,Argullós,0016 0042,Thursday,2023,9,September,28,Night,22,No és causa del  vianant,Veh. mobilitat personal amb motor,Home,26,Driver,Desconegut                                                                                                                                            ,Unknown,Es desconeix,Ferit lleu: Hospitalització fins a 24h,431863.39 ,4588232.73,2.183246868,41.440931344
2023S005731    ,2,Eixample,8,l'Antiga Esquerra de l'Eixample,23403,Aribau,0114B0114B,Friday,2023,9,September,29,Night,0,No és causa del  vianant,Motorcycle,Dona,27,Driver,Desconegut                                                                                                                                            ,Unknown,In itínere,Ferit lleu: Hospitalització fins a 24h,429551.72 ,4582681.47,2.156224727,41.39073363
2023S005733    ,8,Nou Barris,52,la Prosperitat,282650,Rio de Janeiro,0129 0129,Friday,2023,9,September,29,Morning,7,No és causa del  vianant,Motorcycle,Dona,46,Driver,Desconegut                                                                                                                                            ,Unknown,In itínere,Ferit lleu: Hospitalització fins a 24h,432063.36 ,4588409.34,2.185620502,41.442538964
2023S005733    ,8,Nou Barris,52,la Prosperitat,282650,Rio de Janeiro,0129 0129,Friday,2023,9,September,29,Morning,7,No és causa del  vianant,Veh. mobilitat personal amb motor,Home,30,Driver,Desconegut                                                                                                                                            ,Unknown,In itínere,Ferit lleu: Hospitalització fins a 24h,432063.36 ,4588409.34,2.185620502,41.442538964
2023S005734    ,3,Sants-Montjuïc,15,Hostafrancs,191204,Mallorca,0028U0028U,Thursday,2023,9,September,28,Afternoon,15,No és causa del  vianant,Bicicleta,Dona,58,Pedestrian,A la vorera / Andana                                                                                                                                  ,En missió,Unknown,Ferit lleu: Hospitalització fins a 24h,428532.53 ,4581403.63,2.144186029,41.379134617
2023S005735    ,4,Les Corts,21,Pedralbes,115400,Esplugues,0002 0022,Friday,2023,9,September,29,Morning,9,No és causa del  vianant,Ciclomotor,Home,19,Driver,Desconegut                                                                                                                                            ,Unknown,Es desconeix,Ferit lleu: Hospitalització fins a 24h,425216.24 ,4582070.11,2.104448291,41.384835761
2023S005736    ,5,Sarrià-Sant Gervasi,25,Sant Gervasi - la Bonanova,261707,Pomaret,0009B0009B,Friday,2023,9,September,29,Morning,9,No és causa del  vianant,Motorcycle,Dona,42,Driver,Desconegut                                                                                                                                            ,Unknown,Es desconeix,Ferit lleu: Hospitalització fins a 24h,426953.75 ,4584091.39,2.124982942,41.403200312
2023S005737    ,10,Sant Martí,67,la Vila Olímpica del Poblenou,701266,Litoral (Llobregat),000830000,Friday,2023,9,September,29,Morning,8,No és causa del  vianant,Bicicleta,Dona,50,Driver,Desconegut                                                                                                                                            ,Unknown,Es desconeix,Ferit lleu: Amb assistència sanitària en lloc d'accident,433211.5  ,4582488.33,2.200017449,41.389306472
2023S005738    ,-1,Unknown,-1,Unknown,-1,Unknown,Unknown,Thursday,2023,9,September,28,Afternoon,16,No és causa del  vianant,Veh. mobilitat personal amb motor,Dona,74,Pedestrian,En zona peatonal                                                                                                                                      ,Oci i entreteniment,Unknown,Ferit lleu: Hospitalització fins a 24h,432340    ,4580256.04,2.189843778,41.369127902
2023S005739    ,3,Sants-Montjuïc,12,la Marina del Prat Vermell,370305,Número 4 Zona Franca,0076 0076,Friday,2023,9,September,29,Morning,11,No és causa del  vianant,Car,Home,68,Driver,Desconegut                                                                                                                                            ,Unknown,Es desconeix,Ferit lleu: Amb assistència sanitària en lloc d'accident,427033.56 ,4576155.26,2.126893075,41.331729793
2023S005740    ,9,Sant Andreu,63,Navas,121402,Felip II,0069 0069,Friday,2023,9,September,29,Morning,9,Creuar per fora pas de vianants,Veh. mobilitat personal amb motor,Home,55,Pedestrian,Fora del pas                                                                                                                                          ,Unknown,Unknown,Ferit lleu: Hospitalització fins a 24h,432214.8  ,4585858.57,2.187719394,41.419577828
2023S005741    ,4,Les Corts,19,les Corts,343903,Corts,0277 0277,Friday,2023,9,September,22,Morning,12,No és causa del  vianant,Car,Dona,72,Passatger,Desconegut                                                                                                                                            ,Unknown,Unknown,Ferit lleu: Hospitalització fins a 24h,427686.46 ,4582196.26,2.133974215,41.386197903
2023S005741    ,4,Les Corts,19,les Corts,343903,Corts,0277 0277,Friday,2023,9,September,22,Morning,12,No és causa del  vianant,Car,Dona,97,Passatger,Desconegut                                                                                                                                            ,Unknown,Unknown,Ferit lleu: Hospitalització fins a 24h,427686.46 ,4582196.26,2.133974215,41.386197903
2023S005742    ,5,Sarrià-Sant Gervasi,23,Sarrià,193108,Manuel Girona,0077 0077,Friday,2023,9,September,29,Afternoon,14,No és causa del  vianant,Motorcycle,Home,50,Driver,Desconegut                                                                                                                                            ,Unknown,Es desconeix,Ferit lleu: Hospitalització fins a 24h,427354.25 ,4582900.13,2.129916817,41.392507432
2023S005743    ,7,Horta-Guinardó,43,Horta,194406,Maragall,0409 0409,Friday,2023,9,September,29,Afternoon,14,No és causa del  vianant,Bus,Home,91,Passatger,Desconegut                                                                                                                                            ,Unknown,Unknown,Ferit lleu: Hospitalització fins a 24h,430174.37 ,4586865.94,2.163188525,41.428476007
2023S005744    ,4,Les Corts,20,la Maternitat i Sant Ramon,144601,Diagonal,0639 0639,Friday,2023,9,September,29,Morning,8,No és causa del  vianant,Bus,Dona,53,Passatger,Desconegut                                                                                                                                            ,Unknown,Unknown,Ferit lleu: Hospitalització fins a 24h,426649.72 ,4582241.36,2.121570277,41.386510186
2023S005745    ,4,Les Corts,20,la Maternitat i Sant Ramon,144601,Diagonal,0639 0639,Friday,2023,9,September,29,Morning,8,No és causa del  vianant,Bus,Dona,53,Passatger,Desconegut                                                                                                                                            ,Unknown,Unknown,Ferit lleu: Hospitalització fins a 24h,426649.72 ,4582241.36,2.121570277,41.386510186
2023S005746    ,5,Sarrià-Sant Gervasi,26,Sant Gervasi - Galvany,28000,Augusta,0017 0019,Friday,2023,9,September,29,Afternoon,14,No és causa del  vianant,Bicicleta,Home,22,Driver,Desconegut                                                                                                                                            ,Unknown,Es desconeix,Ferit lleu: Rebutja assistència sanitària,429419.97 ,4583370.1 ,2.154568694,41.396924324
2023S005746    ,5,Sarrià-Sant Gervasi,26,Sant Gervasi - Galvany,28000,Augusta,0017 0019,Friday,2023,9,September,29,Afternoon,14,No és causa del  vianant,Motorcycle,Home,35,Driver,Desconegut                                                                                                                                            ,Unknown,Es desconeix,Ferit lleu: Amb assistència sanitària en lloc d'accident,429419.97 ,4583370.1 ,2.154568694,41.396924324
2023S005747    ,2,Eixample,7,la Dreta de l'Eixample,18505,Aragó,0348 0350,Friday,2023,9,September,29,Afternoon,17,No és causa del  vianant,Car,Dona,30,Pedestrian,En pas regulat per semàfor                                                                                                                            ,Unknown,Unknown,Ferit lleu: Hospitalització fins a 24h,430786.4  ,4583330.2 ,2.170917388,41.396683796
2023S005748    ,3,Sants-Montjuïc,11,el Poble-sec,230601,Mare de Déu de Port,0054H0054H,Friday,2023,9,September,29,Afternoon,16,No és causa del  vianant,Car,Dona,37,Driver,Desconegut                                                                                                                                            ,Unknown,Es desconeix,Ferit lleu: Amb assistència sanitària en lloc d'accident,429885.56 ,4578810.87,2.160665376,41.355901489
2023S005748    ,3,Sants-Montjuïc,11,el Poble-sec,230601,Mare de Déu de Port,0054H0054H,Friday,2023,9,September,29,Afternoon,16,No és causa del  vianant,Car,Dona,45,Driver,Desconegut                                                                                                                                            ,Unknown,Es desconeix,Ferit lleu: Rebutja assistència sanitària,429885.56 ,4578810.87,2.160665376,41.355901489
2023S005748    ,3,Sants-Montjuïc,11,el Poble-sec,230601,Mare de Déu de Port,0054H0054H,Friday,2023,9,September,29,Afternoon,16,No és causa del  vianant,Car,Home,26,Driver,Desconegut                                                                                                                                            ,Unknown,Es desconeix,Ferit lleu: Rebutja assistència sanitària,429885.56 ,4578810.87,2.160665376,41.355901489
2023S005749    ,10,Sant Martí,67,la Vila Olímpica del Poblenou,701266,Litoral (Llobregat),000800000,Friday,2023,9,September,29,Morning,12,No és causa del  vianant,Car,Dona,45,Driver,Desconegut                                                                                                                                            ,Unknown,En missió,Ferit lleu: Hospitalització fins a 24h,433406.97 ,4582829.32,2.202317738,41.392393906
2023S005750    ,8,Nou Barris,46,el Turó de la Peira,119003,Fabra i Puig,0344 0344,Friday,2023,9,September,29,Morning,13,No és causa del  vianant,Unknown,Dona,36,Pedestrian,En pas regulat per semàfor                                                                                                                            ,Unknown,Unknown,Ferit lleu: Hospitalització fins a 24h,430496.47 ,4587066.59,2.167020007,41.430311137
2023S005751    ,10,Sant Martí,71,Provençals del Poblenou,701414,C-31,020720000,Friday,2023,9,September,29,Afternoon,16,No és causa del  vianant,Motorcycle,Home,31,Driver,Desconegut                                                                                                                                            ,Unknown,Es desconeix,Ferit lleu: Amb assistència sanitària en lloc d'accident,433081.94 ,4584971.32,2.198193306,41.411659346
2023S005752    ,10,Sant Martí,70,el Besòs i el Maresme,701414,C-31,020850000,Friday,2023,9,September,29,Afternoon,16,No és causa del  vianant,Autocar,Dona,23,Passatger,Desconegut                                                                                                                                            ,Unknown,Unknown,Ferit lleu: Amb assistència sanitària en lloc d'accident,434078.33 ,4585946.2 ,2.210007828,41.420522231
2023S005752    ,10,Sant Martí,70,el Besòs i el Maresme,701414,C-31,020850000,Friday,2023,9,September,29,Afternoon,16,No és causa del  vianant,Car,Dona,57,Passatger,Desconegut                                                                                                                                            ,Unknown,Unknown,Ferit lleu: Hospitalització fins a 24h,434078.33 ,4585946.2 ,2.210007828,41.420522231
2023S005752    ,10,Sant Martí,70,el Besòs i el Maresme,701414,C-31,020850000,Friday,2023,9,September,29,Afternoon,16,No és causa del  vianant,Car,Home,24,Driver,Desconegut                                                                                                                                            ,Unknown,Es desconeix,Ferit lleu: Hospitalització fins a 24h,434078.33 ,4585946.2 ,2.210007828,41.420522231
2023S005753    ,2,Eixample,7,la Dreta de l'Eixample,268003,Provença,0306 0306,Friday,2023,9,September,29,Afternoon,18,Desobeir el senyal del semàfor,Veh. mobilitat personal amb motor,Dona,61,Pedestrian,En pas regulat per semàfor                                                                                                                            ,Unknown,Unknown,Ferit lleu: Hospitalització fins a 24h,430121.86 ,4583246.63,2.162978379,41.395873604
2023S005754    ,2,Eixample,9,la Nova Esquerra de l'Eixample,245802,París,0002 0002,Friday,2023,9,September,29,Afternoon,19,No és causa del  vianant,Ciclomotor,Home,39,Driver,Desconegut                                                                                                                                            ,Unknown,Oci i entreteniment,Ferit lleu: Amb assistència sanitària en lloc d'accident,428409.41 ,4582129   ,2.142628031,41.385656815
2023S005755    ,9,Sant Andreu,63,Navas,209900,Meridiana,0254 0254,Friday,2023,9,September,29,Afternoon,20,No és causa del  vianant,Bicicleta,Dona,41,Pedestrian,En pas regulat per semàfor                                                                                                                            ,Unknown,Unknown,Ferit lleu: Amb assistència sanitària en lloc d'accident,432173.06 ,4585782.25,2.187228522,41.418886913
2023S005756    ,5,Sarrià-Sant Gervasi,26,Sant Gervasi - Galvany,70607,Casanova,0250 0250,Friday,2023,9,September,29,Night,23,No és causa del  vianant,Motorcycle,Home,31,Driver,Desconegut                                                                                                                                            ,Unknown,In itínere,Ferit lleu: Amb assistència sanitària en lloc d'accident,428860.06 ,4583006.33,2.14791429,41.393598614
2023S005757    ,1,Ciutat Vella,1,el Raval,701349,Drassanes,0001 0001,Friday,2023,9,September,29,Night,23,No és causa del  vianant,Car,Home,47,Pedestrian,Altres                                                                                                                                                ,Unknown,Unknown,Ferit lleu: Amb assistència sanitària en lloc d'accident,431214.13 ,4580892.36,2.176310481,41.374763588
2023S005758    ,2,Eixample,10,Sant Antoni,127704,Floridablanca,0080 0080,Friday,2023,9,September,29,Afternoon,20,No és causa del  vianant,Motorcycle,Home,55,Driver,Desconegut                                                                                                                                            ,Unknown,Es desconeix,Ferit lleu: Amb assistència sanitària en lloc d'accident,429744.27 ,4581335.47,2.158683795,41.378627494
2023S005759    ,2,Eixample,10,Sant Antoni,169409,Corts Catalanes,0590 0590,Friday,2023,9,September,29,Night,23,No és causa del  vianant,Motorcycle,Home,34,Driver,Desconegut                                                                                                                                            ,Unknown,Es desconeix,Ferit lleu: Hospitalització fins a 24h,430197.26 ,4582210.36,2.163999731,41.386546805
2023S005760    ,2,Eixample,9,la Nova Esquerra de l'Eixample,349706,Comte d'Urgell,0113 0113,Saturday,2023,9,September,30,Night,1,No és causa del  vianant,Motorcycle,Dona,42,Driver,Desconegut                                                                                                                                            ,Unknown,Oci i entreteniment,Ferit lleu: Rebutja assistència sanitària,429447.81 ,4582020.17,2.155059021,41.38476841
2023S005761    ,7,Horta-Guinardó,33,el Baix Guinardó,152905,Guinardó,0074 0074,Saturday,2023,9,September,30,Night,1,No és causa del  vianant,Ciclomotor,Dona,23,Driver,Desconegut                                                                                                                                            ,Unknown,Oci i entreteniment,Ferit lleu: Hospitalització fins a 24h,430686.59 ,4585191.7 ,2.169510249,41.41344111