Case_Number,District_Code,District_Name,Neighborhood_Code,Neighborhood_Name,Street_Code,Street_Name,Postal_Code,Day_of_Week,Year,Month_Code,Month_Name,Day_of_Month,Shift_Description,Hour_of_Day,Pedestrian_Cause_Description,Involved_Vehicle_Type,Gender_Description,Age,Person_Type_Description,Pedestrian_Accident_Location_Description,Pedestrian_Movement_Reason_Description,Driver_Movement_Reason_Description,Victimization_Description,UTM_X_Coordinate,UTM_Y_Coordinate,Longitude,Latitude
2023S005833    ,10,Sant Martí,72,Sant Martí de Provençals,30409,Bac de Roda,0193 0199,Friday,2023,10,October,6,Afternoon,16,No és causa del  vianant,Car,Dona,61,Passatger,A la vorera / Andana                                                                                                                                  ,Unknown,Unknown,Ferit lleu: Hospitalització fins a 24h,432847.49 ,4585262.44,2.195356019,41.414261815
2023S005834    ,2,Eixample,7,la Dreta de l'Eixample,148307,Gràcia,0110 0110,Dimarts,2023,10,October,3,Afternoon,18,No és causa del  vianant,Bus,Dona,44,Passatger,Desconegut                                                                                                                                            ,Unknown,Unknown,Ferit lleu: Hospitalització fins a 24h,429906.02 ,4583287.07,2.160392036,41.396219039
2023S005836    ,10,Sant Martí,65,el Clot,18505,Aragó,0637 0637,Dimarts,2023,10,October,3,Afternoon,17,No és causa del  vianant,Bicicleta,Dona,27,Driver,Desconegut                                                                                                                                            ,Unknown,In itínere,Ferit lleu: Hospitalització fins a 24h,432310.15 ,4584848.92,2.188973334,41.410492258
2023S005837    ,5,Sarrià-Sant Gervasi,26,Sant Gervasi - Galvany,28000,Augusta,0176 0180,Dimarts,2023,10,October,3,Afternoon,21,No és causa del  vianant,Ciclomotor,Dona,19,Driver,Desconegut                                                                                                                                            ,Unknown,Es desconeix,Ferit lleu: Hospitalització fins a 24h,428393.83 ,4583546.93,2.142273978,41.398426195
2023S005838    ,5,Sarrià-Sant Gervasi,27,el Putxet i el Farró,32700,Balmes,0294 0294,Dimarts,2023,10,October,3,Afternoon,17,No és causa del  vianant,Motorcycle,Home,51,Driver,Desconegut                                                                                                                                            ,Unknown,Es desconeix,Ferit lleu: Amb assistència sanitària en lloc d'accident,428725.04 ,4583937.06,2.146189758,41.401969391
2023S005841    ,4,Les Corts,19,les Corts,187207,Madrid,0127 0133,Dimecres,2023,10,October,4,Morning,11,No és causa del  vianant,Motorcycle,Home,45,Driver,Desconegut                                                                                                                                            ,Unknown,In itínere,Ferit lleu: Hospitalització fins a 24h,427420.28 ,4581561.47,2.130867015,41.38045661
2023S005842    ,3,Sants-Montjuïc,13,la Marina de Port,137300,Foneria,0042B0042B,Dimecres,2023,10,October,4,Morning,6,No és causa del  vianant,Car,Home,51,Driver,Desconegut                                                                                                                                            ,Unknown,Es desconeix,Ferit lleu: Amb assistència sanitària en lloc d'accident,428152.27 ,4579392.2 ,2.139877412,41.360984477
2023S005843    ,3,Sants-Montjuïc,12,la Marina del Prat Vermell,96780,D Zona Franca,0042 0042,Dimecres,2023,10,October,4,Morning,12,No és causa del  vianant,Car,Home,40,Passatger,Desconegut                                                                                                                                            ,Unknown,Unknown,Ferit lleu: Hospitalització fins a 24h,427235.32 ,4576058.18,2.129315568,41.330873674
2023S005843    ,3,Sants-Montjuïc,12,la Marina del Prat Vermell,96780,D Zona Franca,0042 0042,Dimecres,2023,10,October,4,Morning,12,No és causa del  vianant,Car,Home,28,Driver,Desconegut                                                                                                                                            ,Unknown,Es desconeix,Ferit lleu: Amb assistència sanitària en lloc d'accident,427235.32 ,4576058.18,2.129315568,41.330873674
2023S005845    ,3,Sants-Montjuïc,11,el Poble-sec,198804,Paral·lel,0057 0061,Dimecres,2023,10,October,4,Afternoon,15,No és causa del  vianant,Motorcycle,Dona,29,Passatger,Desconegut                                                                                                                                            ,Unknown,Unknown,Ferit lleu: Amb assistència sanitària en lloc d'accident,430783.34 ,4580931.82,2.171154952,41.375082036
2023S005846    ,5,Sarrià-Sant Gervasi,25,Sant Gervasi - la Bonanova,95007,Quatre Camins,0103 0103,Dimecres,2023,10,October,4,Afternoon,14,No és causa del  vianant,Motorcycle,Dona,19,Driver,Desconegut                                                                                                                                            ,Unknown,Estudiant cap a centre d'estudis,Ferit lleu: Rebutja assistència sanitària,427735.16 ,4585172.94,2.134201131,41.413012037
2023S005847    ,1,Ciutat Vella,1,el Raval,269200,Portal de Santa Madrona,0014 0014,Dimecres,2023,10,October,4,Morning,13,No és causa del  vianant,Motorcycle,Home,48,Driver,Desconegut                                                                                                                                            ,Unknown,Es desconeix,Ferit lleu: Hospitalització fins a 24h,431141.53 ,4581056.3 ,2.175423758,41.376233939
2023S005848    ,2,Eixample,5,el Fort Pienc,197302,Marina,0185 0185,Dimecres,2023,10,October,4,Morning,13,No és causa del  vianant,Motorcycle,Home,32,Driver,Desconegut                                                                                                                                            ,Unknown,In itínere,Ferit lleu: Hospitalització fins a 24h,431545.26 ,4583698.06,2.179952636,41.400061997
2023S005849    ,2,Eixample,5,el Fort Pienc,209900,Meridiana,0035 0041,Dimecres,2023,10,October,4,Afternoon,15,No és causa del  vianant,Bicicleta,Dona,32,Driver,Desconegut                                                                                                                                            ,Unknown,Es desconeix,Ferit lleu: Amb assistència sanitària en lloc d'accident,432129.81 ,4583314.56,2.186987933,41.396657504
2023S005850    ,10,Sant Martí,68,el Poblenou,75702,Carmen Amaya,0065 0065,Dimecres,2023,10,October,4,Afternoon,16,No és causa del  vianant,Motorcycle,Home,29,Driver,Desconegut                                                                                                                                            ,Unknown,In itínere,Ferit lleu: Hospitalització fins a 24h,433401.39 ,4583009.01,2.202231227,41.394011868
2023S005851    ,3,Sants-Montjuïc,12,la Marina del Prat Vermell,701265,Litoral (Besòs),001510000,Dimecres,2023,10,October,4,Afternoon,17,No és causa del  vianant,Motorcycle,Home,37,Driver,Desconegut                                                                                                                                            ,Unknown,In itínere,Ferit greu: hospitalització superior a 24h,428481.73 ,4577927.64,2.14398866,41.347822987
2023S005852    ,2,Eixample,7,la Dreta de l'Eixample,191204,Mallorca,0339 0339,Dimecres,2023,10,October,4,Afternoon,16,No és causa del  vianant,Car,Dona,45,Passatger,Desconegut                                                                                                                                            ,Unknown,Unknown,Ferit lleu: Hospitalització fins a 24h,430761.81 ,4583670.29,2.170584351,41.399744761
2023S005853    ,2,Eixample,8,l'Antiga Esquerra de l'Eixample,245802,París,0207 0207,Dimecres,2023,10,October,4,Afternoon,18,No és causa del  vianant,Bicicleta,Dona,65,Pedestrian,En pas regulat per semàfor                                                                                                                            ,Unknown,Unknown,Ferit greu: hospitalització superior a 24h,429365.3  ,4583064.14,2.153950486,41.394163847
2023S005854    ,2,Eixample,7,la Dreta de l'Eixample,309406,Sant Pere,0020 0020B,Dimecres,2023,10,October,4,Afternoon,21,Desobeir el senyal del semàfor,Motorcycle,Home,56,Driver,Desconegut                                                                                                                                            ,Unknown,Es desconeix,Ferit lleu: Amb assistència sanitària en lloc d'accident,430881.14 ,4582467.4 ,2.172149113,41.388920973
2023S005855    ,4,Les Corts,19,les Corts,144601,Diagonal,0579 0587,Dimecres,2023,10,October,4,Afternoon,15,No és causa del  vianant,Motorcycle,Home,31,Driver,Desconegut                                                                                                                                            ,Unknown,In itínere,Ferit lleu: Hospitalització fins a 24h,427575.97 ,4582577.49,2.13260725,41.389621548
2023S005856    ,9,Sant Andreu,60,Sant Andreu,296202,Gran de Sant Andreu,0045 0045,Dimecres,2023,10,October,4,Afternoon,17,No és causa del  vianant,Bus,Dona,73,Passatger,Desconegut                                                                                                                                            ,Unknown,Unknown,Ferit lleu: Hospitalització fins a 24h,432442.93 ,4586885.82,2.190334229,41.428849171
2023S005857    ,7,Horta-Guinardó,43,Horta,179901,Lisboa,0034 0046,Dimecres,2023,10,October,4,Afternoon,18,Creuar per fora pas de vianants,Car,Dona,56,Pedestrian,Fora del pas                                                                                                                                          ,Unknown,Unknown,Ferit lleu: Hospitalització fins a 24h,429695.39 ,4586934.29,2.157448638,41.429049805
2023S005858    ,5,Sarrià-Sant Gervasi,23,Sarrià,701268,Dalt (Llobregat),0009E0000,Dimecres,2023,10,October,4,Afternoon,18,No és causa del  vianant,Motorcycle,Dona,43,Driver,Desconegut                                                                                                                                            ,Unknown,In itínere,Ferit lleu: Hospitalització fins a 24h,426007.1  ,4583831.66,2.113690701,41.400774429
2023S005859    ,9,Sant Andreu,61,la Sagrera,161407,Indústria,0349 0351,Dimecres,2023,10,October,4,Afternoon,20,No és causa del  vianant,Car,Home,3,Pedestrian,En pas sense regular                                                                                                                                  ,Unknown,Unknown,Ferit lleu: Hospitalització fins a 24h,432323.48 ,4585960.93,2.189008335,41.420508919
2023S005860    ,10,Sant Martí,67,la Vila Olímpica del Poblenou,700662,Salvador Espriu,0031 0031,Dimecres,2023,10,October,4,Afternoon,21,No és causa del  vianant,Motorcycle,Home,47,Driver,Desconegut                                                                                                                                            ,Unknown,Es desconeix,Ferit lleu: Hospitalització fins a 24h,432980.11 ,4582494.23,2.197249397,41.389340354
2023S005861    ,10,Sant Martí,67,la Vila Olímpica del Poblenou,700664,Arquitecte Sert,0003 0005,Dimecres,2023,10,October,4,Afternoon,16,No és causa del  vianant,Motorcycle,Home,56,Driver,Desconegut                                                                                                                                            ,Unknown,Es desconeix,Ferit lleu: Hospitalització fins a 24h,433114.82 ,4582556.54,2.19885363,41.389912785
2023S005862    ,4,Les Corts,21,Pedralbes,115400,Esplugues,0083 0083,Dimecres,2023,10,October,4,Afternoon,16,No és causa del  vianant,Car,Dona,18,Passatger,Desconegut                                                                                                                                            ,Unknown,Unknown,Ferit lleu: Amb assistència sanitària en lloc d'accident,425680.92 ,4582691.77,2.109928998,41.390477861
2023S005862    ,4,Les Corts,21,Pedralbes,115400,Esplugues,0083 0083,Dimecres,2023,10,October,4,Afternoon,16,No és causa del  vianant,Motorcycle,Home,20,Driver,Desconegut                                                                                                                                            ,Unknown,Oci i entreteniment,Ferit lleu: Amb assistència sanitària en lloc d'accident,425680.92 ,4582691.77,2.109928998,41.390477861
2023S005863    ,2,Eixample,7,la Dreta de l'Eixample,350308,València,0269 0269,Dimecres,2023,10,October,4,Afternoon,21,No és causa del  vianant,Veh. mobilitat personal amb motor,Home,26,Driver,Desconegut                                                                                                                                            ,Unknown,Es desconeix,Ferit lleu: Amb assistència sanitària en lloc d'accident,430310.82 ,4583051.57,2.165260989,41.394133169
2023S005864    ,6,Gràcia,32,el Camp d'en Grassot i Gràcia Nova,225500,Nàpols,0341 0341,Dimecres,2023,10,October,4,Afternoon,14,No és causa del  vianant,Motorcycle,Dona,30,Driver,Desconegut                                                                                                                                            ,Unknown,Es desconeix,Ferit lleu: Hospitalització fins a 24h,430417.45 ,4584280.13,2.166395076,41.405207643
2023S005865    ,2,Eixample,8,l'Antiga Esquerra de l'Eixample,90502,Còrsega,0212 0214,Dimecres,2023,10,October,4,Afternoon,18,No és causa del  vianant,Car,Dona,69,Pedestrian,Desconegut                                                                                                                                            ,Unknown,Unknown,Ferit lleu: Hospitalització fins a 24h,429266.59 ,4582781.43,2.152802887,41.391608896
2023S005866    ,2,Eixample,10,Sant Antoni,169409,Corts Catalanes,0590 0590,Dimecres,2023,10,October,4,Night,22,No és causa del  vianant,Veh. mobilitat personal amb motor,Home,21,Driver,Desconegut                                                                                                                                            ,Unknown,Oci i entreteniment,Ferit lleu: Amb assistència sanitària en lloc d'accident,430111.63 ,4582053.06,2.162993813,41.385122615
2023S005868    ,9,Sant Andreu,62,el Congrés i els Indians,120909,Alexandre Galí,0011 0011,Dimecres,2023,10,October,4,Afternoon,21,No és causa del  vianant,Veh. mobilitat personal amb motor,Dona,28,Pedestrian,En pas sense regular                                                                                                                                  ,Unknown,Unknown,Ferit lleu: Amb assistència sanitària en lloc d'accident,431630.6  ,4586420.04,2.180665695,41.424585276
2023S005869    ,2,Eixample,7,la Dreta de l'Eixample,305100,Sant Joan,0027 0027,Dimecres,2023,10,October,4,Afternoon,20,No és causa del  vianant,Bicicleta,Home,22,Driver,Desconegut                                                                                                                                            ,Unknown,Oci i entreteniment,Ferit lleu: Amb assistència sanitària en lloc d'accident,431368.13 ,4582963.97,2.177917094,41.393435159
2023S005869    ,2,Eixample,7,la Dreta de l'Eixample,305100,Sant Joan,0027 0027,Dimecres,2023,10,October,4,Afternoon,20,No és causa del  vianant,Bicicleta,Home,29,Driver,Desconegut                                                                                                                                            ,Unknown,Oci i entreteniment,Ferit lleu: Amb assistència sanitària en lloc d'accident,431368.13 ,4582963.97,2.177917094,41.393435159
2023S005870    ,2,Eixample,7,la Dreta de l'Eixample,335100,Tetuan,0014 0014,Thursday,2023,10,October,5,Morning,6,No és causa del  vianant,Motorcycle,Dona,30,Passatger,Desconegut                                                                                                                                            ,Unknown,Unknown,Ferit lleu: Hospitalització fins a 24h,431096.96 ,4583105.03,2.174657685,41.394682444
2023S005870    ,2,Eixample,7,la Dreta de l'Eixample,335100,Tetuan,0014 0014,Thursday,2023,10,October,5,Morning,6,No és causa del  vianant,Motorcycle,Home,33,Driver,Desconegut                                                                                                                                            ,Unknown,Oci i entreteniment,Ferit lleu: Hospitalització fins a 24h,431096.96 ,4583105.03,2.174657685,41.394682444
2023S005871    ,2,Eixample,10,Sant Antoni,323203,Sepúlveda,0147 0149,Thursday,2023,10,October,5,Morning,8,No és causa del  vianant,Motorcycle,Dona,38,Driver,Desconegut                                                                                                                                            ,Unknown,In itínere,Ferit lleu: Rebutja assistència sanitària,429938.15 ,4581711.74,2.160958652,41.382033355
2023S005872    ,6,Gràcia,32,el Camp d'en Grassot i Gràcia Nova,268105,Providència,0152 0152,Thursday,2023,10,October,5,Morning,10,No és causa del  vianant,Ciclomotor,Home,51,Pedestrian,A la vorera / Andana                                                                                                                                  ,Unknown,Unknown,Ferit lleu: Hospitalització fins a 24h,430098.31 ,4584780.07,2.162519521,41.409682725
2023S005873    ,9,Sant Andreu,61,la Sagrera,209900,Meridiana,0287 0291,Thursday,2023,10,October,5,Morning,7,No és causa del  vianant,Ciclomotor,Dona,30,Passatger,Desconegut                                                                                                                                            ,Unknown,Unknown,Ferit lleu: Hospitalització fins a 24h,432125.47 ,4586281.49,2.186603031,41.423379389
2023S005873    ,9,Sant Andreu,61,la Sagrera,209900,Meridiana,0287 0291,Thursday,2023,10,October,5,Morning,7,No és causa del  vianant,Ciclomotor,Home,27,Driver,Desconegut                                                                                                                                            ,Unknown,En missió,Ferit lleu: Hospitalització fins a 24h,432125.47 ,4586281.49,2.186603031,41.423379389
2023S005874    ,6,Gràcia,32,el Camp d'en Grassot i Gràcia Nova,305100,Sant Joan,0164 0164,Dimecres,2023,10,October,4,Night,22,No és causa del  vianant,Bicicleta,Home,27,Driver,Desconegut                                                                                                                                            ,Unknown,Oci i entreteniment,Ferit lleu: Hospitalització fins a 24h,430321.17 ,4583996.53,2.165275971,41.402645009
2023S005874    ,6,Gràcia,32,el Camp d'en Grassot i Gràcia Nova,305100,Sant Joan,0164 0164,Dimecres,2023,10,October,4,Night,22,No és causa del  vianant,Motorcycle,Home,24,Driver,Desconegut                                                                                                                                            ,Unknown,Oci i entreteniment,Ferit lleu: Amb assistència sanitària en lloc d'accident,430321.17 ,4583996.53,2.165275971,41.402645009
2023S005875    ,2,Eixample,7,la Dreta de l'Eixample,18505,Aragó,0334 0334,Thursday,2023,10,October,5,Morning,10,No és causa del  vianant,Veh. mobilitat personal amb motor,Dona,29,Driver,Desconegut                                                                                                                                            ,Unknown,Es desconeix,Ferit lleu: Amb assistència sanitària en lloc d'accident,430689.87 ,4583237.73,2.169773368,41.395842629
2023S005876    ,8,Nou Barris,46,el Turó de la Peira,103003,Doctor Pi i Molist,0109 0109,Thursday,2023,10,October,5,Morning,12,Desobeir el senyal del semàfor,Bus,Dona,38,Driver,Desconegut                                                                                                                                            ,Unknown,Bus urbà,Ferit lleu: Hospitalització fins a 24h,430942.15 ,4587575.05,2.17229548,41.434929114
2023S005876    ,8,Nou Barris,46,el Turó de la Peira,103003,Doctor Pi i Molist,0109 0109,Thursday,2023,10,October,5,Morning,12,Desobeir el senyal del semàfor,Bus,Dona,39,Passatger,Desconegut                                                                                                                                            ,Unknown,Unknown,Ferit lleu: Hospitalització fins a 24h,430942.15 ,4587575.05,2.17229548,41.434929114
2023S005876    ,8,Nou Barris,46,el Turó de la Peira,103003,Doctor Pi i Molist,0109 0109,Thursday,2023,10,October,5,Morning,12,Desobeir el senyal del semàfor,Bus,Dona,56,Passatger,Desconegut                                                                                                                                            ,Unknown,Unknown,Ferit lleu: Hospitalització fins a 24h,430942.15 ,4587575.05,2.17229548,41.434929114
2023S005876    ,8,Nou Barris,46,el Turó de la Peira,103003,Doctor Pi i Molist,0109 0109,Thursday,2023,10,October,5,Morning,12,Desobeir el senyal del semàfor,Bus,Dona,68,Passatger,Desconegut                                                                                                                                            ,Unknown,Unknown,Ferit lleu: Hospitalització fins a 24h,430942.15 ,4587575.05,2.17229548,41.434929114
2023S005876    ,8,Nou Barris,46,el Turó de la Peira,103003,Doctor Pi i Molist,0109 0109,Thursday,2023,10,October,5,Morning,12,Desobeir el senyal del semàfor,Bus,Dona,77,Passatger,Desconegut                                                                                                                                            ,Unknown,Unknown,Ferit lleu: Hospitalització fins a 24h,430942.15 ,4587575.05,2.17229548,41.434929114
2023S005876    ,8,Nou Barris,46,el Turó de la Peira,103003,Doctor Pi i Molist,0109 0109,Thursday,2023,10,October,5,Morning,12,Desobeir el senyal del semàfor,Bus,Home,45,Passatger,Desconegut                                                                                                                                            ,Unknown,Unknown,Ferit lleu: Hospitalització fins a 24h,430942.15 ,4587575.05,2.17229548,41.434929114
2023S005877    ,10,Sant Martí,67,la Vila Olímpica del Poblenou,700664,Arquitecte Sert,0003 0005,Thursday,2023,10,October,5,Morning,12,No és causa del  vianant,Car,Dona,37,Driver,Desconegut                                                                                                                                            ,Unknown,Oci i entreteniment,Ferit lleu: Amb assistència sanitària en lloc d'accident,433406.97 ,4582829.32,2.202317738,41.392393906
2023S005879    ,7,Horta-Guinardó,37,el Carmel,325504,Sigüenza,0015 0015,Thursday,2023,10,October,5,Morning,12,No és causa del  vianant,Motorcycle,Home,28,Driver,Desconegut                                                                                                                                            ,Unknown,Es desconeix,Ferit lleu: Amb assistència sanitària en lloc d'accident,429522.17 ,4586451.53,2.155432012,41.424686589
2023S005880    ,8,Nou Barris,50,les Roquetes,120807,Favència,0135 0137,Thursday,2023,10,October,5,Morning,7,No és causa del  vianant,Bus,Dona,71,Passatger,Desconegut                                                                                                                                            ,Unknown,Unknown,Ferit lleu: Hospitalització fins a 24h,430941.63 ,4588581.97,2.172174105,41.443998018
2023S005881    ,9,Sant Andreu,59,el Bon Pastor,134007,Fra Juníper Serra,0046B0046B,Thursday,2023,10,October,5,Afternoon,14,No és causa del  vianant,Car,Home,38,Driver,Desconegut                                                                                                                                            ,Unknown,In itínere,Ferit lleu: Hospitalització fins a 24h,433677.52 ,4587299.77,2.20506331,41.432680447
2023S005883    ,3,Sants-Montjuïc,15,Hostafrancs,169409,Corts Catalanes,0275 0281,Thursday,2023,10,October,5,Morning,10,No és causa del  vianant,Furgoneta,Dona,37,Passatger,Desconegut                                                                                                                                            ,Unknown,Unknown,Ferit lleu: Rebutja assistència sanitària,428545.7  ,4580520.01,2.14444773,41.371177324
2023S005883    ,3,Sants-Montjuïc,15,Hostafrancs,169409,Corts Catalanes,0275 0281,Thursday,2023,10,October,5,Morning,10,No és causa del  vianant,Motorcycle,Home,49,Driver,Desconegut                                                                                                                                            ,Unknown,En missió,Ferit lleu: Amb assistència sanitària en lloc d'accident,428545.7  ,4580520.01,2.14444773,41.371177324
2023S005884    ,5,Sarrià-Sant Gervasi,27,el Putxet i el Farró,240208,Pàdua,0032 0036,Thursday,2023,10,October,5,Morning,13,No és causa del  vianant,Motorcycle,Dona,37,Driver,Desconegut                                                                                                                                            ,Unknown,In itínere,Ferit lleu: Hospitalització fins a 24h,428780.1  ,4584445.68,2.14678851,41.406555219
2023S005885    ,10,Sant Martí,67,la Vila Olímpica del Poblenou,701266,Litoral (Llobregat),000830000,Thursday,2023,10,October,5,Afternoon,14,No és causa del  vianant,Motorcycle,Home,40,Driver,Desconegut                                                                                                                                            ,Unknown,Es desconeix,Ferit lleu: Hospitalització fins a 24h,433185.75 ,4582626.29,2.199694255,41.390546905
2023S005887    ,2,Eixample,10,Sant Antoni,308709,Sant Pau,0015 0015,Thursday,2023,10,October,5,Afternoon,18,Altres,Bicicleta,Dona,59,Pedestrian,En pas regulat per semàfor                                                                                                                            ,Unknown,Unknown,Ferit lleu: Hospitalització fins a 24h,430400.82 ,4581042.58,2.166568362,41.376046609
2023S005888    ,5,Sarrià-Sant Gervasi,25,Sant Gervasi - la Bonanova,701267,Dalt (Besòs),000860000,Thursday,2023,10,October,5,Afternoon,14,No és causa del  vianant,Motorcycle,Home,20,Driver,Desconegut                                                                                                                                            ,Unknown,Oci i entreteniment,Ferit greu: hospitalització superior a 24h,427143.16 ,4584946.47,2.127145712,41.410918844
2023S005890    ,9,Sant Andreu,57,la Trinitat Vella,701267,Dalt (Besòs),001590000,Thursday,2023,10,October,5,Afternoon,18,No és causa del  vianant,Motorcycle,Home,62,Driver,Desconegut                                                                                                                                            ,Unknown,Es desconeix,Ferit lleu: Hospitalització fins a 24h,432518.24 ,4588881.27,2.191012497,41.44682786
2023S005891    ,10,Sant Martí,69,Diagonal Mar i el Front Marítim del Poblenou,700654,Litoral,0098 0098,Thursday,2023,10,October,5,Afternoon,18,No és causa del  vianant,Motorcycle,Home,49,Driver,Desconegut                                                                                                                                            ,Unknown,Oci i entreteniment,Ferit lleu: Hospitalització fins a 24h,434131.96 ,4583677.31,2.210896674,41.400091299
2023S005892    ,2,Eixample,7,la Dreta de l'Eixample,148307,Gràcia,0013 0013,Thursday,2023,10,October,5,Afternoon,19,No és causa del  vianant,Car,Dona,26,Pedestrian,En pas regulat per semàfor                                                                                                                            ,Altres activitats,Unknown,Ferit lleu: Hospitalització fins a 24h,430505.23 ,4582538.2 ,2.167645203,41.389526239
2023S005893    ,8,Nou Barris,56,Vallbona,701431,C-17 (Puigcerdà),000050000,Thursday,2023,10,October,5,Afternoon,21,Altres,Motorcycle,Home,43,Pedestrian,Altres                                                                                                                                                ,Es desconeix,Unknown,Mort (dins 24h posteriors accident),432232.98 ,4590110.58,2.187459768,41.457875763
2023S005894    ,8,Nou Barris,53,la Trinitat Nova,701267,Dalt (Besòs),001500000,Thursday,2023,10,October,5,Night,22,No és causa del  vianant,Motorcycle,Home,30,Driver,Desconegut                                                                                                                                            ,Unknown,Oci i entreteniment,Ferit lleu: Amb assistència sanitària en lloc d'accident,431720.19 ,4588848.82,2.181463185,41.446468071
2023S005895    ,9,Sant Andreu,60,Sant Andreu,339101,Torras i Bages,0085 0085,Thursday,2023,10,October,5,Afternoon,19,No és causa del  vianant,Car,Home,34,Pedestrian,Altres                                                                                                                                                ,En missió,Unknown,Ferit lleu: Hospitalització fins a 24h,432520.38 ,4588193.85,2.191114948,41.440636683
2023S005896    ,2,Eixample,9,la Nova Esquerra de l'Eixample,191204,Mallorca,0113 0113,Thursday,2023,10,October,5,Afternoon,18,No és causa del  vianant,Motorcycle,Home,67,Driver,Desconegut                                                                                                                                            ,Unknown,Es desconeix,Ferit lleu: Amb assistència sanitària en lloc d'accident,429260.74 ,4582212.74,2.152799369,41.386486386
2023S005897    ,3,Sants-Montjuïc,12,la Marina del Prat Vermell,180,A Zona Franca,0048X0048X,Friday,2023,10,October,6,Night,0,No és causa del  vianant,Car,Home,26,Passatger,Desconegut                                                                                                                                            ,Unknown,Unknown,Ferit lleu: Hospitalització fins a 24h,428020.43 ,4576283.26,2.138670171,41.33297144
2023S005898    ,10,Sant Martí,72,Sant Martí de Provençals,158504,Huelva,0122 0122,Dimecres,2023,10,October,4,Night,23,No és causa del  vianant,Motorcycle,Dona,44,Driver,Desconegut                                                                                                                                            ,Unknown,Oci i entreteniment,Ferit lleu: Hospitalització fins a 24h,433225.71 ,4585921.93,2.199808375,41.42023319
2023S005899    ,6,Gràcia,32,el Camp d'en Grassot i Gràcia Nova,90502,Còrsega,0495 0501,Friday,2023,10,October,6,Night,2,No és causa del  vianant,Car,Home,30,Passatger,Desconegut                                                                                                                                            ,Unknown,Unknown,Ferit lleu: Hospitalització fins a 24h,430639.75 ,4584143.23,2.169070084,41.403993851
2023S005899    ,6,Gràcia,32,el Camp d'en Grassot i Gràcia Nova,90502,Còrsega,0495 0501,Friday,2023,10,October,6,Night,2,No és causa del  vianant,Car,Home,34,Passatger,Desconegut                                                                                                                                            ,Unknown,Unknown,Ferit lleu: Amb assistència sanitària en lloc d'accident,430639.75 ,4584143.23,2.169070084,41.403993851
2023S005900    ,2,Eixample,7,la Dreta de l'Eixample,148307,Gràcia,0104 0104,Friday,2023,10,October,6,Night,0,No és causa del  vianant,Car,Dona,29,Pedestrian,En pas regulat per semàfor                                                                                                                            ,Unknown,Unknown,Ferit lleu: Hospitalització fins a 24h,429914.38 ,4583230.13,2.160498625,41.395706928
2023S005901    ,5,Sarrià-Sant Gervasi,25,Sant Gervasi - la Bonanova,701268,Dalt (Llobregat),000850000,Thursday,2023,10,October,5,Afternoon,20,No és causa del  vianant,Motorcycle,Home,47,Driver,Desconegut                                                                                                                                            ,Unknown,Es desconeix,Ferit lleu: Hospitalització fins a 24h,427052.99 ,4584880.78,2.126074875,41.41031902
2023S005903    ,4,Les Corts,19,les Corts,88001,Comtes de Bell-lloc,0144 0148,Friday,2023,10,October,6,Night,3,No és causa del  vianant,Motorcycle,Home,27,Passatger,Desconegut                                                                                                                                            ,Unknown,Unknown,Ferit lleu: Hospitalització fins a 24h,427873.2  ,4581734.62,2.136262447,41.382056859
2023S005903    ,4,Les Corts,19,les Corts,88001,Comtes de Bell-lloc,0144 0148,Friday,2023,10,October,6,Night,3,No és causa del  vianant,Motorcycle,Home,25,Driver,Desconegut                                                                                                                                            ,Unknown,Es desconeix,Ferit lleu: Hospitalització fins a 24h,427873.2  ,4581734.62,2.136262447,41.382056859
2023S005907    ,1,Ciutat Vella,4,"Sant Pere, Santa Caterina i la Ribera",201400,Picasso,0013 0013,Friday,2023,10,October,6,Morning,13,Desobeir el senyal del semàfor,Car,Dona,66,Pedestrian,En pas regulat per semàfor                                                                                                                            ,Oci i entreteniment,Unknown,Ferit greu: hospitalització superior a 24h,431938.13 ,4582140.27,2.184827245,41.386064786
2023S005907    ,1,Ciutat Vella,4,"Sant Pere, Santa Caterina i la Ribera",201400,Picasso,0013 0013,Friday,2023,10,October,6,Morning,13,Desobeir el senyal del semàfor,Car,Dona,68,Pedestrian,En pas regulat per semàfor                                                                                                                            ,Oci i entreteniment,Unknown,Ferit greu: hospitalització superior a 24h,431938.13 ,4582140.27,2.184827245,41.386064786
2023S005908    ,10,Sant Martí,70,el Besòs i el Maresme,701449,Josep Narcís Roca,0013X0013X,Friday,2023,10,October,6,Morning,13,No és causa del  vianant,Autobús articulat,Home,61,Passatger,Desconegut                                                                                                                                            ,Unknown,Unknown,Ferit lleu: Hospitalització fins a 24h,435012.77 ,4585164.65,2.221273049,41.413559163
2023S005909    ,9,Sant Andreu,61,la Sagrera,282300,Riera d'Horta,0001 0001,Friday,2023,10,October,6,Morning,12,No és causa del  vianant,Motorcycle,Home,38,Driver,Desconegut                                                                                                                                            ,Unknown,Es desconeix,Ferit lleu: Hospitalització fins a 24h,431913.45 ,4586839.15,2.184003144,41.428384097
2023S005911    ,3,Sants-Montjuïc,15,Hostafrancs,89004,Consell de Cent,0005 0005,Friday,2023,10,October,6,Morning,12,No és causa del  vianant,Motorcycle,Home,43,Driver,Desconegut                                                                                                                                            ,Unknown,Oci i entreteniment,Ferit lleu: Amb assistència sanitària en lloc d'accident,428432.47 ,4580988.43,2.143038578,41.375386157