Case_Number,District_Code,District_Name,Neighborhood_Code,Neighborhood_Name,Street_Code,Street_Name,Postal_Code,Day_of_Week,Year,Month_Code,Month_Name,Day_of_Month,Shift_Description,Hour_of_Day,Pedestrian_Cause_Description,Involved_Vehicle_Type,Gender_Description,Age,Person_Type_Description,Pedestrian_Accident_Location_Description,Pedestrian_Movement_Reason_Description,Driver_Movement_Reason_Description,Victimization_Description,UTM_X_Coordinate,UTM_Y_Coordinate,Longitude,Latitude
2023S005912    ,3,Sants-Montjuïc,12,la Marina del Prat Vermell,106861,E Zona Franca,0042 0044,Friday,2023,10,October,6,Afternoon,14,No és causa del  vianant,Car,Dona,58,Driver,Desconegut                                                                                                                                            ,Unknown,In itínere,Ferit lleu: Hospitalització fins a 24h,427010.97 ,4576069.69,2.126633431,41.330957045
2023S005912    ,3,Sants-Montjuïc,12,la Marina del Prat Vermell,106861,E Zona Franca,0042 0044,Friday,2023,10,October,6,Afternoon,14,No és causa del  vianant,Motorcycle,Home,60,Driver,Desconegut                                                                                                                                            ,Unknown,Oci i entreteniment,Ferit lleu: Hospitalització fins a 24h,427010.97 ,4576069.69,2.126633431,41.330957045
2023S005913    ,6,Gràcia,32,el Camp d'en Grassot i Gràcia Nova,56504,Camèlies,0042B0042B,Friday,2023,10,October,6,Afternoon,14,No és causa del  vianant,Veh. mobilitat personal amb motor,Home,19,Driver,Desconegut                                                                                                                                            ,Unknown,Es desconeix,Ferit lleu: Hospitalització fins a 24h,429956.15 ,4585048.46,2.160787702,41.412087634
2023S005914    ,6,Gràcia,31,la Vila de Gràcia,148307,Gràcia,0112 0112,Friday,2023,10,October,6,Morning,13,No és causa del  vianant,Car,Home,25,Driver,Desconegut                                                                                                                                            ,Unknown,Oci i entreteniment,Ferit lleu: Hospitalització fins a 24h,429826    ,4583374.38,2.15942479,41.396998427
2023S005915    ,10,Sant Martí,67,la Vila Olímpica del Poblenou,700654,Litoral,9993 9993,Friday,2023,10,October,6,Afternoon,15,No és causa del  vianant,Ciclomotor,Home,40,Driver,Desconegut                                                                                                                                            ,Unknown,Es desconeix,Ferit lleu: Hospitalització fins a 24h,432888.89 ,4582323.45,2.196177347,41.38779457
2023S005916    ,5,Sarrià-Sant Gervasi,26,Sant Gervasi - Galvany,144601,Diagonal,0558 0564,Thursday,2023,10,October,5,Afternoon,19,No és causa del  vianant,Motorcycle,Home,25,Driver,Desconegut                                                                                                                                            ,Unknown,Es desconeix,Ferit lleu: Hospitalització fins a 24h,429057.55 ,4583097.68,2.150265668,41.394438826
2023S005917    ,8,Nou Barris,53,la Trinitat Nova,120807,Favència,0381X0381X,Friday,2023,10,October,6,Afternoon,19,No és causa del  vianant,Motorcycle,Home,35,Driver,Desconegut                                                                                                                                            ,Unknown,Es desconeix,Ferit lleu: Hospitalització fins a 24h,432217.32 ,4588883.98,2.187410054,41.4468269
2023S005918    ,2,Eixample,7,la Dreta de l'Eixample,100800,Diputació,0279 0283,Friday,2023,10,October,6,Afternoon,15,No és causa del  vianant,Motorcycle,Home,43,Driver,Desconegut                                                                                                                                            ,Unknown,Es desconeix,Ferit lleu: Hospitalització fins a 24h,430531.68 ,4582694.85,2.167943564,41.390939423
2023S005919    ,4,Les Corts,21,Pedralbes,359200,Pedralbes,0016 0016,Friday,2023,10,October,6,Afternoon,16,No és causa del  vianant,Motorcycle,Dona,52,Driver,Desconegut                                                                                                                                            ,Unknown,In itínere,Ferit lleu: Hospitalització fins a 24h,426564.88 ,4582505.32,2.120523649,41.388879819
2023S005920    ,3,Sants-Montjuïc,12,la Marina del Prat Vermell,701498,B-10 (Besòs),001450000,Friday,2023,10,October,6,Afternoon,14,No és causa del  vianant,Bus,Dona,58,Passatger,Desconegut                                                                                                                                            ,Unknown,Unknown,Ferit lleu: Amb assistència sanitària en lloc d'accident,429180.71 ,4578306.44,2.152298752,41.351296522
2023S005922    ,1,Ciutat Vella,2,el Barri Gòtic,177101,Laietana,0013 0013,Friday,2023,10,October,6,Afternoon,16,No és causa del  vianant,Car,Home,41,Driver,Desconegut                                                                                                                                            ,Unknown,Altres activitats,Ferit lleu: Hospitalització fins a 24h,431623.87 ,4581725.79,2.181115732,41.382305011
2023S005922    ,1,Ciutat Vella,2,el Barri Gòtic,177101,Laietana,0013 0013,Friday,2023,10,October,6,Afternoon,16,No és causa del  vianant,Car,Home,24,Passatger,Desconegut                                                                                                                                            ,Unknown,Unknown,Ferit lleu: Hospitalització fins a 24h,431623.87 ,4581725.79,2.181115732,41.382305011
2023S005924    ,8,Nou Barris,48,la Guineueta,700013,Karl Marx,0005 0005,Saturday,2023,10,October,7,Night,5,No és causa del  vianant,Car,Dona,19,Passatger,Desconegut                                                                                                                                            ,Unknown,Unknown,Ferit lleu: Hospitalització fins a 24h,430049.22 ,4588138.02,2.161543544,41.439922236
2023S005924    ,8,Nou Barris,48,la Guineueta,700013,Karl Marx,0005 0005,Saturday,2023,10,October,7,Night,5,No és causa del  vianant,Car,Home,19,Passatger,Desconegut                                                                                                                                            ,Unknown,Unknown,Ferit lleu: Hospitalització fins a 24h,430049.22 ,4588138.02,2.161543544,41.439922236
2023S005924    ,8,Nou Barris,48,la Guineueta,700013,Karl Marx,0005 0005,Saturday,2023,10,October,7,Night,5,No és causa del  vianant,Car,Home,22,Driver,Desconegut                                                                                                                                            ,Unknown,Oci i entreteniment,Ferit lleu: Amb assistència sanitària en lloc d'accident,430049.22 ,4588138.02,2.161543544,41.439922236
2023S005925    ,9,Sant Andreu,60,Sant Andreu,339101,Torras i Bages,0021 0023,Friday,2023,10,October,6,Afternoon,17,No és causa del  vianant,Motorcycle,Home,10,Passatger,Desconegut                                                                                                                                            ,Unknown,Unknown,Ferit lleu: Hospitalització fins a 24h,432536.96 ,4587815.13,2.191355708,41.437227073
2023S005926    ,8,Nou Barris,53,la Trinitat Nova,291300,S'Agaró,0007 0007,Friday,2023,10,October,6,Afternoon,16,No és causa del  vianant,Car,Dona,33,Passatger,Desconegut                                                                                                                                            ,Unknown,Unknown,Ferit lleu: Amb assistència sanitària en lloc d'accident,432196.84 ,4589046.02,2.187146698,41.448284606
2023S005926    ,8,Nou Barris,53,la Trinitat Nova,291300,S'Agaró,0007 0007,Friday,2023,10,October,6,Afternoon,16,No és causa del  vianant,Car,Home,41,Passatger,Desconegut                                                                                                                                            ,Unknown,Unknown,Ferit lleu: Hospitalització fins a 24h,432196.84 ,4589046.02,2.187146698,41.448284606
2023S005927    ,10,Sant Martí,65,el Clot,350308,València,0671 0671,Friday,2023,10,October,6,Afternoon,20,No és causa del  vianant,Car,Home,38,Driver,Desconegut                                                                                                                                            ,Unknown,Oci i entreteniment,Ferit lleu: Amb assistència sanitària en lloc d'accident,432411.1  ,4585107.29,2.190152196,41.412827821
2023S005929    ,3,Sants-Montjuïc,17,Sants - Badal,300106,Sant Frederic,0060 0060,Friday,2023,10,October,6,Afternoon,17,No és causa del  vianant,Bus,Dona,78,Passatger,Desconegut                                                                                                                                            ,Unknown,Unknown,Ferit lleu: Hospitalització fins a 24h,427009.4  ,4580693.69,2.126058245,41.372603663
2023S005930    ,2,Eixample,7,la Dreta de l'Eixample,289105,Rosselló,0263 0263,Friday,2023,10,October,6,Afternoon,21,Desobeir el senyal del semàfor,Motorcycle,Dona,46,Pedestrian,En pas regulat per semàfor                                                                                                                            ,Unknown,Unknown,Ferit lleu: Hospitalització fins a 24h,429914.38 ,4583230.13,2.160498625,41.395706928
2023S005931    ,6,Gràcia,30,la Salut,344000,Dalt,0089 0089,Friday,2023,10,October,6,Afternoon,16,No és causa del  vianant,Motorcycle,Home,48,Driver,Desconegut                                                                                                                                            ,Unknown,Es desconeix,Ferit lleu: Hospitalització fins a 24h,429663.73 ,4584912.26,2.157305046,41.410835379
2023S005933    ,10,Sant Martí,64,el Camp de l'Arpa del Clot,226400,Las Navas de Tolosa,0303 0303,Saturday,2023,10,October,7,Morning,8,No és causa del  vianant,Motorcycle,Dona,30,Driver,Desconegut                                                                                                                                            ,Unknown,"Bombers, policia, ambulància",Ferit lleu: Hospitalització fins a 24h,432082.43 ,4585427.32,2.186183984,41.415682509
2023S005934    ,8,Nou Barris,44,Vilapicina i la Torre Llobeta,111704,Escòcia,0065 0065,Saturday,2023,10,October,7,Afternoon,14,No és causa del  vianant,Motorcycle,Home,37,Driver,Desconegut                                                                                                                                            ,Unknown,Es desconeix,Ferit lleu: Hospitalització fins a 24h,431622.86 ,4586884.34,2.180520536,41.42876641
2023S005935    ,7,Horta-Guinardó,33,el Baix Guinardó,238400,Padilla,0367 0367,Saturday,2023,10,October,7,Morning,12,No és causa del  vianant,Motorcycle,Dona,55,Passatger,Desconegut                                                                                                                                            ,Unknown,Unknown,Ferit lleu: Hospitalització fins a 24h,430745.8  ,4584916.84,2.17025013,41.410970647
2023S005935    ,7,Horta-Guinardó,33,el Baix Guinardó,238400,Padilla,0367 0367,Saturday,2023,10,October,7,Morning,12,No és causa del  vianant,Motorcycle,Home,52,Driver,Desconegut                                                                                                                                            ,Unknown,Es desconeix,Ferit lleu: Hospitalització fins a 24h,430745.8  ,4584916.84,2.17025013,41.410970647
2023S005936    ,10,Sant Martí,64,el Camp de l'Arpa del Clot,297001,Sant Antoni Maria Claret,0372 0372,Saturday,2023,10,October,7,Morning,10,No és causa del  vianant,Car,Dona,62,Passatger,Desconegut                                                                                                                                            ,Unknown,Unknown,Ferit lleu: Hospitalització fins a 24h,431805.56 ,4585654.83,2.182845658,41.417708158
2023S005937    ,9,Sant Andreu,59,el Bon Pastor,701498,B-10 (Besòs),000070000,Saturday,2023,10,October,7,Morning,12,No és causa del  vianant,Motorcycle,Home,26,Driver,Desconegut                                                                                                                                            ,Unknown,Es desconeix,Ferit lleu: Hospitalització fins a 24h,433526.32 ,4588858.14,2.203082217,41.446703696
2023S005938    ,2,Eixample,6,la Sagrada Família,268003,Provença,0510 0510,Dimarts,2023,9,September,26,Morning,12,No és causa del  vianant,Veh. mobilitat personal amb motor,Dona,71,Pedestrian,En pas regulat per semàfor                                                                                                                            ,Es desconeix,Unknown,Ferit lleu: Rebutja assistència sanitària,431411.04 ,4584489.24,2.17825742,41.407176467
2023S005939    ,7,Horta-Guinardó,40,Montbau,701267,Dalt (Besòs),001170000,Saturday,2023,10,October,7,Morning,13,No és causa del  vianant,Motorcycle,Home,62,Driver,Desconegut                                                                                                                                            ,Unknown,Es desconeix,Ferit lleu: Hospitalització fins a 24h,428854.12 ,4587575.83,2.147305575,41.434753769
2023S005940    ,2,Eixample,5,el Fort Pienc,18505,Aragó,0420 0422,Saturday,2023,10,October,7,Afternoon,20,No és causa del  vianant,Motorcycle,Home,55,Driver,Desconegut                                                                                                                                            ,Unknown,Es desconeix,Mort (dins 24h posteriors accident),431148.27 ,4583665.31,2.175207648,41.399733112
2023S005941    ,10,Sant Martí,64,el Camp de l'Arpa del Clot,41507,Besalú,0111 0111,Saturday,2023,10,October,7,Afternoon,21,No és causa del  vianant,Motorcycle,Dona,33,Driver,Desconegut                                                                                                                                            ,Unknown,Es desconeix,Ferit lleu: Hospitalització fins a 24h,432009.36 ,4585484.51,2.185303292,41.416191419
2023S005942    ,2,Eixample,8,l'Antiga Esquerra de l'Eixample,223606,Muntaner,0156 0156,Saturday,2023,10,October,7,Afternoon,16,No és causa del  vianant,Ambulància,Dona,21,Driver,Desconegut                                                                                                                                            ,Unknown,"Bombers, policia, ambulància",Ferit lleu: Hospitalització fins a 24h,429361.44 ,4582684.36,2.153948637,41.390742961
2023S005942    ,2,Eixample,8,l'Antiga Esquerra de l'Eixample,223606,Muntaner,0156 0156,Saturday,2023,10,October,7,Afternoon,16,No és causa del  vianant,Ambulància,Home,19,Passatger,Desconegut                                                                                                                                            ,Unknown,Unknown,Ferit lleu: Hospitalització fins a 24h,429361.44 ,4582684.36,2.153948637,41.390742961
2023S005942    ,2,Eixample,8,l'Antiga Esquerra de l'Eixample,223606,Muntaner,0156 0156,Saturday,2023,10,October,7,Afternoon,16,No és causa del  vianant,Car,Home,30,Driver,Desconegut                                                                                                                                            ,Unknown,Oci i entreteniment,Ferit lleu: Hospitalització fins a 24h,429361.44 ,4582684.36,2.153948637,41.390742961
2023S005944    ,3,Sants-Montjuïc,12,la Marina del Prat Vermell,701266,Litoral (Llobregat),001470000,Saturday,2023,10,October,7,Afternoon,15,No és causa del  vianant,Motorcycle,Home,24,Driver,Desconegut                                                                                                                                            ,Unknown,Oci i entreteniment,Ferit lleu: Hospitalització fins a 24h,429190.49 ,4578374.84,2.152407665,41.351913441
2023S005945    ,1,Ciutat Vella,3,la Barceloneta,224904,Joan Borbó Comte Barcelona,0001 0001,Saturday,2023,10,October,7,Night,23,Creuar per fora pas de vianants,Car,Home,28,Pedestrian,Fora del pas                                                                                                                                          ,Oci i entreteniment,Unknown,Ferit lleu: Hospitalització fins a 24h,432111.31 ,4581656.64,2.186952569,41.381723497
2023S005946    ,3,Sants-Montjuïc,11,el Poble-sec,114000,Espanya,9999 9999,Saturday,2023,10,October,7,Night,23,No és causa del  vianant,Ciclomotor,Home,22,Driver,Desconegut                                                                                                                                            ,Unknown,En missió,Ferit lleu: Hospitalització fins a 24h,429045.14 ,4580981.92,2.150365152,41.375381806
2023S005949    ,1,Ciutat Vella,3,la Barceloneta,197903,Marítim de la Barceloneta,0018 0018,Saturday,2023,10,October,7,Afternoon,15,No és causa del  vianant,Taxi,Home,41,Pedestrian,En pas sense regular                                                                                                                                  ,Unknown,Unknown,Ferit lleu: Hospitalització fins a 24h,432802.19 ,4581840.92,2.195194,41.383441297
2023S005950    ,4,Les Corts,19,les Corts,231502,Numància,0173 0173,Saturday,2023,10,October,7,Afternoon,17,No és causa del  vianant,Ciclomotor,Home,23,Driver,Desconegut                                                                                                                                            ,Unknown,Es desconeix,Ferit lleu: Hospitalització fins a 24h,427575.97 ,4582577.49,2.13260725,41.389621548
2023S005954    ,7,Horta-Guinardó,43,Horta,701267,Dalt (Besòs),001220000,Saturday,2023,10,October,7,Afternoon,21,No és causa del  vianant,Motorcycle,Home,22,Driver,Desconegut                                                                                                                                            ,Unknown,Altres activitats,Ferit lleu: Amb assistència sanitària en lloc d'accident,429136.59 ,4587872.79,2.150651358,41.437453351
2023S005955    ,-1,Unknown,-1,Unknown,-1,Unknown,Unknown,Diumenge,2023,10,October,8,Morning,10,No és causa del  vianant,Car,Dona,27,Passatger,Desconegut                                                                                                                                            ,Unknown,Unknown,Ferit lleu: Hospitalització fins a 24h,431358.53 ,4581040.46,2.178020316,41.376109822
2023S005955    ,-1,Unknown,-1,Unknown,-1,Unknown,Unknown,Diumenge,2023,10,October,8,Morning,10,No és causa del  vianant,Car,Home,22,Driver,Desconegut                                                                                                                                            ,Unknown,Oci i entreteniment,Ferit lleu: Hospitalització fins a 24h,431358.53 ,4581040.46,2.178020316,41.376109822
2023S005955    ,-1,Unknown,-1,Unknown,-1,Unknown,Unknown,Diumenge,2023,10,October,8,Morning,10,No és causa del  vianant,Car,Home,29,Driver,Desconegut                                                                                                                                            ,Unknown,Oci i entreteniment,Ferit lleu: Hospitalització fins a 24h,431358.53 ,4581040.46,2.178020316,41.376109822
2023S005956    ,2,Eixample,6,la Sagrada Família,144601,Diagonal,0324 0324,Diumenge,2023,10,October,8,Night,0,No és causa del  vianant,Motorcycle,Dona,32,Passatger,Desconegut                                                                                                                                            ,Unknown,Unknown,Ferit lleu: Hospitalització fins a 24h,431155.38 ,4583775.88,2.175280115,41.400729591
2023S005956    ,2,Eixample,6,la Sagrada Família,144601,Diagonal,0324 0324,Diumenge,2023,10,October,8,Night,0,No és causa del  vianant,Motorcycle,Home,31,Driver,Desconegut                                                                                                                                            ,Unknown,Es desconeix,Ferit lleu: Hospitalització fins a 24h,431155.38 ,4583775.88,2.175280115,41.400729591
2023S005957    ,8,Nou Barris,45,Porta,103003,Doctor Pi i Molist,0008 0008,Diumenge,2023,10,October,8,Afternoon,14,No és causa del  vianant,Bus,Dona,37,Passatger,Desconegut                                                                                                                                            ,Unknown,Unknown,Ferit lleu: Hospitalització fins a 24h,431143.82 ,4587107.38,2.174762413,41.430734307
2023S005958    ,6,Gràcia,31,la Vila de Gràcia,326904,Sol,0007 0008,Diumenge,2023,10,October,8,Afternoon,15,No és causa del  vianant,Veh. mobilitat personal amb motor,Home,46,Pedestrian,A la vorera / Andana                                                                                                                                  ,En missió,Unknown,Ferit lleu: Hospitalització fins a 24h,429626.66 ,4583905.46,2.156978683,41.401764249
2023S005959    ,9,Sant Andreu,57,la Trinitat Vella,701497,B-10 (Llobregat),000020000,Diumenge,2023,10,October,8,Morning,11,No és causa del  vianant,Motorcycle,Dona,18,Passatger,Desconegut                                                                                                                                            ,Unknown,Unknown,Ferit lleu: Hospitalització fins a 24h,433363.25 ,4582786.07,2.201799588,41.39200074
2023S005959    ,9,Sant Andreu,57,la Trinitat Vella,701497,B-10 (Llobregat),000020000,Diumenge,2023,10,October,8,Morning,11,No és causa del  vianant,Motorcycle,Home,22,Driver,Desconegut                                                                                                                                            ,Unknown,Es desconeix,Ferit lleu: Hospitalització fins a 24h,433363.25 ,4582786.07,2.201799588,41.39200074
2023S005960    ,1,Ciutat Vella,4,"Sant Pere, Santa Caterina i la Ribera",198203,Marquès de l'Argentera,0023 0023,Diumenge,2023,10,October,8,Afternoon,19,No és causa del  vianant,Motorcycle,Home,27,Driver,Desconegut                                                                                                                                            ,Unknown,Altres activitats,Ferit lleu: Hospitalització fins a 24h,431980.12 ,4582060.67,2.185338356,41.385351403
2023S005960    ,1,Ciutat Vella,4,"Sant Pere, Santa Caterina i la Ribera",198203,Marquès de l'Argentera,0023 0023,Diumenge,2023,10,October,8,Afternoon,19,No és causa del  vianant,Motorcycle,Dona,42,Passatger,Desconegut                                                                                                                                            ,Unknown,Unknown,Ferit lleu: Hospitalització fins a 24h,431980.12 ,4582060.67,2.185338356,41.385351403
2023S005961    ,7,Horta-Guinardó,41,la Vall d'Hebron,701268,Dalt (Llobregat),001100000,Diumenge,2023,10,October,8,Afternoon,20,No és causa del  vianant,Car,Dona,27,Driver,Desconegut                                                                                                                                            ,Unknown,Altres activitats,Ferit lleu: Hospitalització fins a 24h,428543.18 ,4586839.61,2.143671306,41.428095331
2023S005961    ,7,Horta-Guinardó,41,la Vall d'Hebron,701268,Dalt (Llobregat),001100000,Diumenge,2023,10,October,8,Afternoon,20,No és causa del  vianant,Car,Dona,68,Passatger,Desconegut                                                                                                                                            ,Unknown,Unknown,Ferit lleu: Amb assistència sanitària en lloc d'accident,428543.18 ,4586839.61,2.143671306,41.428095331
2023S005962    ,9,Sant Andreu,62,el Congrés i els Indians,359608,Cep,0002 0002,Diumenge,2023,10,October,8,Morning,11,No és causa del  vianant,Car,Home,36,Driver,Desconegut                                                                                                                                            ,Unknown,Es desconeix,Ferit lleu: Hospitalització fins a 24h,431693.64 ,4586464.35,2.181415043,41.424989727
2023S005963    ,2,Eixample,10,Sant Antoni,7702,Aldana,0002 0002,Diumenge,2023,10,October,8,Afternoon,18,No és causa del  vianant,Motorcycle,Home,10,Pedestrian,En pas regulat per semàfor                                                                                                                            ,Unknown,Unknown,Ferit lleu: Hospitalització fins a 24h,430308.62 ,4580923.32,2.165479612,41.374964485
2023S005965    ,1,Ciutat Vella,1,el Raval,296508,Sant Antoni,0088 0088,Saturday,2023,10,October,7,Afternoon,19,No és causa del  vianant,Bicicleta,Home,42,Driver,Desconegut                                                                                                                                            ,Unknown,Oci i entreteniment,Ferit lleu: Hospitalització fins a 24h,430180.58 ,4581946.73,2.163830648,41.384170924
2023S005966    ,2,Eixample,7,la Dreta de l'Eixample,176801,Roger de Llúria,0115 0115,Diumenge,2023,10,October,8,Morning,12,No és causa del  vianant,Bicicleta,Dona,2,Passatger,Desconegut                                                                                                                                            ,Unknown,Unknown,Ferit lleu: Rebutja assistència sanitària,430258.01 ,4583281.76,2.16460282,41.396201834
2023S005966    ,2,Eixample,7,la Dreta de l'Eixample,176801,Roger de Llúria,0115 0115,Diumenge,2023,10,October,8,Morning,12,No és causa del  vianant,Bicicleta,Home,42,Driver,Desconegut                                                                                                                                            ,Unknown,Es desconeix,Ferit lleu: Rebutja assistència sanitària,430258.01 ,4583281.76,2.16460282,41.396201834
2023S005967    ,4,Les Corts,19,les Corts,144601,Diagonal,0485 0485,Diumenge,2023,10,October,8,Afternoon,16,No és causa del  vianant,Veh. mobilitat personal amb motor,Home,29,Driver,Desconegut                                                                                                                                            ,Unknown,Es desconeix,Ferit lleu: Hospitalització fins a 24h,428614.3  ,4582926.6 ,2.144984276,41.392858727
2023S005969    ,2,Eixample,10,Sant Antoni,308709,Sant Pau,0079 0079,Diumenge,2023,10,October,8,Afternoon,20,No és causa del  vianant,Motorcycle,Dona,32,Driver,Desconegut                                                                                                                                            ,Unknown,Es desconeix,Ferit lleu: Amb assistència sanitària en lloc d'accident,430117.18 ,4581336.01,2.163142926,41.378664849
2023S005970    ,4,Les Corts,19,les Corts,278302,Reina Maria Cristina,9999 9999,Diumenge,2023,10,October,8,Afternoon,21,No és causa del  vianant,Car,Dona,31,Passatger,Desconegut                                                                                                                                            ,Unknown,Unknown,Ferit lleu: Hospitalització fins a 24h,427112.71 ,4582502.61,2.127075797,41.388905266
2023S005970    ,4,Les Corts,19,les Corts,278302,Reina Maria Cristina,9999 9999,Diumenge,2023,10,October,8,Afternoon,21,No és causa del  vianant,Car,Home,38,Driver,Desconegut                                                                                                                                            ,Unknown,Es desconeix,Ferit lleu: Hospitalització fins a 24h,427112.71 ,4582502.61,2.127075797,41.388905266
2023S005971    ,10,Sant Martí,68,el Poblenou,701266,Litoral (Llobregat),000710000,Dilluns,2023,10,October,9,Morning,10,No és causa del  vianant,Car,Dona,41,Driver,Desconegut                                                                                                                                            ,Unknown,In itínere,Ferit lleu: Hospitalització fins a 24h,433762.35 ,4583188.31,2.206528964,41.39565661
2023S005972    ,2,Eixample,5,el Fort Pienc,76807,Sardenya,0158 0158,Diumenge,2023,10,October,8,Morning,11,No és causa del  vianant,Bicicleta,Dona,22,Driver,Desconegut                                                                                                                                            ,Unknown,Oci i entreteniment,Ferit lleu: Hospitalització fins a 24h,431875.39 ,4583188.44,2.183958962,41.395500051
2023S005972    ,2,Eixample,5,el Fort Pienc,76807,Sardenya,0158 0158,Diumenge,2023,10,October,8,Morning,11,No és causa del  vianant,Veh. mobilitat personal amb motor,Dona,25,Driver,Desconegut                                                                                                                                            ,Unknown,Oci i entreteniment,Ferit lleu: Amb assistència sanitària en lloc d'accident,431875.39 ,4583188.44,2.183958962,41.395500051
2023S005973    ,4,Les Corts,21,Pedralbes,68208,Carreras,0008 0008,Friday,2023,10,October,6,Morning,8,No és causa del  vianant,Motorcycle,Home,12,Passatger,Desconegut                                                                                                                                            ,Unknown,Unknown,Ferit lleu: Hospitalització fins a 24h,425540.74 ,4582394.05,2.108289084,41.387783459
2023S005973    ,4,Les Corts,21,Pedralbes,68208,Carreras,0008 0008,Friday,2023,10,October,6,Morning,8,No és causa del  vianant,Motorcycle,Home,43,Driver,Desconegut                                                                                                                                            ,Unknown,In itínere,Ferit lleu: Hospitalització fins a 24h,425540.74 ,4582394.05,2.108289084,41.387783459
2023S005974    ,4,Les Corts,20,la Maternitat i Sant Ramon,144601,Diagonal,0649 0651,Dilluns,2023,10,October,9,Morning,9,No és causa del  vianant,"Camió rígid <= 3,5 tones",Home,21,Pedestrian,A la vorera / Andana                                                                                                                                  ,Unknown,Unknown,Ferit lleu: Hospitalització fins a 24h,425960.02 ,4582013.56,2.113349923,41.384395273
2023S005975    ,5,Sarrià-Sant Gervasi,25,Sant Gervasi - la Bonanova,701268,Dalt (Llobregat),000880000,Dilluns,2023,10,October,9,Morning,12,No és causa del  vianant,Car,Dona,20,Driver,Desconegut                                                                                                                                            ,Unknown,Es desconeix,Ferit lleu: Rebutja assistència sanitària,427350.84 ,4585168.98,2.12960359,41.412941704
2023S005975    ,5,Sarrià-Sant Gervasi,25,Sant Gervasi - la Bonanova,701268,Dalt (Llobregat),000880000,Dilluns,2023,10,October,9,Morning,12,No és causa del  vianant,Car,Dona,27,Driver,Desconegut                                                                                                                                            ,Unknown,Es desconeix,Ferit lleu: Hospitalització fins a 24h,427350.84 ,4585168.98,2.12960359,41.412941704
2023S005976    ,4,Les Corts,20,la Maternitat i Sant Ramon,310507,Sant Ramon Nonat,0034 0034,Dilluns,2023,10,October,9,Morning,8,No és causa del  vianant,Motorcycle,Home,51,Driver,Desconegut                                                                                                                                            ,Unknown,In itínere,Ferit lleu: Hospitalització fins a 24h,426237.5  ,4581229.87,2.116763674,41.377362406
2023S005977    ,5,Sarrià-Sant Gervasi,25,Sant Gervasi - la Bonanova,44800,Bonanova,0003 0003,Dilluns,2023,10,October,9,Morning,9,No és causa del  vianant,Motorcycle,Home,10,Passatger,Desconegut                                                                                                                                            ,Unknown,Unknown,Ferit lleu: Amb assistència sanitària en lloc d'accident,427729.3  ,4584452.37,2.134217128,41.406521638
2023S005977    ,5,Sarrià-Sant Gervasi,25,Sant Gervasi - la Bonanova,44800,Bonanova,0003 0003,Dilluns,2023,10,October,9,Morning,9,No és causa del  vianant,Motorcycle,Home,47,Driver,Desconegut                                                                                                                                            ,Unknown,Oci i entreteniment,Ferit lleu: Amb assistència sanitària en lloc d'accident,427729.3  ,4584452.37,2.134217128,41.406521638
2023S005978    ,2,Eixample,7,la Dreta de l'Eixample,359404,Cinc d'Oros,9999 9999,Dilluns,2023,10,October,9,Morning,7,No és causa del  vianant,Bicicleta,Dona,30,Driver,Desconegut                                                                                                                                            ,Unknown,In itínere,Ferit lleu: Hospitalització fins a 24h,429831.32 ,4583321.36,2.159494571,41.396521359
2023S005979    ,2,Eixample,6,la Sagrada Família,144601,Diagonal,0310 0310,Dilluns,2023,10,October,9,Morning,10,No és causa del  vianant,Motorcycle,Home,26,Driver,Desconegut                                                                                                                                            ,Unknown,Es desconeix,Ferit lleu: Amb assistència sanitària en lloc d'accident,431167.04 ,4583702.85,2.175427899,41.400072831
2023S005980    ,2,Eixample,6,la Sagrada Família,268003,Provença,0433 0433,Dilluns,2023,10,October,9,Morning,12,Creuar per fora pas de vianants,Veh. mobilitat personal sense motor,Dona,36,Pedestrian,Fora del pas                                                                                                                                          ,Es desconeix,Unknown,Ferit lleu: Hospitalització fins a 24h,431035.34 ,4584153.38,2.173801175,41.404119321
2023S005981    ,2,Eixample,7,la Dreta de l'Eixample,289105,Rosselló,0285 0285,Dilluns,2023,10,October,9,Morning,10,No és causa del  vianant,Motorcycle,Home,30,Driver,Desconegut                                                                                                                                            ,Unknown,Oci i entreteniment,Ferit lleu: Hospitalització fins a 24h,430175.61 ,4583501.34,2.163591894,41.398172364
2023S005982    ,9,Sant Andreu,62,el Congrés i els Indians,274505,Ramon Albó,0042 0042,Dilluns,2023,10,October,9,Morning,11,No és causa del  vianant,Motorcycle,Home,65,Driver,Desconegut                                                                                                                                            ,Unknown,Es desconeix,Ferit lleu: Hospitalització fins a 24h,431350.9  ,4586522.04,2.177307133,41.425480089
2023S005983    ,3,Sants-Montjuïc,18,Sants,331507,Tarragona,0185X0185X,Dilluns,2023,10,October,9,Afternoon,16,No és causa del  vianant,Autobús articulat,Home,56,Driver,Desconegut                                                                                                                                            ,Unknown,Bus urbà,Ferit lleu: Amb assistència sanitària en lloc d'accident,428426.74 ,4581528.37,2.142906267,41.380248698