Case_Number,District_Code,District_Name,Neighborhood_Code,Neighborhood_Name,Street_Code,Street_Name,Postal_Code,Day_of_Week,Year,Month_Code,Month_Name,Day_of_Month,Shift_Description,Hour_of_Day,Pedestrian_Cause_Description,Involved_Vehicle_Type,Gender_Description,Age,Person_Type_Description,Pedestrian_Accident_Location_Description,Pedestrian_Movement_Reason_Description,Driver_Movement_Reason_Description,Victimization_Description,UTM_X_Coordinate,UTM_Y_Coordinate,Longitude,Latitude
2023S005983    ,3,Sants-Montjuïc,18,Sants,331507,Tarragona,0185X0185X,Dilluns,2023,10,October,9,Afternoon,16,No és causa del  vianant,Taxi,Home,64,Driver,Desconegut                                                                                                                                            ,Unknown,Taxi,Ferit lleu: Hospitalització fins a 24h,428426.74 ,4581528.37,2.142906267,41.380248698
2023S005984    ,9,Sant Andreu,59,el Bon Pastor,701498,B-10 (Besòs),0030E0000,Dilluns,2023,10,October,9,Afternoon,18,No és causa del  vianant,Motorcycle,Home,18,Driver,Desconegut                                                                                                                                            ,Unknown,Es desconeix,Ferit lleu: Amb assistència sanitària en lloc d'accident,433947.25 ,4587992.72,2.20821562,41.438943888
2023S005985    ,1,Ciutat Vella,2,el Barri Gòtic,701266,Litoral (Llobregat),001070000,Dilluns,2023,10,October,9,Morning,13,No és causa del  vianant,Motorcycle,Home,58,Driver,Desconegut                                                                                                                                            ,Unknown,Es desconeix,Ferit lleu: Hospitalització fins a 24h,431229.39 ,4581076.77,2.176472014,41.376425825
2023S005986    ,9,Sant Andreu,60,Sant Andreu,701268,Dalt (Llobregat),0001S0000,Dilluns,2023,10,October,9,Afternoon,17,No és causa del  vianant,Motorcycle,Dona,34,Driver,Desconegut                                                                                                                                            ,Unknown,Oci i entreteniment,Ferit lleu: Hospitalització fins a 24h,432719.94 ,4588904.37,2.193424358,41.447052854
2023S005987    ,3,Sants-Montjuïc,11,el Poble-sec,234001,Olímpic,0014 0014,Dilluns,2023,10,October,9,Afternoon,14,No és causa del  vianant,Motorcycle,Home,54,Driver,Desconegut                                                                                                                                            ,Unknown,In itínere,Ferit greu: hospitalització superior a 24h,429572.24 ,4579584.8 ,2.156830161,41.362844698
2023S005988    ,1,Ciutat Vella,1,el Raval,349207,Universitat,0006 0006,Dilluns,2023,10,October,9,Afternoon,18,No és causa del  vianant,Bicicleta,Dona,28,Driver,Desconegut                                                                                                                                            ,Unknown,Es desconeix,Ferit lleu: Hospitalització fins a 24h,430261.77 ,4582119.9 ,2.164781643,41.385737659
2023S005989    ,8,Nou Barris,48,la Guineueta,153001,Guineueta,0025 0025,Dilluns,2023,10,October,9,Afternoon,18,No és causa del  vianant,Motorcycle,Home,55,Driver,Desconegut                                                                                                                                            ,Unknown,Es desconeix,Ferit lleu: Amb assistència sanitària en lloc d'accident,430501.95 ,4588248.73,2.166949564,41.440958693
2023S005990    ,9,Sant Andreu,60,Sant Andreu,107900,Eiximenis,0001X0001X,Dilluns,2023,10,October,9,Afternoon,20,No és causa del  vianant,Motorcycle,Home,29,Driver,Desconegut                                                                                                                                            ,Unknown,In itínere,Ferit lleu: Hospitalització fins a 24h,432378.15 ,4588125.86,2.18942017,41.440012347
2023S005991    ,2,Eixample,10,Sant Antoni,308709,Sant Pau,0003 0003,Dilluns,2023,10,October,9,Night,22,No és causa del  vianant,Veh. mobilitat personal amb motor,Home,23,Driver,Desconegut                                                                                                                                            ,Unknown,Oci i entreteniment,Ferit lleu: Amb assistència sanitària en lloc d'accident,430487.32 ,4580979.67,2.167609893,41.375487478
2023S005992    ,4,Les Corts,19,les Corts,55807,Francesc Macià,0007 0007,Dilluns,2023,10,October,9,Afternoon,20,No és causa del  vianant,Motorcycle,Dona,54,Passatger,Desconegut                                                                                                                                            ,Unknown,Unknown,Ferit lleu: Hospitalització fins a 24h,428614.3  ,4582926.6 ,2.144984276,41.392858727
2023S005993    ,7,Horta-Guinardó,43,Horta,352507,Vall d'Hebron,0272U0278U,Dilluns,2023,10,October,9,Night,22,No és causa del  vianant,Taxi,Dona,52,Passatger,Desconegut                                                                                                                                            ,Unknown,Unknown,Ferit lleu: Amb assistència sanitària en lloc d'accident,429398.22 ,4587988.75,2.153769143,41.438520813
2023S005993    ,7,Horta-Guinardó,43,Horta,352507,Vall d'Hebron,0272U0278U,Dilluns,2023,10,October,9,Night,22,No és causa del  vianant,Motorcycle,Home,31,Driver,Desconegut                                                                                                                                            ,Unknown,En missió,Ferit lleu: Hospitalització fins a 24h,429398.22 ,4587988.75,2.153769143,41.438520813
2023S005994    ,6,Gràcia,32,el Camp d'en Grassot i Gràcia Nova,76807,Sardenya,0487 0487,Dilluns,2023,8,August,7,Morning,13,No és causa del  vianant,Bicicleta,Home,57,Driver,Desconegut                                                                                                                                            ,Unknown,In itínere,Ferit lleu: Amb assistència sanitària en lloc d'accident,430319.49 ,4584766.44,2.165167184,41.40957918
2023S005995    ,2,Eixample,6,la Sagrada Família,73900,Castillejos,0228 0228,Dilluns,2023,10,October,9,Afternoon,18,Creuar per fora pas de vianants,Bicicleta,Home,5,Passatger,Fora del pas                                                                                                                                          ,Unknown,Unknown,Ferit lleu: Hospitalització fins a 24h,431613.4  ,4584225.93,2.180708044,41.404822165
2023S005995    ,2,Eixample,6,la Sagrada Família,73900,Castillejos,0228 0228,Dilluns,2023,10,October,9,Afternoon,18,Creuar per fora pas de vianants,Bicicleta,Home,8,Passatger,Fora del pas                                                                                                                                          ,Unknown,Unknown,Ferit lleu: Hospitalització fins a 24h,431613.4  ,4584225.93,2.180708044,41.404822165
2023S005995    ,2,Eixample,6,la Sagrada Família,73900,Castillejos,0228 0228,Dilluns,2023,10,October,9,Afternoon,18,Creuar per fora pas de vianants,Bicicleta,Home,46,Driver,Fora del pas                                                                                                                                          ,Unknown,Oci i entreteniment,Ferit lleu: Amb assistència sanitària en lloc d'accident,431613.4  ,4584225.93,2.180708044,41.404822165
2023S005996    ,1,Ciutat Vella,1,el Raval,198804,Paral·lel,0062 0062,Dilluns,2023,10,October,9,Afternoon,18,No és causa del  vianant,Bicicleta,Dona,51,Driver,Desconegut                                                                                                                                            ,Unknown,En missió,Ferit lleu: Hospitalització fins a 24h,430668.81 ,4580921.38,2.169786689,41.374978141
2023S005997    ,8,Nou Barris,47,Can Peguera,282004,Riells,0033 0033,Dilluns,2023,10,October,9,Night,22,No és causa del  vianant,Veh. mobilitat personal amb motor,Home,32,Pedestrian,Fora del pas                                                                                                                                          ,Unknown,Unknown,Ferit lleu: Hospitalització fins a 24h,430601.44 ,4587515.02,2.1682247,41.43435906
2023S005998    ,6,Gràcia,32,el Camp d'en Grassot i Gràcia Nova,297001,Sant Antoni Maria Claret,0051 0051,Dimarts,2023,10,October,10,Morning,8,No és causa del  vianant,Motorcycle,Home,40,Driver,Desconegut                                                                                                                                            ,Unknown,Es desconeix,Ferit lleu: Rebutja assistència sanitària,430528.79 ,4584406.9 ,2.167712445,41.406359052
2023S005999    ,5,Sarrià-Sant Gervasi,26,Sant Gervasi - Galvany,223606,Muntaner,0231 0231,Dimarts,2023,10,October,10,Morning,10,No és causa del  vianant,Motorcycle,Home,72,Driver,Desconegut                                                                                                                                            ,Unknown,Es desconeix,Ferit lleu: Hospitalització fins a 24h,428955.63 ,4583116.66,2.149044407,41.39460077
2023S006000    ,7,Horta-Guinardó,41,la Vall d'Hebron,701268,Dalt (Llobregat),001090000,Dimarts,2023,10,October,10,Morning,7,No és causa del  vianant,Motorcycle,Dona,29,Driver,Desconegut                                                                                                                                            ,Unknown,Es desconeix,Ferit lleu: Hospitalització fins a 24h,428532.81 ,4586759.65,2.143556667,41.427374242
2023S006001    ,2,Eixample,10,Sant Antoni,349207,Universitat,0002 0002,Dilluns,2023,10,October,9,Afternoon,19,No és causa del  vianant,Motorcycle,Dona,49,Driver,Desconegut                                                                                                                                            ,Unknown,Oci i entreteniment,Ferit lleu: Hospitalització fins a 24h,430138    ,4582066.54,2.163307617,41.385246317
2023S006002    ,4,Les Corts,19,les Corts,110803,Entença,0284 0288,Dimarts,2023,10,October,10,Afternoon,16,No és causa del  vianant,Motorcycle,Dona,40,Driver,Desconegut                                                                                                                                            ,Unknown,In itínere,Ferit lleu: Hospitalització fins a 24h,428130.63 ,4582435.97,2.139257652,41.388396709
2023S006003    ,10,Sant Martí,73,la Verneda i la Pau,60807,Cantàbria,0028 0028,Dimarts,2023,10,October,10,Afternoon,14,No és causa del  vianant,Bus,Dona,86,Passatger,Desconegut                                                                                                                                            ,Unknown,Unknown,Ferit lleu: Hospitalització fins a 24h,433265.38 ,4585916.07,2.200283696,41.420183708
2023S006004    ,6,Gràcia,28,Vallcarca i els Penitents,701267,Dalt (Besòs),000990000,Dimarts,2023,10,October,10,Afternoon,14,No és causa del  vianant,Motorcycle,Home,25,Driver,Desconegut                                                                                                                                            ,Unknown,Es desconeix,Ferit lleu: Hospitalització fins a 24h,428164.39 ,4585798.89,2.13926209,41.418688208
2023S006005    ,1,Ciutat Vella,1,el Raval,198804,Paral·lel,0036 0036,Dimarts,2023,10,October,10,Afternoon,14,No és causa del  vianant,Taxi,Home,12,Pedestrian,En pas regulat per semàfor                                                                                                                            ,Unknown,Unknown,Ferit lleu: Amb assistència sanitària en lloc d'accident,430955.38 ,4580894.89,2.173216279,41.374764205
2023S006006    ,10,Sant Martí,67,la Vila Olímpica del Poblenou,700663,Rosa Sensat,0027 0027,Dimarts,2023,10,October,10,Afternoon,15,No és causa del  vianant,Bicicleta,Dona,74,Pedestrian,A la vorera / Andana                                                                                                                                  ,Unknown,Unknown,Ferit greu: hospitalització superior a 24h,432735.43 ,4582842.99,2.194284297,41.392461111
2023S006008    ,7,Horta-Guinardó,35,el Guinardó,194508,Maragall,0001 0001,Dimarts,2023,10,October,10,Afternoon,16,No és causa del  vianant,Motorcycle,Home,29,Driver,Desconegut                                                                                                                                            ,Unknown,Es desconeix,Ferit lleu: Amb assistència sanitària en lloc d'accident,431618.5  ,4585867.6 ,2.180583407,41.419608602
2023S006009    ,8,Nou Barris,49,Canyelles,701267,Dalt (Besòs),001390000,Dimarts,2023,10,October,10,Afternoon,15,No és causa del  vianant,Car,Dona,21,Driver,Desconegut                                                                                                                                            ,Unknown,Es desconeix,Ferit lleu: Hospitalització fins a 24h,430251.47 ,4588190.83,2.163958189,41.440415479
2023S006010    ,8,Nou Barris,53,la Trinitat Nova,701267,Dalt (Besòs),001500000,Dimarts,2023,10,October,10,Afternoon,17,No és causa del  vianant,Motorcycle,Dona,30,Driver,Desconegut                                                                                                                                            ,Unknown,Es desconeix,Ferit lleu: Hospitalització fins a 24h,431724.23 ,4588823.72,2.181514384,41.446242348
2023S006011    ,7,Horta-Guinardó,33,el Baix Guinardó,76807,Sardenya,0508 0510,Dimarts,2023,10,October,10,Afternoon,16,Creuar per fora pas de vianants,Bicicleta,Home,29,Pedestrian,Fora del pas                                                                                                                                          ,Unknown,Unknown,Ferit lleu: Hospitalització fins a 24h,430190.8  ,4584922.2 ,2.163609621,41.410970882
2023S006012    ,10,Sant Martí,68,el Poblenou,701266,Litoral (Llobregat),000790000,Dimarts,2023,10,October,10,Afternoon,19,No és causa del  vianant,Motorcycle,Home,41,Driver,Desconegut                                                                                                                                            ,Unknown,In itínere,Ferit lleu: Hospitalització fins a 24h,433443.3  ,4582903.44,2.202744112,41.393064496
2023S006013    ,2,Eixample,7,la Dreta de l'Eixample,100800,Diputació,0255 0255,Dimarts,2023,10,October,10,Afternoon,20,No és causa del  vianant,Motorcycle,Dona,12,Passatger,Desconegut                                                                                                                                            ,Unknown,Unknown,Ferit lleu: Hospitalització fins a 24h,430345.56 ,4582527.49,2.165736808,41.389415958
2023S006014    ,2,Eixample,9,la Nova Esquerra de l'Eixample,245802,París,0002 0002,Dimarts,2023,10,October,10,Afternoon,15,No és causa del  vianant,Bus,Dona,37,Passatger,Desconegut                                                                                                                                            ,Unknown,Unknown,Ferit lleu: Hospitalització fins a 24h,428409.41 ,4582129   ,2.142628031,41.385656815
2023S006015    ,2,Eixample,8,l'Antiga Esquerra de l'Eixample,268003,Provença,0228 0228,Dimarts,2023,10,October,10,Afternoon,15,No és causa del  vianant,Veh. mobilitat personal amb motor,Dona,42,Driver,Desconegut                                                                                                                                            ,Unknown,Es desconeix,Ferit lleu: Hospitalització fins a 24h,429618.97 ,4582735.26,2.157022786,41.391223989
2023S006016    ,5,Sarrià-Sant Gervasi,26,Sant Gervasi - Galvany,55807,Francesc Macià,0006 0006,Dimarts,2023,10,October,10,Afternoon,19,No és causa del  vianant,Motorcycle,Dona,23,Driver,Desconegut                                                                                                                                            ,Unknown,In itínere,Ferit lleu: Amb assistència sanitària en lloc d'accident,428553.98 ,4582971.11,2.144257572,41.393254253
2023S006018    ,2,Eixample,10,Sant Antoni,198804,Paral·lel,0102 0102,Dimarts,2023,10,October,10,Night,23,No és causa del  vianant,Bicicleta,Home,28,Driver,Desconegut                                                                                                                                            ,Unknown,Oci i entreteniment,Ferit lleu: Hospitalització fins a 24h,430219.12 ,4580905.36,2.164411514,41.374794965
2023S006019    ,2,Eixample,6,la Sagrada Família,197302,Marina,0214 0214,Dimarts,2023,10,October,10,Afternoon,15,No és causa del  vianant,Motorcycle,Home,65,Driver,Desconegut                                                                                                                                            ,Unknown,Es desconeix,Ferit lleu: Hospitalització fins a 24h,431369.71 ,4583900.94,2.177829728,41.401874302
2023S006020    ,6,Gràcia,31,la Vila de Gràcia,326904,Sol,0007 0008,Dimarts,2023,10,October,10,Afternoon,18,No és causa del  vianant,Bicicleta,Home,46,Pedestrian,En zona peatonal                                                                                                                                      ,En missió,Unknown,Ferit lleu: Hospitalització fins a 24h,429626.66 ,4583905.46,2.156978683,41.401764249
2023S006020    ,6,Gràcia,31,la Vila de Gràcia,326904,Sol,0007 0008,Dimarts,2023,10,October,10,Afternoon,18,No és causa del  vianant,Bicicleta,Dona,30,Driver,En zona peatonal                                                                                                                                      ,Unknown,Es desconeix,Ferit lleu: Amb assistència sanitària en lloc d'accident,429626.66 ,4583905.46,2.156978683,41.401764249
2023S006021    ,2,Eixample,7,la Dreta de l'Eixample,169409,Corts Catalanes,0623 0623,Dimecres,2023,10,October,11,Morning,8,No és causa del  vianant,Bicicleta,Dona,58,Driver,Desconegut                                                                                                                                            ,Unknown,In itínere,Ferit lleu: Hospitalització fins a 24h,430694.58 ,4582659.98,2.169895858,41.390639421
2023S006022    ,3,Sants-Montjuïc,18,Sants,172403,Joan Güell,0064 0066,Dimarts,2023,10,October,10,Afternoon,17,No és causa del  vianant,Bicicleta,Home,41,Driver,Desconegut                                                                                                                                            ,Unknown,Altres activitats,Ferit lleu: Hospitalització fins a 24h,427624.4  ,4581410.69,2.133325913,41.379116988
2023S006023    ,9,Sant Andreu,61,la Sagrera,209900,Meridiana,0302 0304,Dimarts,2023,10,October,10,Afternoon,16,No és causa del  vianant,Bicicleta,Home,33,Driver,Desconegut                                                                                                                                            ,Unknown,En missió,Ferit lleu: Hospitalització fins a 24h,432152.02 ,4586223.7 ,2.186927218,41.422861136
2023S006024    ,5,Sarrià-Sant Gervasi,26,Sant Gervasi - Galvany,223606,Muntaner,0277 0277,Dimarts,2023,10,October,10,Afternoon,18,No és causa del  vianant,Car,Dona,52,Passatger,Desconegut                                                                                                                                            ,Unknown,Unknown,Ferit lleu: Hospitalització fins a 24h,428775    ,4583302.38,2.146862088,41.396257495
2023S006025    ,2,Eixample,6,la Sagrada Família,197302,Marina,0212X0212X,Dimecres,2023,10,October,11,Morning,10,No és causa del  vianant,Bicicleta,Home,47,Driver,Desconegut                                                                                                                                            ,Unknown,In itínere,Ferit lleu: Hospitalització fins a 24h,431420.81 ,4583832.37,2.178448766,41.401261076
2023S006026    ,9,Sant Andreu,57,la Trinitat Vella,701501,B-20 (Llobregat),001610000,Dimecres,2023,10,October,11,Morning,7,No és causa del  vianant,Motorcycle,Dona,45,Driver,Desconegut                                                                                                                                            ,Unknown,Es desconeix,Ferit lleu: Rebutja assistència sanitària,432746.62 ,4589002.94,2.193732748,41.447942877
2023S006027    ,10,Sant Martí,71,Provençals del Poblenou,701414,C-31,020720000,Dimecres,2023,10,October,11,Morning,10,No és causa del  vianant,Motorcycle,Home,42,Driver,Desconegut                                                                                                                                            ,Unknown,Es desconeix,Ferit lleu: Hospitalització fins a 24h,433179.73 ,4585090.27,2.19935012,41.412738837
2023S006028    ,10,Sant Martí,72,Sant Martí de Provençals,169409,Corts Catalanes,1091 1091,Dimecres,2023,10,October,11,Morning,10,No és causa del  vianant,Car,Dona,51,Passatger,Desconegut                                                                                                                                            ,Unknown,Unknown,Ferit lleu: Amb assistència sanitària en lloc d'accident,433723.92 ,4585600.72,2.205804964,41.417381413
2023S006029    ,2,Eixample,5,el Fort Pienc,100800,Diputació,0473 0473,Dimecres,2023,10,October,11,Morning,13,No és causa del  vianant,Motorcycle,Home,26,Driver,Desconegut                                                                                                                                            ,Unknown,Oci i entreteniment,Ferit lleu: Amb assistència sanitària en lloc d'accident,431648.46 ,4583800.82,2.181175486,41.400996311
2023S006029    ,2,Eixample,5,el Fort Pienc,100800,Diputació,0473 0473,Dimecres,2023,10,October,11,Morning,13,No és causa del  vianant,Motorcycle,Home,59,Driver,Desconegut                                                                                                                                            ,Unknown,Oci i entreteniment,Ferit lleu: Amb assistència sanitària en lloc d'accident,431648.46 ,4583800.82,2.181175486,41.400996311
2023S006030    ,4,Les Corts,19,les Corts,231502,Numància,0070 0070,Dimecres,2023,10,October,11,Afternoon,14,No és causa del  vianant,Veh. mobilitat personal amb motor,Dona,49,Driver,Desconegut                                                                                                                                            ,Unknown,Oci i entreteniment,Ferit lleu: Rebutja assistència sanitària,428019.84 ,4581995.13,2.13798506,41.384416316
2023S006031    ,10,Sant Martí,67,la Vila Olímpica del Poblenou,62609,Icària,0119 0121,Dimecres,2023,10,October,11,Morning,12,No és causa del  vianant,Veh. mobilitat personal sense motor,Home,50,Driver,Desconegut                                                                                                                                            ,Unknown,Es desconeix,Ferit lleu: Amb assistència sanitària en lloc d'accident,432751.35 ,4582465.56,2.194516637,41.389063026
2023S006032    ,3,Sants-Montjuïc,15,Hostafrancs,89004,Consell de Cent,0067U0069U,Dimecres,2023,10,October,11,Morning,12,No és causa del  vianant,Taxi,Dona,32,Passatger,Desconegut                                                                                                                                            ,Unknown,Unknown,Ferit lleu: Hospitalització fins a 24h,428769.74 ,4581177.12,2.147049191,41.377115564
2023S006032    ,3,Sants-Montjuïc,15,Hostafrancs,89004,Consell de Cent,0067U0069U,Dimecres,2023,10,October,11,Morning,12,No és causa del  vianant,Bicicleta,Home,21,Driver,Desconegut                                                                                                                                            ,Unknown,Es desconeix,Ferit lleu: Amb assistència sanitària en lloc d'accident,428769.74 ,4581177.12,2.147049191,41.377115564
2023S006033    ,2,Eixample,8,l'Antiga Esquerra de l'Eixample,350308,València,0209 0209,Dimecres,2023,10,October,11,Morning,13,No és causa del  vianant,Bicicleta,Dona,52,Driver,Desconegut                                                                                                                                            ,Unknown,Es desconeix,Ferit lleu: Hospitalització fins a 24h,429880.9  ,4582618.11,2.160169071,41.390191748
2023S006034    ,9,Sant Andreu,59,el Bon Pastor,295709,Sant Adrià,0070B0070B,Dimecres,2023,10,October,11,Afternoon,14,No és causa del  vianant,Veh. mobilitat personal amb motor,Home,20,Driver,Desconegut                                                                                                                                            ,Unknown,Es desconeix,Ferit lleu: Amb assistència sanitària en lloc d'accident,433080.97 ,4587610.3 ,2.197889484,41.43542778
2023S006034    ,9,Sant Andreu,59,el Bon Pastor,295709,Sant Adrià,0070B0070B,Dimecres,2023,10,October,11,Afternoon,14,No és causa del  vianant,Veh. mobilitat personal amb motor,Dona,29,Driver,Desconegut                                                                                                                                            ,Unknown,In itínere,Ferit lleu: Hospitalització fins a 24h,433080.97 ,4587610.3 ,2.197889484,41.43542778
2023S006035    ,1,Ciutat Vella,2,el Barri Gòtic,269108,Portal de la Pau,0005 0005,Dimecres,2023,10,October,11,Afternoon,15,No és causa del  vianant,Motorcycle,Dona,30,Passatger,Desconegut                                                                                                                                            ,Unknown,Unknown,Ferit lleu: Hospitalització fins a 24h,431358.53 ,4581040.46,2.178020316,41.376109822
2023S006035    ,1,Ciutat Vella,2,el Barri Gòtic,269108,Portal de la Pau,0005 0005,Dimecres,2023,10,October,11,Afternoon,15,No és causa del  vianant,Motorcycle,Home,35,Driver,Desconegut                                                                                                                                            ,Unknown,Es desconeix,Ferit lleu: Amb assistència sanitària en lloc d'accident,431358.53 ,4581040.46,2.178020316,41.376109822
2023S006036    ,3,Sants-Montjuïc,12,la Marina del Prat Vermell,701266,Litoral (Llobregat),001730000,Dimecres,2023,10,October,11,Afternoon,16,No és causa del  vianant,Car,Dona,39,Driver,Desconegut                                                                                                                                            ,Unknown,Es desconeix,Ferit lleu: Hospitalització fins a 24h,426933.47 ,4577222.83,2.125568587,41.341335977
2023S006036    ,3,Sants-Montjuïc,12,la Marina del Prat Vermell,701266,Litoral (Llobregat),001730000,Dimecres,2023,10,October,11,Afternoon,16,No és causa del  vianant,Car,Home,27,Driver,Desconegut                                                                                                                                            ,Unknown,Es desconeix,Ferit lleu: Hospitalització fins a 24h,426933.47 ,4577222.83,2.125568587,41.341335977
2023S006037    ,2,Eixample,5,el Fort Pienc,89004,Consell de Cent,0495 0495,Dimecres,2023,10,October,11,Afternoon,16,No és causa del  vianant,Motorcycle,Home,42,Driver,Desconegut                                                                                                                                            ,Unknown,Es desconeix,Ferit lleu: Hospitalització fins a 24h,431401.99 ,4583732.54,2.178234959,41.400360331
2023S006038    ,-1,Unknown,-1,Unknown,-1,Unknown,Unknown,Dimecres,2023,10,October,11,Afternoon,17,No és causa del  vianant,Motorcycle,Home,35,Passatger,Desconegut                                                                                                                                            ,Unknown,Unknown,Ferit lleu: Hospitalització fins a 24h,427427.81 ,4580846.61,2.131042699,41.374018815
2023S006038    ,-1,Unknown,-1,Unknown,-1,Unknown,Unknown,Dimecres,2023,10,October,11,Afternoon,17,No és causa del  vianant,Motorcycle,Home,67,Driver,Desconegut                                                                                                                                            ,Unknown,Oci i entreteniment,Ferit lleu: Hospitalització fins a 24h,427427.81 ,4580846.61,2.131042699,41.374018815
2023S006039    ,9,Sant Andreu,59,el Bon Pastor,701265,Litoral (Besòs),000150000,Dimecres,2023,10,October,11,Afternoon,14,No és causa del  vianant,Motorcycle,Home,59,Driver,Desconegut                                                                                                                                            ,Unknown,Es desconeix,Ferit lleu: Hospitalització fins a 24h,433925.28 ,4588192.74,2.207930773,41.440743599
2023S006040    ,4,Les Corts,19,les Corts,144601,Diagonal,0523 0523,Dimecres,2023,10,October,11,Afternoon,17,No és causa del  vianant,Motorcycle,Home,46,Driver,Desconegut                                                                                                                                            ,Unknown,Oci i entreteniment,Ferit lleu: Hospitalització fins a 24h,428097.57 ,4582748.97,2.138825095,41.391212825
2023S006041    ,10,Sant Martí,66,el Parc i la Llacuna del Poblenou,197302,Marina,0114 0116,Dimecres,2023,10,October,11,Afternoon,17,No és causa del  vianant,Tren o tramvia,Dona,79,Passatger,Desconegut                                                                                                                                            ,Unknown,Unknown,Ferit lleu: Hospitalització fins a 24h,432118.05 ,4583103.43,2.186870951,41.394754921
2023S006041    ,10,Sant Martí,66,el Parc i la Llacuna del Poblenou,197302,Marina,0114 0116,Dimecres,2023,10,October,11,Afternoon,17,No és causa del  vianant,Ciclomotor,Dona,32,Driver,Desconegut                                                                                                                                            ,Unknown,Es desconeix,Ferit lleu: Hospitalització fins a 24h,432118.05 ,4583103.43,2.186870951,41.394754921
2023S006042    ,7,Horta-Guinardó,42,la Clota,700921,Clota,0005 0005,Dimecres,2023,10,October,11,Afternoon,18,No és causa del  vianant,Motorcycle,Dona,39,Passatger,Desconegut                                                                                                                                            ,Unknown,Unknown,Ferit lleu: Hospitalització fins a 24h,429022.46 ,4586612.7 ,2.149433433,41.426094162
2023S006042    ,7,Horta-Guinardó,42,la Clota,700921,Clota,0005 0005,Dimecres,2023,10,October,11,Afternoon,18,No és causa del  vianant,Motorcycle,Dona,34,Driver,Desconegut                                                                                                                                            ,Unknown,Es desconeix,Ferit lleu: Hospitalització fins a 24h,429022.46 ,4586612.7 ,2.149433433,41.426094162
2023S006043    ,9,Sant Andreu,63,Navas,194406,Maragall,0072 0072,Dimecres,2023,10,October,11,Afternoon,19,No és causa del  vianant,Motorcycle,Home,53,Driver,Desconegut                                                                                                                                            ,Unknown,Oci i entreteniment,Ferit lleu: Amb assistència sanitària en lloc d'accident,431609.03 ,4585717.64,2.180487061,41.418257155
2023S006044    ,3,Sants-Montjuïc,15,Hostafrancs,310700,Sant Roc,0025 0025,Dimecres,2023,10,October,11,Afternoon,21,No és causa del  vianant,Motorcycle,Dona,11,Passatger,Desconegut                                                                                                                                            ,Unknown,Unknown,Ferit lleu: Hospitalització fins a 24h,428646.34 ,4580842.44,2.145613053,41.374090276
2023S006044    ,3,Sants-Montjuïc,15,Hostafrancs,310700,Sant Roc,0025 0025,Dimecres,2023,10,October,11,Afternoon,21,No és causa del  vianant,Motorcycle,Home,49,Driver,Desconegut                                                                                                                                            ,Unknown,Es desconeix,Ferit lleu: Hospitalització fins a 24h,428646.34 ,4580842.44,2.145613053,41.374090276
2023S006047    ,5,Sarrià-Sant Gervasi,24,les Tres Torres,143904,General Mitre,0067 0067,Dimecres,2023,10,October,11,Afternoon,15,No és causa del  vianant,Motorcycle,Home,65,Driver,Desconegut                                                                                                                                            ,Unknown,Altres activitats,Ferit lleu: Hospitalització fins a 24h,427586.66 ,4583416.16,2.132634766,41.397176078
2023S006047    ,5,Sarrià-Sant Gervasi,24,les Tres Torres,143904,General Mitre,0067 0067,Dimecres,2023,10,October,11,Afternoon,15,No és causa del  vianant,Motorcycle,Dona,58,Passatger,Desconegut                                                                                                                                            ,Unknown,Unknown,Ferit lleu: Hospitalització fins a 24h,427586.66 ,4583416.16,2.132634766,41.397176078
2023S006048    ,5,Sarrià-Sant Gervasi,27,el Putxet i el Farró,32700,Balmes,0418 0420,Dimecres,2023,10,October,11,Afternoon,19,No és causa del  vianant,Bus,Dona,65,Passatger,Desconegut                                                                                                                                            ,Unknown,Unknown,Ferit lleu: Hospitalització fins a 24h,428106.88 ,4584494   ,2.138729117,41.406930458
2023S006049    ,3,Sants-Montjuïc,15,Hostafrancs,94809,Creu Coberta,0081 0081,Dimecres,2023,10,October,11,Afternoon,21,No és causa del  vianant,Motorcycle,Dona,45,Driver,Desconegut                                                                                                                                            ,Unknown,Oci i entreteniment,Ferit lleu: Hospitalització fins a 24h,428581.41 ,4580957.33,2.144823146,41.375119289
2023S006051    ,5,Sarrià-Sant Gervasi,26,Sant Gervasi - Galvany,223606,Muntaner,0431 0431,Thursday,2023,10,October,12,Night,1,No és causa del  vianant,Ciclomotor,Dona,24,Driver,Desconegut                                                                                                                                            ,Unknown,Es desconeix,Ferit lleu: Hospitalització fins a 24h,428249.63 ,4583819.3 ,2.140516849,41.400866464
2023S006052    ,1,Ciutat Vella,1,el Raval,198804,Paral·lel,0080A0080A,Thursday,2023,10,October,12,Morning,6,No és causa del  vianant,Motorcycle,Home,43,Driver,Desconegut                                                                                                                                            ,Unknown,Oci i entreteniment,Ferit lleu: Hospitalització fins a 24h,430497.04 ,4580920.96,2.167732853,41.374959533
2023S006054    ,1,Ciutat Vella,1,el Raval,198804,Paral·lel,0080A0080A,Dimarts,2023,11,November,14,Morning,10,No és causa del  vianant,Bus,Home,18,Passatger,Desconegut                                                                                                                                            ,Unknown,Unknown,Ferit lleu: Hospitalització fins a 24h,430652.62 ,4588427.59,2.168732433,41.442582651
2023S006056    ,5,Sarrià-Sant Gervasi,23,Sarrià,700969,Gaspar Cassadó,0010 0010,Dimecres,2023,10,October,11,Night,23,No és causa del  vianant,Car,Home,27,Driver,Desconegut                                                                                                                                            ,Unknown,Es desconeix,Ferit lleu: Amb assistència sanitària en lloc d'accident,425648.78 ,4583019.77,2.109504322,41.393429037