Case_Number,District_Code,District_Name,Neighborhood_Code,Neighborhood_Name,Street_Code,Street_Name,Postal_Code,Day_of_Week,Year,Month_Code,Month_Name,Day_of_Month,Shift_Description,Hour_of_Day,Pedestrian_Cause_Description,Involved_Vehicle_Type,Gender_Description,Age,Person_Type_Description,Pedestrian_Accident_Location_Description,Pedestrian_Movement_Reason_Description,Driver_Movement_Reason_Description,Victimization_Description,UTM_X_Coordinate,UTM_Y_Coordinate,Longitude,Latitude
2023S006057    ,2,Eixample,6,la Sagrada Família,350308,València,0470 0470,Dimecres,2023,10,October,11,Afternoon,20,No és causa del  vianant,Autobús articulat,Dona,24,Passatger,Desconegut                                                                                                                                            ,Unknown,Unknown,Ferit lleu: Hospitalització fins a 24h,431371.11 ,4584089.39,2.177825098,41.403571733
2023S006057    ,2,Eixample,6,la Sagrada Família,350308,València,0470 0470,Dimecres,2023,10,October,11,Afternoon,20,No és causa del  vianant,Autobús articulat,Dona,34,Passatger,Desconegut                                                                                                                                            ,Unknown,Unknown,Ferit lleu: Rebutja assistència sanitària,431371.11 ,4584089.39,2.177825098,41.403571733
2023S006057    ,2,Eixample,6,la Sagrada Família,350308,València,0470 0470,Dimecres,2023,10,October,11,Afternoon,20,No és causa del  vianant,Autobús articulat,Dona,46,Passatger,Desconegut                                                                                                                                            ,Unknown,Unknown,Ferit lleu: Amb assistència sanitària en lloc d'accident,431371.11 ,4584089.39,2.177825098,41.403571733
2023S006057    ,2,Eixample,6,la Sagrada Família,350308,València,0470 0470,Dimecres,2023,10,October,11,Afternoon,20,No és causa del  vianant,Autobús articulat,Home,58,Passatger,Desconegut                                                                                                                                            ,Unknown,Unknown,Ferit lleu: Hospitalització fins a 24h,431371.11 ,4584089.39,2.177825098,41.403571733
2023S006058    ,5,Sarrià-Sant Gervasi,26,Sant Gervasi - Galvany,143904,General Mitre,0076X0076X,Dimecres,2023,10,October,11,Afternoon,17,No és causa del  vianant,Car,Home,40,Driver,Desconegut                                                                                                                                            ,Unknown,Oci i entreteniment,Ferit lleu: Hospitalització fins a 24h,427673.03 ,4583623.29,2.133643093,41.399049392
2023S006059    ,9,Sant Andreu,58,Baró de Viver,701631,Pilar Miró,0003X0003X,Thursday,2023,10,October,12,Morning,11,No és causa del  vianant,Car,Dona,19,Driver,Desconegut                                                                                                                                            ,Unknown,Oci i entreteniment,Ferit lleu: Hospitalització fins a 24h,433072.09 ,4589234.17,2.197603194,41.450052707
2023S006059    ,9,Sant Andreu,58,Baró de Viver,701631,Pilar Miró,0003X0003X,Thursday,2023,10,October,12,Morning,11,No és causa del  vianant,Car,Home,39,Driver,Desconegut                                                                                                                                            ,Unknown,Oci i entreteniment,Ferit lleu: Hospitalització fins a 24h,433072.09 ,4589234.17,2.197603194,41.450052707
2023S006060    ,10,Sant Martí,71,Provençals del Poblenou,30409,Bac de Roda,0126 0126,Thursday,2023,10,October,12,Afternoon,14,No és causa del  vianant,Bicicleta,Home,44,Driver,Desconegut                                                                                                                                            ,Unknown,Oci i entreteniment,Ferit lleu: Hospitalització fins a 24h,433406.5  ,4584690.43,2.202107272,41.409156418
2023S006061    ,5,Sarrià-Sant Gervasi,27,el Putxet i el Farró,152508,Guillem Tell,0038 0038,Thursday,2023,10,October,12,Afternoon,15,No és causa del  vianant,Motorcycle,Home,56,Driver,Desconegut                                                                                                                                            ,Unknown,Es desconeix,Ferit lleu: Hospitalització fins a 24h,428855.3  ,4583926.03,2.147749233,41.401881592
2023S006062    ,5,Sarrià-Sant Gervasi,27,el Putxet i el Farró,143904,General Mitre,0195 0197,Thursday,2023,10,October,12,Afternoon,14,No és causa del  vianant,Motorcycle,Home,57,Driver,Desconegut                                                                                                                                            ,Unknown,En missió,Ferit lleu: Hospitalització fins a 24h,428409.69 ,4584311.96,2.142373163,41.405317936
2023S006063    ,1,Ciutat Vella,3,la Barceloneta,701265,Litoral (Besòs),000980000,Thursday,2023,10,October,12,Afternoon,17,No és causa del  vianant,Motorcycle,Home,65,Driver,Desconegut                                                                                                                                            ,Unknown,Oci i entreteniment,Ferit lleu: Hospitalització fins a 24h,432011.36 ,4581589.21,2.18576489,41.381107728
2023S006064    ,4,Les Corts,20,la Maternitat i Sant Ramon,144601,Diagonal,0641 0641,Thursday,2023,10,October,12,Afternoon,18,No és causa del  vianant,Motorcycle,Dona,22,Driver,Desconegut                                                                                                                                            ,Unknown,Es desconeix,Ferit lleu: Hospitalització fins a 24h,426384.77 ,4582244.89,2.118401275,41.386517764
2023S006065    ,2,Eixample,7,la Dreta de l'Eixample,18505,Aragó,0373 0373,Thursday,2023,10,October,12,Afternoon,18,No és causa del  vianant,Furgoneta,Home,53,Driver,Desconegut                                                                                                                                            ,Unknown,Altres activitats,Ferit lleu: Hospitalització fins a 24h,430977.58 ,4583518.03,2.1731827,41.398391964
2023S006065    ,2,Eixample,7,la Dreta de l'Eixample,18505,Aragó,0373 0373,Thursday,2023,10,October,12,Afternoon,18,No és causa del  vianant,Car,Home,71,Driver,Desconegut                                                                                                                                            ,Unknown,Altres activitats,Ferit lleu: Hospitalització fins a 24h,430977.58 ,4583518.03,2.1731827,41.398391964
2023S006065    ,2,Eixample,7,la Dreta de l'Eixample,18505,Aragó,0373 0373,Thursday,2023,10,October,12,Afternoon,18,No és causa del  vianant,Car,Dona,71,Passatger,Desconegut                                                                                                                                            ,Unknown,Unknown,Ferit lleu: Hospitalització fins a 24h,430977.58 ,4583518.03,2.1731827,41.398391964
2023S006066    ,2,Eixample,9,la Nova Esquerra de l'Eixample,331507,Tarragona,0072U0072U,Thursday,2023,10,October,12,Afternoon,19,No és causa del  vianant,Veh. mobilitat personal amb motor,Dona,76,Pedestrian,En pas regulat per semàfor                                                                                                                            ,Unknown,Unknown,Ferit lleu: Hospitalització fins a 24h,428866.53 ,4581079.66,2.148218001,41.376246341
2023S006067    ,6,Gràcia,31,la Vila de Gràcia,206403,Gran de Gràcia,0100 0100,Thursday,2023,10,October,12,Afternoon,18,No és causa del  vianant,Bus,Dona,55,Passatger,Desconegut                                                                                                                                            ,Unknown,Unknown,Ferit lleu: Hospitalització fins a 24h,429449.33 ,4583765.47,2.154873777,41.400487859
2023S006067    ,6,Gràcia,31,la Vila de Gràcia,206403,Gran de Gràcia,0100 0100,Thursday,2023,10,October,12,Afternoon,18,No és causa del  vianant,Ciclomotor,Dona,36,Driver,Desconegut                                                                                                                                            ,Unknown,Es desconeix,Ferit lleu: Rebutja assistència sanitària,429449.33 ,4583765.47,2.154873777,41.400487859
2023S006068    ,2,Eixample,6,la Sagrada Família,238400,Padilla,0296B0296B,Thursday,2023,10,October,12,Night,22,No és causa del  vianant,Motorcycle,Home,31,Driver,Desconegut                                                                                                                                            ,Unknown,Oci i entreteniment,Ferit lleu: Hospitalització fins a 24h,431087.38 ,4584563.89,2.174376938,41.407821118
2023S006069    ,2,Eixample,6,la Sagrada Família,238400,Padilla,0296B0296B,Friday,2023,10,October,13,Night,3,No és causa del  vianant,Motorcycle,Home,44,Driver,Desconegut                                                                                                                                            ,Unknown,Es desconeix,Ferit lleu: Hospitalització fins a 24h,429689.26 ,4584977.01,2.157602951,41.411420794
2023S006070    ,7,Horta-Guinardó,36,la Font d'en Fargues,220404,Montserrat de Casanovas,0042 0042,Friday,2023,10,October,13,Night,4,No és causa del  vianant,Car,Home,19,Driver,Desconegut                                                                                                                                            ,Unknown,Es desconeix,Ferit lleu: Hospitalització fins a 24h,430505.97 ,4586372.37,2.167213539,41.424059377
2023S006071    ,3,Sants-Montjuïc,12,la Marina del Prat Vermell,370203,Número 3 Zona Franca,0053 0053,Friday,2023,10,October,13,Morning,7,No és causa del  vianant,Motorcycle,Home,44,Driver,Desconegut                                                                                                                                            ,Unknown,Es desconeix,Ferit lleu: Hospitalització fins a 24h,427915.27 ,4576297.42,2.137411891,41.333089571
2023S006072    ,2,Eixample,7,la Dreta de l'Eixample,359404,Cinc d'Oros,9999 9999,Friday,2023,10,October,13,Morning,9,No és causa del  vianant,Bicicleta,Dona,29,Driver,Desconegut                                                                                                                                            ,Unknown,Es desconeix,Ferit lleu: Amb assistència sanitària en lloc d'accident,429834.22 ,4583321.69,2.15952922,41.396524584
2023S006072    ,2,Eixample,7,la Dreta de l'Eixample,359404,Cinc d'Oros,9999 9999,Friday,2023,10,October,13,Morning,9,No és causa del  vianant,Veh. mobilitat personal amb motor,Dona,35,Driver,Desconegut                                                                                                                                            ,Unknown,Es desconeix,Ferit lleu: Hospitalització fins a 24h,429834.22 ,4583321.69,2.15952922,41.396524584
2023S006073    ,2,Eixample,7,la Dreta de l'Eixample,18505,Aragó,0379 0379,Friday,2023,10,October,13,Morning,10,No és causa del  vianant,Motorcycle,Home,41,Driver,Desconegut                                                                                                                                            ,Unknown,Es desconeix,Ferit lleu: Hospitalització fins a 24h,430997.08 ,4583561.75,2.173410964,41.398787411
2023S006074    ,2,Eixample,7,la Dreta de l'Eixample,335100,Tetuan,9999 9999,Friday,2023,10,October,13,Morning,10,No és causa del  vianant,Motorcycle,Dona,63,Passatger,Desconegut                                                                                                                                            ,Unknown,Unknown,Ferit lleu: Hospitalització fins a 24h,431076.53 ,4583033.4 ,2.174421483,41.394035543
2023S006074    ,2,Eixample,7,la Dreta de l'Eixample,335100,Tetuan,9999 9999,Friday,2023,10,October,13,Morning,10,No és causa del  vianant,Motorcycle,Home,65,Driver,Desconegut                                                                                                                                            ,Unknown,Oci i entreteniment,Ferit lleu: Hospitalització fins a 24h,431076.53 ,4583033.4 ,2.174421483,41.394035543
2023S006075    ,8,Nou Barris,45,Porta,7600,Alcúdia,0101 0101,Friday,2023,10,October,13,Afternoon,15,No és causa del  vianant,Car,Home,47,Driver,Desconegut                                                                                                                                            ,Unknown,Es desconeix,Ferit lleu: Amb assistència sanitària en lloc d'accident,431264.28 ,4587918.05,2.176111757,41.438046043
2023S006076    ,9,Sant Andreu,60,Sant Andreu,339101,Torras i Bages,0149 0151,Friday,2023,10,October,13,Afternoon,19,No és causa del  vianant,Bus,Dona,81,Passatger,Desconegut                                                                                                                                            ,Unknown,Unknown,Ferit lleu: Hospitalització fins a 24h,432461.35 ,4588813.68,2.190339062,41.446214313
2023S006077    ,1,Ciutat Vella,1,el Raval,701266,Litoral (Llobregat),001100000,Friday,2023,10,October,13,Afternoon,19,No és causa del  vianant,Car,Home,58,Passatger,Desconegut                                                                                                                                            ,Unknown,Unknown,Ferit lleu: Hospitalització fins a 24h,431213.91 ,4580892.22,2.176307867,41.374762308
2023S006078    ,2,Eixample,8,l'Antiga Esquerra de l'Eixample,363809,Villarroel,0127 0127,Friday,2023,10,October,13,Afternoon,19,No és causa del  vianant,Ciclomotor,Home,44,Driver,Desconegut                                                                                                                                            ,Unknown,Es desconeix,Ferit lleu: Hospitalització fins a 24h,429451.21 ,4582209.99,2.155077566,41.386478354
2023S006079    ,3,Sants-Montjuïc,16,la Bordeta,169409,Corts Catalanes,0181X0181X,Friday,2023,10,October,13,Afternoon,21,No és causa del  vianant,Motorcycle,Home,48,Driver,Desconegut                                                                                                                                            ,Unknown,En missió,Ferit lleu: Hospitalització fins a 24h,428098.17 ,4580082.76,2.139148762,41.367199287
2023S006080    ,2,Eixample,7,la Dreta de l'Eixample,289105,Rosselló,0262 0262,Friday,2023,10,October,13,Afternoon,20,No és causa del  vianant,Ciclomotor,Dona,30,Driver,Desconegut                                                                                                                                            ,Unknown,In itínere,Ferit lleu: Hospitalització fins a 24h,430216.04 ,4583527.36,2.164072493,41.398410229
2023S006081    ,2,Eixample,7,la Dreta de l'Eixample,18505,Aragó,0377 0377,Friday,2023,10,October,13,Night,23,No és causa del  vianant,Motorcycle,Dona,54,Driver,Desconegut                                                                                                                                            ,Unknown,Oci i entreteniment,Ferit lleu: Amb assistència sanitària en lloc d'accident,430986.11 ,4583550.99,2.173280973,41.398689557
2023S006082    ,2,Eixample,7,la Dreta de l'Eixample,100800,Diputació,0255 0255,Saturday,2023,10,October,14,Night,2,No és causa del  vianant,Motorcycle,Home,55,Driver,Desconegut                                                                                                                                            ,Unknown,Altres activitats,Ferit lleu: Hospitalització fins a 24h,430361.96 ,4582558.17,2.16592942,41.389693704
2023S006084    ,2,Eixample,7,la Dreta de l'Eixample,176801,Roger de Llúria,0020 0020,Friday,2023,10,October,13,Afternoon,21,No és causa del  vianant,Bus,Dona,46,Passatger,Desconegut                                                                                                                                            ,Unknown,Unknown,Ferit greu: hospitalització superior a 24h,430874.31 ,4582682.98,2.172042812,41.39086205
2023S006084    ,2,Eixample,7,la Dreta de l'Eixample,176801,Roger de Llúria,0020 0020,Friday,2023,10,October,13,Afternoon,21,No és causa del  vianant,Bus,Dona,75,Passatger,Desconegut                                                                                                                                            ,Unknown,Unknown,Ferit lleu: Amb assistència sanitària en lloc d'accident,430874.31 ,4582682.98,2.172042812,41.39086205
2023S006085    ,1,Ciutat Vella,2,el Barri Gòtic,34308,Rambla,0132 0132,Saturday,2023,10,October,14,Night,5,No és causa del  vianant,Car,Home,45,Driver,Desconegut                                                                                                                                            ,Unknown,Taxi,Ferit lleu: Amb assistència sanitària en lloc d'accident,430780.67 ,4581980.58,2.171003172,41.384527686
2023S006086    ,2,Eixample,8,l'Antiga Esquerra de l'Eixample,169409,Corts Catalanes,0535 0537,Saturday,2023,10,October,14,Morning,10,No és causa del  vianant,Ciclomotor,Dona,33,Passatger,Desconegut                                                                                                                                            ,Unknown,Unknown,Ferit lleu: Amb assistència sanitària en lloc d'accident,429834.07 ,4581818.31,2.15970167,41.382984122
2023S006086    ,2,Eixample,8,l'Antiga Esquerra de l'Eixample,169409,Corts Catalanes,0535 0537,Saturday,2023,10,October,14,Morning,10,No és causa del  vianant,Ciclomotor,Home,24,Driver,Desconegut                                                                                                                                            ,Unknown,Oci i entreteniment,Ferit lleu: Amb assistència sanitària en lloc d'accident,429834.07 ,4581818.31,2.15970167,41.382984122
2023S006087    ,10,Sant Martí,73,la Verneda i la Pau,318906,Santander,0024 0024,Saturday,2023,10,October,14,Morning,12,No és causa del  vianant,Bicicleta,Home,57,Driver,Desconegut                                                                                                                                            ,Unknown,Oci i entreteniment,Ferit lleu: Hospitalització fins a 24h,433283.03 ,4586516.33,2.200428623,41.425591543
2023S006088    ,5,Sarrià-Sant Gervasi,27,el Putxet i el Farró,279600,República Argentina,0063B0063B,Saturday,2023,10,October,14,Afternoon,15,No és causa del  vianant,Motorcycle,Home,39,Driver,Desconegut                                                                                                                                            ,Unknown,Oci i entreteniment,Ferit lleu: Hospitalització fins a 24h,428741.96 ,4584793.21,2.146291302,41.409681905
2023S006088    ,5,Sarrià-Sant Gervasi,27,el Putxet i el Farró,279600,República Argentina,0063B0063B,Saturday,2023,10,October,14,Afternoon,15,No és causa del  vianant,Motorcycle,Home,74,Driver,Desconegut                                                                                                                                            ,Unknown,Oci i entreteniment,Ferit greu: hospitalització superior a 24h,428741.96 ,4584793.21,2.146291302,41.409681905
2023S006089    ,2,Eixample,8,l'Antiga Esquerra de l'Eixample,268003,Provença,0171 0171,Saturday,2023,10,October,14,Afternoon,17,No és causa del  vianant,Bicicleta,Dona,31,Driver,Desconegut                                                                                                                                            ,Unknown,Es desconeix,Ferit lleu: Amb assistència sanitària en lloc d'accident,429689.86 ,4582804.72,2.157862571,41.391855795
2023S006090    ,5,Sarrià-Sant Gervasi,25,Sant Gervasi - la Bonanova,101008,Tibidabo,0002 0004,Saturday,2023,10,October,14,Afternoon,20,No és causa del  vianant,Motorcycle,Dona,28,Driver,Desconegut                                                                                                                                            ,Unknown,Oci i entreteniment,Ferit lleu: Hospitalització fins a 24h,427961.56 ,4584846.31,2.136948701,41.410090553
2023S006091    ,2,Eixample,7,la Dreta de l'Eixample,169409,Corts Catalanes,0645 0645,Saturday,2023,10,October,14,Afternoon,18,No és causa del  vianant,Motorcycle,Home,29,Passatger,Desconegut                                                                                                                                            ,Unknown,Unknown,Ferit lleu: Hospitalització fins a 24h,430886.26 ,4582847.07,2.172167,41.392340987
2023S006092    ,2,Eixample,9,la Nova Esquerra de l'Eixample,54509,Calàbria,0137 0137,Saturday,2023,10,October,14,Afternoon,19,No és causa del  vianant,Bicicleta,Dona,7,Pedestrian,En pas regulat per semàfor                                                                                                                            ,Unknown,Unknown,Ferit lleu: Hospitalització fins a 24h,429254.77 ,4581645.09,2.152794287,41.381373228
2023S006094    ,2,Eixample,8,l'Antiga Esquerra de l'Eixample,51205,Buenos Aires,0025 0025,Diumenge,2023,10,October,15,Night,3,No és causa del  vianant,Motorcycle,Home,23,Driver,Desconegut                                                                                                                                            ,Unknown,Oci i entreteniment,Ferit lleu: Amb assistència sanitària en lloc d'accident,428696.68 ,4582788.67,2.145985819,41.391623754
2023S006095    ,2,Eixample,5,el Fort Pienc,169409,Corts Catalanes,0753 0753,Diumenge,2023,10,October,15,Night,2,No és causa del  vianant,Taxi,Home,28,Passatger,Desconegut                                                                                                                                            ,Unknown,Unknown,Ferit lleu: Hospitalització fins a 24h,431843.45 ,4583785.44,2.183509686,41.40087435
2023S006095    ,2,Eixample,5,el Fort Pienc,169409,Corts Catalanes,0753 0753,Diumenge,2023,10,October,15,Night,2,No és causa del  vianant,Taxi,Home,63,Driver,Desconegut                                                                                                                                            ,Unknown,Taxi,Ferit lleu: Hospitalització fins a 24h,431843.45 ,4583785.44,2.183509686,41.40087435
2023S006096    ,2,Eixample,7,la Dreta de l'Eixample,169409,Corts Catalanes,9998 9998,Diumenge,2023,10,October,15,Night,5,No és causa del  vianant,Car,Dona,22,Passatger,Desconegut                                                                                                                                            ,Unknown,Unknown,Ferit lleu: Amb assistència sanitària en lloc d'accident,430452.15 ,4582422.95,2.167023614,41.388483628
2023S006096    ,2,Eixample,7,la Dreta de l'Eixample,169409,Corts Catalanes,9998 9998,Diumenge,2023,10,October,15,Night,5,No és causa del  vianant,Car,Dona,27,Passatger,Desconegut                                                                                                                                            ,Unknown,Unknown,Ferit lleu: Amb assistència sanitària en lloc d'accident,430452.15 ,4582422.95,2.167023614,41.388483628
2023S006096    ,2,Eixample,7,la Dreta de l'Eixample,169409,Corts Catalanes,9998 9998,Diumenge,2023,10,October,15,Night,5,No és causa del  vianant,Car,Home,23,Driver,Desconegut                                                                                                                                            ,Unknown,Oci i entreteniment,Ferit lleu: Hospitalització fins a 24h,430452.15 ,4582422.95,2.167023614,41.388483628
2023S006097    ,9,Sant Andreu,60,Sant Andreu,209900,Meridiana,0600 0602,Diumenge,2023,10,October,15,Morning,12,No és causa del  vianant,Motorcycle,Home,32,Driver,Desconegut                                                                                                                                            ,Unknown,In itínere,Ferit lleu: Amb assistència sanitària en lloc d'accident,432164.83 ,4588560.7 ,2.186818054,41.443910795
2023S006097    ,9,Sant Andreu,60,Sant Andreu,209900,Meridiana,0600 0602,Diumenge,2023,10,October,15,Morning,12,No és causa del  vianant,Car,Home,78,Driver,Desconegut                                                                                                                                            ,Unknown,Oci i entreteniment,Ferit lleu: Hospitalització fins a 24h,432164.83 ,4588560.7 ,2.186818054,41.443910795
2023S006099    ,2,Eixample,6,la Sagrada Família,289105,Rosselló,0360 0360,Diumenge,2023,10,October,15,Afternoon,14,No és causa del  vianant,Car,Home,43,Driver,Desconegut                                                                                                                                            ,Unknown,Oci i entreteniment,Ferit lleu: Hospitalització fins a 24h,430793.62 ,4584087.64,2.170917114,41.403506438
2023S006100    ,2,Eixample,9,la Nova Esquerra de l'Eixample,191204,Mallorca,0118 0118,Diumenge,2023,10,October,15,Afternoon,17,No és causa del  vianant,Veh. mobilitat personal amb motor,Home,39,Driver,Desconegut                                                                                                                                            ,Unknown,Es desconeix,Ferit lleu: Amb assistència sanitària en lloc d'accident,429260.74 ,4582212.74,2.152799369,41.386486386
2023S006102    ,5,Sarrià-Sant Gervasi,26,Sant Gervasi - Galvany,315806,Santa Fe de Nou Mèxic,0017 0017,Diumenge,2023,10,October,15,Afternoon,19,No és causa del  vianant,Car,Dona,46,Pedestrian,Altres                                                                                                                                                ,Es desconeix,Unknown,Ferit lleu: Hospitalització fins a 24h,427979.3  ,4583089.44,2.137370069,41.39426872
2023S006103    ,3,Sants-Montjuïc,16,la Bordeta,169409,Corts Catalanes,0181X0181X,Dilluns,2023,10,October,16,Night,2,No és causa del  vianant,Car,Dona,65,Passatger,Desconegut                                                                                                                                            ,Unknown,Unknown,Ferit lleu: Hospitalització fins a 24h,428173.37 ,4580228.73,2.140030528,41.368520706
2023S006103    ,3,Sants-Montjuïc,16,la Bordeta,169409,Corts Catalanes,0181X0181X,Dilluns,2023,10,October,16,Night,2,No és causa del  vianant,Car,Home,42,Passatger,Desconegut                                                                                                                                            ,Unknown,Unknown,Ferit lleu: Rebutja assistència sanitària,428173.37 ,4580228.73,2.140030528,41.368520706
2023S006103    ,3,Sants-Montjuïc,16,la Bordeta,169409,Corts Catalanes,0181X0181X,Dilluns,2023,10,October,16,Night,2,No és causa del  vianant,Car,Home,34,Driver,Desconegut                                                                                                                                            ,Unknown,Es desconeix,Ferit lleu: Hospitalització fins a 24h,428173.37 ,4580228.73,2.140030528,41.368520706
2023S006103    ,3,Sants-Montjuïc,16,la Bordeta,169409,Corts Catalanes,0181X0181X,Dilluns,2023,10,October,16,Night,2,No és causa del  vianant,Car,Home,63,Driver,Desconegut                                                                                                                                            ,Unknown,Oci i entreteniment,Ferit lleu: Hospitalització fins a 24h,428173.37 ,4580228.73,2.140030528,41.368520706
2023S006104    ,5,Sarrià-Sant Gervasi,25,Sant Gervasi - la Bonanova,701629,Isaac Newton,0050 0050,Dilluns,2023,10,October,16,Night,5,No és causa del  vianant,Car,Home,51,Driver,Desconegut                                                                                                                                            ,Unknown,In itínere,Ferit lleu: Hospitalització fins a 24h,427980.49 ,4585452.25,2.137103003,41.415549698
2023S006104    ,5,Sarrià-Sant Gervasi,25,Sant Gervasi - la Bonanova,701629,Isaac Newton,0050 0050,Dilluns,2023,10,October,16,Night,5,No és causa del  vianant,Car,Home,54,Driver,Desconegut                                                                                                                                            ,Unknown,In itínere,Mort (dins 24h posteriors accident),427980.49 ,4585452.25,2.137103003,41.415549698
2023S006105    ,10,Sant Martí,65,el Clot,226400,Las Navas de Tolosa,0283 0287,Dilluns,2023,10,October,16,Morning,9,No és causa del  vianant,Motorcycle,Home,60,Driver,Desconegut                                                                                                                                            ,Unknown,In itínere,Ferit lleu: Hospitalització fins a 24h,432246.65 ,4585260.16,2.188167558,41.41419082
2023S006106    ,10,Sant Martí,69,Diagonal Mar i el Front Marítim del Poblenou,700892,Garcia Fària,0077X0077X,Dilluns,2023,10,October,16,Morning,11,No és causa del  vianant,Furgoneta,Home,49,Driver,Desconegut                                                                                                                                            ,Unknown,En missió,Ferit lleu: Hospitalització fins a 24h,434507.5  ,4584218.47,2.215330266,41.404996101
2023S006106    ,10,Sant Martí,69,Diagonal Mar i el Front Marítim del Poblenou,700892,Garcia Fària,0077X0077X,Dilluns,2023,10,October,16,Morning,11,No és causa del  vianant,Car,Home,30,Driver,Desconegut                                                                                                                                            ,Unknown,Es desconeix,Ferit lleu: Hospitalització fins a 24h,434507.5  ,4584218.47,2.215330266,41.404996101
2023S006107    ,5,Sarrià-Sant Gervasi,25,Sant Gervasi - la Bonanova,101008,Tibidabo,0050 0050,Dilluns,2023,10,October,16,Morning,6,No és causa del  vianant,Motorcycle,Home,55,Driver,Desconegut                                                                                                                                            ,Unknown,In itínere,Ferit lleu: Hospitalització fins a 24h,427621.97 ,4585406.98,2.132818907,41.415109743
2023S006108    ,8,Nou Barris,53,la Trinitat Nova,209900,Meridiana,0585X0585X,Dilluns,2023,10,October,16,Morning,8,No és causa del  vianant,Car,Dona,36,Driver,Desconegut                                                                                                                                            ,Unknown,In itínere,Ferit lleu: Hospitalització fins a 24h,432288.3  ,4588965.24,2.188250599,41.447564774
2023S006109    ,3,Sants-Montjuïc,15,Hostafrancs,169409,Corts Catalanes,0321 0321,Dilluns,2023,10,October,16,Morning,6,No és causa del  vianant,Motorcycle,Home,42,Driver,Desconegut                                                                                                                                            ,Unknown,In itínere,Ferit lleu: Hospitalització fins a 24h,428694.98 ,4580660.99,2.146215993,41.37246033
2023S006110    ,8,Nou Barris,53,la Trinitat Nova,209900,Meridiana,0595X0595X,Dilluns,2023,10,October,16,Morning,8,No és causa del  vianant,Bus,Dona,20,Passatger,Desconegut                                                                                                                                            ,Unknown,Unknown,Ferit lleu: Hospitalització fins a 24h,432296.48 ,4589101.93,2.188333186,41.448796583
2023S006110    ,8,Nou Barris,53,la Trinitat Nova,209900,Meridiana,0595X0595X,Dilluns,2023,10,October,16,Morning,8,No és causa del  vianant,Bus,Dona,26,Passatger,Desconegut                                                                                                                                            ,Unknown,Unknown,Ferit lleu: Amb assistència sanitària en lloc d'accident,432296.48 ,4589101.93,2.188333186,41.448796583
2023S006110    ,8,Nou Barris,53,la Trinitat Nova,209900,Meridiana,0595X0595X,Dilluns,2023,10,October,16,Morning,8,No és causa del  vianant,Bus,Dona,31,Passatger,Desconegut                                                                                                                                            ,Unknown,Unknown,Ferit lleu: Hospitalització fins a 24h,432296.48 ,4589101.93,2.188333186,41.448796583
2023S006111    ,8,Nou Barris,48,la Guineueta,351901,Valldaura,0150 0152,Dilluns,2023,10,October,16,Morning,11,No és causa del  vianant,Car,Home,21,Passatger,Desconegut                                                                                                                                            ,Unknown,Unknown,Ferit lleu: Hospitalització fins a 24h,430488.98 ,4588090.72,2.166812511,41.439534436
2023S006111    ,8,Nou Barris,48,la Guineueta,351901,Valldaura,0150 0152,Dilluns,2023,10,October,16,Morning,11,No és causa del  vianant,Car,Home,52,Driver,Desconegut                                                                                                                                            ,Unknown,Oci i entreteniment,Ferit lleu: Hospitalització fins a 24h,430488.98 ,4588090.72,2.166812511,41.439534436
2023S006112    ,7,Horta-Guinardó,34,Can Baró,188902,Josep Serrano,0073 0073,Diumenge,2023,10,October,15,Afternoon,17,No és causa del  vianant,Motorcycle,Dona,29,Passatger,Desconegut                                                                                                                                            ,Unknown,Unknown,Ferit lleu: Amb assistència sanitària en lloc d'accident,430158.81 ,4585645.52,2.163143351,41.417482785
2023S006112    ,7,Horta-Guinardó,34,Can Baró,188902,Josep Serrano,0073 0073,Diumenge,2023,10,October,15,Afternoon,17,No és causa del  vianant,Motorcycle,Home,31,Driver,Desconegut                                                                                                                                            ,Unknown,Es desconeix,Ferit lleu: Hospitalització fins a 24h,430158.81 ,4585645.52,2.163143351,41.417482785
2023S006113    ,4,Les Corts,20,la Maternitat i Sant Ramon,66508,Carles III,0107B0107B,Dilluns,2023,10,October,16,Morning,6,No és causa del  vianant,Motorcycle,Home,49,Driver,Desconegut                                                                                                                                            ,Unknown,In itínere,Ferit lleu: Hospitalització fins a 24h,427067.42 ,4582366.31,2.126550566,41.38767356
2023S006114    ,1,Ciutat Vella,1,el Raval,111001,Erasme de Janer,0007 0007,Dilluns,2023,10,October,16,Afternoon,15,Creuar per fora pas de vianants,Veh. mobilitat personal amb motor,Home,59,Pedestrian,Fora del pas                                                                                                                                          ,Unknown,Unknown,Ferit lleu: Hospitalització fins a 24h,430341.04 ,4581483.37,2.165802861,41.380011498
2023S006116    ,2,Eixample,6,la Sagrada Família,238400,Padilla,0290 0292,Dilluns,2023,10,October,16,Morning,12,Transitar a peu per la calçada,Motorcycle,Home,36,Driver,Fora del pas                                                                                                                                          ,Unknown,Es desconeix,Ferit lleu: Hospitalització fins a 24h,431129.56 ,4584538.06,2.174884487,41.407592092