Case_Number,District_Code,District_Name,Neighborhood_Code,Neighborhood_Name,Street_Code,Street_Name,Postal_Code,Day_of_Week,Year,Month_Code,Month_Name,Day_of_Month,Shift_Description,Hour_of_Day,Pedestrian_Cause_Description,Involved_Vehicle_Type,Gender_Description,Age,Person_Type_Description,Pedestrian_Accident_Location_Description,Pedestrian_Movement_Reason_Description,Driver_Movement_Reason_Description,Victimization_Description,UTM_X_Coordinate,UTM_Y_Coordinate,Longitude,Latitude
2023S006117    ,9,Sant Andreu,59,el Bon Pastor,179504,Lima,0007B0007B,Dilluns,2023,10,October,16,Morning,12,No és causa del  vianant,Motorcycle,Home,32,Driver,Desconegut                                                                                                                                            ,Unknown,Es desconeix,Ferit lleu: Hospitalització fins a 24h,433477.53 ,4588069.76,2.202585046,41.439598962
2023S006118    ,2,Eixample,8,l'Antiga Esquerra de l'Eixample,350308,València,0143 0143,Dilluns,2023,10,October,16,Afternoon,16,No és causa del  vianant,Ciclomotor,Home,50,Driver,Desconegut                                                                                                                                            ,Unknown,In itínere,Ferit lleu: Hospitalització fins a 24h,429546.37 ,4582303.61,2.156204714,41.387329903
2023S006119    ,2,Eixample,8,l'Antiga Esquerra de l'Eixample,191204,Mallorca,0120 0122,Diumenge,2023,10,October,1,Afternoon,18,No és causa del  vianant,Ciclomotor,Dona,23,Passatger,Desconegut                                                                                                                                            ,Unknown,Unknown,Ferit lleu: Hospitalització fins a 24h,429260.74 ,4582212.74,2.152799369,41.386486386
2023S006119    ,2,Eixample,8,l'Antiga Esquerra de l'Eixample,191204,Mallorca,0120 0122,Diumenge,2023,10,October,1,Afternoon,18,No és causa del  vianant,Ciclomotor,Home,25,Driver,Desconegut                                                                                                                                            ,Unknown,Es desconeix,Ferit lleu: Hospitalització fins a 24h,429260.74 ,4582212.74,2.152799369,41.386486386
2023S006120    ,5,Sarrià-Sant Gervasi,26,Sant Gervasi - Galvany,55603,Calvet,0017 0017,Dilluns,2023,10,October,16,Afternoon,19,No és causa del  vianant,Motorcycle,Dona,75,Passatger,Desconegut                                                                                                                                            ,Unknown,Unknown,Ferit lleu: Amb assistència sanitària en lloc d'accident,428530.68 ,4583077.12,2.143966376,41.394206974
2023S006120    ,5,Sarrià-Sant Gervasi,26,Sant Gervasi - Galvany,55603,Calvet,0017 0017,Dilluns,2023,10,October,16,Afternoon,19,No és causa del  vianant,Motorcycle,Home,65,Driver,Desconegut                                                                                                                                            ,Unknown,Es desconeix,Ferit lleu: Amb assistència sanitària en lloc d'accident,428530.68 ,4583077.12,2.143966376,41.394206974
2023S006121    ,2,Eixample,7,la Dreta de l'Eixample,305100,Sant Joan,0093 0093,Dilluns,2023,10,October,16,Afternoon,14,No és causa del  vianant,Veh. mobilitat personal amb motor,Dona,27,Driver,Desconegut                                                                                                                                            ,Unknown,In itínere,Ferit lleu: Hospitalització fins a 24h,430739.13 ,4583531.67,2.170328925,41.3984943
2023S006122    ,8,Nou Barris,46,el Turó de la Peira,119003,Fabra i Puig,0340 0340,Dilluns,2023,10,October,16,Afternoon,16,No és causa del  vianant,Motorcycle,Home,34,Driver,Desconegut                                                                                                                                            ,Unknown,Es desconeix,Ferit lleu: Hospitalització fins a 24h,430563.69 ,4587098.35,2.1678208,41.430603005
2023S006123    ,2,Eixample,7,la Dreta de l'Eixample,335100,Tetuan,0035 0035,Dilluns,2023,10,October,16,Afternoon,18,No és causa del  vianant,Bicicleta,Dona,42,Driver,Desconegut                                                                                                                                            ,Unknown,Es desconeix,Ferit lleu: Hospitalització fins a 24h,431267    ,4583221.11,2.176678318,41.395742501
2023S006124    ,2,Eixample,6,la Sagrada Família,350308,València,0431 0431,Dilluns,2023,10,October,16,Afternoon,19,No és causa del  vianant,Motorcycle,Home,57,Driver,Desconegut                                                                                                                                            ,Unknown,Oci i entreteniment,Ferit lleu: Amb assistència sanitària en lloc d'accident,431238.5  ,4583947.34,2.176254903,41.402280995
2023S006125    ,2,Eixample,9,la Nova Esquerra de l'Eixample,361406,Viladomat,0140C0140C,Dimarts,2023,10,October,17,Night,0,Creuar per fora pas de vianants,Veh. mobilitat personal amb motor,Home,28,Driver,Fora del pas                                                                                                                                          ,Unknown,In itínere,Ferit lleu: Hospitalització fins a 24h,429444.29 ,4581642.99,2.15506087,41.381370965
2023S006127    ,4,Les Corts,19,les Corts,172403,Joan Güell,0147 0147,Dimarts,2023,10,October,17,Morning,7,No és causa del  vianant,Motorcycle,Home,25,Driver,Desconegut                                                                                                                                            ,Unknown,In itínere,Ferit lleu: Amb assistència sanitària en lloc d'accident,427474.78 ,4581788.02,2.131491601,41.382501977
2023S006128    ,5,Sarrià-Sant Gervasi,23,Sarrià,37350,J. V. Foix,0122 0122,Dimarts,2023,10,October,17,Morning,8,Desobeir el senyal del semàfor,Motorcycle,Dona,87,Pedestrian,En pas regulat per semàfor                                                                                                                            ,Oci i entreteniment,Unknown,Ferit lleu: Hospitalització fins a 24h,426095.1  ,4583797.86,2.114747462,41.400478106
2023S006129    ,7,Horta-Guinardó,43,Horta,351901,Valldaura,0035 0035,Dimarts,2023,10,October,17,Morning,8,No és causa del  vianant,Bicicleta,Home,17,Driver,Desconegut                                                                                                                                            ,Unknown,Estudiant cap a centre d'estudis,Ferit lleu: Amb assistència sanitària en lloc d'accident,429617.76 ,4587883.36,2.156409054,41.437590893
2023S006129    ,7,Horta-Guinardó,43,Horta,351901,Valldaura,0035 0035,Dimarts,2023,10,October,17,Morning,8,No és causa del  vianant,Motorcycle,Home,24,Driver,Desconegut                                                                                                                                            ,Unknown,In itínere,Ferit lleu: Hospitalització fins a 24h,429617.76 ,4587883.36,2.156409054,41.437590893
2023S006130    ,6,Gràcia,28,Vallcarca i els Penitents,158107,Vallcarca,0133 0147,Dimarts,2023,10,October,17,Morning,9,No és causa del  vianant,Motorcycle,Dona,50,Driver,Desconegut                                                                                                                                            ,Unknown,In itínere,Ferit lleu: Amb assistència sanitària en lloc d'accident,428455.27 ,4585336.03,2.142797275,41.414545384
2023S006131    ,9,Sant Andreu,60,Sant Andreu,52004,Borriana,0126 0126,Dimarts,2023,10,October,17,Morning,12,No és causa del  vianant,Veh. mobilitat personal amb motor,Home,32,Driver,Desconegut                                                                                                                                            ,Unknown,Es desconeix,Ferit lleu: Hospitalització fins a 24h,432801.72 ,4587131.65,2.194600572,41.431093399
2023S006132    ,9,Sant Andreu,59,el Bon Pastor,81002,Claramunt,0005 0005,Dimarts,2023,10,October,17,Morning,12,No és causa del  vianant,Car,Dona,46,Pedestrian,Altres                                                                                                                                                ,Unknown,Unknown,Ferit lleu: Hospitalització fins a 24h,433580.21 ,4587755.66,2.203848584,41.436778465
2023S006133    ,9,Sant Andreu,60,Sant Andreu,170758,Josep Soldevila,0011U0011U,Dimarts,2023,10,October,17,Morning,8,No és causa del  vianant,Bus,Dona,43,Passatger,Desconegut                                                                                                                                            ,Unknown,Unknown,Ferit lleu: Hospitalització fins a 24h,432918.34 ,4586812.65,2.196031647,41.428230019
2023S006134    ,4,Les Corts,21,Pedralbes,701267,Dalt (Besòs),000500000,Dimarts,2023,10,October,17,Morning,13,No és causa del  vianant,Motorcycle,Home,22,Driver,Desconegut                                                                                                                                            ,Unknown,Es desconeix,Ferit lleu: Hospitalització fins a 24h,425229.83 ,4582089.59,2.104608405,41.385012472
2023S006135    ,2,Eixample,7,la Dreta de l'Eixample,148307,Gràcia,0056 0056,Dimarts,2023,10,October,17,Morning,13,No és causa del  vianant,Bus,Dona,65,Passatger,Desconegut                                                                                                                                            ,Unknown,Unknown,Ferit lleu: Amb assistència sanitària en lloc d'accident,430331.7  ,4582822.56,2.165537087,41.392072359
2023S006136    ,3,Sants-Montjuïc,12,la Marina del Prat Vermell,369408,Zona Franca,0053 0059,Dimarts,2023,10,October,17,Morning,7,No és causa del  vianant,Bicicleta,Home,46,Driver,Desconegut                                                                                                                                            ,Unknown,In itínere,Ferit lleu: Hospitalització fins a 24h,428399.22 ,4578659.16,2.142916141,41.35440423
2023S006137    ,1,Ciutat Vella,4,"Sant Pere, Santa Caterina i la Ribera",177101,Laietana,0038 0038,Dimarts,2023,10,October,17,Afternoon,15,Creuar per fora pas de vianants,Car,Dona,10,Pedestrian,Fora del pas                                                                                                                                          ,Oci i entreteniment,Unknown,Ferit lleu: Hospitalització fins a 24h,431223.53 ,4582103.74,2.176285322,41.385674958
2023S006138    ,10,Sant Martí,72,Sant Martí de Provençals,266802,Julián Besteiro,0004X0004X,Dimarts,2023,10,October,17,Afternoon,17,No és causa del  vianant,Motorcycle,Dona,40,Driver,Desconegut                                                                                                                                            ,Unknown,Es desconeix,Ferit greu: hospitalització superior a 24h,433110.78 ,4585359.77,2.198495375,41.415160409
2023S006139    ,6,Gràcia,30,la Salut,344000,Dalt,0001 0001,Dimarts,2023,10,October,17,Afternoon,17,No és causa del  vianant,Car,Dona,48,Driver,Desconegut                                                                                                                                            ,Unknown,Es desconeix,Ferit lleu: Rebutja assistència sanitària,429145.95 ,4584559.55,2.151151801,41.407613151
2023S006139    ,6,Gràcia,30,la Salut,344000,Dalt,0001 0001,Dimarts,2023,10,October,17,Afternoon,17,No és causa del  vianant,Car,Home,74,Driver,Desconegut                                                                                                                                            ,Unknown,Es desconeix,Ferit lleu: Hospitalització fins a 24h,429145.95 ,4584559.55,2.151151801,41.407613151
2023S006140    ,5,Sarrià-Sant Gervasi,25,Sant Gervasi - la Bonanova,701267,Dalt (Besòs),000890000,Dimarts,2023,10,October,17,Afternoon,17,No és causa del  vianant,Motorcycle,Home,38,Driver,Desconegut                                                                                                                                            ,Unknown,Altres activitats,Ferit lleu: Hospitalització fins a 24h,427429.54 ,4585230.89,2.130537728,41.413506414
2023S006141    ,10,Sant Martí,64,el Camp de l'Arpa del Clot,95506,Conca,0048 0048,Dimarts,2023,10,October,17,Afternoon,16,No és causa del  vianant,Motorcycle,Dona,35,Driver,Desconegut                                                                                                                                            ,Unknown,Es desconeix,Ferit lleu: Rebutja assistència sanitària,431466.26 ,4585308.08,2.178825225,41.41455621
2023S006142    ,6,Gràcia,31,la Vila de Gràcia,341103,Torrent d'en Vidalet,0082 0082,Dimarts,2023,10,October,17,Afternoon,16,No és causa del  vianant,Veh. mobilitat personal amb motor,Dona,24,Driver,Desconegut                                                                                                                                            ,Unknown,Es desconeix,Ferit lleu: Hospitalització fins a 24h,429698.39 ,4584317.09,2.157788887,41.405477933
2023S006144    ,7,Horta-Guinardó,35,el Guinardó,365702,Mare de Déu de Montserrat,0261 0261,Dimarts,2023,10,October,17,Afternoon,18,No és causa del  vianant,Motorcycle,Home,34,Driver,Desconegut                                                                                                                                            ,Unknown,Altres activitats,Ferit lleu: Hospitalització fins a 24h,431244.64 ,4586391.06,2.176050479,41.424291305
2023S006144    ,7,Horta-Guinardó,35,el Guinardó,365702,Mare de Déu de Montserrat,0261 0261,Dimarts,2023,10,October,17,Afternoon,18,No és causa del  vianant,Motorcycle,Dona,31,Passatger,Desconegut                                                                                                                                            ,Unknown,Unknown,Ferit lleu: Rebutja assistència sanitària,431244.64 ,4586391.06,2.176050479,41.424291305
2023S006145    ,4,Les Corts,19,les Corts,66508,Carles III,0070 0072,Dimarts,2023,10,October,17,Morning,12,No és causa del  vianant,Car,Dona,31,Driver,Desconegut                                                                                                                                            ,Unknown,In itínere,Ferit lleu: Hospitalització fins a 24h,427161.66 ,4582031.39,2.127717905,41.384665612
2023S006146    ,8,Nou Barris,52,la Prosperitat,701268,Dalt (Llobregat),001550000,Dimarts,2023,10,October,17,Afternoon,19,No és causa del  vianant,Motorcycle,Home,43,Driver,Desconegut                                                                                                                                            ,Unknown,In itínere,Ferit lleu: Hospitalització fins a 24h,432218.56 ,4588908.54,2.187422139,41.447048208
2023S006147    ,7,Horta-Guinardó,38,la Teixonera,701268,Dalt (Llobregat),001020000,Dimarts,2023,10,October,17,Afternoon,20,No és causa del  vianant,Quadricicle < 75 cc,Home,44,Driver,Desconegut                                                                                                                                            ,Unknown,Es desconeix,Ferit lleu: Amb assistència sanitària en lloc d'accident,428268.89 ,4586082   ,2.140478847,41.421247402
2023S006148    ,9,Sant Andreu,58,Baró de Viver,701631,Pilar Miró,0004 0004,Dimarts,2023,10,October,17,Afternoon,19,No és causa del  vianant,Car,Home,44,Driver,Desconegut                                                                                                                                            ,Unknown,Oci i entreteniment,Ferit lleu: Hospitalització fins a 24h,433172.78 ,4589158.4 ,2.198816948,41.449378667
2023S006148    ,9,Sant Andreu,58,Baró de Viver,701631,Pilar Miró,0004 0004,Dimarts,2023,10,October,17,Afternoon,19,No és causa del  vianant,Car,Home,45,Driver,Desconegut                                                                                                                                            ,Unknown,Oci i entreteniment,Ferit lleu: Hospitalització fins a 24h,433172.78 ,4589158.4 ,2.198816948,41.449378667
2023S006150    ,8,Nou Barris,44,Vilapicina i la Torre Llobeta,319104,Santapau,0016 0016,Dimarts,2023,10,October,17,Afternoon,20,No és causa del  vianant,Veh. mobilitat personal amb motor,Dona,19,Driver,Desconegut                                                                                                                                            ,Unknown,Oci i entreteniment,Ferit lleu: Rebutja assistència sanitària,431494.76 ,4586962.47,2.178978695,41.429459179
2023S006151    ,2,Eixample,7,la Dreta de l'Eixample,176801,Roger de Llúria,0065 0065,Dimecres,2023,10,October,18,Morning,7,No és causa del  vianant,Motorcycle,Dona,57,Driver,Desconegut                                                                                                                                            ,Unknown,In itínere,Ferit lleu: Hospitalització fins a 24h,430498.67 ,4583050.27,2.167507952,41.394137725
2023S006152    ,5,Sarrià-Sant Gervasi,25,Sant Gervasi - la Bonanova,701267,Dalt (Besòs),000810000,Dimecres,2023,10,October,18,Morning,7,No és causa del  vianant,Car,Dona,56,Driver,Desconegut                                                                                                                                            ,Unknown,In itínere,Ferit lleu: Hospitalització fins a 24h,426972.87 ,4584864.32,2.125118345,41.410163493
2023S006153    ,2,Eixample,5,el Fort Pienc,178308,Lepant,0195 0195,Dimecres,2023,10,October,18,Morning,9,No és causa del  vianant,Motorcycle,Dona,49,Driver,Desconegut                                                                                                                                            ,Unknown,Es desconeix,Ferit lleu: Hospitalització fins a 24h,431648.46 ,4583800.82,2.181175486,41.400996311
2023S006155    ,5,Sarrià-Sant Gervasi,25,Sant Gervasi - la Bonanova,701267,Dalt (Besòs),000920000,Dimecres,2023,10,October,18,Morning,7,No és causa del  vianant,Car,Dona,38,Driver,Desconegut                                                                                                                                            ,Unknown,Es desconeix,Ferit lleu: Hospitalització fins a 24h,427706.4  ,4585327.86,2.133838523,41.414404747
2023S006156    ,9,Sant Andreu,60,Sant Andreu,701267,Dalt (Besòs),0001E0000,Dimecres,2023,10,October,18,Morning,11,No és causa del  vianant,Motorcycle,Home,72,Driver,Desconegut                                                                                                                                            ,Unknown,Oci i entreteniment,Ferit lleu: Amb assistència sanitària en lloc d'accident,432477.29 ,4588892.56,2.190521045,41.446926099
2023S006157    ,7,Horta-Guinardó,35,el Guinardó,152905,Guinardó,0253 0255,Dimecres,2023,10,October,18,Morning,8,No és causa del  vianant,Motorcycle,Dona,32,Driver,Desconegut                                                                                                                                            ,Unknown,Oci i entreteniment,Ferit lleu: Hospitalització fins a 24h,431368.04 ,4586251.75,2.177542935,41.423047145
2023S006158    ,1,Ciutat Vella,4,"Sant Pere, Santa Caterina i la Ribera",201400,Picasso,0046 0046,Friday,2023,10,October,6,Morning,11,No és causa del  vianant,Bus,Dona,29,Passatger,Desconegut                                                                                                                                            ,Unknown,Unknown,Ferit lleu: Amb assistència sanitària en lloc d'accident,432023.48 ,4582086.23,2.185854034,41.385585283
2023S006158    ,1,Ciutat Vella,4,"Sant Pere, Santa Caterina i la Ribera",201400,Picasso,0046 0046,Friday,2023,10,October,6,Morning,11,No és causa del  vianant,Bus,Dona,63,Passatger,Desconegut                                                                                                                                            ,Unknown,Unknown,Ferit lleu: Rebutja assistència sanitària,432023.48 ,4582086.23,2.185854034,41.385585283
2023S006159    ,2,Eixample,7,la Dreta de l'Eixample,268003,Provença,0398 0404,Dimecres,2023,10,October,18,Morning,12,No és causa del  vianant,Veh. mobilitat personal amb motor,Home,19,Driver,Desconegut                                                                                                                                            ,Unknown,Es desconeix,Ferit lleu: Rebutja assistència sanitària,430793.07 ,4583897.51,2.170932284,41.401793951
2023S006160    ,1,Ciutat Vella,4,"Sant Pere, Santa Caterina i la Ribera",201400,Picasso,0008 0008,Dimecres,2023,10,October,18,Morning,13,No és causa del  vianant,Ciclomotor,Dona,37,Driver,Desconegut                                                                                                                                            ,Unknown,Es desconeix,Ferit lleu: Hospitalització fins a 24h,431740.53 ,4582375.11,2.182437621,41.388163173
2023S006161    ,5,Sarrià-Sant Gervasi,23,Sarrià,305201,Sant Joan Bosco,0047 0049,Dimecres,2023,10,October,18,Afternoon,14,No és causa del  vianant,Bicicleta,Home,5,Pedestrian,En pas regulat per semàfor                                                                                                                            ,Unknown,Unknown,Ferit lleu: Amb assistència sanitària en lloc d'accident,427134.24 ,4583124.61,2.127258417,41.394509318
2023S006161    ,5,Sarrià-Sant Gervasi,23,Sarrià,305201,Sant Joan Bosco,0047 0049,Dimecres,2023,10,October,18,Afternoon,14,No és causa del  vianant,Bicicleta,Home,26,Driver,En pas regulat per semàfor                                                                                                                            ,Unknown,Es desconeix,Ferit lleu: Amb assistència sanitària en lloc d'accident,427134.24 ,4583124.61,2.127258417,41.394509318
2023S006162    ,2,Eixample,9,la Nova Esquerra de l'Eixample,287201,Roma,0030 0030,Thursday,2023,10,October,19,Morning,12,No és causa del  vianant,Taxi,Dona,52,Pedestrian,Desconegut                                                                                                                                            ,Unknown,Unknown,Ferit lleu: Hospitalització fins a 24h,428666.7  ,4581674.2 ,2.14575855,41.38158346
2023S006162    ,2,Eixample,9,la Nova Esquerra de l'Eixample,287201,Roma,0030 0030,Thursday,2023,10,October,19,Morning,12,No és causa del  vianant,Taxi,Home,44,Passatger,Desconegut                                                                                                                                            ,Unknown,Unknown,Ferit lleu: Amb assistència sanitària en lloc d'accident,428666.7  ,4581674.2 ,2.14575855,41.38158346
2023S006163    ,1,Ciutat Vella,3,la Barceloneta,7101,Alcanar,0003 0003,Dimecres,2023,10,October,18,Morning,13,No és causa del  vianant,Furgoneta,Home,38,Pedestrian,Desconegut                                                                                                                                            ,Unknown,Unknown,Ferit lleu: Hospitalització fins a 24h,432392.3  ,4581465.73,2.190334092,41.380027692
2023S006163    ,1,Ciutat Vella,3,la Barceloneta,7101,Alcanar,0003 0003,Dimecres,2023,10,October,18,Morning,13,No és causa del  vianant,Furgoneta,Home,43,Pedestrian,Desconegut                                                                                                                                            ,Unknown,Unknown,Ferit lleu: Hospitalització fins a 24h,432392.3  ,4581465.73,2.190334092,41.380027692
2023S006164    ,2,Eixample,7,la Dreta de l'Eixample,278459,Reina Victòria,9998 9998,Dimecres,2023,10,October,18,Afternoon,15,No és causa del  vianant,Motorcycle,Dona,27,Passatger,Desconegut                                                                                                                                            ,Unknown,Unknown,Ferit lleu: Hospitalització fins a 24h,430531.07 ,4582463.6 ,2.167962805,41.388856573
2023S006165    ,10,Sant Martí,73,la Verneda i la Pau,208205,Menorca,0063 0065,Dimecres,2023,10,October,18,Afternoon,18,No és causa del  vianant,Car,Home,13,Pedestrian,En pas sense regular                                                                                                                                  ,Oci i entreteniment,Unknown,Ferit lleu: Hospitalització fins a 24h,433473.19 ,4586247.86,2.202733739,41.423189291
2023S006167    ,5,Sarrià-Sant Gervasi,26,Sant Gervasi - Galvany,144601,Diagonal,0580 0580,Dimecres,2023,10,October,18,Afternoon,20,No és causa del  vianant,Motorcycle,Dona,32,Driver,Desconegut                                                                                                                                            ,Unknown,Es desconeix,Ferit lleu: Hospitalització fins a 24h,428867.36 ,4583035.93,2.147998123,41.393865857
2023S006168    ,3,Sants-Montjuïc,12,la Marina del Prat Vermell,701265,Litoral (Besòs),001530000,Dimecres,2023,10,October,18,Afternoon,21,No és causa del  vianant,Car,Home,33,Driver,Desconegut                                                                                                                                            ,Unknown,Altres activitats,Ferit lleu: Hospitalització fins a 24h,428481.73 ,4577927.64,2.14398866,41.347822987
2023S006168    ,3,Sants-Montjuïc,12,la Marina del Prat Vermell,701265,Litoral (Besòs),001530000,Dimecres,2023,10,October,18,Afternoon,21,No és causa del  vianant,Car,Home,52,Driver,Desconegut                                                                                                                                            ,Unknown,Altres activitats,Ferit lleu: Rebutja assistència sanitària,428481.73 ,4577927.64,2.14398866,41.347822987
2023S006168    ,3,Sants-Montjuïc,12,la Marina del Prat Vermell,701265,Litoral (Besòs),001530000,Dimecres,2023,10,October,18,Afternoon,21,No és causa del  vianant,Car,Home,33,Passatger,Desconegut                                                                                                                                            ,Unknown,Unknown,Ferit lleu: Hospitalització fins a 24h,428481.73 ,4577927.64,2.14398866,41.347822987
2023S006169    ,5,Sarrià-Sant Gervasi,27,el Putxet i el Farró,123408,Lesseps,0033 0033,Dimecres,2023,10,October,18,Afternoon,21,No és causa del  vianant,Motorcycle,Home,63,Driver,Desconegut                                                                                                                                            ,Unknown,In itínere,Ferit lleu: Hospitalització fins a 24h,429031.87 ,4584373.7 ,2.149808856,41.405929201
2023S006170    ,10,Sant Martí,65,el Clot,209900,Meridiana,0092 0092,Thursday,2023,10,October,19,Night,0,No és causa del  vianant,Car,Dona,44,Passatger,Desconegut                                                                                                                                            ,Unknown,Unknown,Ferit lleu: Hospitalització fins a 24h,432129.07 ,4584436.31,2.186853243,41.406760723
2023S006170    ,10,Sant Martí,65,el Clot,209900,Meridiana,0092 0092,Thursday,2023,10,October,19,Night,0,No és causa del  vianant,Motorcycle,Home,23,Driver,Desconegut                                                                                                                                            ,Unknown,Oci i entreteniment,Ferit lleu: Hospitalització fins a 24h,432129.07 ,4584436.31,2.186853243,41.406760723
2023S006172    ,1,Ciutat Vella,2,el Barri Gòtic,122904,Ferran,0055 0055,Dimecres,2023,10,October,18,Afternoon,20,No és causa del  vianant,Bicicleta,Dona,47,Pedestrian,En zona peatonal                                                                                                                                      ,Unknown,Unknown,Ferit lleu: Hospitalització fins a 24h,431240.2  ,4581726.58,2.176527507,41.38227941
2023S006173    ,7,Horta-Guinardó,33,el Baix Guinardó,152905,Guinardó,0032 0032,Thursday,2023,10,October,19,Morning,7,No és causa del  vianant,Motorcycle,Dona,59,Driver,Desconegut                                                                                                                                            ,Unknown,In itínere,Ferit lleu: Hospitalització fins a 24h,430352.67 ,4584998.2 ,2.165537443,41.411669439
2023S006174    ,3,Sants-Montjuïc,18,Sants,98005,Daoíz i Velarde,0001 0001,Thursday,2023,10,October,19,Morning,11,No és causa del  vianant,Veh. mobilitat personal amb motor,Home,38,Driver,Desconegut                                                                                                                                            ,Unknown,Es desconeix,Ferit lleu: Hospitalització fins a 24h,427667.08 ,4580887.46,2.133898747,41.374408289
2023S006175    ,8,Nou Barris,50,les Roquetes,701267,Dalt (Besòs),001440000,Thursday,2023,10,October,19,Morning,11,No és causa del  vianant,Motorcycle,Home,31,Driver,Desconegut                                                                                                                                            ,Unknown,Altres activitats,Ferit lleu: Hospitalització fins a 24h,431275.63 ,4588731.92,2.176154967,41.445377239
2023S006176    ,3,Sants-Montjuïc,17,Sants - Badal,68401,Carreras i Candi,0038 0038,Thursday,2023,10,October,19,Morning,12,Creuar per fora pas de vianants,Furgoneta,Dona,82,Pedestrian,Fora del pas                                                                                                                                          ,Altres activitats,Unknown,Ferit lleu: Hospitalització fins a 24h,427083.31 ,4580864.17,2.126921442,41.374145815
2023S006177    ,9,Sant Andreu,60,Sant Andreu,314100,Santa Coloma,0025 0027,Thursday,2023,10,October,19,Morning,13,No és causa del  vianant,Autobús articulat,Dona,74,Passatger,Desconegut                                                                                                                                            ,Unknown,Unknown,Ferit lleu: Hospitalització fins a 24h,432412.33 ,4588698.98,2.189765119,41.445177122
2023S006178    ,2,Eixample,7,la Dreta de l'Eixample,148307,Gràcia,0090 0090,Thursday,2023,10,October,19,Afternoon,14,No és causa del  vianant,Bicicleta,Dona,41,Driver,Desconegut                                                                                                                                            ,Unknown,Es desconeix,Ferit lleu: Hospitalització fins a 24h,430005.45 ,4583130.22,2.161599464,41.394815009
2023S006179    ,9,Sant Andreu,59,el Bon Pastor,701266,Litoral (Llobregat),000120000,Thursday,2023,10,October,19,Afternoon,14,No és causa del  vianant,Veh. mobilitat personal amb motor,Home,30,Driver,Desconegut                                                                                                                                            ,Unknown,Es desconeix,Ferit lleu: Hospitalització fins a 24h,433752.23 ,4588498.69,2.205825906,41.443484929
2023S006181    ,7,Horta-Guinardó,33,el Baix Guinardó,152905,Guinardó,0049 0051,Thursday,2023,10,October,19,Afternoon,17,No és causa del  vianant,Motorcycle,Home,51,Driver,Desconegut                                                                                                                                            ,Unknown,Oci i entreteniment,Ferit greu: hospitalització superior a 24h,430237.65 ,4585046.2 ,2.164155818,41.412091777
2023S006182    ,1,Ciutat Vella,1,el Raval,308505,Sant Pau,0108 0108,Thursday,2023,10,October,19,Afternoon,15,No és causa del  vianant,Bicicleta,Dona,23,Driver,Desconegut                                                                                                                                            ,Unknown,Es desconeix,Ferit lleu: Rebutja assistència sanitària,430618.58 ,4581087.6 ,2.169167043,41.376470906
2023S006184    ,2,Eixample,7,la Dreta de l'Eixample,18505,Aragó,0375 0375,Thursday,2023,10,October,19,Afternoon,16,No és causa del  vianant,Motorcycle,Home,30,Driver,Desconegut                                                                                                                                            ,Unknown,Oci i entreteniment,Ferit lleu: Hospitalització fins a 24h,430977.58 ,4583518.03,2.1731827,41.398391964
2023S006185    ,8,Nou Barris,55,Ciutat Meridiana,248301,Pedraforca,0027 0027,Thursday,2023,10,October,19,Afternoon,17,No és causa del  vianant,Motorcycle,Home,32,Driver,Desconegut                                                                                                                                            ,Unknown,Es desconeix,Ferit lleu: Hospitalització fins a 24h,431399.56 ,4590557.66,2.177430867,41.461831576
2023S006186    ,2,Eixample,9,la Nova Esquerra de l'Eixample,87009,Comte Borrell,0157 0157,Thursday,2023,10,October,19,Afternoon,19,No és causa del  vianant,Bicicleta,Home,62,Driver,Desconegut                                                                                                                                            ,Unknown,Altres activitats,Ferit lleu: Hospitalització fins a 24h,429492.88 ,4581770.11,2.155627125,41.382520155
2023S006187    ,2,Eixample,7,la Dreta de l'Eixample,74506,Catalunya,0137 0137,Thursday,2023,10,October,19,Afternoon,17,No és causa del  vianant,Bicicleta,Home,54,Driver,Desconegut                                                                                                                                            ,Unknown,Oci i entreteniment,Ferit greu: hospitalització superior a 24h,429611.29 ,4583250.11,2.156871059,41.395860394
2023S006188    ,5,Sarrià-Sant Gervasi,26,Sant Gervasi - Galvany,28000,Augusta,0168 0168,Thursday,2023,10,October,19,Afternoon,20,No és causa del  vianant,Car,Dona,27,Pedestrian,En pas regulat per semàfor                                                                                                                            ,Unknown,Unknown,Ferit lleu: Hospitalització fins a 24h,428473.45 ,4583594.92,2.143220672,41.398865512
2023S006189    ,5,Sarrià-Sant Gervasi,25,Sant Gervasi - la Bonanova,701267,Dalt (Besòs),000920000,Thursday,2023,10,October,19,Afternoon,20,No és causa del  vianant,Motorcycle,Home,23,Driver,Desconegut                                                                                                                                            ,Unknown,Altres activitats,Ferit lleu: Amb assistència sanitària en lloc d'accident,427869.96 ,4585406.47,2.135786027,41.415127459
2023S006190    ,7,Horta-Guinardó,36,la Font d'en Fargues,185700,Llobregós,0051 0051,Thursday,2023,10,October,19,Afternoon,18,No és causa del  vianant,Car,Home,60,Pedestrian,En pas sense regular                                                                                                                                  ,Unknown,Unknown,Ferit lleu: Hospitalització fins a 24h,429911.12 ,4586636.35,2.160064853,41.426385238
2023S006191    ,3,Sants-Montjuïc,12,la Marina del Prat Vermell,701265,Litoral (Besòs),001300000,Thursday,2023,10,October,19,Afternoon,18,No és causa del  vianant,Motorcycle,Home,43,Driver,Desconegut                                                                                                                                            ,Unknown,In itínere,Ferit lleu: Hospitalització fins a 24h,430303.25 ,4579227.37,2.165610432,41.359689073