Case_Number,District_Code,District_Name,Neighborhood_Code,Neighborhood_Name,Street_Code,Street_Name,Postal_Code,Day_of_Week,Year,Month_Code,Month_Name,Day_of_Month,Shift_Description,Hour_of_Day,Pedestrian_Cause_Description,Involved_Vehicle_Type,Gender_Description,Age,Person_Type_Description,Pedestrian_Accident_Location_Description,Pedestrian_Movement_Reason_Description,Driver_Movement_Reason_Description,Victimization_Description,UTM_X_Coordinate,UTM_Y_Coordinate,Longitude,Latitude
2023S006192    ,8,Nou Barris,52,la Prosperitat,120807,Favència,0370X0370X,Thursday,2023,10,October,19,Night,22,No és causa del  vianant,Motorcycle,Home,19,Driver,Desconegut                                                                                                                                            ,Unknown,Es desconeix,Ferit lleu: Hospitalització fins a 24h,431584.89 ,4588795.14,2.179849683,41.445973069
2023S006193    ,7,Horta-Guinardó,33,el Baix Guinardó,297001,Sant Antoni Maria Claret,0107 0107,Thursday,2023,10,October,19,Night,23,No és causa del  vianant,Car,Home,17,Pedestrian,En pas regulat per semàfor                                                                                                                            ,Oci i entreteniment,Unknown,Ferit lleu: Hospitalització fins a 24h,430807.89 ,4584665.36,2.171021733,41.408711001
2023S006195    ,2,Eixample,5,el Fort Pienc,169409,Corts Catalanes,0794 0794,Friday,2023,10,October,20,Morning,8,No és causa del  vianant,Bicicleta,Home,18,Driver,Desconegut                                                                                                                                            ,Unknown,Estudiant cap a centre d'estudis,Ferit greu: hospitalització superior a 24h,431752.09 ,4583696.66,2.182426855,41.400066981
2023S006196    ,7,Horta-Guinardó,40,Montbau,701267,Dalt (Besòs),001180000,Friday,2023,10,October,20,Morning,8,No és causa del  vianant,Motorcycle,Dona,34,Driver,Desconegut                                                                                                                                            ,Unknown,Es desconeix,Ferit lleu: Hospitalització fins a 24h,428854.12 ,4587575.83,2.147305575,41.434753769
2023S006196    ,7,Horta-Guinardó,40,Montbau,701267,Dalt (Besòs),001180000,Friday,2023,10,October,20,Morning,8,No és causa del  vianant,Motorcycle,Dona,40,Driver,Desconegut                                                                                                                                            ,Unknown,Es desconeix,Ferit lleu: Hospitalització fins a 24h,428854.12 ,4587575.83,2.147305575,41.434753769
2023S006197    ,2,Eixample,10,Sant Antoni,198804,Paral·lel,0182 0182,Friday,2023,10,October,20,Morning,9,No és causa del  vianant,Motorcycle,Home,36,Driver,Desconegut                                                                                                                                            ,Unknown,Oci i entreteniment,Ferit greu: hospitalització superior a 24h,429362.65 ,4580936.13,2.154167022,41.374997338
2023S006198    ,9,Sant Andreu,57,la Trinitat Vella,701268,Dalt (Llobregat),001600000,Friday,2023,10,October,20,Morning,9,No és causa del  vianant,Motorcycle,Dona,37,Driver,Desconegut                                                                                                                                            ,Unknown,Es desconeix,Ferit lleu: Hospitalització fins a 24h,432697    ,4588930.46,2.193146846,41.447285914
2023S006199    ,5,Sarrià-Sant Gervasi,23,Sarrià,37350,J. V. Foix,0055U0055U,Friday,2023,10,October,20,Morning,8,No és causa del  vianant,Motorcycle,Home,58,Driver,Desconegut                                                                                                                                            ,Unknown,In itínere,Ferit lleu: Hospitalització fins a 24h,426467.26 ,4583377.62,2.11925019,41.396727328
2023S006200    ,2,Eixample,7,la Dreta de l'Eixample,148307,Gràcia,0042 0042,Friday,2023,10,October,20,Morning,10,No és causa del  vianant,"Camió rígid <= 3,5 tones",Home,46,Pedestrian,Fora del pas                                                                                                                                          ,"Servei de neteja, recollida d'escombraries",Unknown,Ferit lleu: Amb assistència sanitària en lloc d'accident,430408.49 ,4582739.03,2.166465121,41.391326683
2023S006201    ,-1,Unknown,-1,Unknown,-1,Unknown,Unknown,Thursday,2023,10,October,19,Afternoon,21,No és causa del  vianant,Veh. mobilitat personal amb motor,Home,19,Driver,Desconegut                                                                                                                                            ,Unknown,Es desconeix,Ferit lleu: Hospitalització fins a 24h,428426.48 ,4578182.19,2.143298272,41.350110732
2023S006202    ,10,Sant Martí,69,Diagonal Mar i el Front Marítim del Poblenou,701266,Litoral (Llobregat),000660000,Friday,2023,10,October,20,Afternoon,14,No és causa del  vianant,Car,Home,22,Driver,Desconegut                                                                                                                                            ,Unknown,Es desconeix,Ferit lleu: Hospitalització fins a 24h,434241.83 ,4583823.22,2.21219507,41.401414476
2023S006202    ,10,Sant Martí,69,Diagonal Mar i el Front Marítim del Poblenou,701266,Litoral (Llobregat),000660000,Friday,2023,10,October,20,Afternoon,14,No és causa del  vianant,Car,Dona,47,Driver,Desconegut                                                                                                                                            ,Unknown,In itínere,Ferit lleu: Rebutja assistència sanitària,434241.83 ,4583823.22,2.21219507,41.401414476
2023S006203    ,1,Ciutat Vella,1,el Raval,198804,Paral·lel,0054 0054,Friday,2023,10,October,20,Afternoon,14,No és causa del  vianant,Bus,Dona,58,Passatger,Desconegut                                                                                                                                            ,Unknown,Unknown,Ferit lleu: Hospitalització fins a 24h,430766.86 ,4580911.77,2.170960189,41.374900033
2023S006204    ,3,Sants-Montjuïc,12,la Marina del Prat Vermell,701266,Litoral (Llobregat),001470000,Friday,2023,10,October,20,Afternoon,16,No és causa del  vianant,Motorcycle,Home,28,Driver,Desconegut                                                                                                                                            ,Unknown,Es desconeix,Ferit lleu: Hospitalització fins a 24h,429190.49 ,4578374.84,2.152407665,41.351913441
2023S006205    ,10,Sant Martí,72,Sant Martí de Provençals,153205,Guipúscoa,0106 0106,Friday,2023,10,October,20,Afternoon,16,Desobeir el senyal del semàfor,Motorcycle,Dona,93,Pedestrian,Desconegut                                                                                                                                            ,Unknown,Unknown,Ferit lleu: Amb assistència sanitària en lloc d'accident,433366.06 ,4585856.75,2.201494928,41.41965779
2023S006205    ,10,Sant Martí,72,Sant Martí de Provençals,153205,Guipúscoa,0106 0106,Friday,2023,10,October,20,Afternoon,16,Desobeir el senyal del semàfor,Motorcycle,Home,46,Driver,Desconegut                                                                                                                                            ,Unknown,En missió,Ferit lleu: Amb assistència sanitària en lloc d'accident,433366.06 ,4585856.75,2.201494928,41.41965779
2023S006206    ,5,Sarrià-Sant Gervasi,25,Sant Gervasi - la Bonanova,701268,Dalt (Llobregat),000910000,Friday,2023,10,October,20,Afternoon,18,No és causa del  vianant,Motorcycle,Home,32,Driver,Desconegut                                                                                                                                            ,Unknown,Es desconeix,Ferit lleu: Hospitalització fins a 24h,427504.46 ,4585298.73,2.131425947,41.414124185
2023S006207    ,5,Sarrià-Sant Gervasi,26,Sant Gervasi - Galvany,113007,Escoles Pies,0014 0014,Friday,2023,10,October,20,Afternoon,18,No és causa del  vianant,Motorcycle,Dona,48,Driver,Desconegut                                                                                                                                            ,Unknown,Es desconeix,Ferit lleu: Hospitalització fins a 24h,427819.41 ,4583268.09,2.135436381,41.395863407
2023S006208    ,4,Les Corts,20,la Maternitat i Sant Ramon,343903,Corts,0070 0070,Friday,2023,10,October,20,Afternoon,15,No és causa del  vianant,Car,Home,25,Driver,Desconegut                                                                                                                                            ,Unknown,Es desconeix,Ferit lleu: Amb assistència sanitària en lloc d'accident,426724.81 ,4581362.28,2.12257465,41.378599516
2023S006210    ,2,Eixample,5,el Fort Pienc,11200,Almogàvers,0069 0069,Friday,2023,10,October,20,Afternoon,18,No és causa del  vianant,Car,Home,39,Driver,Desconegut                                                                                                                                            ,Unknown,Es desconeix,Ferit lleu: Hospitalització fins a 24h,432118.05 ,4583103.43,2.186870951,41.394754921
2023S006211    ,4,Les Corts,19,les Corts,144601,Diagonal,0632 0632,Saturday,2023,10,October,21,Night,22,No és causa del  vianant,Motorcycle,Home,36,Driver,Desconegut                                                                                                                                            ,Unknown,Oci i entreteniment,Ferit lleu: Rebutja assistència sanitària,427954.95 ,4582701.1 ,2.137125048,41.390768909
2023S006212    ,10,Sant Martí,66,el Parc i la Llacuna del Poblenou,171400,Joan d'Àustria,0066 0066,Saturday,2023,10,October,21,Morning,7,Creuar per fora pas de vianants,Motorcycle,Home,27,Pedestrian,Fora del pas                                                                                                                                          ,Unknown,Unknown,Ferit lleu: Hospitalització fins a 24h,432493.9  ,4582916.47,2.191387295,41.393102678
2023S006212    ,10,Sant Martí,66,el Parc i la Llacuna del Poblenou,171400,Joan d'Àustria,0066 0066,Saturday,2023,10,October,21,Morning,7,Creuar per fora pas de vianants,Motorcycle,Home,32,Driver,Fora del pas                                                                                                                                          ,Unknown,In itínere,Ferit lleu: Hospitalització fins a 24h,432493.9  ,4582916.47,2.191387295,41.393102678
2023S006213    ,7,Horta-Guinardó,37,el Carmel,23108,Argimon,0002 0002,Saturday,2023,10,October,21,Morning,12,No és causa del  vianant,Car,Dona,77,Pedestrian,En pas sense regular                                                                                                                                  ,Oci i entreteniment,Unknown,Ferit lleu: Hospitalització fins a 24h,429620.17 ,4586757.45,2.156569075,41.427450486
2023S006214    ,2,Eixample,7,la Dreta de l'Eixample,28305,Ausiàs Marc,0009 0011,Saturday,2023,10,October,21,Morning,12,No és causa del  vianant,Motorcycle,Home,42,Driver,Desconegut                                                                                                                                            ,Unknown,Oci i entreteniment,Ferit lleu: Hospitalització fins a 24h,431034.58 ,4582582.63,2.17397109,41.389971994
2023S006215    ,2,Eixample,8,l'Antiga Esquerra de l'Eixample,245802,París,0149 0149,Friday,2023,10,October,20,Afternoon,21,No és causa del  vianant,Motorcycle,Home,33,Driver,Desconegut                                                                                                                                            ,Unknown,Es desconeix,Ferit lleu: Hospitalització fins a 24h,429078.41 ,4582782.78,2.150552064,41.391604474
2023S006216    ,5,Sarrià-Sant Gervasi,26,Sant Gervasi - Galvany,223606,Muntaner,0405 0405,Friday,2023,10,October,20,Afternoon,20,No és causa del  vianant,Car,Home,80,Driver,Desconegut                                                                                                                                            ,Unknown,Es desconeix,Ferit lleu: Hospitalització fins a 24h,428334.52 ,4583733.6 ,2.141542439,41.400102172
2023S006217    ,5,Sarrià-Sant Gervasi,25,Sant Gervasi - la Bonanova,701629,Isaac Newton,0007X0007X,Friday,2023,10,October,20,Afternoon,20,No és causa del  vianant,Motorcycle,Dona,36,Driver,Desconegut                                                                                                                                            ,Unknown,In itínere,Ferit lleu: Hospitalització fins a 24h,427350.84 ,4585168.98,2.12960359,41.412941704
2023S006218    ,6,Gràcia,31,la Vila de Gràcia,344101,Gràcia,0205 0205,Friday,2023,10,October,20,Afternoon,15,No és causa del  vianant,Bicicleta,Home,31,Driver,Desconegut                                                                                                                                            ,Unknown,Es desconeix,Ferit lleu: Hospitalització fins a 24h,429902.77 ,4584015.4 ,2.160268789,41.402778574
2023S006219    ,8,Nou Barris,44,Vilapicina i la Torre Llobeta,274505,Ramon Albó,0077S0077S,Friday,2023,10,October,20,Afternoon,19,No és causa del  vianant,Car,Dona,51,Pedestrian,En pas sense regular                                                                                                                                  ,Unknown,Unknown,Ferit lleu: Hospitalització fins a 24h,431320.66 ,4586759.12,2.176918321,41.4276128
2023S006220    ,2,Eixample,8,l'Antiga Esquerra de l'Eixample,289105,Rosselló,0144 0144,Saturday,2023,10,October,21,Morning,10,No és causa del  vianant,Ambulància,Home,58,Driver,Desconegut                                                                                                                                            ,Unknown,"Bombers, policia, ambulància",Ferit lleu: Hospitalització fins a 24h,429361.44 ,4582684.36,2.153948637,41.390742961
2023S006220    ,2,Eixample,8,l'Antiga Esquerra de l'Eixample,289105,Rosselló,0144 0144,Saturday,2023,10,October,21,Morning,10,No és causa del  vianant,Ambulància,Dona,49,Passatger,Desconegut                                                                                                                                            ,Unknown,Unknown,Ferit lleu: Hospitalització fins a 24h,429361.44 ,4582684.36,2.153948637,41.390742961
2023S006220    ,2,Eixample,8,l'Antiga Esquerra de l'Eixample,289105,Rosselló,0144 0144,Saturday,2023,10,October,21,Morning,10,No és causa del  vianant,Taxi,Home,55,Driver,Desconegut                                                                                                                                            ,Unknown,Taxi,Ferit lleu: Hospitalització fins a 24h,429361.44 ,4582684.36,2.153948637,41.390742961
2023S006223    ,10,Sant Martí,65,el Clot,191204,Mallorca,0622 0624,Friday,2023,10,October,20,Morning,13,No és causa del  vianant,Motorcycle,Home,33,Driver,Desconegut                                                                                                                                            ,Unknown,Oci i entreteniment,Ferit lleu: Hospitalització fins a 24h,432136.49 ,4585039.63,2.186874308,41.412195273
2023S006225    ,2,Eixample,5,el Fort Pienc,197302,Marina,0103 0103,Diumenge,2023,10,October,22,Night,0,No és causa del  vianant,Motorcycle,Home,52,Driver,Desconegut                                                                                                                                            ,Unknown,Oci i entreteniment,Ferit lleu: Rebutja assistència sanitària,432070.11 ,4583120.68,2.186295611,41.394906237
2023S006226    ,2,Eixample,7,la Dreta de l'Eixample,335100,Tetuan,0019 0020,Diumenge,2023,10,October,22,Night,2,No és causa del  vianant,Bus,Home,52,Driver,Desconegut                                                                                                                                            ,Unknown,Bus urbà,Ferit lleu: Amb assistència sanitària en lloc d'accident,431275.84 ,4583019.17,2.176806984,41.393924444
2023S006226    ,2,Eixample,7,la Dreta de l'Eixample,335100,Tetuan,0019 0020,Diumenge,2023,10,October,22,Night,2,No és causa del  vianant,Taxi,Dona,24,Passatger,Desconegut                                                                                                                                            ,Unknown,Unknown,Ferit lleu: Amb assistència sanitària en lloc d'accident,431275.84 ,4583019.17,2.176806984,41.393924444
2023S006226    ,2,Eixample,7,la Dreta de l'Eixample,335100,Tetuan,0019 0020,Diumenge,2023,10,October,22,Night,2,No és causa del  vianant,Taxi,Dona,27,Passatger,Desconegut                                                                                                                                            ,Unknown,Unknown,Ferit lleu: Amb assistència sanitària en lloc d'accident,431275.84 ,4583019.17,2.176806984,41.393924444
2023S006226    ,2,Eixample,7,la Dreta de l'Eixample,335100,Tetuan,0019 0020,Diumenge,2023,10,October,22,Night,2,No és causa del  vianant,Taxi,Home,25,Passatger,Desconegut                                                                                                                                            ,Unknown,Unknown,Ferit lleu: Amb assistència sanitària en lloc d'accident,431275.84 ,4583019.17,2.176806984,41.393924444
2023S006226    ,2,Eixample,7,la Dreta de l'Eixample,335100,Tetuan,0019 0020,Diumenge,2023,10,October,22,Night,2,No és causa del  vianant,Taxi,Home,26,Passatger,Desconegut                                                                                                                                            ,Unknown,Unknown,Ferit lleu: Amb assistència sanitària en lloc d'accident,431275.84 ,4583019.17,2.176806984,41.393924444
2023S006226    ,2,Eixample,7,la Dreta de l'Eixample,335100,Tetuan,0019 0020,Diumenge,2023,10,October,22,Night,2,No és causa del  vianant,Taxi,Home,57,Driver,Desconegut                                                                                                                                            ,Unknown,Taxi,Ferit lleu: Amb assistència sanitària en lloc d'accident,431275.84 ,4583019.17,2.176806984,41.393924444
2023S006227    ,2,Eixample,9,la Nova Esquerra de l'Eixample,169409,Corts Catalanes,0403 0403,Saturday,2023,10,October,21,Night,23,No és causa del  vianant,Motorcycle,Dona,18,Passatger,Desconegut                                                                                                                                            ,Unknown,Unknown,Ferit lleu: Amb assistència sanitària en lloc d'accident,429165.19 ,4581164.97,2.15177921,41.37704106
2023S006227    ,2,Eixample,9,la Nova Esquerra de l'Eixample,169409,Corts Catalanes,0403 0403,Saturday,2023,10,October,21,Night,23,No és causa del  vianant,Ciclomotor,Home,54,Driver,Desconegut                                                                                                                                            ,Unknown,In itínere,Ferit lleu: Hospitalització fins a 24h,429165.19 ,4581164.97,2.15177921,41.37704106
2023S006227    ,2,Eixample,9,la Nova Esquerra de l'Eixample,169409,Corts Catalanes,0403 0403,Saturday,2023,10,October,21,Night,23,No és causa del  vianant,Motorcycle,Home,18,Driver,Desconegut                                                                                                                                            ,Unknown,Oci i entreteniment,Ferit lleu: Amb assistència sanitària en lloc d'accident,429165.19 ,4581164.97,2.15177921,41.37704106
2023S006228    ,2,Eixample,6,la Sagrada Família,191204,Mallorca,0420 0420,Diumenge,2023,10,October,22,Morning,11,No és causa del  vianant,Bus,Dona,82,Passatger,Desconegut                                                                                                                                            ,Unknown,Unknown,Ferit lleu: Hospitalització fins a 24h,431183.42 ,4584096   ,2.175579115,41.403615214
2023S006229    ,3,Sants-Montjuïc,13,la Marina de Port,135203,Foc,0097B0097B,Diumenge,2023,10,October,22,Morning,11,No és causa del  vianant,Furgoneta,Dona,37,Passatger,Desconegut                                                                                                                                            ,Unknown,Unknown,Ferit lleu: Hospitalització fins a 24h,428520.33 ,4579166.63,2.144303992,41.358985618
2023S006230    ,9,Sant Andreu,63,Navas,194508,Maragall,0024 0025,Diumenge,2023,10,October,22,Morning,11,No és causa del  vianant,Motorcycle,Home,20,Driver,Desconegut                                                                                                                                            ,Unknown,Es desconeix,Ferit lleu: Amb assistència sanitària en lloc d'accident,431646.12 ,4585862.16,2.180914506,41.419561957
2023S006231    ,4,Les Corts,19,les Corts,701433,Mig (Ascendent),000290000,Diumenge,2023,10,October,22,Morning,12,No és causa del  vianant,Motorcycle,Home,68,Driver,Desconegut                                                                                                                                            ,Unknown,Oci i entreteniment,Ferit lleu: Hospitalització fins a 24h,427204.24 ,4582645.62,2.128153264,41.390201593
2023S006232    ,5,Sarrià-Sant Gervasi,26,Sant Gervasi - Galvany,223606,Muntaner,0452 0454,Diumenge,2023,10,October,22,Morning,13,No és causa del  vianant,Motorcycle,Home,69,Driver,Desconegut                                                                                                                                            ,Unknown,Es desconeix,Ferit lleu: Hospitalització fins a 24h,428172.44 ,4583900.58,2.139583866,41.401591625
2023S006233    ,6,Gràcia,32,el Camp d'en Grassot i Gràcia Nova,297001,Sant Antoni Maria Claret,0020 0020,Diumenge,2023,10,October,22,Afternoon,14,No és causa del  vianant,Veh. mobilitat personal amb motor,Home,33,Driver,Desconegut                                                                                                                                            ,Unknown,Oci i entreteniment,Ferit lleu: Amb assistència sanitària en lloc d'accident,430228.01 ,4584092.68,2.164150481,41.403502916
2023S006235    ,2,Eixample,5,el Fort Pienc,169409,Corts Catalanes,0796 0796,Diumenge,2023,10,October,22,Afternoon,15,No és causa del  vianant,Motorcycle,Home,42,Driver,Desconegut                                                                                                                                            ,Unknown,Es desconeix,Ferit lleu: Amb assistència sanitària en lloc d'accident,431795.59 ,4583700.65,2.182946745,41.400106611
2023S006237    ,2,Eixample,7,la Dreta de l'Eixample,169409,Corts Catalanes,0685 0685,Diumenge,2023,10,October,22,Afternoon,17,No és causa del  vianant,Bicicleta,Home,19,Driver,Desconegut                                                                                                                                            ,Unknown,Altres activitats,Ferit lleu: Hospitalització fins a 24h,431363.28 ,4583313.93,2.177819397,41.396586731
2023S006238    ,3,Sants-Montjuïc,11,el Poble-sec,701266,Litoral (Llobregat),001310000,Dilluns,2023,10,October,23,Morning,7,No és causa del  vianant,Motorcycle,Dona,27,Driver,Desconegut                                                                                                                                            ,Unknown,In itínere,Ferit lleu: Amb assistència sanitària en lloc d'accident,430515.24 ,4579432.98,2.168121075,41.361559281
2023S006238    ,3,Sants-Montjuïc,11,el Poble-sec,701266,Litoral (Llobregat),001310000,Dilluns,2023,10,October,23,Morning,7,No és causa del  vianant,Motorcycle,Home,35,Driver,Desconegut                                                                                                                                            ,Unknown,In itínere,Ferit greu: hospitalització superior a 24h,430515.24 ,4579432.98,2.168121075,41.361559281
2023S006239    ,10,Sant Martí,66,el Parc i la Llacuna del Poblenou,144601,Diagonal,0191 0191,Dilluns,2023,10,October,23,Morning,8,No és causa del  vianant,Bicicleta,Dona,49,Pedestrian,A la vorera / Andana                                                                                                                                  ,In itinere,Unknown,Ferit lleu: Hospitalització fins a 24h,432583.89 ,4584179.92,2.192322861,41.404489785
2023S006239    ,10,Sant Martí,66,el Parc i la Llacuna del Poblenou,144601,Diagonal,0191 0191,Dilluns,2023,10,October,23,Morning,8,No és causa del  vianant,Bicicleta,Home,47,Driver,A la vorera / Andana                                                                                                                                  ,Unknown,In itínere,Ferit lleu: Rebutja assistència sanitària,432583.89 ,4584179.92,2.192322861,41.404489785
2023S006240    ,2,Eixample,8,l'Antiga Esquerra de l'Eixample,144601,Diagonal,0461 0461,Dilluns,2023,10,October,23,Morning,9,No és causa del  vianant,Motorcycle,Dona,35,Driver,Desconegut                                                                                                                                            ,Unknown,In itínere,Ferit lleu: Hospitalització fins a 24h,428859.39 ,4582978.78,2.147909514,41.393350422
2023S006241    ,1,Ciutat Vella,4,"Sant Pere, Santa Caterina i la Ribera",206800,Sant Pere Mitjà,0072 0072,Dilluns,2023,10,October,23,Morning,9,No és causa del  vianant,Bicicleta,Home,30,Driver,Desconegut                                                                                                                                            ,Unknown,Es desconeix,Ferit lleu: Hospitalització fins a 24h,431452.13 ,4582500.98,2.178974213,41.389272309
2023S006242    ,9,Sant Andreu,61,la Sagrera,209900,Meridiana,0320B0320B,Dilluns,2023,10,October,23,Morning,10,No és causa del  vianant,Bus,Dona,70,Passatger,Desconegut                                                                                                                                            ,Unknown,Unknown,Ferit lleu: Hospitalització fins a 24h,432151.08 ,4586459.74,2.18688947,41.424986994
2023S006243    ,10,Sant Martí,67,la Vila Olímpica del Poblenou,62609,Icària,0108U0108U,Dilluns,2023,10,October,23,Morning,7,Desobeir el senyal del semàfor,Bicicleta,Dona,21,Pedestrian,En pas regulat per semàfor                                                                                                                            ,In itinere,Unknown,Ferit lleu: Rebutja assistència sanitària,432581.53 ,4582256.41,2.192508909,41.387165041
2023S006243    ,10,Sant Martí,67,la Vila Olímpica del Poblenou,62609,Icària,0108U0108U,Dilluns,2023,10,October,23,Morning,7,Desobeir el senyal del semàfor,Bicicleta,Dona,34,Driver,En pas regulat per semàfor                                                                                                                            ,Unknown,In itínere,Ferit lleu: Hospitalització fins a 24h,432581.53 ,4582256.41,2.192508909,41.387165041
2023S006244    ,4,Les Corts,19,les Corts,219100,Montnegre,0042B0042B,Dilluns,2023,10,October,23,Morning,13,No és causa del  vianant,Ciclomotor,Dona,61,Driver,Desconegut                                                                                                                                            ,Unknown,Oci i entreteniment,Ferit lleu: Amb assistència sanitària en lloc d'accident,428167.54 ,4582411.94,2.13970193,41.388183578
2023S006245    ,2,Eixample,7,la Dreta de l'Eixample,148307,Gràcia,0034S0034S,Dilluns,2023,10,October,23,Morning,12,No és causa del  vianant,Veh. mobilitat personal amb motor,Dona,33,Driver,Desconegut                                                                                                                                            ,Unknown,Es desconeix,Ferit lleu: Hospitalització fins a 24h,430456.33 ,4582637.21,2.167048993,41.390413762
2023S006246    ,5,Sarrià-Sant Gervasi,26,Sant Gervasi - Galvany,214106,Modolell,0080 0080,Dilluns,2023,10,October,23,Morning,12,No és causa del  vianant,Motorcycle,Home,51,Driver,Desconegut                                                                                                                                            ,Unknown,Es desconeix,Ferit lleu: Hospitalització fins a 24h,428014.08 ,4583986.13,2.137679391,41.402347969
2023S006247    ,7,Horta-Guinardó,33,el Baix Guinardó,76807,Sardenya,0516 0516,Dilluns,2023,10,October,23,Morning,13,Creuar per fora pas de vianants,Veh. mobilitat personal amb motor,Home,17,Driver,Fora del pas                                                                                                                                          ,Unknown,Es desconeix,Ferit lleu: Amb assistència sanitària en lloc d'accident,430159.43 ,4584971.45,2.16322863,41.411411733
2023S006248    ,8,Nou Barris,48,la Guineueta,351901,Valldaura,0175 0175,Dilluns,2023,10,October,23,Afternoon,14,No és causa del  vianant,Bus,Dona,75,Passatger,Desconegut                                                                                                                                            ,Unknown,Unknown,Ferit lleu: Hospitalització fins a 24h,431013.11 ,4587997.66,2.173096469,41.438741508
2023S006249    ,2,Eixample,7,la Dreta de l'Eixample,305100,Sant Joan,0089 0089,Dilluns,2023,10,October,23,Afternoon,14,Desobeir el senyal del semàfor,Bicicleta,Dona,27,Pedestrian,En pas regulat per semàfor                                                                                                                            ,Oci i entreteniment,Unknown,Ferit lleu: Hospitalització fins a 24h,431449.51 ,4582794.46,2.178909644,41.391915376
2023S006250    ,10,Sant Martí,73,la Verneda i la Pau,318906,Santander,0050 0056,Dilluns,2023,10,October,23,Afternoon,14,No és causa del  vianant,Car,Home,26,Driver,Desconegut                                                                                                                                            ,Unknown,Es desconeix,Ferit lleu: Hospitalització fins a 24h,433475.99 ,4586760.69,2.202710787,41.427808435
2023S006251    ,5,Sarrià-Sant Gervasi,26,Sant Gervasi - Galvany,28000,Augusta,0225 0227,Dilluns,2023,10,October,23,Afternoon,14,No és causa del  vianant,Motorcycle,Home,18,Driver,Desconegut                                                                                                                                            ,Unknown,Es desconeix,Ferit lleu: Amb assistència sanitària en lloc d'accident,427922.84 ,4583466.22,2.1366499,41.397657168
2023S006252    ,2,Eixample,7,la Dreta de l'Eixample,232902,Urquinaona,9999 9999,Dilluns,2023,10,October,23,Afternoon,17,No és causa del  vianant,Motorcycle,Home,62,Driver,Desconegut                                                                                                                                            ,Unknown,In itínere,Ferit lleu: Hospitalització fins a 24h,430893.56 ,4582453.62,2.172299226,41.388797929
2023S006253    ,9,Sant Andreu,59,el Bon Pastor,701265,Litoral (Besòs),000180000,Dilluns,2023,10,October,23,Afternoon,19,No és causa del  vianant,Car,Dona,51,Driver,Desconegut                                                                                                                                            ,Unknown,Es desconeix,Ferit lleu: Hospitalització fins a 24h,433925.28 ,4588192.74,2.207930773,41.440743599
2023S006254    ,4,Les Corts,20,la Maternitat i Sant Ramon,144601,Diagonal,0649 0651,Dilluns,2023,10,October,23,Afternoon,19,No és causa del  vianant,Motorcycle,Home,59,Driver,Desconegut                                                                                                                                            ,Unknown,Es desconeix,Ferit lleu: Hospitalització fins a 24h,425818.02 ,4582082.48,2.111643341,41.385002917
2023S006255    ,9,Sant Andreu,59,el Bon Pastor,18902,Arbeca,0027 0027,Dilluns,2023,10,October,23,Afternoon,19,No és causa del  vianant,Motorcycle,Dona,23,Driver,Desconegut                                                                                                                                            ,Unknown,Altres activitats,Ferit lleu: Hospitalització fins a 24h,433947.25 ,4587992.72,2.20821562,41.438943888
2023S006255    ,9,Sant Andreu,59,el Bon Pastor,18902,Arbeca,0027 0027,Dilluns,2023,10,October,23,Afternoon,19,No és causa del  vianant,Motorcycle,Home,30,Driver,Desconegut                                                                                                                                            ,Unknown,Altres activitats,Ferit lleu: Amb assistència sanitària en lloc d'accident,433947.25 ,4587992.72,2.20821562,41.438943888
2023S006256    ,6,Gràcia,31,la Vila de Gràcia,144601,Diagonal,0478 0480,Dilluns,2023,10,October,23,Afternoon,20,No és causa del  vianant,Motorcycle,Home,23,Driver,Desconegut                                                                                                                                            ,Unknown,Es desconeix,Ferit lleu: Hospitalització fins a 24h,429514.18 ,4583218.13,2.155713254,41.395563851
2023S006257    ,2,Eixample,9,la Nova Esquerra de l'Eixample,362001,Vilamarí,0120 0120,Dimarts,2023,10,October,24,Night,0,No és causa del  vianant,Bicicleta,Dona,38,Pedestrian,En pas sense regular                                                                                                                                  ,Unknown,Unknown,Ferit lleu: Hospitalització fins a 24h,428782.6  ,4581555.77,2.147158445,41.380527075
2023S006258    ,1,Ciutat Vella,1,el Raval,250904,Pelai,0058 0058,Dimarts,2023,10,October,24,Morning,8,No és causa del  vianant,Ciclomotor,Dona,54,Driver,Desconegut                                                                                                                                            ,Unknown,In itínere,Ferit lleu: Amb assistència sanitària en lloc d'accident,430626.85 ,4582082.01,2.169152029,41.385427979
2023S006259    ,2,Eixample,9,la Nova Esquerra de l'Eixample,361406,Viladomat,0157 0159,Dimarts,2023,10,October,24,Morning,8,No és causa del  vianant,Motorcycle,Home,52,Driver,Desconegut                                                                                                                                            ,Unknown,Es desconeix,Ferit lleu: Hospitalització fins a 24h,429339.61 ,4581767.27,2.153794574,41.382481122
2023S006260    ,3,Sants-Montjuïc,13,la Marina de Port,160903,Ildefons Cerdà,0003 0003,Dimarts,2023,10,October,24,Morning,11,No és causa del  vianant,Bus,Dona,42,Passatger,Desconegut                                                                                                                                            ,Unknown,Unknown,Ferit lleu: Amb assistència sanitària en lloc d'accident,427786.74 ,4579747.41,2.135465365,41.364151013
2023S006260    ,3,Sants-Montjuïc,13,la Marina de Port,160903,Ildefons Cerdà,0003 0003,Dimarts,2023,10,October,24,Morning,11,No és causa del  vianant,Bus,Dona,63,Passatger,Desconegut                                                                                                                                            ,Unknown,Unknown,Ferit lleu: Amb assistència sanitària en lloc d'accident,427786.74 ,4579747.41,2.135465365,41.364151013