Case_Number,District_Code,District_Name,Neighborhood_Code,Neighborhood_Name,Street_Code,Street_Name,Postal_Code,Day_of_Week,Year,Month_Code,Month_Name,Day_of_Month,Shift_Description,Hour_of_Day,Pedestrian_Cause_Description,Involved_Vehicle_Type,Gender_Description,Age,Person_Type_Description,Pedestrian_Accident_Location_Description,Pedestrian_Movement_Reason_Description,Driver_Movement_Reason_Description,Victimization_Description,UTM_X_Coordinate,UTM_Y_Coordinate,Longitude,Latitude
2023S006260    ,3,Sants-Montjuïc,13,la Marina de Port,160903,Ildefons Cerdà,0003 0003,Dimarts,2023,10,October,24,Morning,11,No és causa del  vianant,Bus,Home,1,Passatger,Desconegut                                                                                                                                            ,Unknown,Unknown,Ferit lleu: Hospitalització fins a 24h,427786.74 ,4579747.41,2.135465365,41.364151013
2023S006260    ,3,Sants-Montjuïc,13,la Marina de Port,160903,Ildefons Cerdà,0003 0003,Dimarts,2023,10,October,24,Morning,11,No és causa del  vianant,Bus,Home,47,Passatger,Desconegut                                                                                                                                            ,Unknown,Unknown,Ferit lleu: Amb assistència sanitària en lloc d'accident,427786.74 ,4579747.41,2.135465365,41.364151013
2023S006261    ,7,Horta-Guinardó,43,Horta,700651,Estatut de Catalunya,0002 0014,Dimarts,2023,10,October,24,Morning,11,No és causa del  vianant,Motorcycle,Home,69,Driver,Desconegut                                                                                                                                            ,Unknown,Es desconeix,Ferit lleu: Hospitalització fins a 24h,429623.98 ,4587069.68,2.1565783,41.430262952
2023S006262    ,10,Sant Martí,64,el Camp de l'Arpa del Clot,161101,Independència,0305 0305,Dimarts,2023,10,October,24,Morning,11,Creuar per fora pas de vianants,Motorcycle,Home,84,Pedestrian,Fora del pas                                                                                                                                          ,Altres activitats,Unknown,Ferit greu: hospitalització superior a 24h,431748.64 ,4584647.26,2.182278336,41.408628456
2023S006262    ,10,Sant Martí,64,el Camp de l'Arpa del Clot,161101,Independència,0305 0305,Dimarts,2023,10,October,24,Morning,11,Creuar per fora pas de vianants,Motorcycle,Home,50,Driver,Fora del pas                                                                                                                                          ,Unknown,Es desconeix,Ferit lleu: Hospitalització fins a 24h,431748.64 ,4584647.26,2.182278336,41.408628456
2023S006263    ,2,Eixample,9,la Nova Esquerra de l'Eixample,54509,Calàbria,0270 0270,Dimarts,2023,10,October,24,Morning,9,No és causa del  vianant,Motorcycle,Home,28,Driver,Desconegut                                                                                                                                            ,Unknown,Es desconeix,Ferit lleu: Hospitalització fins a 24h,428600.61 ,4582312.9 ,2.144892918,41.387330139
2023S006264    ,4,Les Corts,21,Pedralbes,215302,Monestir,0003 0003,Dimarts,2023,10,October,24,Morning,12,No és causa del  vianant,Car,Home,82,Driver,Desconegut                                                                                                                                            ,Unknown,Es desconeix,Ferit greu: hospitalització superior a 24h,426026.63 ,4583387.62,2.113978594,41.396776959
2023S006265    ,7,Horta-Guinardó,33,el Baix Guinardó,68900,Cartagena,0371 0371,Dimarts,2023,10,October,24,Morning,12,No és causa del  vianant,Car,Dona,42,Passatger,Desconegut                                                                                                                                            ,Unknown,Unknown,Ferit lleu: Hospitalització fins a 24h,430954.03 ,4585307.98,2.172696686,41.414511439
2023S006265    ,7,Horta-Guinardó,33,el Baix Guinardó,68900,Cartagena,0371 0371,Dimarts,2023,10,October,24,Morning,12,No és causa del  vianant,Car,Home,47,Driver,Desconegut                                                                                                                                            ,Unknown,Es desconeix,Ferit lleu: Hospitalització fins a 24h,430954.03 ,4585307.98,2.172696686,41.414511439
2023S006266    ,2,Eixample,8,l'Antiga Esquerra de l'Eixample,110304,Enric Granados,0095 0095,Dimarts,2023,10,October,24,Morning,11,Desobeir el senyal del semàfor,Bicicleta,Dona,26,Driver,En pas regulat per semàfor                                                                                                                            ,Unknown,Es desconeix,Ferit lleu: Amb assistència sanitària en lloc d'accident,429553.08 ,4582871.6 ,2.156218866,41.392446185
2023S006267    ,10,Sant Martí,68,el Poblenou,270901,Pujades,0226B0226B,Dimarts,2023,10,October,24,Morning,13,No és causa del  vianant,Bicicleta,Home,26,Driver,Desconegut                                                                                                                                            ,Unknown,Es desconeix,Ferit lleu: Hospitalització fins a 24h,433463.9  ,4584041.83,2.202865326,41.403319401
2023S006268    ,4,Les Corts,19,les Corts,144601,Diagonal,0662 0664,Dimarts,2023,10,October,24,Afternoon,14,No és causa del  vianant,Motorcycle,Home,57,Driver,Desconegut                                                                                                                                            ,Unknown,Es desconeix,Ferit lleu: Hospitalització fins a 24h,427256.75 ,4582543.5 ,2.128793545,41.389286592
2023S006270    ,2,Eixample,7,la Dreta de l'Eixample,350308,València,0355 0355,Dilluns,2023,10,October,23,Afternoon,17,No és causa del  vianant,Motorcycle,Dona,49,Driver,Desconegut                                                                                                                                            ,Unknown,Oci i entreteniment,Ferit lleu: Hospitalització fins a 24h,430786.51 ,4583519.87,2.170897011,41.398392104
2023S006271    ,9,Sant Andreu,63,Navas,297001,Sant Antoni Maria Claret,0273 0275,Dimarts,2023,10,October,24,Afternoon,17,No és causa del  vianant,Car,Home,13,Pedestrian,En pas regulat per semàfor                                                                                                                            ,Unknown,Unknown,Ferit lleu: Hospitalització fins a 24h,431847.79 ,4585680.09,2.183348094,41.417939252
2023S006272    ,4,Les Corts,21,Pedralbes,333400,González Tablas,0021 0021,Dimarts,2023,10,October,24,Afternoon,14,No és causa del  vianant,Motorcycle,Home,21,Driver,Desconegut                                                                                                                                            ,Unknown,Oci i entreteniment,Ferit lleu: Hospitalització fins a 24h,425519.55 ,4582221.75,2.10805686,41.386229668
2023S006273    ,2,Eixample,10,Sant Antoni,361406,Viladomat,0043 0043B,Dimarts,2023,10,October,24,Afternoon,15,No és causa del  vianant,Motorcycle,Dona,31,Driver,Desconegut                                                                                                                                            ,Unknown,Es desconeix,Ferit lleu: Hospitalització fins a 24h,429899.83 ,4581162.21,2.160564004,41.37708057
2023S006274    ,10,Sant Martí,71,Provençals del Poblenou,30409,Bac de Roda,0119X0119X,Dimarts,2023,10,October,24,Afternoon,17,No és causa del  vianant,Motorcycle,Home,31,Driver,Desconegut                                                                                                                                            ,Unknown,In itínere,Ferit lleu: Amb assistència sanitària en lloc d'accident,433417.82 ,4584654.75,2.202246628,41.408835996
2023S006275    ,3,Sants-Montjuïc,12,la Marina del Prat Vermell,180,A Zona Franca,0037 0037,Dimarts,2023,10,October,24,Afternoon,16,No és causa del  vianant,Motorcycle,Dona,48,Driver,Desconegut                                                                                                                                            ,Unknown,In itínere,Ferit lleu: Hospitalització fins a 24h,427850.19 ,4575960.27,2.136674286,41.330047132
2023S006276    ,10,Sant Martí,64,el Camp de l'Arpa del Clot,161407,Indústria,0223 0225,Dimarts,2023,10,October,24,Afternoon,18,No és causa del  vianant,Motorcycle,Home,31,Driver,Desconegut                                                                                                                                            ,Unknown,Es desconeix,Ferit lleu: Hospitalització fins a 24h,431372.38 ,4585035.95,2.177732887,41.412097208
2023S006277    ,9,Sant Andreu,62,el Congrés i els Indians,194406,Maragall,0124 0128,Dimarts,2023,10,October,24,Afternoon,18,No és causa del  vianant,Motorcycle,Home,42,Driver,Desconegut                                                                                                                                            ,Unknown,Oci i entreteniment,Ferit lleu: Hospitalització fins a 24h,431538.99 ,4586117.86,2.179603693,41.421855836
2023S006278    ,9,Sant Andreu,57,la Trinitat Vella,701501,B-20 (Llobregat),001650000,Dimarts,2023,10,October,24,Afternoon,18,No és causa del  vianant,Car,Home,38,Driver,Desconegut                                                                                                                                            ,Unknown,Es desconeix,Ferit lleu: Hospitalització fins a 24h,432839.5  ,4589349.92,2.19480597,41.451075788
2023S006279    ,2,Eixample,7,la Dreta de l'Eixample,74404,Catalunya,0001S0001S,Dimarts,2023,10,October,24,Afternoon,21,No és causa del  vianant,Bus,Dona,56,Passatger,Desconegut                                                                                                                                            ,Unknown,Unknown,Ferit lleu: Hospitalització fins a 24h,430704.97 ,4582088.39,2.170085544,41.385492178
2023S006280    ,2,Eixample,6,la Sagrada Família,73900,Castillejos,0292 0292,Dimarts,2023,10,October,24,Afternoon,17,No és causa del  vianant,Motorcycle,Home,36,Driver,Desconegut                                                                                                                                            ,Unknown,In itínere,Ferit lleu: Hospitalització fins a 24h,431274.06 ,4584558.52,2.176610842,41.407788743
2023S006281    ,2,Eixample,7,la Dreta de l'Eixample,74506,Catalunya,0038 0038,Dimarts,2023,10,October,24,Afternoon,19,No és causa del  vianant,Car,Dona,39,Driver,Desconegut                                                                                                                                            ,Unknown,Oci i entreteniment,Ferit lleu: Amb assistència sanitària en lloc d'accident,430302.22 ,4582592.22,2.165211017,41.389995205
2023S006282    ,3,Sants-Montjuïc,18,Sants,227800,Nicaragua,0021 0021,Dimarts,2023,10,October,24,Afternoon,19,No és causa del  vianant,Motorcycle,Home,32,Driver,Desconegut                                                                                                                                            ,Unknown,In itínere,Ferit lleu: Hospitalització fins a 24h,428387.79 ,4581767.46,2.142412231,41.382398629
2023S006283    ,4,Les Corts,20,la Maternitat i Sant Ramon,701434,Mig (Descendent),000230000,Dimarts,2023,10,October,24,Afternoon,16,No és causa del  vianant,Motorcycle,Home,52,Driver,Desconegut                                                                                                                                            ,Unknown,Es desconeix,Ferit lleu: Hospitalització fins a 24h,427119.02 ,4582149.08,2.127193816,41.385721735
2023S006284    ,2,Eixample,10,Sant Antoni,114000,Espanya,0001 0001,Dimarts,2023,10,October,24,Afternoon,20,No és causa del  vianant,Autobús articulat,Dona,51,Passatger,Desconegut                                                                                                                                            ,Unknown,Unknown,Ferit lleu: Amb assistència sanitària en lloc d'accident,428875.86 ,4580985.95,2.148340565,41.375403152
2023S006284    ,2,Eixample,10,Sant Antoni,114000,Espanya,0001 0001,Dimarts,2023,10,October,24,Afternoon,20,No és causa del  vianant,Autobús articulat,Dona,58,Passatger,Desconegut                                                                                                                                            ,Unknown,Unknown,Ferit lleu: Hospitalització fins a 24h,428875.86 ,4580985.95,2.148340565,41.375403152
2023S006284    ,2,Eixample,10,Sant Antoni,114000,Espanya,0001 0001,Dimarts,2023,10,October,24,Afternoon,20,No és causa del  vianant,Autobús articulat,Dona,8,Passatger,Desconegut                                                                                                                                            ,Unknown,Unknown,Ferit lleu: Amb assistència sanitària en lloc d'accident,428875.86 ,4580985.95,2.148340565,41.375403152
2023S006285    ,7,Horta-Guinardó,35,el Guinardó,310008,Sant Quintí,0138 0140,Dimecres,2023,10,October,25,Night,0,No és causa del  vianant,Motorcycle,Home,33,Driver,Desconegut                                                                                                                                            ,Unknown,Oci i entreteniment,Ferit lleu: Hospitalització fins a 24h,431103.41 ,4585525.09,2.174459194,41.416479704
2023S006287    ,6,Gràcia,31,la Vila de Gràcia,306306,Sant Lluís,0055 0055,Dimarts,2023,10,October,24,Night,23,No és causa del  vianant,Veh. mobilitat personal amb motor,Home,32,Driver,Desconegut                                                                                                                                            ,Unknown,Oci i entreteniment,Ferit lleu: Hospitalització fins a 24h,429941.66 ,4584339.31,2.160696489,41.40569931
2023S006288    ,2,Eixample,5,el Fort Pienc,18505,Aragó,0424 0424,Friday,2023,9,September,29,Afternoon,21,No és causa del  vianant,Motorcycle,Home,44,Driver,Desconegut                                                                                                                                            ,Unknown,Oci i entreteniment,Ferit lleu: Amb assistència sanitària en lloc d'accident,431156.8  ,4583673.69,2.175308728,41.399809319
2023S006289    ,4,Les Corts,19,les Corts,144601,Diagonal,0579 0587,Dimarts,2023,10,October,24,Afternoon,20,No és causa del  vianant,Motorcycle,Dona,23,Passatger,Desconegut                                                                                                                                            ,Unknown,Unknown,Ferit lleu: Hospitalització fins a 24h,427575.97 ,4582577.49,2.13260725,41.389621548
2023S006289    ,4,Les Corts,19,les Corts,144601,Diagonal,0579 0587,Dimarts,2023,10,October,24,Afternoon,20,No és causa del  vianant,Motorcycle,Home,23,Driver,Desconegut                                                                                                                                            ,Unknown,Es desconeix,Ferit lleu: Hospitalització fins a 24h,427575.97 ,4582577.49,2.13260725,41.389621548
2023S006290    ,2,Eixample,7,la Dreta de l'Eixample,148307,Gràcia,0080 0080,Dimecres,2023,10,October,25,Morning,7,No és causa del  vianant,Motorcycle,Dona,38,Driver,Desconegut                                                                                                                                            ,Unknown,In itínere,Ferit lleu: Amb assistència sanitària en lloc d'accident,430097.2  ,4583030.1 ,2.16270843,41.393921246
2023S006291    ,3,Sants-Montjuïc,11,el Poble-sec,198804,Paral·lel,0065 0065,Dimecres,2023,10,October,25,Morning,7,No és causa del  vianant,Car,Dona,52,Driver,Desconegut                                                                                                                                            ,Unknown,In itínere,Ferit lleu: Amb assistència sanitària en lloc d'accident,430579.43 ,4580900.6 ,2.168720337,41.374783272
2023S006292    ,-1,Unknown,-1,Unknown,-1,Unknown,Unknown,Dimarts,2023,10,October,24,Afternoon,16,No és causa del  vianant,Veh. mobilitat personal amb motor,Home,51,Driver,Desconegut                                                                                                                                            ,Unknown,Es desconeix,Ferit lleu: Hospitalització fins a 24h,431937.47 ,4583875.38,2.184624233,41.401692383
2023S006292    ,-1,Unknown,-1,Unknown,-1,Unknown,Unknown,Dimarts,2023,10,October,24,Afternoon,16,No és causa del  vianant,Veh. mobilitat personal amb motor,Home,70,Driver,Desconegut                                                                                                                                            ,Unknown,Es desconeix,Ferit lleu: Amb assistència sanitària en lloc d'accident,431937.47 ,4583875.38,2.184624233,41.401692383
2023S006293    ,7,Horta-Guinardó,43,Horta,352507,Vall d'Hebron,0312 0312,Dimecres,2023,10,October,25,Morning,9,No és causa del  vianant,Motorcycle,Home,24,Driver,Desconegut                                                                                                                                            ,Unknown,Es desconeix,Ferit greu: hospitalització superior a 24h,428892.22 ,4587671.4 ,2.147750308,41.435617904
2023S006294    ,10,Sant Martí,64,el Camp de l'Arpa del Clot,297001,Sant Antoni Maria Claret,0286 0286,Dimecres,2023,10,October,25,Morning,11,No és causa del  vianant,Motorcycle,Home,41,Driver,Desconegut                                                                                                                                            ,Unknown,Es desconeix,Mort (dins 24h posteriors accident),431373.14 ,4585218.56,2.177721255,41.413741982
2023S006295    ,6,Gràcia,28,Vallcarca i els Penitents,158107,Vallcarca,0096 0096,Dimecres,2023,10,October,25,Morning,9,No és causa del  vianant,Motorcycle,Dona,31,Driver,Desconegut                                                                                                                                            ,Unknown,Es desconeix,Ferit lleu: Hospitalització fins a 24h,428677.35 ,4585009.31,2.145492856,41.411622499
2023S006296    ,2,Eixample,7,la Dreta de l'Eixample,90502,Còrsega,0285 0287,Dimecres,2023,10,October,25,Morning,12,No és causa del  vianant,Motorcycle,Home,24,Driver,Desconegut                                                                                                                                            ,Unknown,In itínere,Ferit lleu: Hospitalització fins a 24h,429554.34 ,4583063.6 ,2.156211591,41.394175574
2023S006297    ,8,Nou Barris,53,la Trinitat Nova,701432,C-17 (Barcelona),000030000,Dimecres,2023,10,October,25,Morning,9,No és causa del  vianant,Motorcycle,Home,28,Driver,Desconegut                                                                                                                                            ,Unknown,Es desconeix,Ferit lleu: Hospitalització fins a 24h,432372.37 ,4589641.97,2.189181132,41.453666931
2023S006298    ,2,Eixample,10,Sant Antoni,110803,Entença,0051 0051,Dimecres,2023,10,October,25,Morning,12,No és causa del  vianant,Motorcycle,Dona,51,Driver,Desconegut                                                                                                                                            ,Unknown,In itínere,Ferit lleu: Hospitalització fins a 24h,429285.49 ,4581216.87,2.153211639,41.377519093
2023S006299    ,-1,Unknown,-1,Unknown,-1,Unknown,Unknown,Dimecres,2023,10,October,25,Morning,12,No és causa del  vianant,Motorcycle,Dona,52,Passatger,Desconegut                                                                                                                                            ,Unknown,Unknown,Ferit lleu: Amb assistència sanitària en lloc d'accident,432727.25 ,4588841.54,2.193518864,41.446487579
2023S006299    ,-1,Unknown,-1,Unknown,-1,Unknown,Unknown,Dimecres,2023,10,October,25,Morning,12,No és causa del  vianant,Motorcycle,Home,68,Driver,Desconegut                                                                                                                                            ,Unknown,Oci i entreteniment,Ferit lleu: Amb assistència sanitària en lloc d'accident,432727.25 ,4588841.54,2.193518864,41.446487579
2023S006300    ,10,Sant Martí,65,el Clot,18505,Aragó,0538 0538,Dimecres,2023,10,October,25,Afternoon,14,No és causa del  vianant,Veh. mobilitat personal amb motor,Dona,28,Driver,Desconegut                                                                                                                                            ,Unknown,In itínere,Ferit lleu: Hospitalització fins a 24h,431862.75 ,4584367.6 ,2.183674983,41.40611933
2023S006301    ,5,Sarrià-Sant Gervasi,26,Sant Gervasi - Galvany,223606,Muntaner,0239 0253,Dimecres,2023,10,October,25,Morning,13,No és causa del  vianant,Motorcycle,Home,44,Driver,Desconegut                                                                                                                                            ,Unknown,Oci i entreteniment,Ferit lleu: Rebutja assistència sanitària,428891.48 ,4583151.25,2.148273064,41.394906637
2023S006302    ,7,Horta-Guinardó,33,el Baix Guinardó,335406,Thous,0020 0020,Dimecres,2023,10,October,25,Morning,13,No és causa del  vianant,Motorcycle,Dona,37,Driver,Desconegut                                                                                                                                            ,Unknown,Es desconeix,Ferit lleu: Hospitalització fins a 24h,430520.68 ,4585220.13,2.167521997,41.413682835
2023S006303    ,3,Sants-Montjuïc,12,la Marina del Prat Vermell,701265,Litoral (Besòs),001530000,Dimecres,2023,10,October,25,Afternoon,15,No és causa del  vianant,Motorcycle,Dona,33,Driver,Desconegut                                                                                                                                            ,Unknown,Oci i entreteniment,Ferit lleu: Amb assistència sanitària en lloc d'accident,428296.55 ,4577849.21,2.141784635,41.347100121
2023S006304    ,3,Sants-Montjuïc,12,la Marina del Prat Vermell,78802,Cisell,0010U0010U,Dimecres,2023,10,October,25,Afternoon,16,No és causa del  vianant,Motorcycle,Dona,56,Driver,Desconegut                                                                                                                                            ,Unknown,Es desconeix,Ferit lleu: Hospitalització fins a 24h,428434.43 ,4578635.81,2.143339773,41.354197055
2023S006305    ,3,Sants-Montjuïc,12,la Marina del Prat Vermell,701265,Litoral (Besòs),001550000,Dimecres,2023,10,October,25,Afternoon,17,No és causa del  vianant,Car,Dona,38,Driver,Desconegut                                                                                                                                            ,Unknown,Oci i entreteniment,Ferit lleu: Hospitalització fins a 24h,428296.55 ,4577849.21,2.141784635,41.347100121
2023S006305    ,3,Sants-Montjuïc,12,la Marina del Prat Vermell,701265,Litoral (Besòs),001550000,Dimecres,2023,10,October,25,Afternoon,17,No és causa del  vianant,Car,Home,29,Driver,Desconegut                                                                                                                                            ,Unknown,Oci i entreteniment,Ferit lleu: Hospitalització fins a 24h,428296.55 ,4577849.21,2.141784635,41.347100121
2023S006306    ,10,Sant Martí,68,el Poblenou,148704,Ciutat de Granada,0059 0061,Dimecres,2023,10,October,25,Afternoon,15,No és causa del  vianant,Veh. mobilitat personal amb motor,Home,19,Driver,Desconegut                                                                                                                                            ,Unknown,Es desconeix,Ferit lleu: Hospitalització fins a 24h,432984.81 ,4583568.61,2.197186647,41.399017417
2023S006307    ,2,Eixample,9,la Nova Esquerra de l'Eixample,349706,Comte d'Urgell,0071 0071,Dimecres,2023,10,October,25,Afternoon,14,No és causa del  vianant,Motorcycle,Home,56,Driver,Desconegut                                                                                                                                            ,Unknown,In itínere,Ferit lleu: Hospitalització fins a 24h,429634.84 ,4581829.77,2.157317825,41.383069929
2023S006308    ,10,Sant Martí,70,el Besòs i el Maresme,701266,Litoral (Llobregat),000560000,Dimecres,2023,10,October,25,Afternoon,18,No és causa del  vianant,Car,Home,46,Driver,Desconegut                                                                                                                                            ,Unknown,Es desconeix,Ferit lleu: Hospitalització fins a 24h,435017.2  ,4584731.2 ,2.221372632,41.409655535
2023S006308    ,10,Sant Martí,70,el Besòs i el Maresme,701266,Litoral (Llobregat),000560000,Dimecres,2023,10,October,25,Afternoon,18,No és causa del  vianant,Car,Home,65,Driver,Desconegut                                                                                                                                            ,Unknown,Es desconeix,Ferit lleu: Hospitalització fins a 24h,435017.2  ,4584731.2 ,2.221372632,41.409655535
2023S006309    ,4,Les Corts,20,la Maternitat i Sant Ramon,144601,Diagonal,0653 0659,Dimecres,2023,10,October,25,Afternoon,20,No és causa del  vianant,Bus,Dona,79,Passatger,Desconegut                                                                                                                                            ,Unknown,Unknown,Ferit lleu: Amb assistència sanitària en lloc d'accident,425773.04 ,4581961.26,2.111120291,41.38390699
2023S006310    ,4,Les Corts,19,les Corts,172403,Joan Güell,0169 0171,Dimecres,2023,10,October,25,Afternoon,20,Altres,Car,Home,36,Pedestrian,En pas sense senyalitzar                                                                                                                              ,Oci i entreteniment,Unknown,Ferit lleu: Amb assistència sanitària en lloc d'accident,427443.74 ,4581918.9 ,2.131104731,41.383677962
2023S006311    ,1,Ciutat Vella,4,"Sant Pere, Santa Caterina i la Ribera",359109,Lluís Companys,0010 0010,Dimecres,2023,10,October,25,Afternoon,18,No és causa del  vianant,Bus,Dona,20,Passatger,Desconegut                                                                                                                                            ,Unknown,Unknown,Ferit lleu: Amb assistència sanitària en lloc d'accident,431809.13 ,4582556.16,2.183237659,41.389799663
2023S006311    ,1,Ciutat Vella,4,"Sant Pere, Santa Caterina i la Ribera",359109,Lluís Companys,0010 0010,Dimecres,2023,10,October,25,Afternoon,18,No és causa del  vianant,Bus,Home,56,Passatger,Desconegut                                                                                                                                            ,Unknown,Unknown,Ferit lleu: Hospitalització fins a 24h,431809.13 ,4582556.16,2.183237659,41.389799663
2023S006313    ,5,Sarrià-Sant Gervasi,26,Sant Gervasi - Galvany,175900,Laforja,0096 0100,Dimecres,2023,10,October,25,Afternoon,19,No és causa del  vianant,Motorcycle,Dona,32,Driver,Desconegut                                                                                                                                            ,Unknown,Es desconeix,Ferit lleu: Hospitalització fins a 24h,428643.25 ,4583330.82,2.145282872,41.396501957
2023S006314    ,1,Ciutat Vella,2,el Barri Gòtic,74404,Catalunya,0017 0017,Dimecres,2023,10,October,25,Night,23,No és causa del  vianant,Car,Dona,33,Pedestrian,En pas regulat per semàfor                                                                                                                            ,Unknown,Unknown,Ferit greu: hospitalització superior a 24h,430809.64 ,4582248.27,2.171319034,41.386941184
2023S006315    ,5,Sarrià-Sant Gervasi,24,les Tres Torres,54906,Calatrava,0090 0090,Dimecres,2023,10,October,25,Afternoon,19,No és causa del  vianant,Car,Dona,33,Driver,Desconegut                                                                                                                                            ,Unknown,Oci i entreteniment,Ferit lleu: Hospitalització fins a 24h,427169.82 ,4583981.48,2.12758085,41.402230012
2023S006317    ,10,Sant Martí,68,el Poblenou,330107,Tànger,0170 0172,Thursday,2023,10,October,26,Morning,7,Creuar per fora pas de vianants,Motorcycle,Home,60,Pedestrian,Fora del pas                                                                                                                                          ,In itinere,Unknown,Ferit lleu: Hospitalització fins a 24h,432978.17 ,4584292.24,2.197027056,41.405534407
2023S006317    ,10,Sant Martí,68,el Poblenou,330107,Tànger,0170 0172,Thursday,2023,10,October,26,Morning,7,Creuar per fora pas de vianants,Motorcycle,Home,35,Driver,Fora del pas                                                                                                                                          ,Unknown,In itínere,Ferit lleu: Amb assistència sanitària en lloc d'accident,432978.17 ,4584292.24,2.197027056,41.405534407
2023S006318    ,4,Les Corts,21,Pedralbes,115400,Esplugues,0088 0088,Thursday,2023,10,October,26,Morning,8,No és causa del  vianant,Motorcycle,Home,52,Driver,Desconegut                                                                                                                                            ,Unknown,In itínere,Ferit lleu: Hospitalització fins a 24h,425782.15 ,4582777.9 ,2.111129132,41.391262948
2023S006319    ,2,Eixample,8,l'Antiga Esquerra de l'Eixample,32700,Balmes,0061 0061,Thursday,2023,10,October,26,Morning,9,No és causa del  vianant,Ciclomotor,Dona,22,Driver,Desconegut                                                                                                                                            ,Unknown,In itínere,Ferit lleu: Rebutja assistència sanitària,430022.75 ,4582583.06,2.16186964,41.389888424
2023S006320    ,2,Eixample,10,Sant Antoni,192502,Manso,0055 0057,Dimecres,2023,10,October,25,Morning,10,No és causa del  vianant,Bus,Dona,78,Passatger,Desconegut                                                                                                                                            ,Unknown,Unknown,Ferit lleu: Hospitalització fins a 24h,430077.35 ,4581273.89,2.162673816,41.378101891
2023S006321    ,8,Nou Barris,48,la Guineueta,363503,Vilalba dels Arcs,0110X0110X,Dimecres,2023,10,October,25,Night,22,No és causa del  vianant,Motorcycle,Dona,57,Passatger,Desconegut                                                                                                                                            ,Unknown,Unknown,Ferit lleu: Hospitalització fins a 24h,430463.78 ,4587861.19,2.166537322,41.437464965
2023S006321    ,8,Nou Barris,48,la Guineueta,363503,Vilalba dels Arcs,0110X0110X,Dimecres,2023,10,October,25,Night,22,No és causa del  vianant,Motorcycle,Home,58,Driver,Desconegut                                                                                                                                            ,Unknown,Es desconeix,Ferit lleu: Hospitalització fins a 24h,430463.78 ,4587861.19,2.166537322,41.437464965
2023S006322    ,2,Eixample,8,l'Antiga Esquerra de l'Eixample,32700,Balmes,0025 0025,Thursday,2023,10,October,26,Morning,9,No és causa del  vianant,Car,Dona,55,Pedestrian,En pas regulat per semàfor                                                                                                                            ,Unknown,Unknown,Ferit lleu: Amb assistència sanitària en lloc d'accident,430208.68 ,4582391.9 ,2.16411538,41.38818287
2023S006324    ,3,Sants-Montjuïc,18,Sants,88001,Comtes de Bell-lloc,0115 0117,Thursday,2023,10,October,26,Morning,12,No és causa del  vianant,"Camió rígid <= 3,5 tones",Dona,66,Pedestrian,En pas sense regular                                                                                                                                  ,Unknown,Unknown,Ferit greu: hospitalització superior a 24h,427920.05 ,4581643.37,2.136833557,41.381239205
2023S006324    ,3,Sants-Montjuïc,18,Sants,88001,Comtes de Bell-lloc,0115 0117,Thursday,2023,10,October,26,Morning,12,No és causa del  vianant,"Camió rígid <= 3,5 tones",Home,48,Driver,En pas sense regular                                                                                                                                  ,Unknown,Transport professional de mercaderies,Ferit lleu: Amb assistència sanitària en lloc d'accident,427920.05 ,4581643.37,2.136833557,41.381239205
2023S006325    ,3,Sants-Montjuïc,17,Sants - Badal,701434,Mig (Descendent),000160000,Thursday,2023,10,October,26,Morning,9,No és causa del  vianant,Motorcycle,Home,35,Driver,Desconegut                                                                                                                                            ,Unknown,In itínere,Ferit lleu: Amb assistència sanitària en lloc d'accident,427269.91 ,4581441.24,2.129083318,41.37936016
2023S006326    ,2,Eixample,7,la Dreta de l'Eixample,169409,Corts Catalanes,0587 0589,Dimecres,2023,10,October,25,Night,23,Desobeir el senyal del semàfor,Motorcycle,Home,41,Pedestrian,En pas regulat per semàfor                                                                                                                            ,Unknown,Unknown,Ferit lleu: Hospitalització fins a 24h,430311.08 ,4582286.33,2.165352193,41.387240918
2023S006326    ,2,Eixample,7,la Dreta de l'Eixample,169409,Corts Catalanes,0587 0589,Dimecres,2023,10,October,25,Night,23,Desobeir el senyal del semàfor,Motorcycle,Home,34,Driver,En pas regulat per semàfor                                                                                                                            ,Unknown,Es desconeix,Ferit lleu: Hospitalització fins a 24h,430311.08 ,4582286.33,2.165352193,41.387240918
2023S006327    ,10,Sant Martí,68,el Poblenou,242906,Pallars,0168 0168,Thursday,2023,10,October,26,Morning,9,No és causa del  vianant,Motorcycle,Dona,33,Driver,Desconegut                                                                                                                                            ,Unknown,In itínere,Ferit lleu: Hospitalització fins a 24h,432894.05 ,4583664.25,2.196090399,41.399871247
2023S006328    ,2,Eixample,8,l'Antiga Esquerra de l'Eixample,245802,París,0127 0127,Thursday,2023,10,October,26,Morning,12,No és causa del  vianant,Ciclomotor,Dona,42,Driver,Desconegut                                                                                                                                            ,Unknown,Es desconeix,Ferit lleu: Hospitalització fins a 24h,428946.42 ,4582638.62,2.148990363,41.390294421
2023S006329    ,4,Les Corts,20,la Maternitat i Sant Ramon,66508,Carles III,0069 0069,Thursday,2023,10,October,26,Afternoon,14,No és causa del  vianant,Motorcycle,Home,59,Driver,Desconegut                                                                                                                                            ,Unknown,In itínere,Ferit lleu: Hospitalització fins a 24h,427119.02 ,4582149.08,2.127193816,41.385721735