Case_Number,District_Code,District_Name,Neighborhood_Code,Neighborhood_Name,Street_Code,Street_Name,Postal_Code,Day_of_Week,Year,Month_Code,Month_Name,Day_of_Month,Shift_Description,Hour_of_Day,Pedestrian_Cause_Description,Involved_Vehicle_Type,Gender_Description,Age,Person_Type_Description,Pedestrian_Accident_Location_Description,Pedestrian_Movement_Reason_Description,Driver_Movement_Reason_Description,Victimization_Description,UTM_X_Coordinate,UTM_Y_Coordinate,Longitude,Latitude
2023S006402    ,5,Sarrià-Sant Gervasi,25,Sant Gervasi - la Bonanova,44709,Bonanova,0038 0038,Diumenge,2023,10,October,29,Morning,11,No és causa del  vianant,Motorcycle,Home,61,Driver,Desconegut                                                                                                                                            ,Unknown,In itínere,Ferit lleu: Hospitalització fins a 24h,427323.96 ,4584218.12,2.129396253,41.404375285
2023S006403    ,2,Eixample,7,la Dreta de l'Eixample,18505,Aragó,0252 0252,Diumenge,2023,10,October,29,Morning,12,No és causa del  vianant,Bicicleta,Dona,30,Driver,Desconegut                                                                                                                                            ,Unknown,Es desconeix,Ferit lleu: Hospitalització fins a 24h,430109.98 ,4582647.64,2.162905446,41.390477664
2023S006404    ,4,Les Corts,21,Pedralbes,144601,Diagonal,0680X0680X,Diumenge,2023,10,October,29,Morning,13,No és causa del  vianant,Car,Home,21,Driver,Desconegut                                                                                                                                            ,Unknown,En missió,Ferit lleu: Hospitalització fins a 24h,426793.07 ,4582325.32,2.12327447,41.387279445
2023S006406    ,4,Les Corts,19,les Corts,125006,Fígols,0038 0038,Diumenge,2023,10,October,29,Morning,12,No és causa del  vianant,Car,Dona,79,Pedestrian,En pas regulat per semàfor                                                                                                                            ,Unknown,Unknown,Ferit greu: hospitalització superior a 24h,427498.92 ,4581751.21,2.131784684,41.38217262
2023S006407    ,9,Sant Andreu,60,Sant Andreu,314100,Santa Coloma,0034U0034U,Diumenge,2023,10,October,29,Afternoon,14,No és causa del  vianant,Motorcycle,Home,27,Driver,Desconegut                                                                                                                                            ,Unknown,Es desconeix,Ferit lleu: Rebutja assistència sanitària,432510.99 ,4588703.22,2.190945617,41.445223615
2023S006408    ,2,Eixample,7,la Dreta de l'Eixample,31300,Bailèn,0140 0144,Diumenge,2023,10,October,29,Afternoon,15,No és causa del  vianant,Veh. mobilitat personal amb motor,Home,30,Driver,Desconegut                                                                                                                                            ,Unknown,In itínere,Ferit lleu: Hospitalització fins a 24h,430503.69 ,4583618.92,2.167502693,41.399259807
2023S006409    ,2,Eixample,10,Sant Antoni,54509,Calàbria,0098B0098B,Diumenge,2023,10,October,29,Afternoon,16,No és causa del  vianant,Motorcycle,Dona,30,Driver,Desconegut                                                                                                                                            ,Unknown,Es desconeix,Ferit lleu: Hospitalització fins a 24h,429450.52 ,4581444.1 ,2.155158537,41.379580174
2023S006410    ,-1,Unknown,-1,Unknown,-1,Unknown,Unknown,Diumenge,2023,10,October,29,Morning,13,No és causa del  vianant,Autobús articulat,Dona,59,Passatger,Desconegut                                                                                                                                            ,Unknown,Unknown,Ferit lleu: Hospitalització fins a 24h,431946.02 ,4583922.64,2.184721193,41.402118764
2023S006411    ,1,Ciutat Vella,2,el Barri Gòtic,701266,Litoral (Llobregat),001040000,Diumenge,2023,10,October,29,Afternoon,20,No és causa del  vianant,Taxi,Home,40,Driver,Desconegut                                                                                                                                            ,Unknown,Taxi,Ferit lleu: Hospitalització fins a 24h,431520.59 ,4581243.79,2.179935149,41.377954977
2023S006412    ,2,Eixample,6,la Sagrada Família,76807,Sardenya,0360 0360,Diumenge,2023,10,October,29,Afternoon,19,No és causa del  vianant,Bicicleta,Dona,32,Driver,Desconegut                                                                                                                                            ,Unknown,Es desconeix,Ferit lleu: Hospitalització fins a 24h,430793.01 ,4584278.9 ,2.170887936,41.405229002
2023S006412    ,2,Eixample,6,la Sagrada Família,76807,Sardenya,0360 0360,Diumenge,2023,10,October,29,Afternoon,19,No és causa del  vianant,Motorcycle,Home,58,Driver,Desconegut                                                                                                                                            ,Unknown,Es desconeix,Ferit lleu: Amb assistència sanitària en lloc d'accident,430793.01 ,4584278.9 ,2.170887936,41.405229002
2023S006413    ,3,Sants-Montjuïc,18,Sants,331507,Tarragona,0185X0185X,Diumenge,2023,10,October,29,Afternoon,20,No és causa del  vianant,Bus,Home,61,Driver,Desconegut                                                                                                                                            ,Unknown,Bus urbà,Ferit lleu: Hospitalització fins a 24h,428426.74 ,4581528.37,2.142906267,41.380248698
2023S006414    ,1,Ciutat Vella,1,el Raval,34308,Rambla,0103 0103,Diumenge,2023,10,October,29,Afternoon,20,No és causa del  vianant,Motorcycle,Home,39,Driver,Desconegut                                                                                                                                            ,Unknown,In itínere,Ferit lleu: Hospitalització fins a 24h,430835.79 ,4581774.09,2.171685932,41.382672635
2023S006416    ,3,Sants-Montjuïc,15,Hostafrancs,169409,Corts Catalanes,0291 0293,Diumenge,2023,10,October,29,Night,23,No és causa del  vianant,Ciclomotor,Home,45,Driver,Desconegut                                                                                                                                            ,Unknown,Es desconeix,Ferit lleu: Hospitalització fins a 24h,428577.56 ,4580624.28,2.144816371,41.372119278
2023S006417    ,8,Nou Barris,52,la Prosperitat,127205,Flor de Neu,0069 0069,Dilluns,2023,10,October,30,Night,2,No és causa del  vianant,Motorcycle,Home,36,Driver,Desconegut                                                                                                                                            ,Unknown,Altres activitats,Ferit lleu: Hospitalització fins a 24h,431847.97 ,4588709.27,2.183008509,41.44522206
2023S006418    ,10,Sant Martí,71,Provençals del Poblenou,701414,C-31,020790000,Dilluns,2023,10,October,30,Morning,7,No és causa del  vianant,Motorcycle,Dona,49,Driver,Desconegut                                                                                                                                            ,Unknown,Es desconeix,Ferit lleu: Hospitalització fins a 24h,433572.11 ,4585546.33,2.203994526,41.416878994
2023S006419    ,2,Eixample,5,el Fort Pienc,178308,Lepant,0195 0195,Dilluns,2023,10,October,30,Morning,9,No és causa del  vianant,Motorcycle,Dona,28,Driver,Desconegut                                                                                                                                            ,Unknown,Es desconeix,Ferit lleu: Hospitalització fins a 24h,431648.46 ,4583800.82,2.181175486,41.400996311
2023S006420    ,2,Eixample,7,la Dreta de l'Eixample,100800,Diputació,0282S0282S,Dilluns,2023,10,October,30,Morning,12,No és causa del  vianant,Motorcycle,Home,40,Driver,Desconegut                                                                                                                                            ,Unknown,Oci i entreteniment,Ferit lleu: Amb assistència sanitària en lloc d'accident,430684.51 ,4582858.44,2.169752694,41.39242602
2023S006421    ,5,Sarrià-Sant Gervasi,24,les Tres Torres,51500,Buïgas,0001 0001,Dilluns,2023,10,October,30,Morning,11,No és causa del  vianant,Motorcycle,Dona,18,Driver,Desconegut                                                                                                                                            ,Unknown,Es desconeix,Ferit greu: hospitalització superior a 24h,427272.31 ,4583009.38,2.128923667,41.393483993
2023S006422    ,5,Sarrià-Sant Gervasi,25,Sant Gervasi - la Bonanova,302000,Sant Gervasi,0049 0049,Dilluns,2023,10,October,30,Morning,12,No és causa del  vianant,Bus,Dona,83,Passatger,Desconegut                                                                                                                                            ,Unknown,Unknown,Ferit lleu: Hospitalització fins a 24h,427970.87 ,4584863.31,2.137058057,41.410244499
2023S006423    ,10,Sant Martí,66,el Parc i la Llacuna del Poblenou,29206,Àvila,0061 0065,Dilluns,2023,10,October,30,Morning,13,No és causa del  vianant,Motorcycle,Dona,32,Driver,Desconegut                                                                                                                                            ,Unknown,In itínere,Ferit lleu: Amb assistència sanitària en lloc d'accident,432868.94 ,4583320.25,2.195828201,41.396770832
2023S006424    ,3,Sants-Montjuïc,15,Hostafrancs,191204,Mallorca,0028U0028U,Diumenge,2023,10,October,29,Morning,9,No és causa del  vianant,Bicicleta,Home,29,Driver,Desconegut                                                                                                                                            ,Unknown,Es desconeix,Ferit lleu: Hospitalització fins a 24h,428494.09 ,4581458.79,2.143719857,41.379628007
2023S006425    ,5,Sarrià-Sant Gervasi,25,Sant Gervasi - la Bonanova,101008,Tibidabo,0031 0031,Dilluns,2023,10,October,30,Afternoon,15,No és causa del  vianant,Motorcycle,Home,32,Driver,Desconegut                                                                                                                                            ,Unknown,Es desconeix,Ferit lleu: Hospitalització fins a 24h,427782.28 ,4585202.75,2.134761317,41.413284761
2023S006426    ,1,Ciutat Vella,1,el Raval,701349,Drassanes,0001 0001,Dilluns,2023,10,October,30,Afternoon,17,No és causa del  vianant,Motorcycle,Home,56,Driver,Desconegut                                                                                                                                            ,Unknown,In itínere,Ferit lleu: Amb assistència sanitària en lloc d'accident,431037.93 ,4580487.16,2.174249749,41.371098973
2023S006427    ,10,Sant Martí,73,la Verneda i la Pau,266405,Prim,0163 0165,Dilluns,2023,10,October,30,Afternoon,16,No és causa del  vianant,Autobús articulat,Dona,85,Passatger,Desconegut                                                                                                                                            ,Unknown,Unknown,Ferit lleu: Hospitalització fins a 24h,433653.97 ,4586136.52,2.204909198,41.422201441
2023S006428    ,10,Sant Martí,70,el Besòs i el Maresme,701266,Litoral (Llobregat),000520000,Dilluns,2023,10,October,30,Afternoon,19,No és causa del  vianant,Motorcycle,Home,43,Driver,Desconegut                                                                                                                                            ,Unknown,Oci i entreteniment,Ferit lleu: Hospitalització fins a 24h,435085.59 ,4584918.92,2.222170678,41.411351817
2023S006429    ,5,Sarrià-Sant Gervasi,24,les Tres Torres,701433,Mig (Ascendent),000340000,Dilluns,2023,10,October,30,Afternoon,18,No és causa del  vianant,Car,Home,58,Driver,Desconegut                                                                                                                                            ,Unknown,Es desconeix,Ferit lleu: Amb assistència sanitària en lloc d'accident,427493.84 ,4582971.59,2.131577792,41.393163647
2023S006430    ,10,Sant Martí,68,el Poblenou,701266,Litoral (Llobregat),000780000,Dilluns,2023,10,October,30,Afternoon,18,No és causa del  vianant,Car,Home,45,Driver,Desconegut                                                                                                                                            ,Unknown,Altres activitats,Ferit lleu: Hospitalització fins a 24h,433545.58 ,4582976.4 ,2.203959431,41.393730092
2023S006432    ,2,Eixample,6,la Sagrada Família,18505,Aragó,0518 0518,Dilluns,2023,10,October,30,Afternoon,18,No és causa del  vianant,Motorcycle,Home,8,Passatger,Desconegut                                                                                                                                            ,Unknown,Unknown,Ferit lleu: Hospitalització fins a 24h,431781.83 ,4584277.11,2.182717148,41.405297447
2023S006432    ,2,Eixample,6,la Sagrada Família,18505,Aragó,0518 0518,Dilluns,2023,10,October,30,Afternoon,18,No és causa del  vianant,Motorcycle,Home,49,Driver,Desconegut                                                                                                                                            ,Unknown,Es desconeix,Ferit lleu: Hospitalització fins a 24h,431781.83 ,4584277.11,2.182717148,41.405297447
2023S006434    ,10,Sant Martí,68,el Poblenou,29206,Àvila,0076 0076,Dilluns,2023,10,October,30,Afternoon,18,No és causa del  vianant,Motorcycle,Dona,10,Passatger,Desconegut                                                                                                                                            ,Unknown,Unknown,Ferit lleu: Hospitalització fins a 24h,432792.8  ,4583380.53,2.194910777,41.397307394
2023S006434    ,10,Sant Martí,68,el Poblenou,29206,Àvila,0076 0076,Dilluns,2023,10,October,30,Afternoon,18,No és causa del  vianant,Motorcycle,Dona,34,Driver,Desconegut                                                                                                                                            ,Unknown,Oci i entreteniment,Ferit lleu: Hospitalització fins a 24h,432792.8  ,4583380.53,2.194910777,41.397307394
2023S006435    ,2,Eixample,7,la Dreta de l'Eixample,357001,Bergara,0014 0014,Dilluns,2023,10,October,30,Afternoon,16,No és causa del  vianant,Ciclomotor,Dona,25,Driver,Desconegut                                                                                                                                            ,Unknown,Es desconeix,Ferit lleu: Hospitalització fins a 24h,430601.02 ,4582179.88,2.168831909,41.386307235
2023S006436    ,10,Sant Martí,70,el Besòs i el Maresme,701414,C-31,020850000,Dilluns,2023,10,October,30,Afternoon,18,No és causa del  vianant,Car,Dona,29,Passatger,Desconegut                                                                                                                                            ,Unknown,Unknown,Ferit lleu: Rebutja assistència sanitària,434078.33 ,4585946.2 ,2.210007828,41.420522231
2023S006436    ,10,Sant Martí,70,el Besòs i el Maresme,701414,C-31,020850000,Dilluns,2023,10,October,30,Afternoon,18,No és causa del  vianant,Car,Home,5,Passatger,Desconegut                                                                                                                                            ,Unknown,Unknown,Ferit lleu: Rebutja assistència sanitària,434078.33 ,4585946.2 ,2.210007828,41.420522231
2023S006436    ,10,Sant Martí,70,el Besòs i el Maresme,701414,C-31,020850000,Dilluns,2023,10,October,30,Afternoon,18,No és causa del  vianant,Car,Home,30,Driver,Desconegut                                                                                                                                            ,Unknown,Es desconeix,Ferit lleu: Rebutja assistència sanitària,434078.33 ,4585946.2 ,2.210007828,41.420522231
2023S006437    ,4,Les Corts,19,les Corts,144601,Diagonal,0485 0485,Dimarts,2023,10,October,31,Morning,7,Desobeir el senyal del semàfor,Motorcycle,Dona,17,Pedestrian,En pas regulat per semàfor                                                                                                                            ,Estudiant cap a centre d'estudis,Unknown,Ferit lleu: Hospitalització fins a 24h,428614.3  ,4582926.6 ,2.144984276,41.392858727
2023S006438    ,8,Nou Barris,44,Vilapicina i la Torre Llobeta,119003,Fabra i Puig,0297 0297,Dilluns,2023,10,October,30,Afternoon,14,No és causa del  vianant,Car,Dona,46,Passatger,Desconegut                                                                                                                                            ,Unknown,Unknown,Ferit lleu: Amb assistència sanitària en lloc d'accident,430664.81 ,4587074.55,2.169033673,41.430397388
2023S006438    ,8,Nou Barris,44,Vilapicina i la Torre Llobeta,119003,Fabra i Puig,0297 0297,Dilluns,2023,10,October,30,Afternoon,14,No és causa del  vianant,Car,Home,57,Driver,Desconegut                                                                                                                                            ,Unknown,Es desconeix,Ferit lleu: Amb assistència sanitària en lloc d'accident,430664.81 ,4587074.55,2.169033673,41.430397388
2023S006439    ,10,Sant Martí,69,Diagonal Mar i el Front Marítim del Poblenou,701266,Litoral (Llobregat),000700000,Dimarts,2023,10,October,31,Morning,7,No és causa del  vianant,Car,Home,39,Driver,Desconegut                                                                                                                                            ,Unknown,In itínere,Ferit lleu: Hospitalització fins a 24h,434020.31 ,4583616.44,2.209567765,41.399533898
2023S006440    ,10,Sant Martí,71,Provençals del Poblenou,144601,Diagonal,0152 0152,Dimarts,2023,10,October,31,Morning,8,No és causa del  vianant,Veh. mobilitat personal amb motor,Dona,42,Driver,Desconegut                                                                                                                                            ,Unknown,Es desconeix,Ferit lleu: Hospitalització fins a 24h,432974.35 ,4584304.21,2.196980032,41.405641899
2023S006441    ,10,Sant Martí,71,Provençals del Poblenou,253902,Perú,0230 0232,Dimarts,2023,10,October,31,Morning,12,No és causa del  vianant,Motorcycle,Home,33,Driver,Desconegut                                                                                                                                            ,Unknown,Es desconeix,Ferit lleu: Hospitalització fins a 24h,433596.47 ,4585275.04,2.204315789,41.414437572
2023S006442    ,2,Eixample,7,la Dreta de l'Eixample,335100,Tetuan,0021 0021,Dimarts,2023,10,October,31,Morning,13,No és causa del  vianant,Bicicleta,Home,5,Pedestrian,En pas regulat per semàfor                                                                                                                            ,Es desconeix,Unknown,Ferit lleu: Amb assistència sanitària en lloc d'accident,431068.55 ,4583231.96,2.174303422,41.395823228
2023S006444    ,5,Sarrià-Sant Gervasi,27,el Putxet i el Farró,302906,Sant Hermenegild,0032 0032,Dimarts,2023,10,October,31,Morning,10,Desobeir el senyal del semàfor,Motorcycle,Home,48,Driver,En pas regulat per semàfor                                                                                                                            ,Unknown,In itínere,Ferit lleu: Amb assistència sanitària en lloc d'accident,428578.82 ,4584050.2 ,2.144427311,41.402975417
2023S006445    ,2,Eixample,8,l'Antiga Esquerra de l'Eixample,110304,Enric Granados,0119 0119,Dimarts,2023,10,October,31,Morning,13,No és causa del  vianant,Motorcycle,Home,65,Driver,Desconegut                                                                                                                                            ,Unknown,Es desconeix,Ferit lleu: Amb assistència sanitària en lloc d'accident,429458    ,4582969.11,2.155070314,41.393316086
2023S006445    ,2,Eixample,8,l'Antiga Esquerra de l'Eixample,110304,Enric Granados,0119 0119,Dimarts,2023,10,October,31,Morning,13,No és causa del  vianant,Veh. mobilitat personal amb motor,Dona,33,Driver,Desconegut                                                                                                                                            ,Unknown,Es desconeix,Ferit lleu: Rebutja assistència sanitària,429458    ,4582969.11,2.155070314,41.393316086
2023S006446    ,3,Sants-Montjuïc,13,la Marina de Port,169409,Corts Catalanes,0134 0138,Dimarts,2023,10,October,31,Morning,13,No és causa del  vianant,Motorcycle,Home,27,Driver,Desconegut                                                                                                                                            ,Unknown,Oci i entreteniment,Ferit lleu: Hospitalització fins a 24h,427718.43 ,4579750.57,2.134648336,41.364173341
2023S006447    ,2,Eixample,7,la Dreta de l'Eixample,74506,Catalunya,0133 0133,Dimarts,2023,10,October,31,Morning,13,Desobeir el senyal del semàfor,Motorcycle,Dona,72,Pedestrian,En pas regulat per semàfor                                                                                                                            ,Es desconeix,Unknown,Ferit lleu: Hospitalització fins a 24h,429677.72 ,4583184.82,2.157673212,41.395278165
2023S006447    ,2,Eixample,7,la Dreta de l'Eixample,74506,Catalunya,0133 0133,Dimarts,2023,10,October,31,Morning,13,Desobeir el senyal del semàfor,Motorcycle,Home,53,Driver,En pas regulat per semàfor                                                                                                                            ,Unknown,Es desconeix,Ferit lleu: Hospitalització fins a 24h,429677.72 ,4583184.82,2.157673212,41.395278165
2023S006448    ,4,Les Corts,20,la Maternitat i Sant Ramon,144601,Diagonal,0629B0629B,Dilluns,2023,10,October,30,Afternoon,17,Desobeir el senyal del semàfor,Bus,Dona,39,Pedestrian,En pas regulat per semàfor                                                                                                                            ,Unknown,Unknown,Ferit lleu: Hospitalització fins a 24h,426980.58 ,4582337.71,2.125515463,41.387408089
2023S006449    ,3,Sants-Montjuïc,11,el Poble-sec,701266,Litoral (Llobregat),001360000,Dimarts,2023,10,October,31,Afternoon,18,No és causa del  vianant,Car,Home,25,Passatger,Desconegut                                                                                                                                            ,Unknown,Unknown,Ferit lleu: Amb assistència sanitària en lloc d'accident,430149.5  ,4579104   ,2.163786661,41.358564582
2023S006449    ,3,Sants-Montjuïc,11,el Poble-sec,701266,Litoral (Llobregat),001360000,Dimarts,2023,10,October,31,Afternoon,18,No és causa del  vianant,Car,Home,54,Driver,Desconegut                                                                                                                                            ,Unknown,In itínere,Ferit lleu: Rebutja assistència sanitària,430149.5  ,4579104   ,2.163786661,41.358564582
2023S006449    ,3,Sants-Montjuïc,11,el Poble-sec,701266,Litoral (Llobregat),001360000,Dimarts,2023,10,October,31,Afternoon,18,No és causa del  vianant,Car,Home,35,Driver,Desconegut                                                                                                                                            ,Unknown,Oci i entreteniment,Ferit lleu: Hospitalització fins a 24h,430149.5  ,4579104   ,2.163786661,41.358564582
2023S006449    ,3,Sants-Montjuïc,11,el Poble-sec,701266,Litoral (Llobregat),001360000,Dimarts,2023,10,October,31,Afternoon,18,No és causa del  vianant,Taxi,Home,33,Driver,Desconegut                                                                                                                                            ,Unknown,Taxi,Ferit lleu: Rebutja assistència sanitària,430149.5  ,4579104   ,2.163786661,41.358564582
2023S006450    ,10,Sant Martí,68,el Poblenou,30409,Bac de Roda,0089 0091,Dimarts,2023,10,October,31,Afternoon,14,No és causa del  vianant,Motorcycle,Home,58,Driver,Desconegut                                                                                                                                            ,Unknown,Es desconeix,Ferit lleu: Hospitalització fins a 24h,433669.45 ,4584377.25,2.205287434,41.406357441
2023S006451    ,5,Sarrià-Sant Gervasi,25,Sant Gervasi - la Bonanova,191703,Mandri,0004 0004,Dimarts,2023,10,October,31,Afternoon,18,No és causa del  vianant,Motorcycle,Home,48,Driver,Desconegut                                                                                                                                            ,Unknown,Es desconeix,Ferit lleu: Hospitalització fins a 24h,427843.38 ,4583906.46,2.135646963,41.401615103
2023S006453    ,10,Sant Martí,66,el Parc i la Llacuna del Poblenou,197302,Marina,0114 0116,Dimarts,2023,10,October,31,Afternoon,14,No és causa del  vianant,Motorcycle,Home,66,Driver,Desconegut                                                                                                                                            ,Unknown,In itínere,Ferit lleu: Hospitalització fins a 24h,432118.05 ,4583103.43,2.186870951,41.394754921
2023S006454    ,7,Horta-Guinardó,37,el Carmel,148602,Gran Vista,0158 0158,Dimarts,2023,10,October,31,Afternoon,18,No és causa del  vianant,Car,Dona,40,Passatger,Desconegut                                                                                                                                            ,Unknown,Unknown,Ferit lleu: Hospitalització fins a 24h,429685.19 ,4585802.56,2.15745825,41.418855858
2023S006454    ,7,Horta-Guinardó,37,el Carmel,148602,Gran Vista,0158 0158,Dimarts,2023,10,October,31,Afternoon,18,No és causa del  vianant,Car,Home,4,Passatger,Desconegut                                                                                                                                            ,Unknown,Unknown,Ferit lleu: Hospitalització fins a 24h,429685.19 ,4585802.56,2.15745825,41.418855858
2023S006454    ,7,Horta-Guinardó,37,el Carmel,148602,Gran Vista,0158 0158,Dimarts,2023,10,October,31,Afternoon,18,No és causa del  vianant,Car,Home,8,Passatger,Desconegut                                                                                                                                            ,Unknown,Unknown,Ferit lleu: Hospitalització fins a 24h,429685.19 ,4585802.56,2.15745825,41.418855858
2023S006454    ,7,Horta-Guinardó,37,el Carmel,148602,Gran Vista,0158 0158,Dimarts,2023,10,October,31,Afternoon,18,No és causa del  vianant,Car,Home,49,Driver,Desconegut                                                                                                                                            ,Unknown,Es desconeix,Ferit lleu: Hospitalització fins a 24h,429685.19 ,4585802.56,2.15745825,41.418855858
2023S006455    ,1,Ciutat Vella,1,el Raval,86902,Nou de la Rambla,0108X0108X,Dimarts,2023,10,October,31,Afternoon,19,No és causa del  vianant,Motorcycle,Home,32,Driver,Desconegut                                                                                                                                            ,Unknown,Es desconeix,Ferit lleu: Hospitalització fins a 24h,430686.86 ,4580920.06,2.170002667,41.374967808
2023S006456    ,5,Sarrià-Sant Gervasi,23,Sarrià,38900,Benet Mateu,0061 0061,Dimarts,2023,10,October,31,Afternoon,20,No és causa del  vianant,Bicicleta,Home,60,Driver,Desconegut                                                                                                                                            ,Unknown,Es desconeix,Ferit lleu: Hospitalització fins a 24h,427018.13 ,4583156.98,2.125865765,41.394790327
2023S006457    ,4,Les Corts,19,les Corts,66508,Carles III,0116 0120,Dimarts,2023,10,October,31,Afternoon,19,No és causa del  vianant,Bicicleta,Home,62,Driver,Desconegut                                                                                                                                            ,Unknown,Es desconeix,Ferit lleu: Hospitalització fins a 24h,427256.75 ,4582543.5 ,2.128793545,41.389286592
2023S006458    ,2,Eixample,8,l'Antiga Esquerra de l'Eixample,268003,Provença,0162 0162,Dimarts,2023,10,October,31,Afternoon,16,No és causa del  vianant,Bicicleta,Home,20,Driver,Desconegut                                                                                                                                            ,Unknown,Es desconeix,Ferit lleu: Amb assistència sanitària en lloc d'accident,429263.55 ,4582400.41,2.152811049,41.388176913
2023S006458    ,2,Eixample,8,l'Antiga Esquerra de l'Eixample,268003,Provença,0162 0162,Dimarts,2023,10,October,31,Afternoon,16,No és causa del  vianant,Motorcycle,Home,53,Driver,Desconegut                                                                                                                                            ,Unknown,Es desconeix,Ferit lleu: Hospitalització fins a 24h,429263.55 ,4582400.41,2.152811049,41.388176913
2023S006460    ,2,Eixample,8,l'Antiga Esquerra de l'Eixample,90502,Còrsega,0175 0177,Dimarts,2023,10,October,31,Afternoon,14,No és causa del  vianant,Ciclomotor,Dona,24,Driver,Desconegut                                                                                                                                            ,Unknown,Es desconeix,Ferit lleu: Hospitalització fins a 24h,429039.96 ,4582574.34,2.150116629,41.389723736
2023S006460    ,2,Eixample,8,l'Antiga Esquerra de l'Eixample,90502,Còrsega,0175 0177,Dimarts,2023,10,October,31,Afternoon,14,No és causa del  vianant,Car,Dona,62,Driver,Desconegut                                                                                                                                            ,Unknown,Es desconeix,Ferit lleu: Hospitalització fins a 24h,429039.96 ,4582574.34,2.150116629,41.389723736
2023S006461    ,4,Les Corts,19,les Corts,278302,Reina Maria Cristina,9997 9997,Dimarts,2023,10,October,31,Afternoon,14,No és causa del  vianant,Motorcycle,Dona,31,Driver,Desconegut                                                                                                                                            ,Unknown,In itínere,Ferit lleu: Hospitalització fins a 24h,427207    ,4582445.17,2.128210374,41.38839647
2023S006462    ,4,Les Corts,19,les Corts,144601,Diagonal,0609 0615,Dimecres,2023,11,November,1,Morning,6,No és causa del  vianant,Ciclomotor,Home,23,Passatger,Desconegut                                                                                                                                            ,Unknown,Unknown,Ferit lleu: Hospitalització fins a 24h,427253.12 ,4582427.17,2.12876411,41.388238526
2023S006462    ,4,Les Corts,19,les Corts,144601,Diagonal,0609 0615,Dimecres,2023,11,November,1,Morning,6,No és causa del  vianant,Ciclomotor,Home,24,Driver,Desconegut                                                                                                                                            ,Unknown,Oci i entreteniment,Ferit lleu: Hospitalització fins a 24h,427253.12 ,4582427.17,2.12876411,41.388238526
2023S006464    ,8,Nou Barris,45,Porta,351901,Valldaura,0276X0276X,Dimarts,2023,10,October,31,Afternoon,21,No és causa del  vianant,Motorcycle,Home,35,Driver,Desconegut                                                                                                                                            ,Unknown,Oci i entreteniment,Ferit lleu: Hospitalització fins a 24h,431735.72 ,4588048.32,2.181739593,41.439259578
2023S006465    ,3,Sants-Montjuïc,18,Sants,312400,Sants,0043 0043,Dimarts,2023,10,October,31,Afternoon,21,Creuar per fora pas de vianants,Motorcycle,Home,24,Driver,Fora del pas                                                                                                                                          ,Unknown,Es desconeix,Ferit lleu: Hospitalització fins a 24h,428050.37 ,4580976.12,2.138471208,41.375241195
2023S006466    ,2,Eixample,9,la Nova Esquerra de l'Eixample,18505,Aragó,0057 0057,Dimecres,2023,11,November,1,Morning,9,No és causa del  vianant,Furgoneta,Home,32,Passatger,Desconegut                                                                                                                                            ,Unknown,Unknown,Ferit lleu: Amb assistència sanitària en lloc d'accident,428970.85 ,4581553.16,2.14940987,41.380520217
2023S006466    ,2,Eixample,9,la Nova Esquerra de l'Eixample,18505,Aragó,0057 0057,Dimecres,2023,11,November,1,Morning,9,No és causa del  vianant,Car,Dona,14,Passatger,Desconegut                                                                                                                                            ,Unknown,Unknown,Ferit lleu: Amb assistència sanitària en lloc d'accident,428970.85 ,4581553.16,2.14940987,41.380520217
2023S006466    ,2,Eixample,9,la Nova Esquerra de l'Eixample,18505,Aragó,0057 0057,Dimecres,2023,11,November,1,Morning,9,No és causa del  vianant,Car,Dona,40,Passatger,Desconegut                                                                                                                                            ,Unknown,Unknown,Ferit lleu: Amb assistència sanitària en lloc d'accident,428970.85 ,4581553.16,2.14940987,41.380520217
2023S006466    ,2,Eixample,9,la Nova Esquerra de l'Eixample,18505,Aragó,0057 0057,Dimecres,2023,11,November,1,Morning,9,No és causa del  vianant,Furgoneta,Home,60,Driver,Desconegut                                                                                                                                            ,Unknown,Es desconeix,Ferit lleu: Amb assistència sanitària en lloc d'accident,428970.85 ,4581553.16,2.14940987,41.380520217
2023S006466    ,2,Eixample,9,la Nova Esquerra de l'Eixample,18505,Aragó,0057 0057,Dimecres,2023,11,November,1,Morning,9,No és causa del  vianant,Car,Home,47,Driver,Desconegut                                                                                                                                            ,Unknown,Taxi,Ferit lleu: Amb assistència sanitària en lloc d'accident,428970.85 ,4581553.16,2.14940987,41.380520217
2023S006467    ,10,Sant Martí,66,el Parc i la Llacuna del Poblenou,144601,Diagonal,0280X0280X,Dilluns,2023,10,October,30,Morning,12,No és causa del  vianant,Ciclomotor,Home,66,Driver,Desconegut                                                                                                                                            ,Unknown,Es desconeix,Ferit lleu: Rebutja assistència sanitària,432278.76 ,4584102.02,2.188681418,41.403762501
2023S006468    ,10,Sant Martí,72,Sant Martí de Provençals,115603,Espronceda,0276 0276,Dimecres,2023,11,November,1,Morning,12,No és causa del  vianant,Motorcycle,Home,58,Driver,Desconegut                                                                                                                                            ,Unknown,Oci i entreteniment,Ferit lleu: Hospitalització fins a 24h,432695.3  ,4585200.75,2.193542015,41.413693452
2023S006469    ,10,Sant Martí,69,Diagonal Mar i el Front Marítim del Poblenou,700654,Litoral,0081 0089,Dimecres,2023,11,November,1,Afternoon,14,No és causa del  vianant,Motorcycle,Dona,40,Driver,Desconegut                                                                                                                                            ,Unknown,Es desconeix,Ferit lleu: Hospitalització fins a 24h,434417.83 ,4583948.44,2.214286835,41.402556688