Case_Number,District_Code,District_Name,Neighborhood_Code,Neighborhood_Name,Street_Code,Street_Name,Postal_Code,Day_of_Week,Year,Month_Code,Month_Name,Day_of_Month,Shift_Description,Hour_of_Day,Pedestrian_Cause_Description,Involved_Vehicle_Type,Gender_Description,Age,Person_Type_Description,Pedestrian_Accident_Location_Description,Pedestrian_Movement_Reason_Description,Driver_Movement_Reason_Description,Victimization_Description,UTM_X_Coordinate,UTM_Y_Coordinate,Longitude,Latitude
2023S006469    ,10,Sant Martí,69,Diagonal Mar i el Front Marítim del Poblenou,700654,Litoral,0081 0089,Dimecres,2023,11,November,1,Afternoon,14,No és causa del  vianant,Motorcycle,Home,35,Driver,Desconegut                                                                                                                                            ,Unknown,Es desconeix,Ferit lleu: Hospitalització fins a 24h,434417.83 ,4583948.44,2.214286835,41.402556688
2023S006470    ,3,Sants-Montjuïc,18,Sants,296406,Sant Antoni,0057X0057X,Dimecres,2023,11,November,1,Morning,11,No és causa del  vianant,Bus,Dona,67,Passatger,Desconegut                                                                                                                                            ,Unknown,Unknown,Ferit lleu: Hospitalització fins a 24h,428334    ,4581417.71,2.141810369,41.379243764
2023S006471    ,9,Sant Andreu,61,la Sagrera,97206,Vallès i Ribot,0008 0008,Dimecres,2023,11,November,1,Afternoon,17,No és causa del  vianant,Bicicleta,Dona,28,Driver,Desconegut                                                                                                                                            ,Unknown,Oci i entreteniment,Ferit lleu: Hospitalització fins a 24h,432317.88 ,4586209.49,2.188913493,41.422747149
2023S006472    ,6,Gràcia,32,el Camp d'en Grassot i Gràcia Nova,7906,Ca l'Alegre de Dalt,0036 0038,Dimarts,2023,10,October,31,Afternoon,20,No és causa del  vianant,Motorcycle,Home,34,Driver,Desconegut                                                                                                                                            ,Unknown,Es desconeix,Ferit lleu: Hospitalització fins a 24h,430043.11 ,4584652.72,2.161873866,41.408530923
2023S006474    ,8,Nou Barris,48,la Guineueta,186601,República,0002B0002B,Dimecres,2023,11,November,1,Night,23,Altres,Car,Dona,33,Pedestrian,En pas regulat per semàfor                                                                                                                            ,Oci i entreteniment,Unknown,Ferit lleu: Hospitalització fins a 24h,431123.14 ,4587928.91,2.174421247,41.438131754
2023S006475    ,-1,Unknown,-1,Unknown,-1,Unknown,Unknown,Dimecres,2023,11,November,1,Afternoon,19,No és causa del  vianant,Motorcycle,Home,26,Driver,Desconegut                                                                                                                                            ,Unknown,Oci i entreteniment,Ferit lleu: Hospitalització fins a 24h,426623.16 ,4581757.35,2.12131129,41.382148484
2023S006477    ,10,Sant Martí,70,el Besòs i el Maresme,701266,Litoral (Llobregat),000530000,Thursday,2023,11,November,2,Morning,8,No és causa del  vianant,Motorcycle,Home,27,Driver,Desconegut                                                                                                                                            ,Unknown,In itínere,Ferit greu: hospitalització superior a 24h,435085.59 ,4584918.92,2.222170678,41.411351817
2023S006478    ,1,Ciutat Vella,1,el Raval,256605,Pintor Fortuny,0001 0003,Thursday,2023,11,November,2,Morning,9,No és causa del  vianant,Bicicleta,Dona,27,Driver,Desconegut                                                                                                                                            ,Unknown,In itínere,Ferit lleu: Hospitalització fins a 24h,430749.65 ,4581873.96,2.170644399,41.38356472
2023S006479    ,2,Eixample,9,la Nova Esquerra de l'Eixample,18505,Aragó,0104 0104,Thursday,2023,11,November,2,Morning,9,No és causa del  vianant,Motorcycle,Dona,27,Driver,Desconegut                                                                                                                                            ,Unknown,In itínere,Ferit lleu: Amb assistència sanitària en lloc d'accident,429336.34 ,4581897.74,2.153740246,41.383655935
2023S006480    ,10,Sant Martí,69,Diagonal Mar i el Front Marítim del Poblenou,701266,Litoral (Llobregat),000650000,Thursday,2023,11,November,2,Morning,8,No és causa del  vianant,Motorcycle,Home,25,Driver,Desconegut                                                                                                                                            ,Unknown,Es desconeix,Ferit lleu: Rebutja assistència sanitària,434371.96 ,4583978.79,2.213734829,41.402826298
2023S006481    ,10,Sant Martí,69,Diagonal Mar i el Front Marítim del Poblenou,700654,Litoral,0098 0098,Thursday,2023,11,November,2,Morning,9,No és causa del  vianant,Motorcycle,Home,31,Driver,Desconegut                                                                                                                                            ,Unknown,In itínere,Ferit lleu: Hospitalització fins a 24h,434417.83 ,4583948.44,2.214286835,41.402556688
2023S006481    ,10,Sant Martí,69,Diagonal Mar i el Front Marítim del Poblenou,700654,Litoral,0098 0098,Thursday,2023,11,November,2,Morning,9,No és causa del  vianant,Motorcycle,Home,36,Driver,Desconegut                                                                                                                                            ,Unknown,Oci i entreteniment,Ferit lleu: Hospitalització fins a 24h,434417.83 ,4583948.44,2.214286835,41.402556688
2023S006482    ,5,Sarrià-Sant Gervasi,23,Sarrià,68707,Carroç,0031 0031,Dimarts,2023,10,October,10,Afternoon,14,No és causa del  vianant,Motorcycle,Dona,62,Driver,Desconegut                                                                                                                                            ,Unknown,In itínere,Ferit lleu: Hospitalització fins a 24h,425450.27 ,4584670.26,2.106926717,41.408275836
2023S006483    ,3,Sants-Montjuïc,18,Sants,40300,Berlín,0034 0036,Thursday,2023,11,November,2,Morning,12,No és causa del  vianant,Motorcycle,Home,61,Driver,Desconegut                                                                                                                                            ,Unknown,Es desconeix,Ferit lleu: Hospitalització fins a 24h,428108.47 ,4581859.44,2.139061078,41.383202135
2023S006483    ,3,Sants-Montjuïc,18,Sants,40300,Berlín,0034 0036,Thursday,2023,11,November,2,Morning,12,No és causa del  vianant,Motorcycle,Home,77,Driver,Desconegut                                                                                                                                            ,Unknown,Oci i entreteniment,Ferit lleu: Hospitalització fins a 24h,428108.47 ,4581859.44,2.139061078,41.383202135
2023S006484    ,1,Ciutat Vella,4,"Sant Pere, Santa Caterina i la Ribera",11200,Almogàvers,0002 0002,Dimarts,2023,10,October,31,Morning,13,No és causa del  vianant,Ciclomotor,Dona,21,Driver,Desconegut                                                                                                                                            ,Unknown,Es desconeix,Ferit lleu: Hospitalització fins a 24h,431736.83 ,4582736.66,2.182352601,41.39141924
2023S006485    ,6,Gràcia,31,la Vila de Gràcia,208001,Torrent de l'Olla,0037 0037,Thursday,2023,11,November,2,Morning,13,No és causa del  vianant,Motorcycle,Home,41,Driver,Desconegut                                                                                                                                            ,Unknown,Oci i entreteniment,Ferit lleu: Hospitalització fins a 24h,429883.69 ,4583657.9 ,2.160081979,41.39955703
2023S006486    ,-1,Unknown,-1,Unknown,-1,Unknown,Unknown,Thursday,2023,11,November,2,Afternoon,14,No és causa del  vianant,Bicicleta,Dona,60,Pedestrian,En pas regulat per semàfor                                                                                                                            ,Unknown,Unknown,Ferit lleu: Hospitalització fins a 24h,426883.33 ,4583690.92,2.124188957,41.399587047
2023S006487    ,1,Ciutat Vella,1,el Raval,701349,Drassanes,0001 0001,Thursday,2023,11,November,2,Afternoon,15,No és causa del  vianant,Car,Dona,30,Passatger,Desconegut                                                                                                                                            ,Unknown,Unknown,Ferit lleu: Hospitalització fins a 24h,431214.13 ,4580892.36,2.176310481,41.374763588
2023S006487    ,1,Ciutat Vella,1,el Raval,701349,Drassanes,0001 0001,Thursday,2023,11,November,2,Afternoon,15,No és causa del  vianant,Car,Home,32,Driver,Desconegut                                                                                                                                            ,Unknown,Oci i entreteniment,Ferit lleu: Rebutja assistència sanitària,431214.13 ,4580892.36,2.176310481,41.374763588
2023S006489    ,10,Sant Martí,69,Diagonal Mar i el Front Marítim del Poblenou,186703,Llull,0362X0372X,Thursday,2023,11,November,2,Afternoon,15,No és causa del  vianant,Car,Dona,27,Passatger,Desconegut                                                                                                                                            ,Unknown,Unknown,Ferit lleu: Hospitalització fins a 24h,434268.17 ,4584668.01,2.212418352,41.409025456
2023S006489    ,10,Sant Martí,69,Diagonal Mar i el Front Marítim del Poblenou,186703,Llull,0362X0372X,Thursday,2023,11,November,2,Afternoon,15,No és causa del  vianant,Car,Home,28,Driver,Desconegut                                                                                                                                            ,Unknown,Es desconeix,Ferit lleu: Hospitalització fins a 24h,434268.17 ,4584668.01,2.212418352,41.409025456
2023S006490    ,9,Sant Andreu,59,el Bon Pastor,295709,Sant Adrià,0137 0139,Thursday,2023,11,November,2,Afternoon,19,No és causa del  vianant,Car,Dona,32,Pedestrian,En pas sense regular                                                                                                                                  ,In itinere,Unknown,Ferit lleu: Hospitalització fins a 24h,433778.71 ,4587716.11,2.206228692,41.436438654
2023S006491    ,1,Ciutat Vella,1,el Raval,296508,Sant Antoni,0104 0104,Thursday,2023,11,November,2,Afternoon,18,No és causa del  vianant,Autobús articulat,Dona,67,Passatger,Desconegut                                                                                                                                            ,Unknown,Unknown,Ferit lleu: Hospitalització fins a 24h,430208.64 ,4582046.49,2.164154715,41.385071867
2023S006492    ,4,Les Corts,21,Pedralbes,701267,Dalt (Besòs),000520000,Thursday,2023,11,November,2,Afternoon,19,No és causa del  vianant,Motorcycle,Home,39,Driver,Desconegut                                                                                                                                            ,Unknown,Es desconeix,Ferit lleu: Hospitalització fins a 24h,425327.79 ,4582270.67,2.105757561,41.386652481
2023S006494    ,7,Horta-Guinardó,43,Horta,97807,Dante Alighieri,0053 0053,Thursday,2023,11,November,2,Night,22,No és causa del  vianant,Motorcycle,Dona,54,Driver,Desconegut                                                                                                                                            ,Unknown,Oci i entreteniment,Ferit lleu: Rebutja assistència sanitària,429867.28 ,4586835.89,2.159517079,41.42817859
2023S006495    ,2,Eixample,9,la Nova Esquerra de l'Eixample,169409,Corts Catalanes,0491 0491,Thursday,2023,11,November,2,Night,23,No és causa del  vianant,Veh. mobilitat personal amb motor,Dona,29,Driver,Desconegut                                                                                                                                            ,Unknown,Es desconeix,Ferit greu: hospitalització superior a 24h,429554.17 ,4581580.3 ,2.15638214,41.38081597
2023S006496    ,9,Sant Andreu,60,Sant Andreu,354604,Bascònia,0081 0081,Thursday,2023,11,November,2,Afternoon,16,No és causa del  vianant,Motorcycle,Dona,49,Driver,Desconegut                                                                                                                                            ,Unknown,Es desconeix,Ferit lleu: Hospitalització fins a 24h,432174.37 ,4587732.73,2.187025248,41.436454362
2023S006497    ,2,Eixample,8,l'Antiga Esquerra de l'Eixample,32700,Balmes,0079B0079B,Friday,2023,11,November,3,Morning,8,No és causa del  vianant,Motorcycle,Home,51,Driver,Desconegut                                                                                                                                            ,Unknown,Es desconeix,Ferit lleu: Hospitalització fins a 24h,429929.89 ,4582678.07,2.160748048,41.39073606
2023S006498    ,9,Sant Andreu,57,la Trinitat Vella,701268,Dalt (Llobregat),001600000,Friday,2023,11,November,3,Morning,10,No és causa del  vianant,Motorcycle,Home,41,Driver,Desconegut                                                                                                                                            ,Unknown,Es desconeix,Ferit lleu: Hospitalització fins a 24h,432719.94 ,4588904.37,2.193424358,41.447052854
2023S006499    ,1,Ciutat Vella,3,la Barceloneta,197903,Marítim de la Barceloneta,0014 0014,Friday,2023,11,November,3,Morning,9,No és causa del  vianant,Bicicleta,Home,72,Driver,Desconegut                                                                                                                                            ,Unknown,Es desconeix,Ferit lleu: Hospitalització fins a 24h,432534.07 ,4581338   ,2.19204363,41.378889165
2023S006500    ,6,Gràcia,32,el Camp d'en Grassot i Gràcia Nova,90502,Còrsega,0439 0441,Friday,2023,11,November,3,Morning,11,Desobeir el senyal del semàfor,Motorcycle,Home,41,Driver,Desconegut                                                                                                                                            ,Unknown,Es desconeix,Ferit lleu: Hospitalització fins a 24h,430411.16 ,4583904.05,2.16636309,41.401819871
2023S006501    ,2,Eixample,10,Sant Antoni,349706,Comte d'Urgell,0014 0014,Friday,2023,11,November,3,Morning,11,No és causa del  vianant,Furgoneta,Dona,78,Pedestrian,En pas regulat per semàfor                                                                                                                            ,Unknown,Unknown,Ferit lleu: Hospitalització fins a 24h,430029.45 ,4581426.92,2.162083363,41.379476019
2023S006503    ,3,Sants-Montjuïc,15,Hostafrancs,108700,Elisi,0031U0031U,Friday,2023,11,November,3,Morning,11,No és causa del  vianant,Motorcycle,Home,45,Driver,Desconegut                                                                                                                                            ,Unknown,Es desconeix,Ferit lleu: Hospitalització fins a 24h,428585.98 ,4581366.46,2.144829559,41.378804588
2023S006505    ,7,Horta-Guinardó,43,Horta,701268,Dalt (Llobregat),001250000,Friday,2023,11,November,3,Morning,11,No és causa del  vianant,Car,Dona,96,Passatger,Desconegut                                                                                                                                            ,Unknown,Unknown,Ferit lleu: Hospitalització fins a 24h,429398.22 ,4587988.75,2.153769143,41.438520813
2023S006506    ,6,Gràcia,32,el Camp d'en Grassot i Gràcia Nova,56504,Camèlies,0042 0042,Friday,2023,11,November,3,Morning,12,No és causa del  vianant,Veh. mobilitat personal amb motor,Home,19,Driver,Desconegut                                                                                                                                            ,Unknown,Oci i entreteniment,Ferit lleu: Hospitalització fins a 24h,429927.96 ,4585014.77,2.160454342,41.411781742
2023S006507    ,6,Gràcia,32,el Camp d'en Grassot i Gràcia Nova,268105,Providència,0126 0126,Friday,2023,11,November,3,Morning,11,No és causa del  vianant,Taxi,Home,63,Pedestrian,En pas sense regular                                                                                                                                  ,Unknown,Unknown,Ferit lleu: Hospitalització fins a 24h,429987.84 ,4584711   ,2.161205907,41.409051016
2023S006510    ,1,Ciutat Vella,4,"Sant Pere, Santa Caterina i la Ribera",201400,Picasso,0024 0024,Friday,2023,11,November,3,Morning,13,No és causa del  vianant,Motorcycle,Home,37,Driver,Desconegut                                                                                                                                            ,Unknown,Es desconeix,Ferit lleu: Hospitalització fins a 24h,431869.11 ,4582242.95,2.183990263,41.386983751
2023S006511    ,2,Eixample,6,la Sagrada Família,178308,Lepant,0224 0224,Friday,2023,11,November,3,Afternoon,14,No és causa del  vianant,Veh. mobilitat personal amb motor,Dona,52,Driver,Desconegut                                                                                                                                            ,Unknown,In itínere,Ferit lleu: Hospitalització fins a 24h,431557.65 ,4583899.32,2.180078076,41.401875741
2023S006512    ,2,Eixample,8,l'Antiga Esquerra de l'Eixample,289105,Rosselló,0142 0142,Friday,2023,11,November,3,Afternoon,14,No és causa del  vianant,Motorcycle,Dona,25,Driver,Desconegut                                                                                                                                            ,Unknown,In itínere,Ferit lleu: Hospitalització fins a 24h,429361.44 ,4582684.36,2.153948637,41.390742961
2023S006513    ,3,Sants-Montjuïc,12,la Marina del Prat Vermell,230601,Mare de Déu de Port,0103B0103B,Friday,2023,11,November,3,Afternoon,15,No és causa del  vianant,Motorcycle,Home,50,Driver,Desconegut                                                                                                                                            ,Unknown,Es desconeix,Ferit lleu: Hospitalització fins a 24h,429174.59 ,4578380.27,2.15221698,41.351960949
2023S006514    ,2,Eixample,5,el Fort Pienc,197302,Marina,0212 0212,Friday,2023,11,November,3,Afternoon,14,No és causa del  vianant,Motorcycle,Home,44,Driver,Desconegut                                                                                                                                            ,Unknown,Oci i entreteniment,Ferit lleu: Hospitalització fins a 24h,431452.23 ,4583798.16,2.178828488,41.400955638
2023S006515    ,3,Sants-Montjuïc,12,la Marina del Prat Vermell,701265,Litoral (Besòs),001250000,Friday,2023,11,November,3,Afternoon,17,No és causa del  vianant,Motorcycle,Home,31,Driver,Desconegut                                                                                                                                            ,Unknown,In itínere,Ferit lleu: Amb assistència sanitària en lloc d'accident,430613.07 ,4579536.42,2.169278766,41.362499379
2023S006516    ,8,Nou Barris,49,Canyelles,701267,Dalt (Besòs),001330000,Friday,2023,11,November,3,Afternoon,16,No és causa del  vianant,Motorcycle,Home,56,Driver,Desconegut                                                                                                                                            ,Unknown,Oci i entreteniment,Ferit lleu: Hospitalització fins a 24h,430193.41 ,4588185.01,2.163263932,41.440358012
2023S006517    ,3,Sants-Montjuïc,12,la Marina del Prat Vermell,701483,Transversal 2,0013 0013,Friday,2023,11,November,3,Afternoon,14,No és causa del  vianant,"Camió rígid <= 3,5 tones",Home,57,Pedestrian,Fora del pas                                                                                                                                          ,Unknown,Unknown,Ferit lleu: Hospitalització fins a 24h,426173.15 ,4576467.9 ,2.116573923,41.33446724
2023S006518    ,6,Gràcia,28,Vallcarca i els Penitents,158107,Vallcarca,0010 0010,Friday,2023,11,November,3,Afternoon,16,No és causa del  vianant,Motorcycle,Dona,49,Driver,Desconegut                                                                                                                                            ,Unknown,Es desconeix,Ferit lleu: Amb assistència sanitària en lloc d'accident,428999.48 ,4584614.21,2.149393149,41.408092522
2023S006519    ,3,Sants-Montjuïc,11,el Poble-sec,198702,Francesc Ferrer i Guàrdia,0001 0005,Friday,2023,11,November,3,Afternoon,15,No és causa del  vianant,Motorcycle,Home,54,Driver,Desconegut                                                                                                                                            ,Unknown,Es desconeix,Ferit lleu: Hospitalització fins a 24h,429128.42 ,4580567.28,2.151409448,41.37165462
2023S006520    ,2,Eixample,6,la Sagrada Família,90502,Còrsega,0571 0571,Friday,2023,11,November,3,Afternoon,18,No és causa del  vianant,Veh. mobilitat personal amb motor,Home,18,Driver,Desconegut                                                                                                                                            ,Unknown,Altres activitats,Ferit lleu: Amb assistència sanitària en lloc d'accident,431016.47 ,4584514.42,2.173534269,41.407369472
2023S006521    ,7,Horta-Guinardó,40,Montbau,701267,Dalt (Besòs),001070000,Friday,2023,11,November,3,Afternoon,20,No és causa del  vianant,Motorcycle,Home,54,Driver,Desconegut                                                                                                                                            ,Unknown,In itínere,Ferit lleu: Hospitalització fins a 24h,428441.28 ,4586554.86,2.142485606,41.425521633
2023S006522    ,3,Sants-Montjuïc,12,la Marina del Prat Vermell,370407,Número 5 Zona Franca,0022 0022,Friday,2023,11,November,3,Afternoon,19,No és causa del  vianant,Motorcycle,Home,26,Driver,Desconegut                                                                                                                                            ,Unknown,In itínere,Ferit lleu: Hospitalització fins a 24h,427046    ,4575468.09,2.127124275,41.325541793
2023S006523    ,2,Eixample,7,la Dreta de l'Eixample,144601,Diagonal,0371 0371,Friday,2023,11,November,3,Afternoon,19,No és causa del  vianant,Motorcycle,Home,27,Driver,Desconegut                                                                                                                                            ,Unknown,Oci i entreteniment,Ferit lleu: Hospitalització fins a 24h,429996.53 ,4583374.37,2.161464532,41.397013209
2023S006524    ,7,Horta-Guinardó,43,Horta,701268,Dalt (Llobregat),001300000,Friday,2023,11,November,3,Night,23,No és causa del  vianant,Motorcycle,Home,45,Driver,Desconegut                                                                                                                                            ,Unknown,Oci i entreteniment,Ferit lleu: Amb assistència sanitària en lloc d'accident,429782.41 ,4588099.56,2.158354551,41.43955254
2023S006525    ,9,Sant Andreu,61,la Sagrera,39709,Berenguer de Palou,0039 0041,Saturday,2023,11,November,4,Night,2,No és causa del  vianant,Car,Home,28,Passatger,Desconegut                                                                                                                                            ,Unknown,Unknown,Ferit lleu: Hospitalització fins a 24h,432554.05 ,4586337.91,2.191725172,41.423923661
2023S006525    ,9,Sant Andreu,61,la Sagrera,39709,Berenguer de Palou,0039 0041,Saturday,2023,11,November,4,Night,2,No és causa del  vianant,Motorcycle,Home,31,Driver,Desconegut                                                                                                                                            ,Unknown,Oci i entreteniment,Ferit lleu: Amb assistència sanitària en lloc d'accident,432554.05 ,4586337.91,2.191725172,41.423923661
2023S006525    ,9,Sant Andreu,61,la Sagrera,39709,Berenguer de Palou,0039 0041,Saturday,2023,11,November,4,Night,2,No és causa del  vianant,Car,Dona,32,Driver,Desconegut                                                                                                                                            ,Unknown,Oci i entreteniment,Ferit lleu: Amb assistència sanitària en lloc d'accident,432554.05 ,4586337.91,2.191725172,41.423923661
2023S006526    ,3,Sants-Montjuïc,16,la Bordeta,89707,Constitució,0033X0033X,Saturday,2023,11,November,4,Night,2,No és causa del  vianant,Motorcycle,Home,41,Driver,Desconegut                                                                                                                                            ,Unknown,Oci i entreteniment,Ferit lleu: Hospitalització fins a 24h,427949.35 ,4580391.97,2.13733276,41.36997092
2023S006527    ,4,Les Corts,19,les Corts,278302,Reina Maria Cristina,9997 9997,Saturday,2023,11,November,4,Night,5,No és causa del  vianant,Taxi,Dona,39,Passatger,Desconegut                                                                                                                                            ,Unknown,Unknown,Ferit lleu: Hospitalització fins a 24h,427207    ,4582445.17,2.128210374,41.38839647
2023S006527    ,4,Les Corts,19,les Corts,278302,Reina Maria Cristina,9997 9997,Saturday,2023,11,November,4,Night,5,No és causa del  vianant,Taxi,Dona,8,Passatger,Desconegut                                                                                                                                            ,Unknown,Unknown,Ferit lleu: Hospitalització fins a 24h,427207    ,4582445.17,2.128210374,41.38839647
2023S006527    ,4,Les Corts,19,les Corts,278302,Reina Maria Cristina,9997 9997,Saturday,2023,11,November,4,Night,5,No és causa del  vianant,Taxi,Home,39,Passatger,Desconegut                                                                                                                                            ,Unknown,Unknown,Ferit lleu: Hospitalització fins a 24h,427207    ,4582445.17,2.128210374,41.38839647
2023S006527    ,4,Les Corts,19,les Corts,278302,Reina Maria Cristina,9997 9997,Saturday,2023,11,November,4,Night,5,No és causa del  vianant,Taxi,Home,4,Passatger,Desconegut                                                                                                                                            ,Unknown,Unknown,Ferit lleu: Hospitalització fins a 24h,427207    ,4582445.17,2.128210374,41.38839647
2023S006527    ,4,Les Corts,19,les Corts,278302,Reina Maria Cristina,9997 9997,Saturday,2023,11,November,4,Night,5,No és causa del  vianant,Car,Home,45,Driver,Desconegut                                                                                                                                            ,Unknown,En missió,Ferit lleu: Hospitalització fins a 24h,427207    ,4582445.17,2.128210374,41.38839647
2023S006527    ,4,Les Corts,19,les Corts,278302,Reina Maria Cristina,9997 9997,Saturday,2023,11,November,4,Night,5,No és causa del  vianant,Taxi,Home,55,Driver,Desconegut                                                                                                                                            ,Unknown,Taxi,Ferit lleu: Hospitalització fins a 24h,427207    ,4582445.17,2.128210374,41.38839647
2023S006528    ,4,Les Corts,19,les Corts,343903,Corts,0183 0183,Friday,2023,11,November,3,Afternoon,14,No és causa del  vianant,Motorcycle,Dona,37,Driver,Desconegut                                                                                                                                            ,Unknown,Es desconeix,Ferit lleu: Amb assistència sanitària en lloc d'accident,427274.86 ,4581827.27,2.129096158,41.38283743
2023S006529    ,8,Nou Barris,53,la Trinitat Nova,701267,Dalt (Besòs),001550000,Friday,2023,11,November,3,Afternoon,19,No és causa del  vianant,Car,Dona,52,Passatger,Desconegut                                                                                                                                            ,Unknown,Unknown,Ferit lleu: Hospitalització fins a 24h,432217.32 ,4588883.98,2.187410054,41.4468269
2023S006529    ,8,Nou Barris,53,la Trinitat Nova,701267,Dalt (Besòs),001550000,Friday,2023,11,November,3,Afternoon,19,No és causa del  vianant,Car,Dona,80,Passatger,Desconegut                                                                                                                                            ,Unknown,Unknown,Ferit lleu: Hospitalització fins a 24h,432217.32 ,4588883.98,2.187410054,41.4468269
2023S006529    ,8,Nou Barris,53,la Trinitat Nova,701267,Dalt (Besòs),001550000,Friday,2023,11,November,3,Afternoon,19,No és causa del  vianant,Car,Dona,48,Driver,Desconegut                                                                                                                                            ,Unknown,Es desconeix,Ferit lleu: Hospitalització fins a 24h,432217.32 ,4588883.98,2.187410054,41.4468269
2023S006529    ,8,Nou Barris,53,la Trinitat Nova,701267,Dalt (Besòs),001550000,Friday,2023,11,November,3,Afternoon,19,No és causa del  vianant,Car,Home,22,Driver,Desconegut                                                                                                                                            ,Unknown,Es desconeix,Ferit lleu: Hospitalització fins a 24h,432217.32 ,4588883.98,2.187410054,41.4468269
2023S006529    ,8,Nou Barris,53,la Trinitat Nova,701267,Dalt (Besòs),001550000,Friday,2023,11,November,3,Afternoon,19,No és causa del  vianant,Car,Home,47,Driver,Desconegut                                                                                                                                            ,Unknown,Es desconeix,Ferit lleu: Hospitalització fins a 24h,432217.32 ,4588883.98,2.187410054,41.4468269
2023S006530    ,2,Eixample,9,la Nova Esquerra de l'Eixample,162002,Josep Tarradellas,0062 0062,Friday,2023,11,November,3,Afternoon,19,No és causa del  vianant,Ciclomotor,Home,53,Driver,Desconegut                                                                                                                                            ,Unknown,Es desconeix,Ferit lleu: Hospitalització fins a 24h,428409.41 ,4582129   ,2.142628031,41.385656815
2023S006531    ,3,Sants-Montjuïc,18,Sants,231502,Numància,0039 0041,Dimarts,2023,10,October,31,Morning,9,No és causa del  vianant,Car,Dona,41,Driver,Desconegut                                                                                                                                            ,Unknown,Oci i entreteniment,Ferit lleu: Hospitalització fins a 24h,428138.43 ,4581805.31,2.13942578,41.382717284
2023S006532    ,9,Sant Andreu,63,Navas,121402,Felip II,0049 0049,Saturday,2023,11,November,4,Morning,10,No és causa del  vianant,Veh. mobilitat personal amb motor,Dona,69,Pedestrian,En pas regulat per semàfor                                                                                                                            ,Es desconeix,Unknown,Ferit lleu: Hospitalització fins a 24h,432327.94 ,4585764.31,2.189083714,41.418738399
2023S006533    ,7,Horta-Guinardó,41,la Vall d'Hebron,701268,Dalt (Llobregat),001100000,Saturday,2023,11,November,4,Morning,12,No és causa del  vianant,Car,Dona,30,Passatger,Desconegut                                                                                                                                            ,Unknown,Unknown,Ferit lleu: Rebutja assistència sanitària,428543.18 ,4586839.61,2.143671306,41.428095331
2023S006533    ,7,Horta-Guinardó,41,la Vall d'Hebron,701268,Dalt (Llobregat),001100000,Saturday,2023,11,November,4,Morning,12,No és causa del  vianant,Car,Home,32,Driver,Desconegut                                                                                                                                            ,Unknown,Es desconeix,Ferit lleu: Rebutja assistència sanitària,428543.18 ,4586839.61,2.143671306,41.428095331
2023S006535    ,6,Gràcia,30,la Salut,344000,Dalt,0060 0060,Saturday,2023,11,November,4,Afternoon,15,No és causa del  vianant,Motorcycle,Home,35,Driver,Desconegut                                                                                                                                            ,Unknown,En missió,Ferit lleu: Amb assistència sanitària en lloc d'accident,429512.89 ,4584781.74,2.155515652,41.409646612
2023S006536    ,2,Eixample,7,la Dreta de l'Eixample,144601,Diagonal,0353 0353,Saturday,2023,11,November,4,Afternoon,15,No és causa del  vianant,Motorcycle,Dona,40,Driver,Desconegut                                                                                                                                            ,Unknown,Oci i entreteniment,Ferit lleu: Hospitalització fins a 24h,430278.77 ,4583465.06,2.164830013,41.397854559
2023S006537    ,2,Eixample,9,la Nova Esquerra de l'Eixample,191204,Mallorca,0083 0085,Saturday,2023,11,November,4,Afternoon,18,No és causa del  vianant,Motorcycle,Home,40,Driver,Desconegut                                                                                                                                            ,Unknown,Oci i entreteniment,Ferit lleu: Hospitalització fins a 24h,429111.09 ,4582080.84,2.151025111,41.385285227
2023S006538    ,2,Eixample,6,la Sagrada Família,289105,Rosselló,0356 0358,Saturday,2023,11,November,4,Afternoon,17,No és causa del  vianant,Motorcycle,Home,47,Driver,Desconegut                                                                                                                                            ,Unknown,Oci i entreteniment,Ferit lleu: Hospitalització fins a 24h,430793.62 ,4584087.64,2.170917114,41.403506438
2023S006539    ,2,Eixample,8,l'Antiga Esquerra de l'Eixample,100800,Diputació,0189 0189,Saturday,2023,11,November,4,Afternoon,20,Desobeir el senyal del semàfor,Bicicleta,Dona,54,Pedestrian,En pas regulat per semàfor                                                                                                                            ,Unknown,Unknown,Ferit lleu: Amb assistència sanitària en lloc d'accident,429887.54 ,4582093.8 ,2.160309201,41.385470037
2023S006539    ,2,Eixample,8,l'Antiga Esquerra de l'Eixample,100800,Diputació,0189 0189,Saturday,2023,11,November,4,Afternoon,20,Desobeir el senyal del semàfor,Bicicleta,Home,38,Driver,En pas regulat per semàfor                                                                                                                            ,Unknown,Es desconeix,Ferit lleu: Hospitalització fins a 24h,429887.54 ,4582093.8 ,2.160309201,41.385470037
2023S006540    ,2,Eixample,7,la Dreta de l'Eixample,71600,Casp,0047 0047,Saturday,2023,11,November,4,Afternoon,15,No és causa del  vianant,Ciclomotor,Home,49,Driver,Desconegut                                                                                                                                            ,Unknown,Oci i entreteniment,Ferit lleu: Hospitalització fins a 24h,431085.84 ,4582832.69,2.174555689,41.392228606
2023S006541    ,3,Sants-Montjuïc,17,Sants - Badal,166003,Jaume Roig,0045 0045,Saturday,2023,11,November,4,Afternoon,19,No és causa del  vianant,Bus,Dona,32,Passatger,Desconegut                                                                                                                                            ,Unknown,Unknown,Ferit lleu: Amb assistència sanitària en lloc d'accident,426948.76 ,4581205.82,2.125271446,41.377210716