Case_Number,District_Code,District_Name,Neighborhood_Code,Neighborhood_Name,Street_Code,Street_Name,Postal_Code,Day_of_Week,Year,Month_Code,Month_Name,Day_of_Month,Shift_Description,Hour_of_Day,Pedestrian_Cause_Description,Involved_Vehicle_Type,Gender_Description,Age,Person_Type_Description,Pedestrian_Accident_Location_Description,Pedestrian_Movement_Reason_Description,Driver_Movement_Reason_Description,Victimization_Description,UTM_X_Coordinate,UTM_Y_Coordinate,Longitude,Latitude
2023S006541    ,3,Sants-Montjuïc,17,Sants - Badal,166003,Jaume Roig,0045 0045,Saturday,2023,11,November,4,Afternoon,19,No és causa del  vianant,Bus,Dona,34,Passatger,Desconegut                                                                                                                                            ,Unknown,Unknown,Ferit lleu: Hospitalització fins a 24h,426948.76 ,4581205.82,2.125271446,41.377210716
2023S006542    ,10,Sant Martí,65,el Clot,18505,Aragó,0647 0649,Diumenge,2023,11,November,5,Night,2,No és causa del  vianant,Motorcycle,Home,46,Driver,Desconegut                                                                                                                                            ,Unknown,Oci i entreteniment,Ferit lleu: Amb assistència sanitària en lloc d'accident,432452.27 ,4585012.66,2.190655333,41.41197898
2023S006543    ,5,Sarrià-Sant Gervasi,24,les Tres Torres,357103,Vergós,0045 0045,Diumenge,2023,11,November,5,Night,0,No és causa del  vianant,Motorcycle,Dona,45,Driver,Desconegut                                                                                                                                            ,Unknown,Es desconeix,Ferit lleu: Amb assistència sanitària en lloc d'accident,427047.2  ,4583369.73,2.126187818,41.396709116
2023S006544    ,7,Horta-Guinardó,41,la Vall d'Hebron,701268,Dalt (Llobregat),001130000,Saturday,2023,11,November,4,Night,23,No és causa del  vianant,Car,Home,38,Driver,Desconegut                                                                                                                                            ,Unknown,Oci i entreteniment,Ferit lleu: Hospitalització fins a 24h,428677.38 ,4587217.83,2.145232607,41.431513732
2023S006546    ,2,Eixample,8,l'Antiga Esquerra de l'Eixample,245802,París,0169 0169,Thursday,2023,11,November,2,Night,22,No és causa del  vianant,Motorcycle,Home,57,Driver,Desconegut                                                                                                                                            ,Unknown,Es desconeix,Ferit lleu: Amb assistència sanitària en lloc d'accident,429173.98 ,4582876.38,2.151684146,41.392455923
2023S006547    ,10,Sant Martí,68,el Poblenou,701265,Litoral (Besòs),000760000,Diumenge,2023,11,November,5,Morning,6,No és causa del  vianant,Car,Dona,25,Passatger,Desconegut                                                                                                                                            ,Unknown,Unknown,Ferit lleu: Rebutja assistència sanitària,433600.12 ,4582986.31,2.204610681,41.393823857
2023S006547    ,10,Sant Martí,68,el Poblenou,701265,Litoral (Besòs),000760000,Diumenge,2023,11,November,5,Morning,6,No és causa del  vianant,Car,Home,66,Driver,Desconegut                                                                                                                                            ,Unknown,Oci i entreteniment,Ferit lleu: Rebutja assistència sanitària,433600.12 ,4582986.31,2.204610681,41.393823857
2023S006547    ,10,Sant Martí,68,el Poblenou,701265,Litoral (Besòs),000760000,Diumenge,2023,11,November,5,Morning,6,No és causa del  vianant,Car,Home,35,Driver,Desconegut                                                                                                                                            ,Unknown,Taxi,Ferit lleu: Hospitalització fins a 24h,433600.12 ,4582986.31,2.204610681,41.393823857
2023S006548    ,3,Sants-Montjuïc,13,la Marina de Port,169409,Corts Catalanes,0134 0138,Diumenge,2023,11,November,5,Night,0,No és causa del  vianant,Car,Dona,40,Passatger,Desconegut                                                                                                                                            ,Unknown,Unknown,Ferit lleu: Hospitalització fins a 24h,427857.18 ,4579829.6 ,2.1362977,41.364897589
2023S006548    ,3,Sants-Montjuïc,13,la Marina de Port,169409,Corts Catalanes,0134 0138,Diumenge,2023,11,November,5,Night,0,No és causa del  vianant,Car,Dona,43,Passatger,Desconegut                                                                                                                                            ,Unknown,Unknown,Ferit lleu: Hospitalització fins a 24h,427857.18 ,4579829.6 ,2.1362977,41.364897589
2023S006548    ,3,Sants-Montjuïc,13,la Marina de Port,169409,Corts Catalanes,0134 0138,Diumenge,2023,11,November,5,Night,0,No és causa del  vianant,Car,Home,39,Passatger,Desconegut                                                                                                                                            ,Unknown,Unknown,Ferit lleu: Hospitalització fins a 24h,427857.18 ,4579829.6 ,2.1362977,41.364897589
2023S006548    ,3,Sants-Montjuïc,13,la Marina de Port,169409,Corts Catalanes,0134 0138,Diumenge,2023,11,November,5,Night,0,No és causa del  vianant,Car,Dona,46,Driver,Desconegut                                                                                                                                            ,Unknown,Oci i entreteniment,Ferit lleu: Hospitalització fins a 24h,427857.18 ,4579829.6 ,2.1362977,41.364897589
2023S006552    ,4,Les Corts,20,la Maternitat i Sant Ramon,282252,Blanca,0001 0003,Diumenge,2023,11,November,5,Afternoon,14,Desobeir el senyal del semàfor,Veh. mobilitat personal amb motor,Dona,76,Pedestrian,En pas regulat per semàfor                                                                                                                            ,Oci i entreteniment,Unknown,Ferit lleu: Hospitalització fins a 24h,426626.85 ,4581292.09,2.121411776,41.377958412
2023S006552    ,4,Les Corts,20,la Maternitat i Sant Ramon,282252,Blanca,0001 0003,Diumenge,2023,11,November,5,Afternoon,14,Desobeir el senyal del semàfor,Veh. mobilitat personal amb motor,Dona,46,Driver,En pas regulat per semàfor                                                                                                                            ,Unknown,Oci i entreteniment,Ferit lleu: Hospitalització fins a 24h,426626.85 ,4581292.09,2.121411776,41.377958412
2023S006553    ,8,Nou Barris,49,Canyelles,701267,Dalt (Besòs),001400000,Diumenge,2023,11,November,5,Morning,13,No és causa del  vianant,Motorcycle,Home,17,Passatger,Desconegut                                                                                                                                            ,Unknown,Unknown,Ferit lleu: Hospitalització fins a 24h,430808.39 ,4588463.43,2.170592827,41.442918895
2023S006553    ,8,Nou Barris,49,Canyelles,701267,Dalt (Besòs),001400000,Diumenge,2023,11,November,5,Morning,13,No és causa del  vianant,Motorcycle,Home,17,Driver,Desconegut                                                                                                                                            ,Unknown,Oci i entreteniment,Ferit lleu: Hospitalització fins a 24h,430808.39 ,4588463.43,2.170592827,41.442918895
2023S006554    ,8,Nou Barris,45,Porta,256401,Pintor Alsamora,0001 0001,Diumenge,2023,11,November,5,Afternoon,14,No és causa del  vianant,Car,Dona,35,Passatger,Desconegut                                                                                                                                            ,Unknown,Unknown,Ferit lleu: Hospitalització fins a 24h,431788.2  ,4587509.78,2.182428552,41.4344136
2023S006554    ,8,Nou Barris,45,Porta,256401,Pintor Alsamora,0001 0001,Diumenge,2023,11,November,5,Afternoon,14,No és causa del  vianant,Car,Home,35,Driver,Desconegut                                                                                                                                            ,Unknown,Oci i entreteniment,Ferit lleu: Rebutja assistència sanitària,431788.2  ,4587509.78,2.182428552,41.4344136
2023S006555    ,10,Sant Martí,67,la Vila Olímpica del Poblenou,367504,Doctor Trueta,0022 0030,Diumenge,2023,11,November,5,Afternoon,17,No és causa del  vianant,Motorcycle,Dona,39,Driver,Desconegut                                                                                                                                            ,Unknown,Oci i entreteniment,Ferit lleu: Amb assistència sanitària en lloc d'accident,432592.28 ,4582626.29,2.19259629,41.390497358
2023S006556    ,10,Sant Martí,65,el Clot,161101,Independència,0265 0265,Diumenge,2023,11,November,5,Afternoon,18,Desobeir el senyal del semàfor,Motorcycle,Home,55,Pedestrian,En pas regulat per semàfor                                                                                                                            ,Unknown,Unknown,Ferit lleu: Hospitalització fins a 24h,431961.38 ,4584443.97,2.184846297,41.40681553
2023S006556    ,10,Sant Martí,65,el Clot,161101,Independència,0265 0265,Diumenge,2023,11,November,5,Afternoon,18,Desobeir el senyal del semàfor,Motorcycle,Home,35,Driver,En pas regulat per semàfor                                                                                                                            ,Unknown,Es desconeix,Ferit lleu: Amb assistència sanitària en lloc d'accident,431961.38 ,4584443.97,2.184846297,41.40681553
2023S006558    ,2,Eixample,8,l'Antiga Esquerra de l'Eixample,245802,París,0130 0130,Diumenge,2023,11,November,5,Afternoon,17,No és causa del  vianant,Motorcycle,Dona,65,Passatger,Desconegut                                                                                                                                            ,Unknown,Unknown,Ferit lleu: Amb assistència sanitària en lloc d'accident,428983.64 ,4582689.63,2.149429527,41.390757138
2023S006558    ,2,Eixample,8,l'Antiga Esquerra de l'Eixample,245802,París,0130 0130,Diumenge,2023,11,November,5,Afternoon,17,No és causa del  vianant,Motorcycle,Home,64,Driver,Desconegut                                                                                                                                            ,Unknown,Oci i entreteniment,Ferit lleu: Amb assistència sanitària en lloc d'accident,428983.64 ,4582689.63,2.149429527,41.390757138
2023S006559    ,2,Eixample,5,el Fort Pienc,169409,Corts Catalanes,0753B0753B,Diumenge,2023,11,November,5,Afternoon,21,No és causa del  vianant,Car,Home,22,Passatger,Desconegut                                                                                                                                            ,Unknown,Unknown,Ferit lleu: Hospitalització fins a 24h,431843.45 ,4583785.44,2.183509686,41.40087435
2023S006559    ,2,Eixample,5,el Fort Pienc,169409,Corts Catalanes,0753B0753B,Diumenge,2023,11,November,5,Afternoon,21,No és causa del  vianant,Car,Home,22,Driver,Desconegut                                                                                                                                            ,Unknown,Es desconeix,Ferit lleu: Hospitalització fins a 24h,431843.45 ,4583785.44,2.183509686,41.40087435
2023S006560    ,1,Ciutat Vella,2,el Barri Gòtic,34308,Rambla,0074 0074,Dilluns,2023,11,November,6,Night,3,No és causa del  vianant,Veh. mobilitat personal amb motor,Home,37,Driver,Desconegut                                                                                                                                            ,Unknown,Oci i entreteniment,Ferit lleu: Hospitalització fins a 24h,431001.46 ,4581584.33,2.173688733,41.380977753
2023S006562    ,5,Sarrià-Sant Gervasi,25,Sant Gervasi - la Bonanova,128503,Folgueroles,0013 0013,Dilluns,2023,11,November,6,Morning,7,No és causa del  vianant,Motorcycle,Home,69,Driver,Desconegut                                                                                                                                            ,Unknown,In itínere,Ferit lleu: Hospitalització fins a 24h,427845.45 ,4584650.51,2.135582977,41.408316643
2023S006563    ,9,Sant Andreu,59,el Bon Pastor,701265,Litoral (Besòs),000080000,Dilluns,2023,11,November,6,Morning,8,No és causa del  vianant,Motorcycle,Home,26,Driver,Desconegut                                                                                                                                            ,Unknown,In itínere,Ferit lleu: Amb assistència sanitària en lloc d'accident,433694.47 ,4588647.61,2.205118172,41.444821434
2023S006564    ,10,Sant Martí,70,el Besòs i el Maresme,310201,Sant Ramon de Penyafort,0001X0001X,Dilluns,2023,11,November,6,Morning,7,No és causa del  vianant,Ciclomotor,Home,29,Driver,Desconegut                                                                                                                                            ,Unknown,In itínere,Ferit lleu: Hospitalització fins a 24h,434942.85 ,4585182.09,2.220434622,41.413710581
2023S006565    ,9,Sant Andreu,57,la Trinitat Vella,701497,B-10 (Llobregat),000020000,Dilluns,2023,11,November,6,Morning,9,No és causa del  vianant,Motorcycle,Home,24,Driver,Desconegut                                                                                                                                            ,Unknown,Es desconeix,Ferit lleu: Hospitalització fins a 24h,432733.6  ,4589151.61,2.193560321,41.449280805
2023S006566    ,10,Sant Martí,66,el Parc i la Llacuna del Poblenou,330107,Tànger,0031 0033,Dilluns,2023,11,November,6,Morning,11,No és causa del  vianant,Furgoneta,Home,39,Driver,Desconegut                                                                                                                                            ,Unknown,En missió,Ferit lleu: Hospitalització fins a 24h,432348.34 ,4583709.18,2.189557698,41.400230163
2023S006567    ,7,Horta-Guinardó,37,el Carmel,324002,Serrallonga,0016 0016,Dilluns,2023,11,November,6,Morning,11,No és causa del  vianant,Motorcycle,Dona,46,Passatger,Desconegut                                                                                                                                            ,Unknown,Unknown,Ferit lleu: Amb assistència sanitària en lloc d'accident,429456.07 ,4586738.45,2.154607548,41.427264958
2023S006567    ,7,Horta-Guinardó,37,el Carmel,324002,Serrallonga,0016 0016,Dilluns,2023,11,November,6,Morning,11,No és causa del  vianant,Motorcycle,Home,51,Driver,Desconegut                                                                                                                                            ,Unknown,Es desconeix,Ferit lleu: Amb assistència sanitària en lloc d'accident,429456.07 ,4586738.45,2.154607548,41.427264958
2023S006570    ,5,Sarrià-Sant Gervasi,25,Sant Gervasi - la Bonanova,701267,Dalt (Besòs),000810000,Dilluns,2023,11,November,6,Afternoon,15,No és causa del  vianant,Motorcycle,Home,47,Driver,Desconegut                                                                                                                                            ,Unknown,In itínere,Ferit lleu: Hospitalització fins a 24h,426972.87 ,4584864.31,2.125118346,41.410163403
2023S006571    ,2,Eixample,7,la Dreta de l'Eixample,144601,Diagonal,0313 0315,Dilluns,2023,11,November,6,Morning,13,No és causa del  vianant,Bicicleta,Home,20,Driver,Desconegut                                                                                                                                            ,Unknown,Es desconeix,Ferit lleu: Hospitalització fins a 24h,430850.64 ,4583648.78,2.171649369,41.399558676
2023S006572    ,5,Sarrià-Sant Gervasi,26,Sant Gervasi - Galvany,139805,Ganduxer,0088 0088,Dilluns,2023,11,November,6,Morning,12,No és causa del  vianant,Autobús articulat,Dona,59,Passatger,Desconegut                                                                                                                                            ,Unknown,Unknown,Ferit lleu: Hospitalització fins a 24h,427714.85 ,4583654.89,2.134139547,41.399337763
2023S006573    ,3,Sants-Montjuïc,12,la Marina del Prat Vermell,701857,29 del BZ (No Oficial),0086 0086,Dilluns,2023,11,November,6,Morning,12,No és causa del  vianant,Car,Dona,31,Passatger,Desconegut                                                                                                                                            ,Unknown,Unknown,Ferit lleu: Hospitalització fins a 24h,427128.37 ,4576711.44,2.127959214,41.336747713
2023S006573    ,3,Sants-Montjuïc,12,la Marina del Prat Vermell,701857,29 del BZ (No Oficial),0086 0086,Dilluns,2023,11,November,6,Morning,12,No és causa del  vianant,Car,Dona,36,Driver,Desconegut                                                                                                                                            ,Unknown,Oci i entreteniment,Ferit lleu: Hospitalització fins a 24h,427128.37 ,4576711.44,2.127959214,41.336747713
2023S006574    ,2,Eixample,6,la Sagrada Família,76807,Sardenya,0245 0245,Dilluns,2023,11,November,6,Afternoon,14,No és causa del  vianant,Motorcycle,Home,30,Driver,Desconegut                                                                                                                                            ,Unknown,Es desconeix,Ferit lleu: Hospitalització fins a 24h,431264.72 ,4583795.85,2.176585763,41.400918815
2023S006575    ,5,Sarrià-Sant Gervasi,25,Sant Gervasi - la Bonanova,101008,Tibidabo,0001 0001,Dilluns,2023,11,November,6,Afternoon,17,No és causa del  vianant,Bus,Dona,45,Passatger,Desconegut                                                                                                                                            ,Unknown,Unknown,Ferit lleu: Hospitalització fins a 24h,427926.95 ,4584909.89,2.136527067,41.410660087
2023S006576    ,7,Horta-Guinardó,35,el Guinardó,339906,Torre dels Pardals,0004 0004,Dilluns,2023,11,November,6,Afternoon,20,No és causa del  vianant,Car,Dona,86,Pedestrian,En pas sense regular                                                                                                                                  ,Oci i entreteniment,Unknown,Ferit greu: hospitalització superior a 24h,431391.39 ,4586098.81,2.177839703,41.421671662
2023S006577    ,2,Eixample,10,Sant Antoni,296508,Sant Antoni,0057 0057,Dilluns,2023,11,November,6,Afternoon,18,No és causa del  vianant,Motorcycle,Home,45,Driver,Desconegut                                                                                                                                            ,Unknown,Es desconeix,Ferit lleu: Hospitalització fins a 24h,430167.8  ,4581972.09,2.163674889,41.384398224
2023S006578    ,6,Gràcia,28,Vallcarca i els Penitents,69200,Ca l'Alegre,0015 0015,Dilluns,2023,11,November,6,Afternoon,21,No és causa del  vianant,Motorcycle,Home,27,Driver,Desconegut                                                                                                                                            ,Unknown,Es desconeix,Ferit lleu: Hospitalització fins a 24h,428022.17 ,4585473.76,2.137599123,41.415747166
2023S006579    ,7,Horta-Guinardó,41,la Vall d'Hebron,700651,Estatut de Catalunya,0065U0065U,Dilluns,2023,11,November,6,Afternoon,21,No és causa del  vianant,Car,Dona,23,Driver,Desconegut                                                                                                                                            ,Unknown,In itínere,Ferit lleu: Hospitalització fins a 24h,429294.85 ,4587545.08,2.152583869,41.434515762
2023S006579    ,7,Horta-Guinardó,41,la Vall d'Hebron,700651,Estatut de Catalunya,0065U0065U,Dilluns,2023,11,November,6,Afternoon,21,No és causa del  vianant,Car,Dona,26,Driver,Desconegut                                                                                                                                            ,Unknown,Oci i entreteniment,Ferit lleu: Hospitalització fins a 24h,429294.85 ,4587545.08,2.152583869,41.434515762
2023S006580    ,1,Ciutat Vella,3,la Barceloneta,701265,Litoral (Besòs),000980000,Dilluns,2023,11,November,6,Afternoon,19,No és causa del  vianant,Ciclomotor,Home,54,Driver,Desconegut                                                                                                                                            ,Unknown,Es desconeix,Ferit lleu: Amb assistència sanitària en lloc d'accident,432004.03 ,4581708.23,2.185663873,41.382179091
2023S006581    ,5,Sarrià-Sant Gervasi,26,Sant Gervasi - Galvany,32700,Balmes,0299B0299B,Dimarts,2023,11,November,7,Morning,7,No és causa del  vianant,Veh. mobilitat personal amb motor,Home,48,Driver,Desconegut                                                                                                                                            ,Unknown,In itínere,Ferit lleu: Hospitalització fins a 24h,428705.86 ,4583951.9 ,2.145958577,41.402101348
2023S006582    ,8,Nou Barris,50,les Roquetes,701267,Dalt (Besòs),001480000,Dimarts,2023,11,November,7,Morning,8,No és causa del  vianant,Motorcycle,Home,31,Driver,Desconegut                                                                                                                                            ,Unknown,In itínere,Ferit lleu: Hospitalització fins a 24h,431529.78 ,4588779.95,2.179191726,41.445831557
2023S006582    ,8,Nou Barris,50,les Roquetes,701267,Dalt (Besòs),001480000,Dimarts,2023,11,November,7,Morning,8,No és causa del  vianant,Motorcycle,Home,52,Driver,Desconegut                                                                                                                                            ,Unknown,In itínere,Ferit lleu: Amb assistència sanitària en lloc d'accident,431529.78 ,4588779.95,2.179191726,41.445831557
2023S006583    ,2,Eixample,5,el Fort Pienc,9209,Alí Bei,0073 0073,Dimarts,2023,11,November,7,Morning,9,Desobeir el senyal del semàfor,Taxi,Home,59,Pedestrian,En pas regulat per semàfor                                                                                                                            ,Es desconeix,Unknown,Ferit lleu: Amb assistència sanitària en lloc d'accident,431672.84 ,4583033.69,2.181553736,41.394089068
2023S006584    ,2,Eixample,6,la Sagrada Família,178308,Lepant,0346 0348,Dimarts,2023,11,November,7,Morning,11,No és causa del  vianant,Veh. mobilitat personal amb motor,Home,24,Driver,Desconegut                                                                                                                                            ,Unknown,Es desconeix,Ferit lleu: Hospitalització fins a 24h,430901.11 ,4584569.96,2.172147857,41.407859788
2023S006585    ,4,Les Corts,20,la Maternitat i Sant Ramon,285002,Sabino Arana,0060B0060B,Dimarts,2023,11,November,7,Morning,12,No és causa del  vianant,Bicicleta,Dona,22,Driver,Desconegut                                                                                                                                            ,Unknown,Altres activitats,Ferit lleu: Hospitalització fins a 24h,426715.33 ,4582243.37,2.122354674,41.386534273
2023S006586    ,6,Gràcia,28,Vallcarca i els Penitents,116901,Esteve Terradas,0053X0053X,Dimarts,2023,11,November,7,Morning,9,No és causa del  vianant,Car,Dona,Unknown,Passatger,Desconegut                                                                                                                                            ,Unknown,Unknown,Ferit lleu: Hospitalització fins a 24h,428188.15 ,4585368   ,2.139597562,41.414809487
2023S006586    ,6,Gràcia,28,Vallcarca i els Penitents,116901,Esteve Terradas,0053X0053X,Dimarts,2023,11,November,7,Morning,9,No és causa del  vianant,Car,Home,18,Passatger,Desconegut                                                                                                                                            ,Unknown,Unknown,Ferit lleu: Hospitalització fins a 24h,428188.15 ,4585368   ,2.139597562,41.414809487
2023S006586    ,6,Gràcia,28,Vallcarca i els Penitents,116901,Esteve Terradas,0053X0053X,Dimarts,2023,11,November,7,Morning,9,No és causa del  vianant,Car,Home,38,Passatger,Desconegut                                                                                                                                            ,Unknown,Unknown,Ferit lleu: Hospitalització fins a 24h,428188.15 ,4585368   ,2.139597562,41.414809487
2023S006586    ,6,Gràcia,28,Vallcarca i els Penitents,116901,Esteve Terradas,0053X0053X,Dimarts,2023,11,November,7,Morning,9,No és causa del  vianant,Car,Dona,23,Driver,Desconegut                                                                                                                                            ,Unknown,Oci i entreteniment,Ferit lleu: Hospitalització fins a 24h,428188.15 ,4585368   ,2.139597562,41.414809487
2023S006587    ,10,Sant Martí,71,Provençals del Poblenou,115603,Espronceda,0201 0201,Dimarts,2023,11,November,7,Morning,11,No és causa del  vianant,Motorcycle,Home,60,Driver,Desconegut                                                                                                                                            ,Unknown,Es desconeix,Ferit greu: hospitalització superior a 24h,433092.71 ,4584796.53,2.198341497,41.410085958
2023S006588    ,9,Sant Andreu,59,el Bon Pastor,295709,Sant Adrià,0149 0149,Dimarts,2023,11,November,7,Morning,13,No és causa del  vianant,Autobús articulat,Home,77,Pedestrian,En pas regulat per semàfor                                                                                                                            ,Unknown,Unknown,Ferit lleu: Hospitalització fins a 24h,433835.23 ,4587717.51,2.206905002,41.436455925
2023S006589    ,1,Ciutat Vella,1,el Raval,269200,Portal de Santa Madrona,0014 0014,Dimarts,2023,11,November,7,Afternoon,14,No és causa del  vianant,Motorcycle,Home,70,Driver,Desconegut                                                                                                                                            ,Unknown,Oci i entreteniment,Ferit lleu: Hospitalització fins a 24h,431141.53 ,4581056.3 ,2.175423758,41.376233939
2023S006590    ,7,Horta-Guinardó,35,el Guinardó,332805,Telègraf,0030 0030,Dimarts,2023,11,November,7,Morning,11,No és causa del  vianant,Ciclomotor,Dona,30,Driver,Desconegut                                                                                                                                            ,Unknown,Es desconeix,Ferit lleu: Hospitalització fins a 24h,431107.92 ,4585559.27,2.17450926,41.416787938
2023S006591    ,10,Sant Martí,67,la Vila Olímpica del Poblenou,700664,Arquitecte Sert,0002 0002,Dimarts,2023,11,November,7,Morning,11,No és causa del  vianant,Bicicleta,Home,21,Driver,Desconegut                                                                                                                                            ,Unknown,Es desconeix,Ferit lleu: Hospitalització fins a 24h,433218.09 ,4582540.82,2.200090474,41.389779785
2023S006591    ,10,Sant Martí,67,la Vila Olímpica del Poblenou,700664,Arquitecte Sert,0002 0002,Dimarts,2023,11,November,7,Morning,11,No és causa del  vianant,Bicicleta,Home,88,Driver,Desconegut                                                                                                                                            ,Unknown,Es desconeix,Ferit lleu: Hospitalització fins a 24h,433218.09 ,4582540.82,2.200090474,41.389779785
2023S006592    ,5,Sarrià-Sant Gervasi,25,Sant Gervasi - la Bonanova,701268,Dalt (Llobregat),000850000,Dimarts,2023,11,November,7,Afternoon,16,No és causa del  vianant,Motorcycle,Dona,40,Driver,Desconegut                                                                                                                                            ,Unknown,Es desconeix,Ferit lleu: Hospitalització fins a 24h,428022.17 ,4585473.76,2.137599123,41.415747166
2023S006593    ,7,Horta-Guinardó,36,la Font d'en Fargues,78303,Ciències,0043 0043,Dimarts,2023,11,November,7,Afternoon,16,No és causa del  vianant,Motorcycle,Home,46,Driver,Desconegut                                                                                                                                            ,Unknown,In itínere,Ferit lleu: Hospitalització fins a 24h,429768.54 ,4586546.08,2.158369151,41.425559752
2023S006594    ,2,Eixample,8,l'Antiga Esquerra de l'Eixample,350308,València,0213 0213,Dimarts,2023,11,November,7,Afternoon,16,No és causa del  vianant,Motorcycle,Dona,27,Passatger,Desconegut                                                                                                                                            ,Unknown,Unknown,Ferit lleu: Amb assistència sanitària en lloc d'accident,429884.33 ,4582651.67,2.160206206,41.390494311
2023S006594    ,2,Eixample,8,l'Antiga Esquerra de l'Eixample,350308,València,0213 0213,Dimarts,2023,11,November,7,Afternoon,16,No és causa del  vianant,Motorcycle,Home,28,Driver,Desconegut                                                                                                                                            ,Unknown,Es desconeix,Ferit lleu: Amb assistència sanitària en lloc d'accident,429884.33 ,4582651.67,2.160206206,41.390494311
2023S006595    ,5,Sarrià-Sant Gervasi,23,Sarrià,65505,Cardenal Vives i Tutó,0001X0001X,Dimarts,2023,11,November,7,Afternoon,14,No és causa del  vianant,Motorcycle,Dona,50,Driver,Desconegut                                                                                                                                            ,Unknown,Es desconeix,Ferit lleu: Hospitalització fins a 24h,426428.01 ,4583056.18,2.118819794,41.393828666
2023S006596    ,6,Gràcia,31,la Vila de Gràcia,148307,Gràcia,0109 0111,Dimarts,2023,11,November,7,Afternoon,21,No és causa del  vianant,Motorcycle,Home,68,Driver,Desconegut                                                                                                                                            ,Unknown,Es desconeix,Ferit lleu: Hospitalització fins a 24h,429831.32 ,4583321.36,2.159494571,41.396521359
2023S006597    ,2,Eixample,9,la Nova Esquerra de l'Eixample,349706,Comte d'Urgell,0125 0125,Dimarts,2023,11,November,7,Afternoon,16,No és causa del  vianant,Motorcycle,Home,56,Driver,Desconegut                                                                                                                                            ,Unknown,Es desconeix,Ferit lleu: Hospitalització fins a 24h,429329.27 ,4582120.65,2.153629683,41.385662989
2023S006598    ,9,Sant Andreu,60,Sant Andreu,209900,Meridiana,0580 0584,Dimarts,2023,11,November,7,Afternoon,17,No és causa del  vianant,Motorcycle,Dona,51,Driver,Desconegut                                                                                                                                            ,Unknown,Oci i entreteniment,Ferit lleu: Hospitalització fins a 24h,432163.17 ,4588427.75,2.186813122,41.442713221
2023S006599    ,2,Eixample,8,l'Antiga Esquerra de l'Eixample,23403,Aribau,0172 0172,Dimarts,2023,11,November,7,Afternoon,20,No és causa del  vianant,Motorcycle,Dona,31,Passatger,Desconegut                                                                                                                                            ,Unknown,Unknown,Ferit lleu: Rebutja assistència sanitària,429322.77 ,4582932.42,2.15345718,41.392973752
2023S006599    ,2,Eixample,8,l'Antiga Esquerra de l'Eixample,23403,Aribau,0172 0172,Dimarts,2023,11,November,7,Afternoon,20,No és causa del  vianant,Motorcycle,Home,38,Driver,Desconegut                                                                                                                                            ,Unknown,Oci i entreteniment,Ferit lleu: Hospitalització fins a 24h,429322.77 ,4582932.42,2.15345718,41.392973752
2023S006600    ,10,Sant Martí,66,el Parc i la Llacuna del Poblenou,44403,Bolívia,0019 0021,Dimarts,2023,11,November,7,Afternoon,18,No és causa del  vianant,Motorcycle,Home,46,Driver,Desconegut                                                                                                                                            ,Unknown,In itínere,Ferit lleu: Hospitalització fins a 24h,432328.1  ,4583858.49,2.18929889,41.401573252
2023S006601    ,7,Horta-Guinardó,39,Sant Genís dels Agudells,701267,Dalt (Besòs),001050000,Dimarts,2023,11,November,7,Afternoon,19,No és causa del  vianant,Motorcycle,Home,22,Driver,Desconegut                                                                                                                                            ,Unknown,Es desconeix,Ferit lleu: Amb assistència sanitària en lloc d'accident,428389.44 ,4586359.41,2.141888429,41.423756676
2023S006602    ,5,Sarrià-Sant Gervasi,22,"Vallvidrera, el Tibidabo i les Planes",320908,Sarrià a Vallvidrera,0250 0252,Dimarts,2023,11,November,7,Afternoon,15,No és causa del  vianant,Bicicleta,Home,40,Driver,Desconegut                                                                                                                                            ,Unknown,Oci i entreteniment,Ferit lleu: Hospitalització fins a 24h,425251.31 ,4585098.12,2.104493661,41.412110873
2023S006603    ,10,Sant Martí,71,Provençals del Poblenou,115603,Espronceda,0201 0201,Dimarts,2023,11,November,7,Afternoon,18,No és causa del  vianant,Motorcycle,Dona,26,Driver,Desconegut                                                                                                                                            ,Unknown,Altres activitats,Ferit lleu: Amb assistència sanitària en lloc d'accident,433092.71 ,4584796.53,2.198341497,41.410085958
2023S006603    ,10,Sant Martí,71,Provençals del Poblenou,115603,Espronceda,0201 0201,Dimarts,2023,11,November,7,Afternoon,18,No és causa del  vianant,Motorcycle,Home,47,Driver,Desconegut                                                                                                                                            ,Unknown,Altres activitats,Ferit lleu: Amb assistència sanitària en lloc d'accident,433092.71 ,4584796.53,2.198341497,41.410085958
2023S006603    ,10,Sant Martí,71,Provençals del Poblenou,115603,Espronceda,0201 0201,Dimarts,2023,11,November,7,Afternoon,18,No és causa del  vianant,Motorcycle,Home,57,Passatger,Desconegut                                                                                                                                            ,Unknown,Unknown,Ferit lleu: Amb assistència sanitària en lloc d'accident,433092.71 ,4584796.53,2.198341497,41.410085958
2023S006605    ,10,Sant Martí,66,el Parc i la Llacuna del Poblenou,29206,Àvila,0135 0139,Dimarts,2023,11,November,7,Afternoon,14,No és causa del  vianant,Motorcycle,Home,28,Driver,Desconegut                                                                                                                                            ,Unknown,Oci i entreteniment,Ferit lleu: Hospitalització fins a 24h,432467.64 ,4583701.57,2.190985598,41.400171656