Case_Number,District_Code,District_Name,Neighborhood_Code,Neighborhood_Name,Street_Code,Street_Name,Postal_Code,Day_of_Week,Year,Month_Code,Month_Name,Day_of_Month,Shift_Description,Hour_of_Day,Pedestrian_Cause_Description,Involved_Vehicle_Type,Gender_Description,Age,Person_Type_Description,Pedestrian_Accident_Location_Description,Pedestrian_Movement_Reason_Description,Driver_Movement_Reason_Description,Victimization_Description,UTM_X_Coordinate,UTM_Y_Coordinate,Longitude,Latitude
2023S006606    ,3,Sants-Montjuïc,16,la Bordeta,169409,Corts Catalanes,0135 0135,Dimarts,2023,11,November,7,Afternoon,18,No és causa del  vianant,Veh. mobilitat personal amb motor,Home,17,Driver,Desconegut                                                                                                                                            ,Unknown,Oci i entreteniment,Ferit lleu: Amb assistència sanitària en lloc d'accident,427849.83 ,4579911.76,2.13620005,41.365636917
2023S006607    ,4,Les Corts,20,la Maternitat i Sant Ramon,144601,Diagonal,0649 0651,Dimecres,2023,11,November,8,Morning,7,No és causa del  vianant,Motorcycle,Dona,20,Passatger,Desconegut                                                                                                                                            ,Unknown,Unknown,Ferit greu: hospitalització superior a 24h,425960.02 ,4582013.56,2.113349923,41.384395273
2023S006607    ,4,Les Corts,20,la Maternitat i Sant Ramon,144601,Diagonal,0649 0651,Dimecres,2023,11,November,8,Morning,7,No és causa del  vianant,Motorcycle,Home,19,Driver,Desconegut                                                                                                                                            ,Unknown,In itínere,Ferit greu: hospitalització superior a 24h,425960.02 ,4582013.56,2.113349923,41.384395273
2023S006608    ,3,Sants-Montjuïc,11,el Poble-sec,118805,Exposició,0005 0023,Dimecres,2023,11,November,8,Morning,7,Desobeir el senyal del semàfor,Car,Home,4,Pedestrian,En pas regulat per semàfor                                                                                                                            ,Estudiant cap a centre d'estudis,Unknown,Ferit lleu: Rebutja assistència sanitària,430240.09 ,4580456.93,2.164713885,41.370757905
2023S006609    ,2,Eixample,9,la Nova Esquerra de l'Eixample,287201,Roma,0029 0029,Dimecres,2023,11,November,8,Morning,8,Desobeir el senyal del semàfor,Motorcycle,Dona,31,Driver,En pas regulat per semàfor                                                                                                                            ,Unknown,In itínere,Ferit lleu: Hospitalització fins a 24h,428666.7  ,4581674.2 ,2.14575855,41.38158346
2023S006610    ,4,Les Corts,19,les Corts,231502,Numància,0173 0173,Dimarts,2023,11,November,7,Afternoon,19,No és causa del  vianant,Bicicleta,Home,19,Driver,Desconegut                                                                                                                                            ,Unknown,Es desconeix,Ferit lleu: Hospitalització fins a 24h,427575.97 ,4582577.49,2.13260725,41.389621548
2023S006610    ,4,Les Corts,19,les Corts,231502,Numància,0173 0173,Dimarts,2023,11,November,7,Afternoon,19,No és causa del  vianant,Veh. mobilitat personal amb motor,Home,14,Driver,Desconegut                                                                                                                                            ,Unknown,Es desconeix,Ferit lleu: Amb assistència sanitària en lloc d'accident,427575.97 ,4582577.49,2.13260725,41.389621548
2023S006611    ,8,Nou Barris,48,la Guineueta,75101,Caçador,0004X0004X,Dimecres,2023,11,November,8,Morning,9,No és causa del  vianant,Car,Dona,76,Pedestrian,En pas regulat per semàfor                                                                                                                            ,Oci i entreteniment,Unknown,Ferit lleu: Amb assistència sanitària en lloc d'accident,430471.16 ,4588315.38,2.166573355,41.441556316
2023S006612    ,4,Les Corts,19,les Corts,88001,Comtes de Bell-lloc,0156 0156,Dimecres,2023,11,November,8,Morning,7,No és causa del  vianant,Motorcycle,Home,44,Driver,Desconegut                                                                                                                                            ,Unknown,Es desconeix,Ferit lleu: Hospitalització fins a 24h,427859.16 ,4581784.58,2.1360886,41.38250557
2023S006613    ,2,Eixample,8,l'Antiga Esquerra de l'Eixample,32700,Balmes,0129B0129B,Dimecres,2023,11,November,8,Morning,9,No és causa del  vianant,Car,Home,41,Pedestrian,En pas regulat per semàfor                                                                                                                            ,Unknown,Unknown,Ferit lleu: Hospitalització fins a 24h,429649.26 ,4582966.26,2.15735821,41.393307179
2023S006614    ,10,Sant Martí,68,el Poblenou,701265,Litoral (Besòs),0023E0000,Dimecres,2023,11,November,8,Morning,9,No és causa del  vianant,Motorcycle,Dona,45,Driver,Desconegut                                                                                                                                            ,Unknown,In itínere,Ferit lleu: Hospitalització fins a 24h,433689.13 ,4583118.93,2.205660776,41.395025683
2023S006615    ,9,Sant Andreu,59,el Bon Pastor,264308,Potosí,0015 0019,Dimecres,2023,11,November,8,Morning,10,No és causa del  vianant,Motorcycle,Home,35,Driver,Desconegut                                                                                                                                            ,Unknown,In itínere,Ferit lleu: Hospitalització fins a 24h,433549.93 ,4588484.57,2.20340596,41.443341026
2023S006616    ,1,Ciutat Vella,3,la Barceloneta,224904,Joan Borbó Comte Barcelona,0042 0043,Dimecres,2023,11,November,8,Morning,12,No és causa del  vianant,Motorcycle,Dona,68,Passatger,Desconegut                                                                                                                                            ,Unknown,Unknown,Ferit lleu: Hospitalització fins a 24h,432235.85 ,4581225   ,2.18849017,41.377846328
2023S006616    ,1,Ciutat Vella,3,la Barceloneta,224904,Joan Borbó Comte Barcelona,0042 0043,Dimecres,2023,11,November,8,Morning,12,No és causa del  vianant,Motorcycle,Home,72,Driver,Desconegut                                                                                                                                            ,Unknown,Es desconeix,Ferit lleu: Hospitalització fins a 24h,432235.85 ,4581225   ,2.18849017,41.377846328
2023S006617    ,2,Eixample,7,la Dreta de l'Eixample,144601,Diagonal,0397 0397,Dimecres,2023,11,November,8,Morning,12,No és causa del  vianant,Motorcycle,Dona,34,Driver,Desconegut                                                                                                                                            ,Unknown,In itínere,Ferit lleu: Hospitalització fins a 24h,429611.29 ,4583250.11,2.156871059,41.395860394
2023S006618    ,2,Eixample,6,la Sagrada Família,89004,Consell de Cent,0529 0529,Dimecres,2023,11,November,8,Morning,10,No és causa del  vianant,Bicicleta,Dona,56,Driver,Desconegut                                                                                                                                            ,Unknown,In itínere,Ferit lleu: Hospitalització fins a 24h,431646.63 ,4583986.73,2.181132592,41.402670591
2023S006619    ,10,Sant Martí,69,Diagonal Mar i el Front Marítim del Poblenou,322608,Selva de Mar,0014X0014X,Dimecres,2023,11,November,8,Morning,8,No és causa del  vianant,Motorcycle,Home,35,Driver,Desconegut                                                                                                                                            ,Unknown,In itínere,Ferit lleu: Hospitalització fins a 24h,434425.88 ,4584253.8 ,2.214350031,41.405307653
2023S006620    ,4,Les Corts,19,les Corts,16703,Anglesola,0047 0047,Dimecres,2023,11,November,8,Afternoon,14,No és causa del  vianant,Veh. mobilitat personal amb motor,Dona,33,Driver,Desconegut                                                                                                                                            ,Unknown,In itínere,Ferit lleu: Hospitalització fins a 24h,427842.47 ,4582730.17,2.135776326,41.391020643
2023S006621    ,10,Sant Martí,71,Provençals del Poblenou,253902,Perú,0173 0173,Dimecres,2023,11,November,8,Morning,13,No és causa del  vianant,Motorcycle,Home,41,Driver,Desconegut                                                                                                                                            ,Unknown,In itínere,Ferit lleu: Amb assistència sanitària en lloc d'accident,433190.91 ,4584923.09,2.19950235,41.411234023
2023S006622    ,10,Sant Martí,70,el Besòs i el Maresme,41100,Bernat Metge,0002 0002,Dimecres,2023,11,November,8,Afternoon,14,No és causa del  vianant,Ciclomotor,Dona,43,Driver,Desconegut                                                                                                                                            ,Unknown,Es desconeix,Ferit lleu: Hospitalització fins a 24h,434063.8  ,4585718.2 ,2.209858838,41.418467502
2023S006622    ,10,Sant Martí,70,el Besòs i el Maresme,41100,Bernat Metge,0002 0002,Dimecres,2023,11,November,8,Afternoon,14,No és causa del  vianant,Car,Home,30,Driver,Desconegut                                                                                                                                            ,Unknown,Es desconeix,Ferit lleu: Hospitalització fins a 24h,434063.8  ,4585718.2 ,2.209858838,41.418467502
2023S006623    ,5,Sarrià-Sant Gervasi,25,Sant Gervasi - la Bonanova,223606,Muntaner,0493 0493,Dimecres,2023,11,November,8,Afternoon,15,No és causa del  vianant,Motorcycle,Dona,26,Driver,Desconegut                                                                                                                                            ,Unknown,Es desconeix,Ferit lleu: Amb assistència sanitària en lloc d'accident,428034.16 ,4584036.69,2.137913576,41.402805141
2023S006623    ,5,Sarrià-Sant Gervasi,25,Sant Gervasi - la Bonanova,223606,Muntaner,0493 0493,Dimecres,2023,11,November,8,Afternoon,15,No és causa del  vianant,Motorcycle,Home,24,Driver,Desconegut                                                                                                                                            ,Unknown,Es desconeix,Ferit lleu: Amb assistència sanitària en lloc d'accident,428034.16 ,4584036.69,2.137913576,41.402805141
2023S006624    ,1,Ciutat Vella,4,"Sant Pere, Santa Caterina i la Ribera",342900,Trafalgar,0014 0024,Dimecres,2023,11,November,8,Afternoon,16,No és causa del  vianant,Motorcycle,Home,44,Driver,Desconegut                                                                                                                                            ,Unknown,In itínere,Ferit lleu: Hospitalització fins a 24h,431169.92 ,4582480.3 ,2.175601383,41.389061937
2023S006625    ,10,Sant Martí,70,el Besòs i el Maresme,195409,Maresme,0130 0130,Dimecres,2023,11,November,8,Afternoon,15,No és causa del  vianant,Veh. mobilitat personal amb motor,Home,58,Driver,Desconegut                                                                                                                                            ,Unknown,Oci i entreteniment,Ferit lleu: Hospitalització fins a 24h,434134.78 ,4585450.25,2.210737328,41.41605997
2023S006626    ,1,Ciutat Vella,4,"Sant Pere, Santa Caterina i la Ribera",240707,Palau,9999 9999,Dimecres,2023,11,November,8,Afternoon,16,No és causa del  vianant,Bus,Home,84,Passatger,Desconegut                                                                                                                                            ,Unknown,Unknown,Ferit lleu: Hospitalització fins a 24h,431803.6  ,4581754.35,2.183261829,41.382577507
2023S006627    ,2,Eixample,8,l'Antiga Esquerra de l'Eixample,350308,València,0203 0203,Dimecres,2023,11,November,8,Afternoon,15,No és causa del  vianant,Motorcycle,Home,28,Driver,Desconegut                                                                                                                                            ,Unknown,Oci i entreteniment,Ferit lleu: Hospitalització fins a 24h,429832.97 ,4582584.72,2.159599701,41.389886833
2023S006628    ,5,Sarrià-Sant Gervasi,25,Sant Gervasi - la Bonanova,701103,Alfonso Comín,0009 0010,Dimecres,2023,11,November,8,Afternoon,17,No és causa del  vianant,Motorcycle,Dona,55,Passatger,Desconegut                                                                                                                                            ,Unknown,Unknown,Ferit lleu: Hospitalització fins a 24h,428060.23 ,4585300.07,2.13807516,41.414186223
2023S006629    ,8,Nou Barris,49,Canyelles,701268,Dalt (Llobregat),001400000,Dimecres,2023,11,November,8,Afternoon,14,No és causa del  vianant,Motorcycle,Home,45,Driver,Desconegut                                                                                                                                            ,Unknown,Es desconeix,Ferit lleu: Hospitalització fins a 24h,430808.39 ,4588463.43,2.170592827,41.442918895
2023S006630    ,2,Eixample,7,la Dreta de l'Eixample,18505,Aragó,0286 0286,Dimecres,2023,11,November,8,Afternoon,18,No és causa del  vianant,Bicicleta,Dona,35,Driver,Desconegut                                                                                                                                            ,Unknown,Oci i entreteniment,Ferit lleu: Hospitalització fins a 24h,430403.06 ,4582955.17,2.166375326,41.393272917
2023S006631    ,4,Les Corts,20,la Maternitat i Sant Ramon,66508,Carles III,0077 0079,Dimecres,2023,11,November,8,Afternoon,14,No és causa del  vianant,Bus,Dona,58,Passatger,Desconegut                                                                                                                                            ,Unknown,Unknown,Ferit lleu: Amb assistència sanitària en lloc d'accident,427096.68 ,4582069.1 ,2.126936281,41.384999362
2023S006632    ,6,Gràcia,31,la Vila de Gràcia,144601,Diagonal,0468 0470,Dimecres,2023,11,November,8,Afternoon,18,No és causa del  vianant,Veh. mobilitat personal amb motor,Dona,47,Driver,Desconegut                                                                                                                                            ,Unknown,Es desconeix,Ferit lleu: Amb assistència sanitària en lloc d'accident,429570.02 ,4583264.8 ,2.15637572,41.395989087
2023S006633    ,10,Sant Martí,72,Sant Martí de Provençals,153205,Guipúscoa,0099 0099,Dimecres,2023,11,November,8,Afternoon,20,No és causa del  vianant,Motorcycle,Dona,37,Driver,Desconegut                                                                                                                                            ,Unknown,Altres activitats,Ferit lleu: Hospitalització fins a 24h,433333.23 ,4585852.9 ,2.201102526,41.41962039
2023S006634    ,2,Eixample,8,l'Antiga Esquerra de l'Eixample,350308,València,0201 0201,Dimecres,2023,11,November,8,Afternoon,18,No és causa del  vianant,Altres vehicles amb motor,Home,53,Driver,Desconegut                                                                                                                                            ,Unknown,Es desconeix,Ferit lleu: Hospitalització fins a 24h,429832.97 ,4582584.72,2.159599701,41.389886833
2023S006634    ,2,Eixample,8,l'Antiga Esquerra de l'Eixample,350308,València,0201 0201,Dimecres,2023,11,November,8,Afternoon,18,No és causa del  vianant,Motorcycle,Home,46,Driver,Desconegut                                                                                                                                            ,Unknown,Oci i entreteniment,Ferit lleu: Hospitalització fins a 24h,429832.97 ,4582584.72,2.159599701,41.389886833
2023S006635    ,7,Horta-Guinardó,41,la Vall d'Hebron,701267,Dalt (Besòs),0005E0000,Dimecres,2023,11,November,8,Afternoon,15,No és causa del  vianant,Motorcycle,Dona,58,Driver,Desconegut                                                                                                                                            ,Unknown,Altres activitats,Ferit lleu: Hospitalització fins a 24h,428543.18 ,4586839.61,2.143671306,41.428095331
2023S006636    ,8,Nou Barris,53,la Trinitat Nova,701432,C-17 (Barcelona),000000000,Dimecres,2023,11,November,8,Afternoon,19,No és causa del  vianant,Motorcycle,Home,37,Driver,Desconegut                                                                                                                                            ,Unknown,In itínere,Ferit lleu: Hospitalització fins a 24h,432321.48 ,4589639.8 ,2.188572137,41.453643094
2023S006637    ,10,Sant Martí,68,el Poblenou,30409,Bac de Roda,0099 0099,Dimecres,2023,11,November,8,Afternoon,14,No és causa del  vianant,Veh. mobilitat personal amb motor,Home,25,Driver,Desconegut                                                                                                                                            ,Unknown,Oci i entreteniment,Ferit lleu: Hospitalització fins a 24h,433607.3  ,4584461.61,2.204534671,41.407112116
2023S006638    ,10,Sant Martí,73,la Verneda i la Pau,266405,Prim,0125 0125,Dimecres,2023,11,November,8,Afternoon,19,No és causa del  vianant,Car,Dona,62,Pedestrian,En pas regulat per semàfor                                                                                                                            ,Altres activitats,Unknown,Ferit lleu: Hospitalització fins a 24h,433942.83 ,4585841.27,2.20839795,41.419566019
2023S006639    ,8,Nou Barris,55,Ciutat Meridiana,92950,Costabona,0024 0030,Dimecres,2023,11,November,8,Night,22,No és causa del  vianant,Bus,Dona,12,Passatger,Desconegut                                                                                                                                            ,Unknown,Unknown,Ferit lleu: Hospitalització fins a 24h,431518.07 ,4590690.94,2.178834673,41.463042106
2023S006639    ,8,Nou Barris,55,Ciutat Meridiana,92950,Costabona,0024 0030,Dimecres,2023,11,November,8,Night,22,No és causa del  vianant,Bus,Dona,17,Passatger,Desconegut                                                                                                                                            ,Unknown,Unknown,Ferit lleu: Hospitalització fins a 24h,431518.07 ,4590690.94,2.178834673,41.463042106
2023S006640    ,6,Gràcia,31,la Vila de Gràcia,90502,Còrsega,0381 0387,Thursday,2023,11,November,9,Night,1,No és causa del  vianant,Motorcycle,Home,37,Passatger,Desconegut                                                                                                                                            ,Unknown,Unknown,Ferit lleu: Amb assistència sanitària en lloc d'accident,430122.62 ,4583622.77,2.162944036,41.399261438
2023S006640    ,6,Gràcia,31,la Vila de Gràcia,90502,Còrsega,0381 0387,Thursday,2023,11,November,9,Night,1,No és causa del  vianant,Motorcycle,Home,32,Driver,Desconegut                                                                                                                                            ,Unknown,Es desconeix,Ferit lleu: Amb assistència sanitària en lloc d'accident,430122.62 ,4583622.77,2.162944036,41.399261438
2023S006641    ,2,Eixample,7,la Dreta de l'Eixample,89004,Consell de Cent,0441 0441,Thursday,2023,11,November,9,Night,1,No és causa del  vianant,Car,Dona,54,Driver,Desconegut                                                                                                                                            ,Unknown,Altres activitats,Ferit lleu: Amb assistència sanitària en lloc d'accident,431070.7  ,4583423.6 ,2.17430731,41.397549455
2023S006641    ,2,Eixample,7,la Dreta de l'Eixample,89004,Consell de Cent,0441 0441,Thursday,2023,11,November,9,Night,1,No és causa del  vianant,Car,Home,44,Driver,Desconegut                                                                                                                                            ,Unknown,Es desconeix,Ferit lleu: Amb assistència sanitària en lloc d'accident,431070.7  ,4583423.6 ,2.17430731,41.397549455
2023S006642    ,3,Sants-Montjuïc,11,el Poble-sec,330504,Tapioles,0066 0066,Dimecres,2023,11,November,8,Night,22,No és causa del  vianant,Bicicleta,Home,27,Driver,Desconegut                                                                                                                                            ,Unknown,Oci i entreteniment,Ferit lleu: Amb assistència sanitària en lloc d'accident,430133.6  ,4580512.84,2.163434202,41.371252228
2023S006643    ,2,Eixample,6,la Sagrada Família,297001,Sant Antoni Maria Claret,0102 0104,Dimecres,2023,11,November,8,Afternoon,20,No és causa del  vianant,Motorcycle,Home,46,Driver,Desconegut                                                                                                                                            ,Unknown,In itínere,Ferit lleu: Hospitalització fins a 24h,430606.23 ,4584469.47,2.168631676,41.406929292
2023S006644    ,8,Nou Barris,55,Ciutat Meridiana,92950,Costabona,0024 0030,Dimecres,2023,11,November,8,Night,22,No és causa del  vianant,Bus,Home,4,Passatger,Desconegut                                                                                                                                            ,Unknown,Unknown,Ferit lleu: Hospitalització fins a 24h,431518.07 ,4590690.94,2.178834673,41.463042106
2023S006645    ,2,Eixample,8,l'Antiga Esquerra de l'Eixample,18505,Aragó,0219 0219,Thursday,2023,11,November,9,Morning,6,No és causa del  vianant,Car,Dona,20,Passatger,Desconegut                                                                                                                                            ,Unknown,Unknown,Ferit lleu: Hospitalització fins a 24h,429971.9  ,4582557.11,2.161264481,41.389650273
2023S006646    ,3,Sants-Montjuïc,18,Sants,88001,Comtes de Bell-lloc,0142 0142,Thursday,2023,11,November,9,Night,4,No és causa del  vianant,Unknown,Home,20,Pedestrian,En pas regulat per semàfor                                                                                                                            ,Unknown,Unknown,Ferit lleu: Hospitalització fins a 24h,427884.45 ,4581756.31,2.136394396,41.382253222
2023S006647    ,2,Eixample,7,la Dreta de l'Eixample,247659,Pau Claris,0123 0131,Dimecres,2023,11,November,8,Afternoon,20,No és causa del  vianant,Bus,Dona,64,Passatger,Desconegut                                                                                                                                            ,Unknown,Unknown,Ferit lleu: Hospitalització fins a 24h,430437.92 ,4582906.11,2.166797908,41.392834067
2023S006648    ,2,Eixample,9,la Nova Esquerra de l'Eixample,110803,Entença,0165 0167,Thursday,2023,11,November,9,Morning,8,No és causa del  vianant,Motorcycle,Dona,39,Driver,Desconegut                                                                                                                                            ,Unknown,In itínere,Ferit lleu: Rebutja assistència sanitària,428555.14 ,4581994.98,2.144386637,41.384462708
2023S006652    ,4,Les Corts,19,les Corts,187207,Madrid,0125B0125B,Thursday,2023,11,November,9,Morning,10,No és causa del  vianant,Motorcycle,Dona,26,Driver,Desconegut                                                                                                                                            ,Unknown,Oci i entreteniment,Ferit lleu: Hospitalització fins a 24h,427314.39 ,4581452.33,2.129613873,41.379464064
2023S006652    ,4,Les Corts,19,les Corts,187207,Madrid,0125B0125B,Thursday,2023,11,November,9,Morning,10,No és causa del  vianant,Motorcycle,Dona,37,Driver,Desconegut                                                                                                                                            ,Unknown,Oci i entreteniment,Ferit lleu: Amb assistència sanitària en lloc d'accident,427314.39 ,4581452.33,2.129613873,41.379464064
2023S006653    ,2,Eixample,6,la Sagrada Família,18505,Aragó,0487 0487,Thursday,2023,11,November,9,Morning,8,No és causa del  vianant,Ciclomotor,Dona,23,Driver,Desconegut                                                                                                                                            ,Unknown,Oci i entreteniment,Ferit lleu: Hospitalització fins a 24h,431629.49 ,4584143.2 ,2.180909874,41.404078411
2023S006654    ,4,Les Corts,20,la Maternitat i Sant Ramon,144601,Diagonal,0649 0651,Dimecres,2023,11,November,8,Morning,13,No és causa del  vianant,Furgoneta,Home,35,Driver,Desconegut                                                                                                                                            ,Unknown,Es desconeix,Ferit lleu: Amb assistència sanitària en lloc d'accident,425960.02 ,4582013.56,2.113349923,41.384395273
2023S006654    ,4,Les Corts,20,la Maternitat i Sant Ramon,144601,Diagonal,0649 0651,Dimecres,2023,11,November,8,Morning,13,No és causa del  vianant,Furgoneta,Home,40,Driver,Desconegut                                                                                                                                            ,Unknown,Es desconeix,Ferit lleu: Hospitalització fins a 24h,425960.02 ,4582013.56,2.113349923,41.384395273
2023S006654    ,4,Les Corts,20,la Maternitat i Sant Ramon,144601,Diagonal,0649 0651,Dimecres,2023,11,November,8,Morning,13,No és causa del  vianant,Furgoneta,Home,60,Driver,Desconegut                                                                                                                                            ,Unknown,Es desconeix,Ferit lleu: Hospitalització fins a 24h,425960.02 ,4582013.56,2.113349923,41.384395273
2023S006655    ,9,Sant Andreu,58,Baró de Viver,701497,B-10 (Llobregat),000040000,Thursday,2023,11,November,9,Morning,13,No és causa del  vianant,Motorcycle,Home,69,Driver,Desconegut                                                                                                                                            ,Unknown,Es desconeix,Ferit lleu: Rebutja assistència sanitària,433363.25 ,4582786.07,2.201799588,41.39200074
2023S006656    ,2,Eixample,7,la Dreta de l'Eixample,247659,Pau Claris,0142 0142,Thursday,2023,11,November,9,Morning,13,Transitar a peu per la calçada,Bicicleta,Home,69,Pedestrian,Fora del pas                                                                                                                                          ,Unknown,Unknown,Ferit lleu: Hospitalització fins a 24h,430357.28 ,4583019.87,2.165820329,41.393851684
2023S006656    ,2,Eixample,7,la Dreta de l'Eixample,247659,Pau Claris,0142 0142,Thursday,2023,11,November,9,Morning,13,Transitar a peu per la calçada,Bicicleta,Home,34,Driver,Fora del pas                                                                                                                                          ,Unknown,Es desconeix,Ferit lleu: Amb assistència sanitària en lloc d'accident,430357.28 ,4583019.87,2.165820329,41.393851684
2023S006657    ,2,Eixample,6,la Sagrada Família,350308,València,0470 0470,Thursday,2023,11,November,9,Afternoon,14,No és causa del  vianant,Motorcycle,Dona,29,Driver,Desconegut                                                                                                                                            ,Unknown,Oci i entreteniment,Ferit lleu: Hospitalització fins a 24h,431371.11 ,4584089.39,2.177825098,41.403571733
2023S006658    ,3,Sants-Montjuïc,15,Hostafrancs,45803,Bordeta,0090 0090,Thursday,2023,11,November,9,Afternoon,16,No és causa del  vianant,Motorcycle,Home,44,Driver,Desconegut                                                                                                                                            ,Unknown,Oci i entreteniment,Ferit lleu: Hospitalització fins a 24h,428380.31 ,4580688.63,2.14245033,41.372681319
2023S006659    ,1,Ciutat Vella,3,la Barceloneta,701266,Litoral (Llobregat),000930000,Thursday,2023,11,November,9,Afternoon,20,No és causa del  vianant,Motorcycle,Home,24,Driver,Desconegut                                                                                                                                            ,Unknown,Oci i entreteniment,Ferit lleu: Rebutja assistència sanitària,432275.46 ,4581857.73,2.188893064,41.383548507
2023S006660    ,10,Sant Martí,71,Provençals del Poblenou,701414,C-31,020800000,Thursday,2023,11,November,9,Afternoon,19,No és causa del  vianant,Taxi,Dona,23,Driver,Desconegut                                                                                                                                            ,Unknown,Taxi,Ferit lleu: Amb assistència sanitària en lloc d'accident,433723.92 ,4585600.72,2.205804964,41.417381413
2023S006661    ,7,Horta-Guinardó,39,Sant Genís dels Agudells,226604,Natzaret,0103 0103,Thursday,2023,11,November,9,Afternoon,20,No és causa del  vianant,Motorcycle,Dona,30,Driver,Desconegut                                                                                                                                            ,Unknown,Es desconeix,Ferit lleu: Hospitalització fins a 24h,427932.93 ,4586767.83,2.136377112,41.427394292
2023S006662    ,-1,Unknown,-1,Unknown,-1,Unknown,Unknown,Thursday,2023,11,November,9,Afternoon,18,No és causa del  vianant,Motorcycle,Home,26,Driver,Desconegut                                                                                                                                            ,Unknown,Altres activitats,Ferit lleu: Hospitalització fins a 24h,429391.4  ,4587227.22,2.153776539,41.431661427
2023S006663    ,9,Sant Andreu,63,Navas,297001,Sant Antoni Maria Claret,0416 0418,Thursday,2023,11,November,9,Afternoon,20,Desobeir el senyal del semàfor,Motorcycle,Home,39,Driver,Desconegut                                                                                                                                            ,Unknown,Altres activitats,Ferit lleu: Hospitalització fins a 24h,431894.18 ,4585708.57,2.183899947,41.418199697
2023S006664    ,3,Sants-Montjuïc,18,Sants,88001,Comtes de Bell-lloc,0142 0142,Thursday,2023,11,November,9,Night,4,No és causa del  vianant,Veh. mobilitat personal amb motor,Home,20,Driver,Desconegut                                                                                                                                            ,Unknown,Es desconeix,Ferit lleu: Hospitalització fins a 24h,427873.2  ,4581734.62,2.136262447,41.382056859
2023S006667    ,7,Horta-Guinardó,40,Montbau,25500,Arquitectura,0008 0008,Friday,2023,11,November,10,Morning,9,Altres,Bus,Home,0,Passatger,Desconegut                                                                                                                                            ,Unknown,Unknown,Ferit lleu: Hospitalització fins a 24h,428365.71 ,4586969.49,2.141532153,41.429249289
2023S006668    ,7,Horta-Guinardó,36,la Font d'en Fargues,280304,Mossèn Josep Bundó,0031 0033,Friday,2023,11,November,10,Morning,9,No és causa del  vianant,Motorcycle,Dona,26,Driver,Desconegut                                                                                                                                            ,Unknown,En missió,Ferit lleu: Hospitalització fins a 24h,430268.95 ,4586649.25,2.164345369,41.426532582
2023S006669    ,10,Sant Martí,65,el Clot,115603,Espronceda,0309 0311,Friday,2023,11,November,10,Morning,12,No és causa del  vianant,Ciclomotor,Home,30,Driver,Desconegut                                                                                                                                            ,Unknown,In itínere,Ferit lleu: Hospitalització fins a 24h,432602.82 ,4585296.58,2.192424871,41.41454881
2023S006669    ,10,Sant Martí,65,el Clot,115603,Espronceda,0309 0311,Friday,2023,11,November,10,Morning,12,No és causa del  vianant,Motorcycle,Home,42,Driver,Desconegut                                                                                                                                            ,Unknown,In itínere,Ferit lleu: Hospitalització fins a 24h,432602.82 ,4585296.58,2.192424871,41.41454881
2023S006670    ,2,Eixample,7,la Dreta de l'Eixample,74506,Catalunya,0117 0117,Friday,2023,11,November,10,Morning,10,No és causa del  vianant,Motorcycle,Home,75,Driver,Desconegut                                                                                                                                            ,Unknown,Es desconeix,Ferit lleu: Hospitalització fins a 24h,429774.77 ,4583089.18,2.158845112,41.394425253
2023S006671    ,3,Sants-Montjuïc,12,la Marina del Prat Vermell,369408,Zona Franca,0097 0097,Friday,2023,11,November,10,Morning,12,No és causa del  vianant,Ambulància,Home,42,Driver,Desconegut                                                                                                                                            ,Unknown,"Bombers, policia, ambulància",Ferit lleu: Hospitalització fins a 24h,428307.92 ,4578872.9 ,2.141799534,41.356321191
2023S006672    ,4,Les Corts,20,la Maternitat i Sant Ramon,343903,Corts,0073 0073,Friday,2023,11,November,10,Morning,12,No és causa del  vianant,Ciclomotor,Dona,54,Driver,Desconegut                                                                                                                                            ,Unknown,In itínere,Ferit lleu: Hospitalització fins a 24h,426777.74 ,4581373.62,2.1232062,41.378706472
2023S006673    ,1,Ciutat Vella,1,el Raval,250904,Pelai,0008 0008,Friday,2023,11,November,10,Morning,11,Desobeir el senyal del semàfor,Bus,Dona,27,Pedestrian,En pas regulat per semàfor                                                                                                                            ,Es desconeix,Unknown,Ferit greu: hospitalització superior a 24h,430303.71 ,4582123.22,2.165282827,41.385771198
2023S006674    ,2,Eixample,6,la Sagrada Família,68900,Cartagena,0332 0332,Dimecres,2023,11,November,8,Morning,11,No és causa del  vianant,Motorcycle,Home,61,Driver,Desconegut                                                                                                                                            ,Unknown,Es desconeix,Ferit lleu: Rebutja assistència sanitària,431087.05 ,4584936.71,2.174330508,41.411178957
2023S006675    ,2,Eixample,6,la Sagrada Família,268003,Provença,0480 0480,Friday,2023,11,November,10,Morning,13,No és causa del  vianant,Veh. mobilitat personal sense motor,Home,20,Driver,Desconegut                                                                                                                                            ,Unknown,In itínere,Ferit lleu: Hospitalització fins a 24h,431252.07 ,4584334.15,2.176373272,41.405766033
2023S006676    ,3,Sants-Montjuïc,17,Sants - Badal,701434,Mig (Descendent),000160000,Friday,2023,11,November,10,Morning,12,No és causa del  vianant,Veh. mobilitat personal amb motor,Dona,28,Driver,Desconegut                                                                                                                                            ,Unknown,In itínere,Ferit lleu: Hospitalització fins a 24h,427269.91 ,4581441.24,2.129083318,41.37936016