Case_Number,District_Code,District_Name,Neighborhood_Code,Neighborhood_Name,Street_Code,Street_Name,Postal_Code,Day_of_Week,Year,Month_Code,Month_Name,Day_of_Month,Shift_Description,Hour_of_Day,Pedestrian_Cause_Description,Involved_Vehicle_Type,Gender_Description,Age,Person_Type_Description,Pedestrian_Accident_Location_Description,Pedestrian_Movement_Reason_Description,Driver_Movement_Reason_Description,Victimization_Description,UTM_X_Coordinate,UTM_Y_Coordinate,Longitude,Latitude
2023S006745    ,3,Sants-Montjuïc,13,la Marina de Port,369408,Zona Franca,0155B0155B,Dimarts,2023,11,November,14,Morning,10,No és causa del  vianant,Motorcycle,Home,64,Driver,Desconegut                                                                                                                                            ,Unknown,En missió,Ferit lleu: Hospitalització fins a 24h,428121.58 ,4579179.13,2.139535787,41.359062685
2023S006747    ,5,Sarrià-Sant Gervasi,25,Sant Gervasi - la Bonanova,169500,Josep Balari,0008 0008,Dimarts,2023,11,November,14,Morning,12,No és causa del  vianant,Car,Dona,83,Pedestrian,En pas sense regular                                                                                                                                  ,Unknown,Unknown,Ferit lleu: Hospitalització fins a 24h,427721.75 ,4583892.88,2.134193653,41.401481863
2023S006748    ,3,Sants-Montjuïc,16,la Bordeta,30602,Badal,0001 0015,Dimarts,2023,11,November,14,Morning,10,No és causa del  vianant,Bus,Dona,72,Passatger,Desconegut                                                                                                                                            ,Unknown,Unknown,Ferit lleu: Hospitalització fins a 24h,427711.55 ,4579792.08,2.134561135,41.364546589
2023S006749    ,2,Eixample,7,la Dreta de l'Eixample,191204,Mallorca,0231 0231,Dimarts,2023,11,November,14,Morning,11,No és causa del  vianant,Motorcycle,Home,28,Driver,Desconegut                                                                                                                                            ,Unknown,Es desconeix,Ferit lleu: Hospitalització fins a 24h,429836.05 ,4582774.51,2.15961454,41.391596478
2023S006750    ,3,Sants-Montjuïc,12,la Marina del Prat Vermell,106861,E Zona Franca,0038 0038,Dimarts,2023,11,November,14,Morning,13,No és causa del  vianant,Car,Home,67,Driver,Desconegut                                                                                                                                            ,Unknown,Es desconeix,Ferit lleu: Amb assistència sanitària en lloc d'accident,427010.97 ,4576069.69,2.126633431,41.330957045
2023S006751    ,9,Sant Andreu,59,el Bon Pastor,295709,Sant Adrià,0064 0064,Dimarts,2023,11,November,14,Afternoon,14,No és causa del  vianant,Motorcycle,Home,29,Driver,Desconegut                                                                                                                                            ,Unknown,En missió,Ferit lleu: Hospitalització fins a 24h,432972.86 ,4587604.01,2.196596284,41.435362106
2023S006752    ,1,Ciutat Vella,1,el Raval,198804,Paral·lel,0036 0036,Dimarts,2023,11,November,14,Afternoon,14,No és causa del  vianant,Motorcycle,Home,29,Driver,Desconegut                                                                                                                                            ,Unknown,Es desconeix,Ferit lleu: Amb assistència sanitària en lloc d'accident,430955.38 ,4580894.89,2.173216279,41.374764205
2023S006753    ,2,Eixample,7,la Dreta de l'Eixample,350308,València,0237 0237,Dimarts,2023,11,November,14,Afternoon,14,Desobeir el senyal del semàfor,Motorcycle,Home,59,Pedestrian,En pas regulat per semàfor                                                                                                                            ,Oci i entreteniment,Unknown,Ferit lleu: Hospitalització fins a 24h,430061.22 ,4582806.77,2.162303891,41.391906656
2023S006754    ,2,Eixample,6,la Sagrada Família,350308,València,0459 0461,Dimarts,2023,11,November,14,Afternoon,14,No és causa del  vianant,Motorcycle,Dona,40,Passatger,Desconegut                                                                                                                                            ,Unknown,Unknown,Ferit lleu: Hospitalització fins a 24h,431336.76 ,4584073.84,2.177415952,41.403428744
2023S006754    ,2,Eixample,6,la Sagrada Família,350308,València,0459 0461,Dimarts,2023,11,November,14,Afternoon,14,No és causa del  vianant,Motorcycle,Home,47,Driver,Desconegut                                                                                                                                            ,Unknown,Es desconeix,Ferit lleu: Hospitalització fins a 24h,431336.76 ,4584073.84,2.177415952,41.403428744
2023S006755    ,10,Sant Martí,64,el Camp de l'Arpa del Clot,161101,Independència,0287 0287,Dimarts,2023,11,November,14,Afternoon,15,No és causa del  vianant,Veh. mobilitat personal amb motor,Home,25,Driver,Desconegut                                                                                                                                            ,Unknown,Es desconeix,Ferit lleu: Hospitalització fins a 24h,431785.15 ,4584594.16,2.182721108,41.408153302
2023S006756    ,4,Les Corts,21,Pedralbes,114509,Espasa,0001 0001,Dimarts,2023,11,November,14,Afternoon,15,No és causa del  vianant,Motorcycle,Home,27,Driver,Desconegut                                                                                                                                            ,Unknown,Oci i entreteniment,Ferit lleu: Hospitalització fins a 24h,426097.09 ,4583334.48,2.114827855,41.396304833
2023S006757    ,2,Eixample,7,la Dreta de l'Eixample,18505,Aragó,0377 0377,Dimarts,2023,11,November,14,Afternoon,16,No és causa del  vianant,Motorcycle,Home,47,Driver,Desconegut                                                                                                                                            ,Unknown,In itínere,Ferit lleu: Hospitalització fins a 24h,431022.73 ,4583542.25,2.173720001,41.398613983
2023S006757    ,2,Eixample,7,la Dreta de l'Eixample,18505,Aragó,0377 0377,Dimarts,2023,11,November,14,Afternoon,16,No és causa del  vianant,Motorcycle,Home,49,Driver,Desconegut                                                                                                                                            ,Unknown,In itínere,Ferit lleu: Hospitalització fins a 24h,431022.73 ,4583542.25,2.173720001,41.398613983
2023S006758    ,2,Eixample,8,l'Antiga Esquerra de l'Eixample,363809,Villarroel,0201 0203,Dimarts,2023,11,November,14,Morning,10,No és causa del  vianant,Car,Dona,25,Pedestrian,En pas regulat per semàfor                                                                                                                            ,En missió,Unknown,Ferit lleu: Hospitalització fins a 24h,429076.18 ,4582593.91,2.150547521,41.389903192
2023S006759    ,5,Sarrià-Sant Gervasi,26,Sant Gervasi - Galvany,223606,Muntaner,0265 0265,Dimarts,2023,11,November,14,Afternoon,18,No és causa del  vianant,Bus,Dona,50,Passatger,Desconegut                                                                                                                                            ,Unknown,Unknown,Ferit lleu: Hospitalització fins a 24h,428846.82 ,4583196.89,2.14773353,41.395313747
2023S006760    ,3,Sants-Montjuïc,12,la Marina del Prat Vermell,701265,Litoral (Besòs),001270000,Dimarts,2023,11,November,14,Afternoon,18,No és causa del  vianant,Motorcycle,Home,33,Driver,Desconegut                                                                                                                                            ,Unknown,Es desconeix,Ferit lleu: Hospitalització fins a 24h,430380.57 ,4579288.87,2.166527682,41.36024968
2023S006760    ,3,Sants-Montjuïc,12,la Marina del Prat Vermell,701265,Litoral (Besòs),001270000,Dimarts,2023,11,November,14,Afternoon,18,No és causa del  vianant,Car,Home,42,Driver,Desconegut                                                                                                                                            ,Unknown,Es desconeix,Ferit lleu: Rebutja assistència sanitària,430380.57 ,4579288.87,2.166527682,41.36024968
2023S006761    ,2,Eixample,10,Sant Antoni,308709,Sant Pau,0055 0057,Dimarts,2023,11,November,14,Afternoon,18,No és causa del  vianant,Motorcycle,Home,30,Driver,Desconegut                                                                                                                                            ,Unknown,Oci i entreteniment,Ferit lleu: Amb assistència sanitària en lloc d'accident,430241.22 ,4581209.27,2.164640772,41.377534109
2023S006762    ,8,Nou Barris,50,les Roquetes,120807,Favència,0167 0167,Dimarts,2023,11,November,14,Afternoon,18,No és causa del  vianant,Motorcycle,Home,11,Passatger,Desconegut                                                                                                                                            ,Unknown,Unknown,Ferit lleu: Hospitalització fins a 24h,431034.18 ,4588634.22,2.173275946,41.444476574
2023S006763    ,3,Sants-Montjuïc,13,la Marina de Port,124706,Ferrocarrils Catalans,0071 0073,Dimarts,2023,11,November,14,Afternoon,21,No és causa del  vianant,Motorcycle,Home,37,Driver,Desconegut                                                                                                                                            ,Unknown,Altres activitats,Ferit lleu: Hospitalització fins a 24h,428361.22 ,4579328.35,2.142382856,41.36042803
2023S006764    ,10,Sant Martí,73,la Verneda i la Pau,153205,Guipúscoa,0108 0108,Dimarts,2023,11,November,14,Afternoon,18,No és causa del  vianant,Ciclomotor,Dona,9,Passatger,Desconegut                                                                                                                                            ,Unknown,Unknown,Ferit lleu: Hospitalització fins a 24h,433366.06 ,4585856.75,2.201494928,41.41965779
2023S006764    ,10,Sant Martí,73,la Verneda i la Pau,153205,Guipúscoa,0108 0108,Dimarts,2023,11,November,14,Afternoon,18,No és causa del  vianant,Ciclomotor,Dona,37,Driver,Desconegut                                                                                                                                            ,Unknown,Es desconeix,Ferit lleu: Rebutja assistència sanitària,433366.06 ,4585856.75,2.201494928,41.41965779
2023S006765    ,9,Sant Andreu,60,Sant Andreu,35800,Bartrina,0001 0003,Dimarts,2023,11,November,14,Afternoon,20,No és causa del  vianant,Furgoneta,Home,53,Pedestrian,En pas regulat per semàfor                                                                                                                            ,Unknown,Unknown,Ferit lleu: Hospitalització fins a 24h,432041.6  ,4588093.72,2.185395566,41.439694442
2023S006765    ,9,Sant Andreu,60,Sant Andreu,35800,Bartrina,0001 0003,Dimarts,2023,11,November,14,Afternoon,20,No és causa del  vianant,Tot terreny,Home,9,Passatger,En pas regulat per semàfor                                                                                                                            ,Unknown,Unknown,Ferit lleu: Rebutja assistència sanitària,432041.6  ,4588093.72,2.185395566,41.439694442
2023S006765    ,9,Sant Andreu,60,Sant Andreu,35800,Bartrina,0001 0003,Dimarts,2023,11,November,14,Afternoon,20,No és causa del  vianant,Tot terreny,Dona,47,Driver,En pas regulat per semàfor                                                                                                                            ,Unknown,Es desconeix,Ferit lleu: Rebutja assistència sanitària,432041.6  ,4588093.72,2.185395566,41.439694442
2023S006766    ,7,Horta-Guinardó,43,Horta,235503,Porto,0014 0014,Dimarts,2023,11,November,14,Night,23,No és causa del  vianant,Car,Dona,16,Passatger,Desconegut                                                                                                                                            ,Unknown,Unknown,Ferit lleu: Hospitalització fins a 24h,429493.73 ,4587108.15,2.155015073,41.430598006
2023S006766    ,7,Horta-Guinardó,43,Horta,235503,Porto,0014 0014,Dimarts,2023,11,November,14,Night,23,No és causa del  vianant,Car,Dona,50,Driver,Desconegut                                                                                                                                            ,Unknown,Oci i entreteniment,Ferit lleu: Hospitalització fins a 24h,429493.73 ,4587108.15,2.155015073,41.430598006
2023S006767    ,3,Sants-Montjuïc,18,Sants,312400,Sants,0100X0110X,Dimarts,2023,11,November,14,Night,23,No és causa del  vianant,Bicicleta,Dona,19,Driver,Desconegut                                                                                                                                            ,Unknown,Oci i entreteniment,Ferit lleu: Amb assistència sanitària en lloc d'accident,427762.26 ,4580997.85,2.135023649,41.375411085
2023S006767    ,3,Sants-Montjuïc,18,Sants,312400,Sants,0100X0110X,Dimarts,2023,11,November,14,Night,23,No és causa del  vianant,Motorcycle,Home,31,Driver,Desconegut                                                                                                                                            ,Unknown,Oci i entreteniment,Ferit lleu: Amb assistència sanitària en lloc d'accident,427762.26 ,4580997.85,2.135023649,41.375411085
2023S006768    ,2,Eixample,7,la Dreta de l'Eixample,278459,Reina Victòria,9998 9998,Dimecres,2023,11,November,15,Night,1,No és causa del  vianant,Bus,Home,39,Passatger,Desconegut                                                                                                                                            ,Unknown,Unknown,Ferit lleu: Hospitalització fins a 24h,430531.07 ,4582463.6 ,2.167962805,41.388856573
2023S006769    ,10,Sant Martí,71,Provençals del Poblenou,322608,Selva de Mar,0093 0093,Dimecres,2023,11,November,15,Morning,8,No és causa del  vianant,Motorcycle,Dona,45,Driver,Desconegut                                                                                                                                            ,Unknown,Es desconeix,Ferit lleu: Hospitalització fins a 24h,433729.37 ,4584896.59,2.205947351,41.411039949
2023S006770    ,2,Eixample,9,la Nova Esquerra de l'Eixample,191204,Mallorca,0027 0031,Dimecres,2023,11,November,15,Morning,8,No és causa del  vianant,Motorcycle,Home,46,Driver,Desconegut                                                                                                                                            ,Unknown,Oci i entreteniment,Ferit lleu: Hospitalització fins a 24h,428829.24 ,4581803.94,2.147687009,41.382766386
2023S006771    ,5,Sarrià-Sant Gervasi,24,les Tres Torres,701434,Mig (Descendent),000370000,Dimecres,2023,11,November,15,Morning,8,No és causa del  vianant,Bicicleta,Home,29,Driver,Desconegut                                                                                                                                            ,Unknown,In itínere,Ferit lleu: Hospitalització fins a 24h,427734.56 ,4583219.96,2.134427246,41.395422295
2023S006772    ,5,Sarrià-Sant Gervasi,23,Sarrià,106103,Sarrià,0011 0011,Dimecres,2023,11,November,15,Morning,10,Desobeir el senyal del semàfor,Motorcycle,Dona,19,Pedestrian,En pas regulat per semàfor                                                                                                                            ,Es desconeix,Unknown,Ferit lleu: Amb assistència sanitària en lloc d'accident,426695.79 ,4583756.77,2.121937712,41.400163044
2023S006772    ,5,Sarrià-Sant Gervasi,23,Sarrià,106103,Sarrià,0011 0011,Dimecres,2023,11,November,15,Morning,10,Desobeir el senyal del semàfor,Motorcycle,Home,30,Driver,En pas regulat per semàfor                                                                                                                            ,Unknown,Es desconeix,Ferit lleu: Amb assistència sanitària en lloc d'accident,426695.79 ,4583756.77,2.121937712,41.400163044
2023S006776    ,2,Eixample,7,la Dreta de l'Eixample,191204,Mallorca,0268 0268,Dimecres,2023,11,November,15,Morning,12,No és causa del  vianant,Furgoneta,Home,23,Passatger,Desconegut                                                                                                                                            ,Unknown,Unknown,Ferit lleu: Hospitalització fins a 24h,430158.27 ,4583078.12,2.163433324,41.394359055
2023S006776    ,2,Eixample,7,la Dreta de l'Eixample,191204,Mallorca,0268 0268,Dimecres,2023,11,November,15,Morning,12,No és causa del  vianant,Furgoneta,Home,33,Driver,Desconegut                                                                                                                                            ,Unknown,In itínere,Ferit lleu: Amb assistència sanitària en lloc d'accident,430158.27 ,4583078.12,2.163433324,41.394359055
2023S006777    ,3,Sants-Montjuïc,18,Sants,210808,Miquel Àngel,0101B0101B,Dimarts,2023,11,November,14,Afternoon,16,No és causa del  vianant,Motorcycle,Dona,31,Driver,Desconegut                                                                                                                                            ,Unknown,Es desconeix,Ferit lleu: Hospitalització fins a 24h,427334.3  ,4581216.56,2.129880237,41.377342373
2023S006778    ,1,Ciutat Vella,4,"Sant Pere, Santa Caterina i la Ribera",198203,Marquès de l'Argentera,0002 0002,Dimecres,2023,11,November,15,Morning,12,No és causa del  vianant,Bus,Dona,81,Passatger,Desconegut                                                                                                                                            ,Unknown,Unknown,Ferit lleu: Amb assistència sanitària en lloc d'accident,431887.26 ,4581842.36,2.184252388,41.383377281
2023S006779    ,2,Eixample,9,la Nova Esquerra de l'Eixample,184402,Llança,0037 0037,Dimecres,2023,11,November,15,Morning,13,Creuar per fora pas de vianants,Bicicleta,Dona,23,Driver,Desconegut                                                                                                                                            ,Unknown,Oci i entreteniment,Ferit lleu: Hospitalització fins a 24h,428613.8  ,4581520.7 ,2.145144047,41.380196244
2023S006780    ,3,Sants-Montjuïc,11,el Poble-sec,701349,Drassanes,0002X0002X,Dimecres,2023,11,November,15,Morning,13,No és causa del  vianant,Motorcycle,Home,55,Driver,Desconegut                                                                                                                                            ,Unknown,In itínere,Ferit lleu: Hospitalització fins a 24h,431213.91 ,4580892.22,2.176307867,41.374762308
2023S006781    ,2,Eixample,9,la Nova Esquerra de l'Eixample,169409,Corts Catalanes,0521 0521,Dimecres,2023,11,November,15,Afternoon,16,No és causa del  vianant,Motorcycle,Dona,34,Driver,Desconegut                                                                                                                                            ,Unknown,Es desconeix,Ferit lleu: Amb assistència sanitària en lloc d'accident,429734.86 ,4581684.35,2.158530799,41.381768924
2023S006781    ,2,Eixample,9,la Nova Esquerra de l'Eixample,169409,Corts Catalanes,0521 0521,Dimecres,2023,11,November,15,Afternoon,16,No és causa del  vianant,Motorcycle,Home,48,Driver,Desconegut                                                                                                                                            ,Unknown,Es desconeix,Ferit lleu: Hospitalització fins a 24h,429734.86 ,4581684.35,2.158530799,41.381768924
2023S006782    ,2,Eixample,7,la Dreta de l'Eixample,350308,València,0352 0352,Dimecres,2023,11,November,15,Afternoon,16,No és causa del  vianant,Motorcycle,Dona,40,Driver,Desconegut                                                                                                                                            ,Unknown,Es desconeix,Ferit lleu: Amb assistència sanitària en lloc d'accident,430690.5  ,4583426.61,2.169759271,41.397543866
2023S006783    ,10,Sant Martí,69,Diagonal Mar i el Front Marítim del Poblenou,701265,Litoral (Besòs),000650000,Dimecres,2023,11,November,15,Afternoon,19,No és causa del  vianant,Car,Dona,26,Passatger,Desconegut                                                                                                                                            ,Unknown,Unknown,Ferit lleu: Amb assistència sanitària en lloc d'accident,434385.74 ,4583964.78,2.213901191,41.402701239
2023S006783    ,10,Sant Martí,69,Diagonal Mar i el Front Marítim del Poblenou,701265,Litoral (Besòs),000650000,Dimecres,2023,11,November,15,Afternoon,19,No és causa del  vianant,Car,Home,32,Driver,Desconegut                                                                                                                                            ,Unknown,Es desconeix,Ferit lleu: Hospitalització fins a 24h,434385.74 ,4583964.78,2.213901191,41.402701239
2023S006783    ,10,Sant Martí,69,Diagonal Mar i el Front Marítim del Poblenou,701265,Litoral (Besòs),000650000,Dimecres,2023,11,November,15,Afternoon,19,No és causa del  vianant,Car,Home,26,Driver,Desconegut                                                                                                                                            ,Unknown,Oci i entreteniment,Ferit lleu: Amb assistència sanitària en lloc d'accident,434385.74 ,4583964.78,2.213901191,41.402701239
2023S006783    ,10,Sant Martí,69,Diagonal Mar i el Front Marítim del Poblenou,701265,Litoral (Besòs),000650000,Dimecres,2023,11,November,15,Afternoon,19,No és causa del  vianant,Car,Home,27,Driver,Desconegut                                                                                                                                            ,Unknown,Taxi,Ferit lleu: Hospitalització fins a 24h,434385.74 ,4583964.78,2.213901191,41.402701239
2023S006783    ,10,Sant Martí,69,Diagonal Mar i el Front Marítim del Poblenou,701265,Litoral (Besòs),000650000,Dimecres,2023,11,November,15,Afternoon,19,No és causa del  vianant,Car,Home,32,Driver,Desconegut                                                                                                                                            ,Unknown,Taxi,Ferit lleu: Hospitalització fins a 24h,434385.74 ,4583964.78,2.213901191,41.402701239
2023S006784    ,2,Eixample,7,la Dreta de l'Eixample,144601,Diagonal,0422 0422,Dimecres,2023,11,November,15,Afternoon,14,No és causa del  vianant,Motorcycle,Home,49,Driver,Desconegut                                                                                                                                            ,Unknown,In itínere,Ferit lleu: Amb assistència sanitària en lloc d'accident,430134.59 ,4583421.81,2.163110418,41.397452499
2023S006786    ,2,Eixample,6,la Sagrada Família,178308,Lepant,0224 0224,Dimecres,2023,11,November,15,Afternoon,18,No és causa del  vianant,Motorcycle,Home,34,Driver,Desconegut                                                                                                                                            ,Unknown,In itínere,Ferit lleu: Hospitalització fins a 24h,431557.65 ,4583899.32,2.180078076,41.401875741
2023S006787    ,3,Sants-Montjuïc,12,la Marina del Prat Vermell,701265,Litoral (Besòs),0021S0000,Dimecres,2023,11,November,15,Afternoon,19,No és causa del  vianant,Motorcycle,Dona,25,Driver,Desconegut                                                                                                                                            ,Unknown,Oci i entreteniment,Ferit lleu: Hospitalització fins a 24h,430834.74 ,4579924.77,2.171884497,41.366016231
2023S006788    ,7,Horta-Guinardó,39,Sant Genís dels Agudells,701267,Dalt (Besòs),001060000,Dimecres,2023,11,November,15,Afternoon,19,No és causa del  vianant,Motorcycle,Dona,51,Passatger,Desconegut                                                                                                                                            ,Unknown,Unknown,Ferit lleu: Hospitalització fins a 24h,428432.21 ,4586453.46,2.142389079,41.424607558
2023S006788    ,7,Horta-Guinardó,39,Sant Genís dels Agudells,701267,Dalt (Besòs),001060000,Dimecres,2023,11,November,15,Afternoon,19,No és causa del  vianant,Motorcycle,Home,52,Driver,Desconegut                                                                                                                                            ,Unknown,Oci i entreteniment,Ferit lleu: Hospitalització fins a 24h,428432.21 ,4586453.46,2.142389079,41.424607558
2023S006789    ,6,Gràcia,31,la Vila de Gràcia,310802,Sant Salvador,0075 0075,Dimecres,2023,11,November,15,Afternoon,19,No és causa del  vianant,Motorcycle,Home,59,Driver,Desconegut                                                                                                                                            ,Unknown,Oci i entreteniment,Ferit lleu: Amb assistència sanitària en lloc d'accident,429474.46 ,4584585.46,2.155078783,41.407875418
2023S006790    ,4,Les Corts,19,les Corts,231502,Numància,0173 0173,Dimecres,2023,11,November,15,Afternoon,20,No és causa del  vianant,Veh. mobilitat personal amb motor,Dona,23,Driver,En pas regulat per semàfor                                                                                                                            ,Unknown,Oci i entreteniment,Ferit lleu: Amb assistència sanitària en lloc d'accident,427769.46 ,4582595.23,2.134919226,41.389798734
2023S006791    ,2,Eixample,9,la Nova Esquerra de l'Eixample,100800,Diputació,0082 0082,Dimecres,2023,11,November,15,Afternoon,20,No és causa del  vianant,Bicicleta,Home,26,Driver,Desconegut                                                                                                                                            ,Unknown,Oci i entreteniment,Ferit lleu: Hospitalització fins a 24h,429347.93 ,4581549.1 ,2.15391952,41.380516868
2023S006792    ,4,Les Corts,19,les Corts,199909,Marquès de Sentmenat,0046 0048,Dimecres,2023,11,November,15,Afternoon,19,Altres,Bus,Dona,22,Passatger,Desconegut                                                                                                                                            ,Unknown,Unknown,Ferit lleu: Hospitalització fins a 24h,427984.78 ,4582061.89,2.137557844,41.385014459
2023S006794    ,10,Sant Martí,65,el Clot,18505,Aragó,0560 0560,Thursday,2023,11,November,16,Night,4,No és causa del  vianant,Motorcycle,Home,34,Driver,Desconegut                                                                                                                                            ,Unknown,Altres activitats,Ferit lleu: Hospitalització fins a 24h,431965.21 ,4584468.26,2.184889383,41.407034627
2023S006795    ,5,Sarrià-Sant Gervasi,26,Sant Gervasi - Galvany,358900,Vico,0027 0027,Dimecres,2023,11,November,15,Afternoon,21,No és causa del  vianant,Motorcycle,Dona,48,Pedestrian,En pas sense regular                                                                                                                                  ,Unknown,Unknown,Ferit lleu: Hospitalització fins a 24h,427875.4  ,4583722.21,2.136051948,41.399958512
2023S006796    ,1,Ciutat Vella,3,la Barceloneta,701266,Litoral (Llobregat),000900000,Thursday,2023,11,November,16,Morning,6,No és causa del  vianant,Motorcycle,Home,45,Driver,Desconegut                                                                                                                                            ,Unknown,In itínere,Ferit lleu: Rebutja assistència sanitària,432447.21 ,4581959.6 ,2.190935626,41.384480472
2023S006798    ,10,Sant Martí,68,el Poblenou,270901,Pujades,0154 0154,Thursday,2023,11,November,16,Morning,9,No és causa del  vianant,Bicicleta,Home,24,Driver,Desconegut                                                                                                                                            ,Unknown,Es desconeix,Ferit lleu: Hospitalització fins a 24h,433080.25 ,4583662.49,2.198317886,41.399870923
2023S006799    ,10,Sant Martí,73,la Verneda i la Pau,266405,Prim,0223V0223V,Thursday,2023,11,November,16,Morning,7,No és causa del  vianant,Motorcycle,Dona,52,Driver,Desconegut                                                                                                                                            ,Unknown,In itínere,Ferit lleu: Hospitalització fins a 24h,433283.03 ,4586516.33,2.200428623,41.425591543
2023S006800    ,3,Sants-Montjuïc,15,Hostafrancs,94809,Creu Coberta,0081 0081,Thursday,2023,11,November,16,Morning,9,No és causa del  vianant,Autobús articulat,Home,52,Passatger,Desconegut                                                                                                                                            ,Unknown,Unknown,Ferit lleu: Hospitalització fins a 24h,428581.41 ,4580957.33,2.144823146,41.375119289
2023S006801    ,10,Sant Martí,64,el Camp de l'Arpa del Clot,209900,Meridiana,0117B0117B,Thursday,2023,11,November,16,Morning,9,Desobeir el senyal del semàfor,Motorcycle,Dona,31,Pedestrian,En pas regulat per semàfor                                                                                                                            ,Unknown,Unknown,Ferit lleu: Hospitalització fins a 24h,432131.07 ,4584631.66,2.186855248,41.408520352
2023S006803    ,2,Eixample,6,la Sagrada Família,178308,Lepant,0224 0224,Thursday,2023,11,November,16,Morning,12,No és causa del  vianant,Motorcycle,Home,39,Driver,Desconegut                                                                                                                                            ,Unknown,Es desconeix,Ferit lleu: Hospitalització fins a 24h,431557.65 ,4583899.32,2.180078076,41.401875741
2023S006804    ,7,Horta-Guinardó,36,la Font d'en Fargues,248800,Pedrell,0199 0199,Thursday,2023,11,November,16,Morning,11,No és causa del  vianant,Motorcycle,Home,45,Driver,Desconegut                                                                                                                                            ,Unknown,Es desconeix,Ferit lleu: Hospitalització fins a 24h,429820.23 ,4586280.06,2.159018587,41.423168332
2023S006805    ,5,Sarrià-Sant Gervasi,26,Sant Gervasi - Galvany,144601,Diagonal,0482 0482,Thursday,2023,11,November,16,Morning,12,No és causa del  vianant,Bus,Dona,57,Passatger,Desconegut                                                                                                                                            ,Unknown,Unknown,Ferit lleu: Hospitalització fins a 24h,429469.88 ,4583286.81,2.155175382,41.396178542
2023S006806    ,3,Sants-Montjuïc,15,Hostafrancs,45803,Bordeta,0049 0049,Thursday,2023,11,November,16,Morning,13,No és causa del  vianant,Veh. mobilitat personal amb motor,Home,21,Driver,En pas sense regular                                                                                                                                  ,Unknown,Es desconeix,Ferit lleu: Hospitalització fins a 24h,428464.88 ,4580713.8 ,2.143458535,41.372915542
2023S006807    ,5,Sarrià-Sant Gervasi,26,Sant Gervasi - Galvany,144601,Diagonal,0490 0500,Thursday,2023,11,November,16,Morning,13,No és causa del  vianant,Motorcycle,Home,31,Driver,Desconegut                                                                                                                                            ,Unknown,Oci i entreteniment,Ferit lleu: Hospitalització fins a 24h,429430.09 ,4583191.25,2.154710596,41.395314373
2023S006808    ,3,Sants-Montjuïc,14,la Font de la Guatlla,212406,Mineria,0074X0078X,Thursday,2023,11,November,16,Morning,12,No és causa del  vianant,Motorcycle,Home,30,Driver,Desconegut                                                                                                                                            ,Unknown,Oci i entreteniment,Ferit lleu: Hospitalització fins a 24h,428206.42 ,4580224.24,2.140426203,41.368483216
2023S006809    ,9,Sant Andreu,59,el Bon Pastor,701177,Monterrey,0001 0001,Thursday,2023,11,November,16,Afternoon,14,No és causa del  vianant,Motorcycle,Dona,50,Driver,Desconegut                                                                                                                                            ,Unknown,Oci i entreteniment,Ferit lleu: Hospitalització fins a 24h,433767.29 ,4588494.32,2.206006652,41.443446813
2023S006810    ,5,Sarrià-Sant Gervasi,24,les Tres Torres,701433,Mig (Ascendent),000370000,Thursday,2023,11,November,16,Afternoon,15,No és causa del  vianant,Motorcycle,Dona,36,Driver,Desconegut                                                                                                                                            ,Unknown,In itínere,Ferit lleu: Hospitalització fins a 24h,427734.56 ,4583219.96,2.134427246,41.395422295
2023S006811    ,1,Ciutat Vella,1,el Raval,701266,Litoral (Llobregat),0021S0000,Thursday,2023,11,November,16,Afternoon,17,No és causa del  vianant,Motorcycle,Dona,24,Driver,Desconegut                                                                                                                                            ,Unknown,In itínere,Ferit lleu: Hospitalització fins a 24h,431323.52 ,4580839.71,2.177624444,41.374298731
2023S006812    ,2,Eixample,8,l'Antiga Esquerra de l'Eixample,268003,Provença,0190 0190,Thursday,2023,11,November,16,Afternoon,17,No és causa del  vianant,Bicicleta,Home,48,Driver,Desconegut                                                                                                                                            ,Unknown,Es desconeix,Ferit lleu: Hospitalització fins a 24h,429415.46 ,4582536.54,2.154611953,41.389416342
2023S006813    ,4,Les Corts,21,Pedralbes,6404,Alcalde Baró de Viver,0001 0001,Thursday,2023,11,November,16,Afternoon,17,No és causa del  vianant,Motorcycle,Dona,29,Driver,Desconegut                                                                                                                                            ,Unknown,Es desconeix,Ferit lleu: Hospitalització fins a 24h,425238.83 ,4581781.81,2.10475403,41.382241273
2023S006814    ,7,Horta-Guinardó,43,Horta,194406,Maragall,0409 0409,Thursday,2023,11,November,16,Afternoon,17,No és causa del  vianant,Bus,Dona,51,Passatger,Desconegut                                                                                                                                            ,Unknown,Unknown,Ferit lleu: Hospitalització fins a 24h,430174.37 ,4586865.94,2.163188525,41.428476007
2023S006814    ,7,Horta-Guinardó,43,Horta,194406,Maragall,0409 0409,Thursday,2023,11,November,16,Afternoon,17,No és causa del  vianant,Bus,Dona,72,Passatger,Desconegut                                                                                                                                            ,Unknown,Unknown,Ferit lleu: Hospitalització fins a 24h,430174.37 ,4586865.94,2.163188525,41.428476007
2023S006815    ,10,Sant Martí,66,el Parc i la Llacuna del Poblenou,144601,Diagonal,0177 0187,Thursday,2023,11,November,16,Afternoon,19,No és causa del  vianant,Bicicleta,Home,26,Driver,Desconegut                                                                                                                                            ,Unknown,Oci i entreteniment,Ferit lleu: Hospitalització fins a 24h,432668.44 ,4584197.29,2.19333237,41.404653321