Case_Number,District_Code,District_Name,Neighborhood_Code,Neighborhood_Name,Street_Code,Street_Name,Postal_Code,Day_of_Week,Year,Month_Code,Month_Name,Day_of_Month,Shift_Description,Hour_of_Day,Pedestrian_Cause_Description,Involved_Vehicle_Type,Gender_Description,Age,Person_Type_Description,Pedestrian_Accident_Location_Description,Pedestrian_Movement_Reason_Description,Driver_Movement_Reason_Description,Victimization_Description,UTM_X_Coordinate,UTM_Y_Coordinate,Longitude,Latitude
2023S006816    ,3,Sants-Montjuïc,11,el Poble-sec,273400,Radas,0012 0012,Thursday,2023,11,November,16,Night,23,No és causa del  vianant,Veh. mobilitat personal amb motor,Home,15,Driver,Desconegut                                                                                                                                            ,Unknown,Oci i entreteniment,Ferit lleu: Hospitalització fins a 24h,429913.7  ,4580754.79,2.160776988,41.37341227
2023S006817    ,2,Eixample,9,la Nova Esquerra de l'Eixample,361406,Viladomat,0166 0166,Thursday,2023,11,November,16,Night,22,No és causa del  vianant,Motorcycle,Home,26,Driver,Desconegut                                                                                                                                            ,Unknown,Oci i entreteniment,Ferit lleu: Hospitalització fins a 24h,429257.37 ,4581833.72,2.152803345,41.383072384
2023S006818    ,8,Nou Barris,53,la Trinitat Nova,209900,Meridiana,0619X0619X,Thursday,2023,11,November,16,Afternoon,21,No és causa del  vianant,Car,Home,59,Driver,Desconegut                                                                                                                                            ,Unknown,Es desconeix,Ferit lleu: Hospitalització fins a 24h,432286.6  ,4589356.96,2.188186302,41.451092712
2023S006819    ,10,Sant Martí,68,el Poblenou,701266,Litoral (Llobregat),000760000,Friday,2023,11,November,17,Morning,8,No és causa del  vianant,Motorcycle,Home,39,Driver,Desconegut                                                                                                                                            ,Unknown,In itínere,Ferit greu: hospitalització superior a 24h,433042.41 ,4582486.79,2.197995321,41.389278535
2023S006820    ,2,Eixample,6,la Sagrada Família,18505,Aragó,0477 0477,Friday,2023,11,November,17,Morning,7,No és causa del  vianant,Motorcycle,Home,52,Driver,Desconegut                                                                                                                                            ,Unknown,Es desconeix,Ferit lleu: Rebutja assistència sanitària,431553.57 ,4584083.99,2.180008377,41.40353866
2023S006820    ,2,Eixample,6,la Sagrada Família,18505,Aragó,0477 0477,Friday,2023,11,November,17,Morning,7,No és causa del  vianant,Motorcycle,Home,27,Driver,Desconegut                                                                                                                                            ,Unknown,Estudiant cap a centre d'estudis,Ferit lleu: Rebutja assistència sanitària,431553.57 ,4584083.99,2.180008377,41.40353866
2023S006822    ,5,Sarrià-Sant Gervasi,23,Sarrià,324705,Setantí,0010 0012,Friday,2023,11,November,17,Morning,8,No és causa del  vianant,Furgoneta,Home,11,Pedestrian,En zona peatonal                                                                                                                                      ,Estudiant cap a centre d'estudis,Unknown,Ferit lleu: Hospitalització fins a 24h,426582.59 ,4583513.2 ,2.120613206,41.397958982
2023S006823    ,2,Eixample,7,la Dreta de l'Eixample,247659,Pau Claris,0133 0133,Friday,2023,11,November,17,Morning,8,No és causa del  vianant,Bicicleta,Home,55,Driver,Desconegut                                                                                                                                            ,Unknown,Es desconeix,Ferit lleu: Amb assistència sanitària en lloc d'accident,430403.06 ,4582955.17,2.166375326,41.393272917
2023S006823    ,2,Eixample,7,la Dreta de l'Eixample,247659,Pau Claris,0133 0133,Friday,2023,11,November,17,Morning,8,No és causa del  vianant,Ciclomotor,Home,33,Driver,Desconegut                                                                                                                                            ,Unknown,Es desconeix,Ferit lleu: Amb assistència sanitària en lloc d'accident,430403.06 ,4582955.17,2.166375326,41.393272917
2023S006824    ,2,Eixample,7,la Dreta de l'Eixample,148307,Gràcia,0107 0107,Friday,2023,11,November,17,Morning,11,No és causa del  vianant,Motorcycle,Home,35,Driver,Desconegut                                                                                                                                            ,Unknown,In itínere,Ferit lleu: Hospitalització fins a 24h,429833.1  ,4583274.6 ,2.159521283,41.396100363
2023S006825    ,7,Horta-Guinardó,33,el Baix Guinardó,152905,Guinardó,0046 0046,Friday,2023,11,November,17,Morning,7,No és causa del  vianant,Motorcycle,Dona,41,Driver,Desconegut                                                                                                                                            ,Unknown,In itínere,Ferit lleu: Hospitalització fins a 24h,430432.84 ,4585050.82,2.166490535,41.412150316
2023S006826    ,2,Eixample,5,el Fort Pienc,73900,Castillejos,0154 0156,Friday,2023,11,November,17,Morning,11,No és causa del  vianant,Car,Dona,58,Pedestrian,Altres                                                                                                                                                ,Unknown,Unknown,Ferit lleu: Hospitalització fins a 24h,431991.7  ,4583838.25,2.185277113,41.401362555
2023S006826    ,2,Eixample,5,el Fort Pienc,73900,Castillejos,0154 0156,Friday,2023,11,November,17,Morning,11,No és causa del  vianant,Car,Home,59,Pedestrian,Altres                                                                                                                                                ,Unknown,Unknown,Ferit lleu: Hospitalització fins a 24h,431991.7  ,4583838.25,2.185277113,41.401362555
2023S006827    ,3,Sants-Montjuïc,12,la Marina del Prat Vermell,116140,Estació del Morrot,0001 0003,Friday,2023,11,November,17,Afternoon,14,No és causa del  vianant,Motorcycle,Home,34,Driver,Desconegut                                                                                                                                            ,Unknown,In itínere,Ferit lleu: Hospitalització fins a 24h,430717.34 ,4579702.16,2.170506361,41.364001141
2023S006828    ,2,Eixample,7,la Dreta de l'Eixample,148307,Gràcia,0019B0019B,Friday,2023,11,November,17,Afternoon,15,No és causa del  vianant,Motorcycle,Dona,55,Driver,Desconegut                                                                                                                                            ,Unknown,In itínere,Ferit greu: hospitalització superior a 24h,430456.33 ,4582637.21,2.167048993,41.390413762
2023S006829    ,10,Sant Martí,66,el Parc i la Llacuna del Poblenou,249304,Pere IV,0087 0087,Friday,2023,11,November,17,Afternoon,14,No és causa del  vianant,Motorcycle,Home,25,Driver,Desconegut                                                                                                                                            ,Unknown,In itínere,Ferit lleu: Hospitalització fins a 24h,432784.91 ,4583579.09,2.194794346,41.399095112
2023S006830    ,10,Sant Martí,70,el Besòs i el Maresme,195409,Maresme,0080 0080,Friday,2023,11,November,17,Afternoon,17,No és causa del  vianant,Car,Dona,7,Passatger,Desconegut                                                                                                                                            ,Unknown,Unknown,Ferit lleu: Hospitalització fins a 24h,434347.01 ,4585253.16,2.213298028,41.414302207
2023S006830    ,10,Sant Martí,70,el Besòs i el Maresme,195409,Maresme,0080 0080,Friday,2023,11,November,17,Afternoon,17,No és causa del  vianant,Car,Dona,36,Driver,Desconegut                                                                                                                                            ,Unknown,Oci i entreteniment,Ferit lleu: Hospitalització fins a 24h,434347.01 ,4585253.16,2.213298028,41.414302207
2023S006831    ,3,Sants-Montjuïc,11,el Poble-sec,114000,Espanya,9999 9999,Friday,2023,11,November,17,Afternoon,15,No és causa del  vianant,Motorcycle,Dona,22,Driver,Desconegut                                                                                                                                            ,Unknown,Es desconeix,Ferit lleu: Hospitalització fins a 24h,428974.33 ,4580977.98,2.149518925,41.37534007
2023S006832    ,5,Sarrià-Sant Gervasi,24,les Tres Torres,701433,Mig (Ascendent),000340000,Friday,2023,11,November,17,Afternoon,16,No és causa del  vianant,Motorcycle,Home,66,Driver,Desconegut                                                                                                                                            ,Unknown,Oci i entreteniment,Ferit lleu: Amb assistència sanitària en lloc d'accident,427506.39 ,4583015.73,2.131722609,41.39356233
2023S006833    ,2,Eixample,7,la Dreta de l'Eixample,191204,Mallorca,0231 0231,Friday,2023,11,November,17,Afternoon,15,No és causa del  vianant,Car,Dona,22,Passatger,Desconegut                                                                                                                                            ,Unknown,Unknown,Ferit lleu: Amb assistència sanitària en lloc d'accident,429836.05 ,4582774.51,2.15961454,41.391596478
2023S006833    ,2,Eixample,7,la Dreta de l'Eixample,191204,Mallorca,0231 0231,Friday,2023,11,November,17,Afternoon,15,No és causa del  vianant,Car,Home,24,Driver,Desconegut                                                                                                                                            ,Unknown,Es desconeix,Ferit lleu: Hospitalització fins a 24h,429836.05 ,4582774.51,2.15961454,41.391596478
2023S006833    ,2,Eixample,7,la Dreta de l'Eixample,191204,Mallorca,0231 0231,Friday,2023,11,November,17,Afternoon,15,No és causa del  vianant,Motorcycle,Dona,40,Driver,Desconegut                                                                                                                                            ,Unknown,In itínere,Ferit lleu: Hospitalització fins a 24h,429836.05 ,4582774.51,2.15961454,41.391596478
2023S006834    ,2,Eixample,7,la Dreta de l'Eixample,74506,Catalunya,0105 0105,Friday,2023,11,November,17,Afternoon,19,No és causa del  vianant,Ciclomotor,Home,36,Driver,Desconegut                                                                                                                                            ,Unknown,En missió,Ferit lleu: Hospitalització fins a 24h,429868.7  ,4582996.42,2.159979329,41.393597996
2023S006835    ,2,Eixample,8,l'Antiga Esquerra de l'Eixample,350308,València,0186 0186,Friday,2023,11,November,17,Afternoon,19,No és causa del  vianant,Taxi,Dona,32,Passatger,Desconegut                                                                                                                                            ,Unknown,Unknown,Ferit lleu: Amb assistència sanitària en lloc d'accident,429610.44 ,4582352.71,2.156965245,41.387777742
2023S006836    ,9,Sant Andreu,59,el Bon Pastor,264308,Potosí,0018 0018,Friday,2023,11,November,17,Afternoon,21,No és causa del  vianant,Motorcycle,Home,50,Driver,Desconegut                                                                                                                                            ,Unknown,Es desconeix,Ferit lleu: Hospitalització fins a 24h,433499.34 ,4588462.36,2.202802853,41.443136796
2023S006838    ,1,Ciutat Vella,1,el Raval,700025,Josep Carner,0029B0029B,Friday,2023,11,November,17,Afternoon,21,No és causa del  vianant,Motorcycle,Home,33,Passatger,Desconegut                                                                                                                                            ,Unknown,Unknown,Ferit lleu: Amb assistència sanitària en lloc d'accident,431213.91 ,4580892.22,2.176307867,41.374762308
2023S006838    ,1,Ciutat Vella,1,el Raval,700025,Josep Carner,0029B0029B,Friday,2023,11,November,17,Afternoon,21,No és causa del  vianant,Motorcycle,Home,30,Driver,Desconegut                                                                                                                                            ,Unknown,Oci i entreteniment,Ferit lleu: Amb assistència sanitària en lloc d'accident,431213.91 ,4580892.22,2.176307867,41.374762308
2023S006839    ,1,Ciutat Vella,1,el Raval,701367,Raval,0002 0002,Thursday,2023,10,October,12,Afternoon,21,No és causa del  vianant,Car,Dona,27,Driver,Desconegut                                                                                                                                            ,Unknown,Altres activitats,Ferit lleu: Hospitalització fins a 24h,430524.89 ,4581414.89,2.168009212,41.379410624
2023S006839    ,1,Ciutat Vella,1,el Raval,701367,Raval,0002 0002,Thursday,2023,10,October,12,Afternoon,21,No és causa del  vianant,Car,Dona,8,Passatger,Desconegut                                                                                                                                            ,Unknown,Unknown,Ferit lleu: Hospitalització fins a 24h,430524.89 ,4581414.89,2.168009212,41.379410624
2023S006842    ,8,Nou Barris,47,Can Peguera,119003,Fabra i Puig,0438 0438,Friday,2023,11,November,17,Afternoon,20,Desobeir el senyal del semàfor,Motorcycle,Dona,14,Pedestrian,En pas regulat per semàfor                                                                                                                            ,Unknown,Unknown,Ferit lleu: Amb assistència sanitària en lloc d'accident,430272.36 ,4587731.06,2.164261311,41.436276327
2023S006842    ,8,Nou Barris,47,Can Peguera,119003,Fabra i Puig,0438 0438,Friday,2023,11,November,17,Afternoon,20,Desobeir el senyal del semàfor,Motorcycle,Dona,34,Driver,En pas regulat per semàfor                                                                                                                            ,Unknown,Es desconeix,Ferit lleu: Amb assistència sanitària en lloc d'accident,430272.36 ,4587731.06,2.164261311,41.436276327
2023S006844    ,2,Eixample,8,l'Antiga Esquerra de l'Eixample,70607,Casanova,0168 0168,Saturday,2023,11,November,18,Night,2,No és causa del  vianant,Motorcycle,Home,44,Driver,Desconegut                                                                                                                                            ,Unknown,Es desconeix,Ferit lleu: Hospitalització fins a 24h,429283.61 ,4582606.91,2.153026836,41.390038552
2023S006845    ,1,Ciutat Vella,1,el Raval,67307,Carme,0002 0002,Saturday,2023,11,November,18,Morning,8,No és causa del  vianant,Veh. mobilitat personal amb motor,Home,44,Driver,Desconegut                                                                                                                                            ,Unknown,Es desconeix,Ferit lleu: Hospitalització fins a 24h,430838.81 ,4581811.79,2.171717742,41.383012447
2023S006846    ,2,Eixample,8,l'Antiga Esquerra de l'Eixample,245802,París,0165 0165,Saturday,2023,11,November,18,Morning,10,No és causa del  vianant,Motorcycle,Home,23,Driver,Desconegut                                                                                                                                            ,Unknown,Es desconeix,Ferit lleu: Amb assistència sanitària en lloc d'accident,429140.67 ,4582860.01,2.151287664,41.392305549
2023S006847    ,6,Gràcia,32,el Camp d'en Grassot i Gràcia Nova,305100,Sant Joan,0203 0203,Dimecres,2023,11,November,15,Afternoon,18,Altres,Veh. mobilitat personal amb motor,Dona,55,Pedestrian,En pas regulat per semàfor                                                                                                                            ,Unknown,Unknown,Ferit lleu: Hospitalització fins a 24h,430119.02 ,4584204.74,2.162833755,41.40450273
2023S006847    ,6,Gràcia,32,el Camp d'en Grassot i Gràcia Nova,305100,Sant Joan,0203 0203,Dimecres,2023,11,November,15,Afternoon,18,Altres,Veh. mobilitat personal amb motor,Home,17,Driver,En pas regulat per semàfor                                                                                                                            ,Unknown,In itínere,Ferit lleu: Hospitalització fins a 24h,430119.02 ,4584204.74,2.162833755,41.40450273
2023S006848    ,5,Sarrià-Sant Gervasi,25,Sant Gervasi - la Bonanova,701268,Dalt (Llobregat),000920000,Saturday,2023,11,November,18,Morning,11,No és causa del  vianant,Bus,Home,66,Passatger,Desconegut                                                                                                                                            ,Unknown,Unknown,Ferit lleu: Hospitalització fins a 24h,427714.16 ,4585334.95,2.133930518,41.414469302
2023S006849    ,1,Ciutat Vella,3,la Barceloneta,298004,Sant Carles,0005 0005,Saturday,2023,11,November,18,Afternoon,14,No és causa del  vianant,Bicicleta,Home,75,Driver,Desconegut                                                                                                                                            ,Unknown,Oci i entreteniment,Ferit greu: hospitalització superior a 24h,432247.77 ,4581352.18,2.188618481,41.378992811
2023S006849    ,1,Ciutat Vella,3,la Barceloneta,298004,Sant Carles,0005 0005,Saturday,2023,11,November,18,Afternoon,14,No és causa del  vianant,Veh. mobilitat personal amb motor,Home,22,Driver,Desconegut                                                                                                                                            ,Unknown,Oci i entreteniment,Ferit lleu: Rebutja assistència sanitària,432247.77 ,4581352.18,2.188618481,41.378992811
2023S006850    ,6,Gràcia,32,el Camp d'en Grassot i Gràcia Nova,305100,Sant Joan,0149 0149,Saturday,2023,11,November,18,Afternoon,15,Desobeir el senyal del semàfor,Motorcycle,Home,3,Pedestrian,En pas regulat per semàfor                                                                                                                            ,Unknown,Unknown,Ferit lleu: Hospitalització fins a 24h,430411.16 ,4583904.05,2.16636309,41.401819871
2023S006851    ,2,Eixample,8,l'Antiga Esquerra de l'Eixample,363809,Villarroel,0239 0243,Saturday,2023,11,November,18,Morning,12,No és causa del  vianant,Veh. mobilitat personal amb motor,Home,43,Driver,Desconegut                                                                                                                                            ,Unknown,Oci i entreteniment,Ferit lleu: Hospitalització fins a 24h,428911.49 ,4582746.49,2.148559935,41.391262879
2023S006852    ,8,Nou Barris,48,la Guineueta,701268,Dalt (Llobregat),001320000,Saturday,2023,11,November,18,Afternoon,14,No és causa del  vianant,Car,Dona,36,Driver,Desconegut                                                                                                                                            ,Unknown,Es desconeix,Ferit lleu: Hospitalització fins a 24h,430080.79 ,4588135.46,2.161921704,41.43990193
2023S006852    ,8,Nou Barris,48,la Guineueta,701268,Dalt (Llobregat),001320000,Saturday,2023,11,November,18,Afternoon,14,No és causa del  vianant,Car,Home,48,Driver,Desconegut                                                                                                                                            ,Unknown,Oci i entreteniment,Ferit lleu: Amb assistència sanitària en lloc d'accident,430080.79 ,4588135.46,2.161921704,41.43990193
2023S006853    ,2,Eixample,10,Sant Antoni,169409,Corts Catalanes,0444 0446,Saturday,2023,11,November,18,Morning,13,No és causa del  vianant,Car,Dona,23,Passatger,Desconegut                                                                                                                                            ,Unknown,Unknown,Ferit lleu: Hospitalització fins a 24h,429355.61 ,4581351.42,2.154034414,41.378737103
2023S006854    ,8,Nou Barris,46,el Turó de la Peira,103003,Doctor Pi i Molist,0021 0023,Saturday,2023,11,November,18,Afternoon,19,No és causa del  vianant,Autobús articulat,Dona,39,Passatger,Desconegut                                                                                                                                            ,Unknown,Unknown,Ferit lleu: Amb assistència sanitària en lloc d'accident,431088.5  ,4587213.27,2.174088297,41.431683272
2023S006854    ,8,Nou Barris,46,el Turó de la Peira,103003,Doctor Pi i Molist,0021 0023,Saturday,2023,11,November,18,Afternoon,19,No és causa del  vianant,Autobús articulat,Dona,75,Passatger,Desconegut                                                                                                                                            ,Unknown,Unknown,Ferit lleu: Amb assistència sanitària en lloc d'accident,431088.5  ,4587213.27,2.174088297,41.431683272
2023S006854    ,8,Nou Barris,46,el Turó de la Peira,103003,Doctor Pi i Molist,0021 0023,Saturday,2023,11,November,18,Afternoon,19,No és causa del  vianant,Autobús articulat,Dona,79,Passatger,Desconegut                                                                                                                                            ,Unknown,Unknown,Ferit lleu: Amb assistència sanitària en lloc d'accident,431088.5  ,4587213.27,2.174088297,41.431683272
2023S006854    ,8,Nou Barris,46,el Turó de la Peira,103003,Doctor Pi i Molist,0021 0023,Saturday,2023,11,November,18,Afternoon,19,No és causa del  vianant,Autobús articulat,Home,63,Passatger,Desconegut                                                                                                                                            ,Unknown,Unknown,Ferit lleu: Amb assistència sanitària en lloc d'accident,431088.5  ,4587213.27,2.174088297,41.431683272
2023S006854    ,8,Nou Barris,46,el Turó de la Peira,103003,Doctor Pi i Molist,0021 0023,Saturday,2023,11,November,18,Afternoon,19,No és causa del  vianant,Autobús articulat,Home,75,Passatger,Desconegut                                                                                                                                            ,Unknown,Unknown,Ferit lleu: Amb assistència sanitària en lloc d'accident,431088.5  ,4587213.27,2.174088297,41.431683272
2023S006855    ,2,Eixample,8,l'Antiga Esquerra de l'Eixample,245802,París,0147 0147,Saturday,2023,11,November,18,Afternoon,18,No és causa del  vianant,Motorcycle,Home,25,Driver,Desconegut                                                                                                                                            ,Unknown,Oci i entreteniment,Ferit lleu: Amb assistència sanitària en lloc d'accident,429045.25 ,4582766.46,2.150157378,41.39145456
2023S006856    ,10,Sant Martí,69,Diagonal Mar i el Front Marítim del Poblenou,270901,Pujades,0323 0323,Saturday,2023,11,November,18,Afternoon,17,Transitar a peu per la calçada,Bicicleta,Dona,34,Pedestrian,En pas regulat per semàfor                                                                                                                            ,Es desconeix,Unknown,Ferit lleu: Hospitalització fins a 24h,433940.1  ,4584505.75,2.208511197,41.407537109
2023S006856    ,10,Sant Martí,69,Diagonal Mar i el Front Marítim del Poblenou,270901,Pujades,0323 0323,Saturday,2023,11,November,18,Afternoon,17,Transitar a peu per la calçada,Bicicleta,Home,40,Driver,En pas regulat per semàfor                                                                                                                            ,Unknown,Oci i entreteniment,Ferit lleu: Amb assistència sanitària en lloc d'accident,433940.1  ,4584505.75,2.208511197,41.407537109
2023S006857    ,2,Eixample,10,Sant Antoni,323203,Sepúlveda,0096 0096,Saturday,2023,11,November,18,Afternoon,21,Creuar per fora pas de vianants,Motorcycle,Dona,22,Pedestrian,Fora del pas                                                                                                                                          ,Oci i entreteniment,Unknown,Ferit greu: hospitalització superior a 24h,429629.64 ,4581394.65,2.157306196,41.379150488
2023S006857    ,2,Eixample,10,Sant Antoni,323203,Sepúlveda,0096 0096,Saturday,2023,11,November,18,Afternoon,21,Transitar a peu per la calçada,Motorcycle,Dona,22,Pedestrian,Fora del pas                                                                                                                                          ,Oci i entreteniment,Unknown,Ferit greu: hospitalització superior a 24h,429629.64 ,4581394.65,2.157306196,41.379150488
2023S006858    ,5,Sarrià-Sant Gervasi,22,"Vallvidrera, el Tibidabo i les Planes",314406,Santa Creu Olorda a Sarrià,0421 0421,Saturday,2023,11,November,18,Afternoon,17,No és causa del  vianant,Motorcycle,Home,57,Driver,Desconegut                                                                                                                                            ,Unknown,Es desconeix,Ferit lleu: Hospitalització fins a 24h,421374.02 ,4585561.38,2.058046803,41.415913029
2023S006859    ,2,Eixample,7,la Dreta de l'Eixample,169409,Corts Catalanes,0702 0702,Saturday,2023,11,November,18,Afternoon,18,No és causa del  vianant,Motorcycle,Home,32,Driver,Desconegut                                                                                                                                            ,Unknown,Altres activitats,Ferit lleu: Hospitalització fins a 24h,431076.53 ,4583033.4 ,2.174421483,41.394035543
2023S006860    ,6,Gràcia,28,Vallcarca i els Penitents,158107,Vallcarca,0012 0012,Saturday,2023,11,November,18,Afternoon,14,No és causa del  vianant,Motorcycle,Dona,45,Driver,Desconegut                                                                                                                                            ,Unknown,In itínere,Ferit lleu: Hospitalització fins a 24h,428951.81 ,4584623.71,2.148821748,41.40817387
2023S006861    ,9,Sant Andreu,60,Sant Andreu,314100,Santa Coloma,0001 0001,Saturday,2023,11,November,18,Afternoon,21,No és causa del  vianant,Motorcycle,Home,59,Driver,Desconegut                                                                                                                                            ,Unknown,Oci i entreteniment,Ferit lleu: Hospitalització fins a 24h,432164.83 ,4588560.7 ,2.186818054,41.443910795
2023S006862    ,6,Gràcia,32,el Camp d'en Grassot i Gràcia Nova,321605,Pau Alsina,0012B0012B,Saturday,2023,11,November,18,Afternoon,20,No és causa del  vianant,Car,Dona,33,Driver,Desconegut                                                                                                                                            ,Unknown,Altres activitats,Ferit lleu: Hospitalització fins a 24h,430343.39 ,4584487.83,2.1654852,41.407071908
2023S006863    ,5,Sarrià-Sant Gervasi,26,Sant Gervasi - Galvany,144601,Diagonal,0624 0624,Diumenge,2023,11,November,19,Night,1,No és causa del  vianant,Ciclomotor,Home,20,Driver,Desconegut                                                                                                                                            ,Unknown,Es desconeix,Ferit lleu: Amb assistència sanitària en lloc d'accident,428169.16 ,4582827.42,2.139672006,41.391925795
2023S006864    ,2,Eixample,9,la Nova Esquerra de l'Eixample,54509,Calàbria,0182S0182S,Saturday,2023,11,November,18,Afternoon,19,No és causa del  vianant,Furgoneta,Home,51,Driver,Desconegut                                                                                                                                            ,Unknown,Oci i entreteniment,Ferit lleu: Hospitalització fins a 24h,429040.89 ,4581825.33,2.150215529,41.382977743
2023S006864    ,2,Eixample,9,la Nova Esquerra de l'Eixample,54509,Calàbria,0182S0182S,Saturday,2023,11,November,18,Afternoon,19,No és causa del  vianant,Veh. mobilitat personal amb motor,Home,35,Driver,Desconegut                                                                                                                                            ,Unknown,Oci i entreteniment,Ferit lleu: Amb assistència sanitària en lloc d'accident,429040.89 ,4581825.33,2.150215529,41.382977743
2023S006865    ,2,Eixample,8,l'Antiga Esquerra de l'Eixample,700154,Gall,0001 0001X,Saturday,2023,11,November,18,Night,22,No és causa del  vianant,Motorcycle,Home,36,Driver,Desconegut                                                                                                                                            ,Unknown,Altres activitats,Ferit lleu: Hospitalització fins a 24h,429547.01 ,4582200   ,2.156224424,41.386396778
2023S006867    ,-1,Unknown,-1,Unknown,-1,Unknown,Unknown,Diumenge,2023,11,November,19,Morning,7,No és causa del  vianant,Ciclomotor,Dona,44,Driver,Desconegut                                                                                                                                            ,Unknown,Es desconeix,Ferit lleu: Hospitalització fins a 24h,433835.76 ,4586344.61,2.207061705,41.424090651
2023S006869    ,7,Horta-Guinardó,33,el Baix Guinardó,297001,Sant Antoni Maria Claret,0107 0107,Diumenge,2023,11,November,19,Morning,11,No és causa del  vianant,Motorcycle,Home,43,Driver,Desconegut                                                                                                                                            ,Unknown,Oci i entreteniment,Ferit greu: hospitalització superior a 24h,430794.31 ,4584636.71,2.170862548,41.40845179
2023S006870    ,8,Nou Barris,44,Vilapicina i la Torre Llobeta,209900,Meridiana,0365B0365B,Diumenge,2023,11,November,19,Afternoon,14,No és causa del  vianant,Motorcycle,Dona,50,Passatger,Desconegut                                                                                                                                            ,Unknown,Unknown,Ferit lleu: Amb assistència sanitària en lloc d'accident,431926.84 ,4586869.18,2.184159998,41.428655703
2023S006870    ,8,Nou Barris,44,Vilapicina i la Torre Llobeta,209900,Meridiana,0365B0365B,Diumenge,2023,11,November,19,Afternoon,14,No és causa del  vianant,Motorcycle,Home,50,Driver,Desconegut                                                                                                                                            ,Unknown,Es desconeix,Ferit lleu: Amb assistència sanitària en lloc d'accident,431926.84 ,4586869.18,2.184159998,41.428655703
2023S006871    ,2,Eixample,5,el Fort Pienc,28305,Ausiàs Marc,0073 0075,Diumenge,2023,11,November,19,Afternoon,16,No és causa del  vianant,Motorcycle,Dona,23,Passatger,Desconegut                                                                                                                                            ,Unknown,Unknown,Ferit lleu: Amb assistència sanitària en lloc d'accident,431465.75 ,4583017.28,2.179078651,41.393923636
2023S006871    ,2,Eixample,5,el Fort Pienc,28305,Ausiàs Marc,0073 0075,Diumenge,2023,11,November,19,Afternoon,16,No és causa del  vianant,Motorcycle,Home,58,Driver,Desconegut                                                                                                                                            ,Unknown,Oci i entreteniment,Ferit lleu: Hospitalització fins a 24h,431465.75 ,4583017.28,2.179078651,41.393923636
2023S006872    ,7,Horta-Guinardó,33,el Baix Guinardó,265402,Praga,0036 0038,Diumenge,2023,11,November,19,Morning,13,No és causa del  vianant,Tot terreny,Dona,29,Passatger,Desconegut                                                                                                                                            ,Unknown,Unknown,Ferit lleu: Amb assistència sanitària en lloc d'accident,430146.63 ,4585262.21,2.163041905,41.414029391
2023S006872    ,7,Horta-Guinardó,33,el Baix Guinardó,265402,Praga,0036 0038,Diumenge,2023,11,November,19,Morning,13,No és causa del  vianant,Tot terreny,Dona,58,Passatger,Desconegut                                                                                                                                            ,Unknown,Unknown,Ferit lleu: Amb assistència sanitària en lloc d'accident,430146.63 ,4585262.21,2.163041905,41.414029391
2023S006872    ,7,Horta-Guinardó,33,el Baix Guinardó,265402,Praga,0036 0038,Diumenge,2023,11,November,19,Morning,13,No és causa del  vianant,Tot terreny,Home,60,Driver,Desconegut                                                                                                                                            ,Unknown,Es desconeix,Ferit lleu: Amb assistència sanitària en lloc d'accident,430146.63 ,4585262.21,2.163041905,41.414029391
2023S006873    ,8,Nou Barris,44,Vilapicina i la Torre Llobeta,24304,Arnau d'Oms,0004 0010,Diumenge,2023,11,November,19,Afternoon,19,Desobeir el senyal del semàfor,Autobús articulat,Dona,71,Passatger,Desconegut                                                                                                                                            ,Unknown,Unknown,Ferit lleu: Hospitalització fins a 24h,431353.65 ,4586877.33,2.177299677,41.428680298
2023S006874    ,3,Sants-Montjuïc,11,el Poble-sec,198804,Paral·lel,0103 0103,Diumenge,2023,11,November,19,Afternoon,15,No és causa del  vianant,Car,Dona,45,Passatger,Desconegut                                                                                                                                            ,Unknown,Unknown,Ferit lleu: Hospitalització fins a 24h,430106.78 ,4580907.16,2.163068043,41.374801422
2023S006875    ,2,Eixample,9,la Nova Esquerra de l'Eixample,110803,Entença,0137B0137B,Dilluns,2023,11,November,20,Night,1,No és causa del  vianant,Motorcycle,Home,40,Driver,Desconegut                                                                                                                                            ,Unknown,Oci i entreteniment,Ferit lleu: Amb assistència sanitària en lloc d'accident,428800.22 ,4581712.72,2.147350697,41.38194223
2023S006875    ,2,Eixample,9,la Nova Esquerra de l'Eixample,110803,Entença,0137B0137B,Dilluns,2023,11,November,20,Night,1,No és causa del  vianant,Motorcycle,Home,43,Driver,Desconegut                                                                                                                                            ,Unknown,Oci i entreteniment,Ferit lleu: Amb assistència sanitària en lloc d'accident,428800.22 ,4581712.72,2.147350697,41.38194223
2023S006876    ,10,Sant Martí,68,el Poblenou,701266,Litoral (Llobregat),000740000,Dilluns,2023,11,November,20,Morning,7,No és causa del  vianant,Motorcycle,Home,63,Driver,Desconegut                                                                                                                                            ,Unknown,In itínere,Ferit lleu: Hospitalització fins a 24h,433762.35 ,4583188.31,2.206528964,41.39565661
2023S006877    ,3,Sants-Montjuïc,13,la Marina de Port,137300,Foneria,0042 0042,Dilluns,2023,11,November,20,Morning,7,No és causa del  vianant,Motorcycle,Home,30,Driver,Desconegut                                                                                                                                            ,Unknown,Es desconeix,Ferit lleu: Hospitalització fins a 24h,428187.44 ,4579403.42,2.140296523,41.361088672