Case_Number,District_Code,District_Name,Neighborhood_Code,Neighborhood_Name,Street_Code,Street_Name,Postal_Code,Day_of_Week,Year,Month_Code,Month_Name,Day_of_Month,Shift_Description,Hour_of_Day,Pedestrian_Cause_Description,Involved_Vehicle_Type,Gender_Description,Age,Person_Type_Description,Pedestrian_Accident_Location_Description,Pedestrian_Movement_Reason_Description,Driver_Movement_Reason_Description,Victimization_Description,UTM_X_Coordinate,UTM_Y_Coordinate,Longitude,Latitude
2023S006878    ,10,Sant Martí,73,la Verneda i la Pau,343200,Trajana,0052U0052U,Dilluns,2023,11,November,20,Morning,7,Creuar per fora pas de vianants,Car,Dona,54,Pedestrian,Fora del pas                                                                                                                                          ,Unknown,Unknown,Ferit lleu: Hospitalització fins a 24h,433246.74 ,4586856.97,2.199956724,41.428656571
2023S006879    ,5,Sarrià-Sant Gervasi,26,Sant Gervasi - Galvany,175900,Laforja,0146 0146,Dilluns,2023,11,November,20,Morning,10,No és causa del  vianant,Furgoneta,Dona,50,Pedestrian,En pas sense regular                                                                                                                                  ,En missió,Unknown,Ferit lleu: Hospitalització fins a 24h,428450.39 ,4583173.29,2.142994689,41.395065998
2023S006881    ,9,Sant Andreu,57,la Trinitat Vella,701267,Dalt (Besòs),0001S0000,Dilluns,2023,11,November,20,Morning,10,No és causa del  vianant,Car,Dona,57,Driver,Desconegut                                                                                                                                            ,Unknown,Oci i entreteniment,Ferit lleu: Hospitalització fins a 24h,432518.24 ,4588881.27,2.191012497,41.44682786
2023S006882    ,10,Sant Martí,64,el Camp de l'Arpa del Clot,161101,Independència,0319 0319,Dilluns,2023,11,November,20,Morning,12,No és causa del  vianant,Motorcycle,Dona,58,Driver,Desconegut                                                                                                                                            ,Unknown,Es desconeix,Ferit lleu: Hospitalització fins a 24h,431679.97 ,4584702.51,2.181450569,41.409120239
2023S006883    ,4,Les Corts,20,la Maternitat i Sant Ramon,66508,Carles III,0061B0061B,Dilluns,2023,11,November,20,Morning,9,No és causa del  vianant,Bus,Dona,80,Passatger,Desconegut                                                                                                                                            ,Unknown,Unknown,Ferit lleu: Hospitalització fins a 24h,427129.68 ,4581928.9 ,2.127347795,41.383739628
2023S006884    ,10,Sant Martí,68,el Poblenou,270901,Pujades,0135 0135,Dilluns,2023,11,November,20,Morning,13,No és causa del  vianant,Car,Dona,66,Pedestrian,En pas regulat per semàfor                                                                                                                            ,Unknown,Unknown,Ferit lleu: Hospitalització fins a 24h,433080.25 ,4583662.49,2.198317886,41.399870923
2023S006885    ,9,Sant Andreu,59,el Bon Pastor,701265,Litoral (Besòs),000150000,Dilluns,2023,11,November,20,Morning,12,No és causa del  vianant,Furgoneta,Home,6,Passatger,Desconegut                                                                                                                                            ,Unknown,Unknown,Ferit lleu: Amb assistència sanitària en lloc d'accident,433863.66 ,4588355.65,2.207175377,41.442205804
2023S006885    ,9,Sant Andreu,59,el Bon Pastor,701265,Litoral (Besòs),000150000,Dilluns,2023,11,November,20,Morning,12,No és causa del  vianant,Furgoneta,Home,7,Passatger,Desconegut                                                                                                                                            ,Unknown,Unknown,Ferit lleu: Amb assistència sanitària en lloc d'accident,433863.66 ,4588355.65,2.207175377,41.442205804
2023S006885    ,9,Sant Andreu,59,el Bon Pastor,701265,Litoral (Besòs),000150000,Dilluns,2023,11,November,20,Morning,12,No és causa del  vianant,Furgoneta,Dona,41,Driver,Desconegut                                                                                                                                            ,Unknown,Es desconeix,Ferit lleu: Amb assistència sanitària en lloc d'accident,433863.66 ,4588355.65,2.207175377,41.442205804
2023S006885    ,9,Sant Andreu,59,el Bon Pastor,701265,Litoral (Besòs),000150000,Dilluns,2023,11,November,20,Morning,12,No és causa del  vianant,Car,Dona,39,Driver,Desconegut                                                                                                                                            ,Unknown,Es desconeix,Ferit lleu: Amb assistència sanitària en lloc d'accident,433863.66 ,4588355.65,2.207175377,41.442205804
2023S006886    ,3,Sants-Montjuïc,12,la Marina del Prat Vermell,701819,28 del BZ,0062 0062,Friday,2023,11,November,17,Morning,9,No és causa del  vianant,Car,Home,45,Driver,Desconegut                                                                                                                                            ,Unknown,In itínere,Ferit lleu: Rebutja assistència sanitària,427265.97 ,4576644.81,2.129611526,41.336160036
2023S006886    ,3,Sants-Montjuïc,12,la Marina del Prat Vermell,701819,28 del BZ,0062 0062,Friday,2023,11,November,17,Morning,9,No és causa del  vianant,Tractor camió,Home,50,Driver,Desconegut                                                                                                                                            ,Unknown,Transport professional de mercaderies,Ferit lleu: Rebutja assistència sanitària,427265.97 ,4576644.81,2.129611526,41.336160036
2023S006888    ,8,Nou Barris,44,Vilapicina i la Torre Llobeta,45701,Quinze,0068 0068,Dilluns,2023,11,November,20,Afternoon,14,No és causa del  vianant,Motorcycle,Dona,25,Driver,Desconegut                                                                                                                                            ,Unknown,Oci i entreteniment,Ferit lleu: Amb assistència sanitària en lloc d'accident,431122.09 ,4586910.29,2.174524831,41.428957323
2023S006889    ,5,Sarrià-Sant Gervasi,25,Sant Gervasi - la Bonanova,113007,Escoles Pies,0101B0101B,Dilluns,2023,11,November,20,Afternoon,17,No és causa del  vianant,Car,Dona,13,Pedestrian,En pas regulat per semàfor                                                                                                                            ,Oci i entreteniment,Unknown,Ferit lleu: Hospitalització fins a 24h,427201.39 ,4584126.42,2.127941051,41.403538286
2023S006890    ,3,Sants-Montjuïc,12,la Marina del Prat Vermell,701266,Litoral (Llobregat),001500000,Dilluns,2023,11,November,20,Afternoon,17,No és causa del  vianant,Motorcycle,Home,39,Driver,Desconegut                                                                                                                                            ,Unknown,Es desconeix,Ferit lleu: Hospitalització fins a 24h,428987.7  ,4578250.53,2.14999829,41.350775953
2023S006891    ,2,Eixample,8,l'Antiga Esquerra de l'Eixample,320704,Sarrià,0018 0018,Dilluns,2023,11,November,20,Afternoon,19,No és causa del  vianant,Motorcycle,Home,51,Driver,Desconegut                                                                                                                                            ,Unknown,Altres activitats,Ferit lleu: Hospitalització fins a 24h,428543.51 ,4582642.56,2.144171129,41.390294193
2023S006892    ,5,Sarrià-Sant Gervasi,25,Sant Gervasi - la Bonanova,701103,Alfonso Comín,0011 0012,Dilluns,2023,11,November,20,Afternoon,19,No és causa del  vianant,Bus,Dona,69,Passatger,Desconegut                                                                                                                                            ,Unknown,Unknown,Ferit lleu: Hospitalització fins a 24h,427991.72 ,4585305.07,2.137254893,41.414225117
2023S006893    ,5,Sarrià-Sant Gervasi,26,Sant Gervasi - Galvany,32700,Balmes,0339 0339,Diumenge,2023,11,November,19,Night,0,No és causa del  vianant,Motorcycle,Dona,30,Driver,Desconegut                                                                                                                                            ,Unknown,Oci i entreteniment,Ferit lleu: Hospitalització fins a 24h,428450.9  ,4584096.03,2.142891682,41.403376809
2023S006894    ,2,Eixample,7,la Dreta de l'Eixample,144601,Diagonal,0390 0390,Dilluns,2023,11,November,20,Afternoon,18,No és causa del  vianant,Maquinària d'obres i serveis,Home,65,Pedestrian,Desconegut                                                                                                                                            ,Es desconeix,Unknown,Ferit lleu: Hospitalització fins a 24h,430562.8  ,4583557.35,2.16821681,41.398710376
2023S006895    ,2,Eixample,7,la Dreta de l'Eixample,309406,Sant Pere,0056 0056,Dilluns,2023,11,November,20,Afternoon,20,No és causa del  vianant,Car,Home,56,Pedestrian,Fora del pas                                                                                                                                          ,Unknown,Unknown,Ferit lleu: Hospitalització fins a 24h,431334.72 ,4582648.88,2.177553234,41.390594382
2023S006896    ,2,Eixample,8,l'Antiga Esquerra de l'Eixample,144601,Diagonal,0409 0409,Dilluns,2023,11,November,20,Afternoon,19,No és causa del  vianant,Motorcycle,Home,25,Passatger,Desconegut                                                                                                                                            ,Unknown,Unknown,Ferit lleu: Hospitalització fins a 24h,429430.09 ,4583191.25,2.154710596,41.395314373
2023S006896    ,2,Eixample,8,l'Antiga Esquerra de l'Eixample,144601,Diagonal,0409 0409,Dilluns,2023,11,November,20,Afternoon,19,No és causa del  vianant,Motorcycle,Home,25,Driver,Desconegut                                                                                                                                            ,Unknown,Es desconeix,Ferit lleu: Hospitalització fins a 24h,429430.09 ,4583191.25,2.154710596,41.395314373
2023S006899    ,4,Les Corts,20,la Maternitat i Sant Ramon,144601,Diagonal,0653 0659,Dilluns,2023,11,November,20,Night,23,No és causa del  vianant,Motorcycle,Home,30,Driver,Desconegut                                                                                                                                            ,Unknown,Oci i entreteniment,Ferit lleu: Hospitalització fins a 24h,425650.85 ,4581916.12,2.109664608,41.383489145
2023S006900    ,10,Sant Martí,68,el Poblenou,701265,Litoral (Besòs),0023E0000,Dimarts,2023,11,November,21,Morning,6,No és causa del  vianant,Motorcycle,Home,34,Driver,Desconegut                                                                                                                                            ,Unknown,In itínere,Ferit lleu: Hospitalització fins a 24h,433545.58 ,4582976.4 ,2.203959431,41.393730092
2023S006900    ,10,Sant Martí,68,el Poblenou,701265,Litoral (Besòs),0023E0000,Dimarts,2023,11,November,21,Morning,6,No és causa del  vianant,Motorcycle,Home,58,Driver,Desconegut                                                                                                                                            ,Unknown,In itínere,Ferit lleu: Hospitalització fins a 24h,433545.58 ,4582976.4 ,2.203959431,41.393730092
2023S006901    ,7,Horta-Guinardó,35,el Guinardó,194406,Maragall,0059 0061,Dilluns,2023,11,November,13,Afternoon,18,No és causa del  vianant,Motorcycle,Home,24,Driver,Desconegut                                                                                                                                            ,Unknown,Oci i entreteniment,Ferit lleu: Hospitalització fins a 24h,431583.89 ,4585533.26,2.180207124,41.416594363
2023S006902    ,7,Horta-Guinardó,33,el Baix Guinardó,297001,Sant Antoni Maria Claret,0163 0165,Dimarts,2023,11,November,21,Morning,9,No és causa del  vianant,Motorcycle,Home,25,Passatger,Desconegut                                                                                                                                            ,Unknown,Unknown,Ferit lleu: Hospitalització fins a 24h,431087.05 ,4584936.71,2.174330508,41.411178957
2023S006902    ,7,Horta-Guinardó,33,el Baix Guinardó,297001,Sant Antoni Maria Claret,0163 0165,Dimarts,2023,11,November,21,Morning,9,No és causa del  vianant,Motorcycle,Home,30,Driver,Desconegut                                                                                                                                            ,Unknown,Es desconeix,Ferit lleu: Hospitalització fins a 24h,431087.05 ,4584936.71,2.174330508,41.411178957
2023S006903    ,5,Sarrià-Sant Gervasi,26,Sant Gervasi - Galvany,28000,Augusta,0093 0093,Dimarts,2023,11,November,21,Morning,9,No és causa del  vianant,Bicicleta,Dona,46,Driver,Desconegut                                                                                                                                            ,Unknown,Es desconeix,Ferit lleu: Hospitalització fins a 24h,429042.34 ,4583824.89,2.149998476,41.400987199
2023S006904    ,2,Eixample,5,el Fort Pienc,100800,Diputació,0415 0419,Dimarts,2023,11,November,21,Morning,10,No és causa del  vianant,Bicicleta,Home,16,Driver,Desconegut                                                                                                                                            ,Unknown,Estudiant cap a centre d'estudis,Ferit lleu: Hospitalització fins a 24h,431355.12 ,4583511.92,2.177699335,41.398369271
2023S006905    ,5,Sarrià-Sant Gervasi,25,Sant Gervasi - la Bonanova,95007,Quatre Camins,0014 0014,Dimarts,2023,11,November,21,Morning,8,No és causa del  vianant,Motorcycle,Dona,33,Driver,Desconegut                                                                                                                                            ,Unknown,Es desconeix,Ferit lleu: Hospitalització fins a 24h,427329.24 ,4584728.49,2.129398099,41.408972447
2023S006906    ,7,Horta-Guinardó,43,Horta,701267,Dalt (Besòs),001250000,Dimarts,2023,11,November,21,Morning,7,No és causa del  vianant,Motorcycle,Dona,28,Driver,Desconegut                                                                                                                                            ,Unknown,In itínere,Ferit lleu: Hospitalització fins a 24h,429406.66 ,4587966.87,2.153872717,41.438324492
2023S006907    ,7,Horta-Guinardó,43,Horta,69109,Cartellà,0192 0192,Dimarts,2023,11,November,21,Morning,8,No és causa del  vianant,Motorcycle,Home,40,Driver,Desconegut                                                                                                                                            ,Unknown,Es desconeix,Ferit lleu: Hospitalització fins a 24h,430185.5  ,4587100.25,2.163294642,41.430587315
2023S006908    ,7,Horta-Guinardó,40,Montbau,260806,Poesia,0000B0000B,Dimarts,2023,11,November,21,Morning,8,No és causa del  vianant,Motorcycle,Dona,38,Driver,Desconegut                                                                                                                                            ,Unknown,Es desconeix,Ferit lleu: Rebutja assistència sanitària,428650    ,4587250.62,2.144901065,41.431806624
2023S006908    ,7,Horta-Guinardó,40,Montbau,260806,Poesia,0000B0000B,Dimarts,2023,11,November,21,Morning,8,No és causa del  vianant,Motorcycle,Home,63,Driver,Desconegut                                                                                                                                            ,Unknown,In itínere,Ferit lleu: Rebutja assistència sanitària,428650    ,4587250.62,2.144901065,41.431806624
2023S006909    ,7,Horta-Guinardó,43,Horta,69109,Cartellà,0192 0192,Dimarts,2023,11,November,21,Morning,10,No és causa del  vianant,Bicicleta,Home,26,Driver,Desconegut                                                                                                                                            ,Unknown,In itínere,Ferit lleu: Hospitalització fins a 24h,430185.5  ,4587100.25,2.163294642,41.430587315
2023S006910    ,1,Ciutat Vella,4,"Sant Pere, Santa Caterina i la Ribera",177101,Laietana,0042 0042,Dimarts,2023,11,November,21,Morning,10,Transitar a peu per la calçada,Bicicleta,Home,26,Driver,Fora del pas                                                                                                                                          ,Unknown,Oci i entreteniment,Ferit lleu: Hospitalització fins a 24h,431210.9  ,4582148.33,2.176129212,41.386075487
2023S006911    ,10,Sant Martí,69,Diagonal Mar i el Front Marítim del Poblenou,700756,Marítim del Bogatell,0080 0080,Dimarts,2023,11,November,21,Morning,12,Altres,Bicicleta,Home,64,Driver,Desconegut                                                                                                                                            ,Unknown,Oci i entreteniment,Ferit lleu: Hospitalització fins a 24h,433835.34 ,4583010.35,2.207421459,41.394059778
2023S006913    ,5,Sarrià-Sant Gervasi,26,Sant Gervasi - Galvany,23403,Aribau,0203 0203,Dimarts,2023,11,November,21,Morning,9,No és causa del  vianant,Motorcycle,Home,61,Driver,Desconegut                                                                                                                                            ,Unknown,Es desconeix,Ferit greu: hospitalització superior a 24h,428981.3  ,4583264.73,2.149334064,41.395936651
2023S006914    ,3,Sants-Montjuïc,12,la Marina del Prat Vermell,700121,Longitudinal 7,0124 0124,Dimarts,2023,11,November,21,Afternoon,15,No és causa del  vianant,Veh. mobilitat personal amb motor,Home,49,Driver,Desconegut                                                                                                                                            ,Unknown,En missió,Ferit lleu: Hospitalització fins a 24h,426299.7  ,4575657.4 ,2.118184521,41.327178927
2023S006915    ,10,Sant Martí,69,Diagonal Mar i el Front Marítim del Poblenou,701266,Litoral (Llobregat),000680000,Dimarts,2023,11,November,21,Afternoon,16,No és causa del  vianant,Motorcycle,Home,63,Driver,Desconegut                                                                                                                                            ,Unknown,Es desconeix,Ferit lleu: Amb assistència sanitària en lloc d'accident,434156.16 ,4583766.36,2.211176461,41.400895335
2023S006916    ,5,Sarrià-Sant Gervasi,26,Sant Gervasi - Galvany,55603,Calvet,0064 0064,Dimarts,2023,11,November,21,Morning,9,No és causa del  vianant,Motorcycle,Home,37,Driver,Desconegut                                                                                                                                            ,Unknown,In itínere,Ferit lleu: Hospitalització fins a 24h,428342.09 ,4583316.19,2.141682417,41.396343396
2023S006917    ,5,Sarrià-Sant Gervasi,24,les Tres Torres,28000,Augusta,0279 0279,Dimarts,2023,11,November,21,Morning,10,No és causa del  vianant,Motorcycle,Home,36,Driver,Desconegut                                                                                                                                            ,Unknown,In itínere,Ferit lleu: Hospitalització fins a 24h,427412.18 ,4583501.77,2.130537519,41.397931393
2023S006918    ,10,Sant Martí,68,el Poblenou,75702,Carmen Amaya,0065 0065,Dimarts,2023,11,November,21,Afternoon,16,No és causa del  vianant,Car,Dona,54,Passatger,Desconegut                                                                                                                                            ,Unknown,Unknown,Ferit lleu: Hospitalització fins a 24h,433342.66 ,4583056.86,2.201523501,41.394437973
2023S006919    ,5,Sarrià-Sant Gervasi,26,Sant Gervasi - Galvany,223606,Muntaner,0305 0305,Dimarts,2023,11,November,21,Afternoon,16,No és causa del  vianant,Motorcycle,Dona,57,Passatger,Desconegut                                                                                                                                            ,Unknown,Unknown,Ferit lleu: Amb assistència sanitària en lloc d'accident,428683.59 ,4583364.92,2.145761363,41.396812664
2023S006920    ,10,Sant Martí,68,el Poblenou,332000,Taulat,0083 0083,Dimarts,2023,11,November,21,Afternoon,16,No és causa del  vianant,Veh. mobilitat personal amb motor,Home,26,Driver,Desconegut                                                                                                                                            ,Unknown,Es desconeix,Ferit lleu: Hospitalització fins a 24h,433601.31 ,4583509.54,2.204567506,41.398536563
2023S006921    ,7,Horta-Guinardó,35,el Guinardó,141807,Garrotxa,0053 0053,Dimarts,2023,11,November,21,Afternoon,18,No és causa del  vianant,Car,Dona,79,Pedestrian,En pas regulat per semàfor                                                                                                                            ,Oci i entreteniment,Unknown,Ferit lleu: Hospitalització fins a 24h,431564.82 ,4585812.81,2.179947307,41.419110554
2023S006922    ,2,Eixample,8,l'Antiga Esquerra de l'Eixample,223606,Muntaner,0183 0183,Dimarts,2023,11,November,21,Afternoon,19,No és causa del  vianant,Motorcycle,Home,46,Driver,Desconegut                                                                                                                                            ,Unknown,In itínere,Ferit lleu: Hospitalització fins a 24h,429173.98 ,4582876.38,2.151684146,41.392455923
2023S006923    ,4,Les Corts,21,Pedralbes,144601,Diagonal,0668 0668,Dimarts,2023,11,November,21,Afternoon,21,Transitar a peu per la calçada,Taxi,Home,25,Pedestrian,Fora del pas                                                                                                                                          ,Es desconeix,Unknown,Ferit lleu: Hospitalització fins a 24h,427051.08 ,4582458.22,2.126344076,41.388499873
2023S006924    ,7,Horta-Guinardó,39,Sant Genís dels Agudells,93001,Costa Pacheco,0002 0004,Dimarts,2023,11,November,21,Afternoon,16,No és causa del  vianant,Motorcycle,Dona,62,Driver,Desconegut                                                                                                                                            ,Unknown,In itínere,Ferit lleu: Hospitalització fins a 24h,427635.06 ,4586885.06,2.132798557,41.428423337
2023S006925    ,3,Sants-Montjuïc,13,la Marina de Port,369408,Zona Franca,0178 0180,Dimarts,2023,11,November,21,Afternoon,16,No és causa del  vianant,Motorcycle,Dona,48,Driver,Desconegut                                                                                                                                            ,Unknown,In itínere,Ferit lleu: Hospitalització fins a 24h,428092.79 ,4579322.2 ,2.139174659,41.360348698
2023S006926    ,6,Gràcia,28,Vallcarca i els Penitents,352507,Vall d'Hebron,0036 0038,Dimecres,2023,11,November,22,Morning,6,No és causa del  vianant,Motorcycle,Home,51,Driver,Desconegut                                                                                                                                            ,Unknown,In itínere,Ferit lleu: Hospitalització fins a 24h,427869.96 ,4585406.47,2.135786027,41.415127459
2023S006927    ,8,Nou Barris,45,Porta,356905,Verdum,0018B0020,Dimecres,2023,11,November,22,Morning,10,No és causa del  vianant,Bus,Dona,80,Passatger,Desconegut                                                                                                                                            ,Unknown,Unknown,Ferit lleu: Amb assistència sanitària en lloc d'accident,431054.56 ,4587796.31,2.173615566,41.436931586
2023S006928    ,2,Eixample,10,Sant Antoni,192502,Manso,0064 0064,Dimecres,2023,11,November,22,Morning,10,Desobeir el senyal del semàfor,Autobús articulat,Home,53,Pedestrian,En pas regulat per semàfor                                                                                                                            ,En missió,Unknown,Ferit lleu: Hospitalització fins a 24h,430025.48 ,4581238.04,2.16205771,41.37777449
2023S006929    ,4,Les Corts,20,la Maternitat i Sant Ramon,343903,Corts,0161 0161,Dimecres,2023,11,November,22,Morning,11,No és causa del  vianant,Car,Dona,40,Passatger,Desconegut                                                                                                                                            ,Unknown,Unknown,Ferit lleu: Hospitalització fins a 24h,427111.79 ,4581724.6 ,2.127158443,41.381897957
2023S006930    ,-1,Unknown,-1,Unknown,-1,Unknown,Unknown,Dimecres,2023,11,November,22,Afternoon,14,No és causa del  vianant,Ciclomotor,Home,39,Driver,Desconegut                                                                                                                                            ,Unknown,In itínere,Ferit lleu: Hospitalització fins a 24h,428025.74 ,4578463.72,2.138475007,41.352610654
2023S006931    ,2,Eixample,7,la Dreta de l'Eixample,191204,Mallorca,0231 0231,Dimecres,2023,11,November,15,Afternoon,20,No és causa del  vianant,Motorcycle,Dona,28,Driver,Desconegut                                                                                                                                            ,Unknown,Oci i entreteniment,Ferit lleu: Hospitalització fins a 24h,429836.05 ,4582774.51,2.15961454,41.391596478
2023S006932    ,2,Eixample,10,Sant Antoni,349706,Comte d'Urgell,0036 0036,Dimecres,2023,11,November,22,Morning,10,No és causa del  vianant,Motorcycle,Home,58,Driver,Desconegut                                                                                                                                            ,Unknown,Es desconeix,Ferit lleu: Rebutja assistència sanitària,429925.79 ,4581557.42,2.160828701,41.380642366
2023S006933    ,2,Eixample,7,la Dreta de l'Eixample,18505,Aragó,0258 0258,Thursday,2023,10,October,5,Afternoon,14,No és causa del  vianant,Ciclomotor,Home,19,Passatger,Desconegut                                                                                                                                            ,Unknown,Unknown,Ferit lleu: Rebutja assistència sanitària,430155.92 ,4582713.39,2.163447302,41.391073846
2023S006933    ,2,Eixample,7,la Dreta de l'Eixample,18505,Aragó,0258 0258,Thursday,2023,10,October,5,Afternoon,14,No és causa del  vianant,Ciclomotor,Home,23,Driver,Desconegut                                                                                                                                            ,Unknown,Es desconeix,Ferit lleu: Rebutja assistència sanitària,430155.92 ,4582713.39,2.163447302,41.391073846
2023S006933    ,2,Eixample,7,la Dreta de l'Eixample,18505,Aragó,0258 0258,Thursday,2023,10,October,5,Afternoon,14,No és causa del  vianant,Motorcycle,Home,35,Driver,Desconegut                                                                                                                                            ,Unknown,In itínere,Ferit lleu: Rebutja assistència sanitària,430155.92 ,4582713.39,2.163447302,41.391073846
2023S006934    ,9,Sant Andreu,61,la Sagrera,39709,Berenguer de Palou,0037 0037,Dimecres,2023,11,November,22,Morning,12,No és causa del  vianant,Veh. mobilitat personal sense motor,Dona,26,Driver,Desconegut                                                                                                                                            ,Unknown,Oci i entreteniment,Ferit lleu: Hospitalització fins a 24h,432547.94 ,4586327.83,2.191653184,41.423832361
2023S006935    ,3,Sants-Montjuïc,11,el Poble-sec,701266,Litoral (Llobregat),001310000,Dimecres,2023,11,November,22,Afternoon,14,No és causa del  vianant,Motorcycle,Home,43,Driver,Desconegut                                                                                                                                            ,Unknown,Es desconeix,Ferit lleu: Amb assistència sanitària en lloc d'accident,430515.24 ,4579432.98,2.168121075,41.361559281
2023S006936    ,9,Sant Andreu,60,Sant Andreu,701767,Teresa Boronat i Fabra,0032 0032,Dimecres,2023,11,November,22,Afternoon,15,No és causa del  vianant,Bus,Home,53,Passatger,Desconegut                                                                                                                                            ,Unknown,Unknown,Ferit lleu: Hospitalització fins a 24h,432483.54 ,4588714.69,2.190615754,41.445324612
2023S006937    ,3,Sants-Montjuïc,16,la Bordeta,244901,Parcerisa,0050 0050,Dimecres,2023,11,November,22,Afternoon,19,No és causa del  vianant,Bicicleta,Home,45,Driver,Desconegut                                                                                                                                            ,Unknown,Es desconeix,Ferit lleu: Amb assistència sanitària en lloc d'accident,427810.45 ,4579885.77,2.135732343,41.365399302
2023S006937    ,3,Sants-Montjuïc,16,la Bordeta,244901,Parcerisa,0050 0050,Dimecres,2023,11,November,22,Afternoon,19,No és causa del  vianant,Motorcycle,Home,27,Driver,Desconegut                                                                                                                                            ,Unknown,In itínere,Ferit lleu: Amb assistència sanitària en lloc d'accident,427810.45 ,4579885.77,2.135732343,41.365399302
2023S006938    ,2,Eixample,8,l'Antiga Esquerra de l'Eixample,32700,Balmes,0017 0017,Dimecres,2023,11,November,22,Afternoon,19,No és causa del  vianant,Ciclomotor,Home,25,Driver,Desconegut                                                                                                                                            ,Unknown,Es desconeix,Ferit lleu: Hospitalització fins a 24h,430311.08 ,4582286.33,2.165352193,41.387240918
2023S006939    ,4,Les Corts,19,les Corts,55807,Francesc Macià,0007 0007,Dimecres,2023,11,November,22,Afternoon,16,No és causa del  vianant,Motorcycle,Home,35,Driver,Desconegut                                                                                                                                            ,Unknown,Es desconeix,Ferit lleu: Rebutja assistència sanitària,428593.14 ,4582856.08,2.144739513,41.3922217
2023S006940    ,2,Eixample,7,la Dreta de l'Eixample,335100,Tetuan,0026 0026,Dimecres,2023,11,November,22,Afternoon,14,No és causa del  vianant,Bus,Dona,83,Passatger,Desconegut                                                                                                                                            ,Unknown,Unknown,Ferit lleu: Hospitalització fins a 24h,431153.92 ,4583200.61,2.1753281,41.395548185
2023S006941    ,5,Sarrià-Sant Gervasi,25,Sant Gervasi - la Bonanova,701103,Alfonso Comín,0015 0015,Dilluns,2023,11,November,20,Night,22,No és causa del  vianant,Motorcycle,Dona,27,Passatger,Desconegut                                                                                                                                            ,Unknown,Unknown,Ferit lleu: Rebutja assistència sanitària,427991.72 ,4585305.07,2.137254893,41.414225117
2023S006941    ,5,Sarrià-Sant Gervasi,25,Sant Gervasi - la Bonanova,701103,Alfonso Comín,0015 0015,Dilluns,2023,11,November,20,Night,22,No és causa del  vianant,Motorcycle,Home,30,Driver,Desconegut                                                                                                                                            ,Unknown,Oci i entreteniment,Ferit lleu: Rebutja assistència sanitària,427991.72 ,4585305.07,2.137254893,41.414225117
2023S006942    ,7,Horta-Guinardó,35,el Guinardó,297001,Sant Antoni Maria Claret,0173 0173,Dimecres,2023,11,November,22,Afternoon,19,No és causa del  vianant,Motorcycle,Home,62,Driver,Desconegut                                                                                                                                            ,Unknown,Es desconeix,Ferit lleu: Hospitalització fins a 24h,431373.14 ,4585218.56,2.177721255,41.413741982
2023S006942    ,7,Horta-Guinardó,35,el Guinardó,297001,Sant Antoni Maria Claret,0173 0173,Dimecres,2023,11,November,22,Afternoon,19,No és causa del  vianant,Motorcycle,Home,69,Driver,Desconegut                                                                                                                                            ,Unknown,Es desconeix,Ferit lleu: Hospitalització fins a 24h,431373.14 ,4585218.56,2.177721255,41.413741982
2023S006943    ,8,Nou Barris,48,la Guineueta,351901,Valldaura,0180 0182,Dimecres,2023,11,November,22,Afternoon,20,No és causa del  vianant,Ciclomotor,Home,21,Driver,Desconegut                                                                                                                                            ,Unknown,Altres activitats,Ferit lleu: Hospitalització fins a 24h,430711.55 ,4587998.09,2.169487084,41.438719401
2023S006944    ,2,Eixample,7,la Dreta de l'Eixample,144601,Diagonal,9996 9996,Thursday,2023,11,November,23,Night,2,No és causa del  vianant,Car,Home,47,Driver,Desconegut                                                                                                                                            ,Unknown,Taxi,Ferit lleu: Hospitalització fins a 24h,429461.64 ,4583158.92,2.155091729,41.395025958
2023S006945    ,2,Eixample,8,l'Antiga Esquerra de l'Eixample,70607,Casanova,0148 0148,Thursday,2023,11,November,23,Night,3,No és causa del  vianant,Car,Home,36,Passatger,Desconegut                                                                                                                                            ,Unknown,Unknown,Ferit lleu: Rebutja assistència sanitària,429361.23 ,4582493.6 ,2.153968384,41.389024832
2023S006945    ,2,Eixample,8,l'Antiga Esquerra de l'Eixample,70607,Casanova,0148 0148,Thursday,2023,11,November,23,Night,3,No és causa del  vianant,Car,Home,35,Driver,Desconegut                                                                                                                                            ,Unknown,Oci i entreteniment,Ferit lleu: Hospitalització fins a 24h,429361.23 ,4582493.6 ,2.153968384,41.389024832
2023S006946    ,2,Eixample,9,la Nova Esquerra de l'Eixample,54509,Calàbria,0105 0111,Dimecres,2023,11,November,22,Night,22,No és causa del  vianant,Bicicleta,Home,26,Driver,Desconegut                                                                                                                                            ,Unknown,Es desconeix,Ferit lleu: Hospitalització fins a 24h,429386.36 ,4581495.84,2.154385281,41.380040548
2023S006947    ,8,Nou Barris,49,Canyelles,701267,Dalt (Besòs),001400000,Thursday,2023,11,November,23,Morning,7,No és causa del  vianant,Motorcycle,Home,33,Driver,Desconegut                                                                                                                                            ,Unknown,In itínere,Ferit lleu: Hospitalització fins a 24h,430785.04 ,4588472.05,2.170312348,41.442994518
2023S006948    ,3,Sants-Montjuïc,11,el Poble-sec,701266,Litoral (Llobregat),0014S0000,Thursday,2023,11,November,23,Morning,8,No és causa del  vianant,Motorcycle,Home,37,Driver,Desconegut                                                                                                                                            ,Unknown,In itínere,Ferit lleu: Hospitalització fins a 24h,429275.46 ,4578334.55,2.153428002,41.351558031