Case_Number,District_Code,District_Name,Neighborhood_Code,Neighborhood_Name,Street_Code,Street_Name,Postal_Code,Day_of_Week,Year,Month_Code,Month_Name,Day_of_Month,Shift_Description,Hour_of_Day,Pedestrian_Cause_Description,Involved_Vehicle_Type,Gender_Description,Age,Person_Type_Description,Pedestrian_Accident_Location_Description,Pedestrian_Movement_Reason_Description,Driver_Movement_Reason_Description,Victimization_Description,UTM_X_Coordinate,UTM_Y_Coordinate,Longitude,Latitude
2023S007017    ,1,Ciutat Vella,3,la Barceloneta,197903,Marítim de la Barceloneta,0037 0037,Diumenge,2023,11,November,26,Night,5,No és causa del  vianant,Taxi,Home,32,Passatger,Desconegut                                                                                                                                            ,Unknown,Unknown,Ferit lleu: Rebutja assistència sanitària,432802.19 ,4581840.92,2.195194,41.383441297
2023S007017    ,1,Ciutat Vella,3,la Barceloneta,197903,Marítim de la Barceloneta,0037 0037,Diumenge,2023,11,November,26,Night,5,No és causa del  vianant,Taxi,Home,22,Driver,Desconegut                                                                                                                                            ,Unknown,Taxi,Ferit lleu: Rebutja assistència sanitària,432802.19 ,4581840.92,2.195194,41.383441297
2023S007018    ,2,Eixample,7,la Dreta de l'Eixample,335100,Tetuan,0005 0005,Diumenge,2023,11,November,26,Night,5,No és causa del  vianant,Veh. mobilitat personal amb motor,Home,37,Driver,Desconegut                                                                                                                                            ,Unknown,In itínere,Ferit lleu: Hospitalització fins a 24h,431235.15 ,4583025.3 ,2.176319608,41.393976174
2023S007019    ,10,Sant Martí,73,la Verneda i la Pau,153205,Guipúscoa,0154 0154,Friday,2023,11,November,24,Afternoon,18,No és causa del  vianant,Motorcycle,Home,48,Driver,Desconegut                                                                                                                                            ,Unknown,In itínere,Ferit lleu: Hospitalització fins a 24h,433722.45 ,4586174.92,2.205724414,41.422552954
2023S007020    ,2,Eixample,7,la Dreta de l'Eixample,169409,Corts Catalanes,0595 0599,Diumenge,2023,11,November,26,Morning,11,No és causa del  vianant,Motorcycle,Dona,24,Driver,Desconegut                                                                                                                                            ,Unknown,Es desconeix,Ferit lleu: Amb assistència sanitària en lloc d'accident,430380.51 ,4582386.85,2.166170976,41.388152285
2023S007021    ,4,Les Corts,21,Pedralbes,144601,Diagonal,0680X0680X,Diumenge,2023,11,November,26,Afternoon,15,No és causa del  vianant,Bus,Home,41,Passatger,Desconegut                                                                                                                                            ,Unknown,Unknown,Ferit lleu: Amb assistència sanitària en lloc d'accident,426879.75 ,4582417.88,2.124299923,41.388120983
2023S007022    ,3,Sants-Montjuïc,13,la Marina de Port,169409,Corts Catalanes,0170 0184,Diumenge,2023,11,November,26,Afternoon,16,No és causa del  vianant,Bus,Dona,62,Passatger,Desconegut                                                                                                                                            ,Unknown,Unknown,Ferit lleu: Hospitalització fins a 24h,428098.17 ,4580082.76,2.139148762,41.367199287
2023S007023    ,2,Eixample,5,el Fort Pienc,362409,Vilanova,0001 0001,Diumenge,2023,11,November,26,Afternoon,16,Altres,Veh. mobilitat personal amb motor,Home,55,Driver,En pas regulat per semàfor                                                                                                                            ,Unknown,Oci i entreteniment,Ferit lleu: Hospitalització fins a 24h,431582.27 ,4582754.76,2.180501983,41.391569121
2023S007026    ,2,Eixample,7,la Dreta de l'Eixample,247659,Pau Claris,0185 0185,Diumenge,2023,11,November,26,Afternoon,18,No és causa del  vianant,Motorcycle,Home,31,Driver,Desconegut                                                                                                                                            ,Unknown,Oci i entreteniment,Ferit lleu: Hospitalització fins a 24h,430028.14 ,4583341.24,2.161846456,41.396717571
2023S007029    ,2,Eixample,8,l'Antiga Esquerra de l'Eixample,32700,Balmes,0045 0047,Diumenge,2023,11,November,26,Afternoon,20,No és causa del  vianant,Motorcycle,Home,30,Driver,Desconegut                                                                                                                                            ,Unknown,Altres activitats,Ferit lleu: Hospitalització fins a 24h,430077.64 ,4582511.47,2.162534387,41.389248413
2023S007030    ,7,Horta-Guinardó,43,Horta,700651,Estatut de Catalunya,0070X0070X,Diumenge,2023,11,November,26,Afternoon,20,No és causa del  vianant,Motorcycle,Dona,30,Passatger,Desconegut                                                                                                                                            ,Unknown,Unknown,Ferit lleu: Hospitalització fins a 24h,429290.04 ,4587811.32,2.152495134,41.436913251
2023S007031    ,4,Les Corts,19,les Corts,231502,Numància,0170 0170,Diumenge,2023,11,November,26,Afternoon,17,No és causa del  vianant,Veh. mobilitat personal amb motor,Dona,28,Driver,Desconegut                                                                                                                                            ,Unknown,In itínere,Ferit lleu: Hospitalització fins a 24h,427575.97 ,4582577.49,2.13260725,41.389621548
2023S007031    ,4,Les Corts,19,les Corts,231502,Numància,0170 0170,Diumenge,2023,11,November,26,Afternoon,17,No és causa del  vianant,Motorcycle,Home,28,Driver,Desconegut                                                                                                                                            ,Unknown,Oci i entreteniment,Ferit lleu: Hospitalització fins a 24h,427575.97 ,4582577.49,2.13260725,41.389621548
2023S007032    ,5,Sarrià-Sant Gervasi,24,les Tres Torres,701434,Mig (Descendent),000370000,Diumenge,2023,11,November,26,Afternoon,21,No és causa del  vianant,Motorcycle,Home,44,Driver,Desconegut                                                                                                                                            ,Unknown,In itínere,Ferit lleu: Hospitalització fins a 24h,427678.99 ,4583241.88,2.133759964,41.395614721
2023S007033    ,5,Sarrià-Sant Gervasi,25,Sant Gervasi - la Bonanova,701629,Isaac Newton,0040U0040U,Diumenge,2023,11,November,26,Night,22,No és causa del  vianant,Car,Home,48,Driver,Desconegut                                                                                                                                            ,Unknown,In itínere,Ferit lleu: Hospitalització fins a 24h,427700.96 ,4585357.3 ,2.133769917,41.414669411
2023S007035    ,4,Les Corts,21,Pedralbes,701268,Dalt (Llobregat),0010S0000,Dilluns,2023,11,November,27,Morning,7,No és causa del  vianant,Car,Dona,31,Driver,Desconegut                                                                                                                                            ,Unknown,In itínere,Ferit lleu: Hospitalització fins a 24h,425597.77 ,4582819.56,2.108918832,41.391621116
2023S007035    ,4,Les Corts,21,Pedralbes,701268,Dalt (Llobregat),0010S0000,Dilluns,2023,11,November,27,Morning,7,No és causa del  vianant,Car,Dona,61,Driver,Desconegut                                                                                                                                            ,Unknown,In itínere,Ferit lleu: Hospitalització fins a 24h,425597.77 ,4582819.56,2.108918832,41.391621116
2023S007037    ,9,Sant Andreu,59,el Bon Pastor,131803,Formiga,0001 0001,Dilluns,2023,11,November,27,Morning,8,No és causa del  vianant,Motorcycle,Dona,54,Driver,Desconegut                                                                                                                                            ,Unknown,In itínere,Ferit lleu: Hospitalització fins a 24h,433346.61 ,4587639.71,2.201065513,41.435714772
2023S007038    ,4,Les Corts,19,les Corts,162002,Josep Tarradellas,0129 0129,Dilluns,2023,11,November,27,Morning,9,No és causa del  vianant,Bicicleta,Home,46,Pedestrian,En pas sense regular                                                                                                                                  ,Unknown,Unknown,Ferit lleu: Amb assistència sanitària en lloc d'accident,428456.16 ,4582583.9 ,2.143133364,41.389758095
2023S007039    ,2,Eixample,9,la Nova Esquerra de l'Eixample,169409,Corts Catalanes,0433 0433,Diumenge,2023,11,November,26,Night,23,No és causa del  vianant,Bicicleta,Home,26,Driver,Desconegut                                                                                                                                            ,Unknown,Oci i entreteniment,Ferit lleu: Hospitalització fins a 24h,429275.87 ,4581307.9 ,2.153085979,41.378338124
2023S007040    ,2,Eixample,7,la Dreta de l'Eixample,169409,Corts Catalanes,0638 0638,Dilluns,2023,11,November,27,Morning,8,No és causa del  vianant,Motorcycle,Home,33,Driver,Desconegut                                                                                                                                            ,Unknown,Es desconeix,Ferit lleu: Hospitalització fins a 24h,430649.04 ,4582579.25,2.169360445,41.389908383
2023S007041    ,2,Eixample,9,la Nova Esquerra de l'Eixample,245802,París,0113 0115,Dilluns,2023,11,November,27,Morning,10,No és causa del  vianant,Motorcycle,Home,44,Driver,Desconegut                                                                                                                                            ,Unknown,In itínere,Ferit lleu: Hospitalització fins a 24h,428836.5  ,4582561.93,2.147684743,41.389593978
2023S007042    ,10,Sant Martí,67,la Vila Olímpica del Poblenou,76807,Sardenya,0048 0054,Dilluns,2023,11,November,27,Morning,11,No és causa del  vianant,Motorcycle,Dona,25,Driver,Desconegut                                                                                                                                            ,Unknown,Es desconeix,Ferit lleu: Amb assistència sanitària en lloc d'accident,432371.49 ,4582680.73,2.18994954,41.39096914
2023S007043    ,2,Eixample,6,la Sagrada Família,18505,Aragó,0458 0464,Dilluns,2023,11,November,27,Afternoon,14,No és causa del  vianant,Motorcycle,Dona,33,Passatger,Desconegut                                                                                                                                            ,Unknown,Unknown,Ferit lleu: Rebutja assistència sanitària,431463.86 ,4583995.65,2.178945234,41.402735362
2023S007043    ,2,Eixample,6,la Sagrada Família,18505,Aragó,0458 0464,Dilluns,2023,11,November,27,Afternoon,14,No és causa del  vianant,Ciclomotor,Dona,21,Driver,Desconegut                                                                                                                                            ,Unknown,In itínere,Ferit lleu: Rebutja assistència sanitària,431463.86 ,4583995.65,2.178945234,41.402735362
2023S007044    ,7,Horta-Guinardó,43,Horta,97807,Dante Alighieri,0054 0054,Dilluns,2023,11,November,27,Morning,9,No és causa del  vianant,Car,Dona,61,Passatger,Desconegut                                                                                                                                            ,Unknown,Unknown,Ferit lleu: Amb assistència sanitària en lloc d'accident,429870.39 ,4586830.87,2.159554878,41.428133648
2023S007044    ,7,Horta-Guinardó,43,Horta,97807,Dante Alighieri,0054 0054,Dilluns,2023,11,November,27,Morning,9,No és causa del  vianant,Furgoneta,Home,43,Driver,Desconegut                                                                                                                                            ,Unknown,Oci i entreteniment,Ferit lleu: Hospitalització fins a 24h,429870.39 ,4586830.87,2.159554878,41.428133648
2023S007045    ,2,Eixample,5,el Fort Pienc,178308,Lepant,0197 0197,Diumenge,2023,11,November,26,Afternoon,21,No és causa del  vianant,Car,Dona,16,Passatger,Desconegut                                                                                                                                            ,Unknown,Unknown,Ferit lleu: Hospitalització fins a 24h,431635.33 ,4583832.59,2.181014835,41.401281337
2023S007045    ,2,Eixample,5,el Fort Pienc,178308,Lepant,0197 0197,Diumenge,2023,11,November,26,Afternoon,21,No és causa del  vianant,Car,Dona,53,Passatger,Desconegut                                                                                                                                            ,Unknown,Unknown,Ferit lleu: Hospitalització fins a 24h,431635.33 ,4583832.59,2.181014835,41.401281337
2023S007046    ,5,Sarrià-Sant Gervasi,25,Sant Gervasi - la Bonanova,80203,Ciutat de Balaguer,0013 0013,Dilluns,2023,11,November,27,Afternoon,14,No és causa del  vianant,Motorcycle,Home,59,Driver,Desconegut                                                                                                                                            ,Unknown,Oci i entreteniment,Ferit lleu: Hospitalització fins a 24h,427902.94 ,4583999.14,2.136348373,41.402455181
2023S007047    ,2,Eixample,10,Sant Antoni,361406,Viladomat,0101 0101,Dilluns,2023,11,November,27,Morning,13,No és causa del  vianant,Bus,Dona,32,Passatger,Desconegut                                                                                                                                            ,Unknown,Unknown,Ferit lleu: Hospitalització fins a 24h,429650.92 ,4581430.44,2.157556503,41.379474699
2023S007047    ,2,Eixample,10,Sant Antoni,361406,Viladomat,0101 0101,Dilluns,2023,11,November,27,Morning,13,No és causa del  vianant,Bus,Dona,63,Passatger,Desconegut                                                                                                                                            ,Unknown,Unknown,Ferit lleu: Hospitalització fins a 24h,429650.92 ,4581430.44,2.157556503,41.379474699
2023S007047    ,2,Eixample,10,Sant Antoni,361406,Viladomat,0101 0101,Dilluns,2023,11,November,27,Morning,13,No és causa del  vianant,Bus,Dona,78,Passatger,Desconegut                                                                                                                                            ,Unknown,Unknown,Ferit lleu: Hospitalització fins a 24h,429650.92 ,4581430.44,2.157556503,41.379474699
2023S007048    ,6,Gràcia,31,la Vila de Gràcia,253006,Pérez Galdós,0042 0042,Thursday,2023,11,November,23,Night,23,No és causa del  vianant,Veh. mobilitat personal amb motor,Home,31,Pedestrian,A la vorera / Andana                                                                                                                                  ,Es desconeix,Unknown,Ferit lleu: Hospitalització fins a 24h,429138.14 ,4584450.64,2.151071129,41.406631551
2023S007049    ,5,Sarrià-Sant Gervasi,25,Sant Gervasi - la Bonanova,271303,Pujol,0001 0001,Friday,2023,11,November,24,Afternoon,18,Altres,Car,Dona,72,Pedestrian,A la vorera / Andana                                                                                                                                  ,Es desconeix,Unknown,Ferit lleu: Rebutja assistència sanitària,427960.27 ,4584216.55,2.137008273,41.404418447
2023S007050    ,2,Eixample,7,la Dreta de l'Eixample,49509,Bruc,0141 0141,Dilluns,2023,11,November,27,Afternoon,19,Altres,Bus,Home,32,Pedestrian,Altres                                                                                                                                                ,Oci i entreteniment,Unknown,Ferit lleu: Amb assistència sanitària en lloc d'accident,430233.4  ,4583497.63,2.164283571,41.398143968
2023S007051    ,2,Eixample,7,la Dreta de l'Eixample,305100,Sant Joan,0052 0052,Dilluns,2023,11,November,27,Afternoon,17,No és causa del  vianant,Motorcycle,Dona,37,Driver,Desconegut                                                                                                                                            ,Unknown,Oci i entreteniment,Ferit lleu: Hospitalització fins a 24h,431068.55 ,4583231.96,2.174303422,41.395823228
2023S007052    ,7,Horta-Guinardó,38,la Teixonera,701268,Dalt (Llobregat),001050000,Dilluns,2023,11,November,27,Afternoon,20,No és causa del  vianant,Bus,Home,63,Passatger,Desconegut                                                                                                                                            ,Unknown,Unknown,Ferit lleu: Hospitalització fins a 24h,428380.2  ,4586368.62,2.141776772,41.423838803
2023S007053    ,9,Sant Andreu,61,la Sagrera,209900,Meridiana,0279 0285,Dilluns,2023,11,November,27,Afternoon,20,No és causa del  vianant,Bus,Dona,78,Passatger,Desconegut                                                                                                                                            ,Unknown,Unknown,Ferit lleu: Hospitalització fins a 24h,432125.67 ,4586209.56,2.186613502,41.422731555
2023S007054    ,1,Ciutat Vella,2,el Barri Gòtic,18006,Antonio López,9999 9999,Dilluns,2023,11,November,27,Afternoon,21,No és causa del  vianant,Ciclomotor,Dona,52,Driver,Desconegut                                                                                                                                            ,Unknown,Oci i entreteniment,Ferit lleu: Hospitalització fins a 24h,431694.26 ,4581581.69,2.181973748,41.381013124
2023S007055    ,7,Horta-Guinardó,43,Horta,157308,Horta a Cerdanyola,001160000,Dilluns,2023,11,November,27,Night,22,No és causa del  vianant,Motorcycle,Dona,39,Driver,Desconegut                                                                                                                                            ,Unknown,Es desconeix,Ferit lleu: Hospitalització fins a 24h,429359.09 ,4587764.57,2.153327026,41.436498274
2023S007056    ,2,Eixample,9,la Nova Esquerra de l'Eixample,169409,Corts Catalanes,0523 0523,Dilluns,2023,11,November,27,Morning,12,No és causa del  vianant,Autobús articulat,Home,67,Passatger,Desconegut                                                                                                                                            ,Unknown,Unknown,Ferit lleu: Hospitalització fins a 24h,429737.74 ,4581724.85,2.15856054,41.382133946
2023S007057    ,3,Sants-Montjuïc,12,la Marina del Prat Vermell,370203,Número 3 Zona Franca,0069 0075,Dimarts,2023,11,November,28,Night,5,No és causa del  vianant,Car,Home,48,Driver,Desconegut                                                                                                                                            ,Unknown,In itínere,Ferit lleu: Hospitalització fins a 24h,427265.97 ,4576644.81,2.129611526,41.336160036
2023S007058    ,8,Nou Barris,48,la Guineueta,75101,Caçador,0004X0004X,Dimarts,2023,11,November,28,Morning,7,No és causa del  vianant,Furgoneta,Dona,34,Pedestrian,En pas regulat per semàfor                                                                                                                            ,In itinere,Unknown,Ferit lleu: Hospitalització fins a 24h,430471.16 ,4588315.38,2.166573355,41.441556316
2023S007059    ,7,Horta-Guinardó,33,el Baix Guinardó,297001,Sant Antoni Maria Claret,0109 0109,Dimarts,2023,11,November,28,Morning,8,No és causa del  vianant,Motorcycle,Home,59,Driver,Desconegut                                                                                                                                            ,Unknown,Oci i entreteniment,Ferit lleu: Hospitalització fins a 24h,430807.89 ,4584665.36,2.171021733,41.408711001
2023S007060    ,6,Gràcia,31,la Vila de Gràcia,344101,Gràcia,0169 0169,Dilluns,2023,11,November,27,Morning,12,No és causa del  vianant,Ciclomotor,Dona,46,Driver,Desconegut                                                                                                                                            ,Unknown,Es desconeix,Ferit lleu: Amb assistència sanitària en lloc d'accident,429710.59 ,4583870.26,2.157986748,41.401454561
2023S007061    ,2,Eixample,7,la Dreta de l'Eixample,148307,Gràcia,0102 0102,Dimarts,2023,11,November,28,Morning,8,No és causa del  vianant,Motorcycle,Home,55,Driver,Desconegut                                                                                                                                            ,Unknown,In itínere,Ferit lleu: Hospitalització fins a 24h,429914.38 ,4583230.13,2.160498625,41.395706928
2023S007062    ,9,Sant Andreu,60,Sant Andreu,322007,Segre,0084B0084B,Friday,2023,11,November,24,Afternoon,15,No és causa del  vianant,Car,Dona,29,Pedestrian,En pas sense regular                                                                                                                                  ,Unknown,Unknown,Ferit lleu: Hospitalització fins a 24h,432784.99 ,4587161.24,2.194397063,41.431358506
2023S007063    ,5,Sarrià-Sant Gervasi,26,Sant Gervasi - Galvany,223606,Muntaner,0363 0365,Dimarts,2023,11,November,28,Morning,8,No és causa del  vianant,Motorcycle,Home,33,Driver,Desconegut                                                                                                                                            ,Unknown,In itínere,Ferit lleu: Hospitalització fins a 24h,428473.45 ,4583594.92,2.143220672,41.398865512
2023S007063    ,5,Sarrià-Sant Gervasi,26,Sant Gervasi - Galvany,223606,Muntaner,0363 0365,Dimarts,2023,11,November,28,Morning,8,No és causa del  vianant,Motorcycle,Home,50,Driver,Desconegut                                                                                                                                            ,Unknown,In itínere,Ferit lleu: Amb assistència sanitària en lloc d'accident,428473.45 ,4583594.92,2.143220672,41.398865512
2023S007064    ,2,Eixample,10,Sant Antoni,329902,Tamarit,0185 0185,Dimarts,2023,11,November,28,Morning,8,No és causa del  vianant,Autobús articulat,Home,75,Passatger,Desconegut                                                                                                                                            ,Unknown,Unknown,Ferit lleu: Hospitalització fins a 24h,430068.5  ,4581482.33,2.162543925,41.379978477
2023S007065    ,3,Sants-Montjuïc,12,la Marina del Prat Vermell,106861,E Zona Franca,0038 0038,Dimarts,2023,11,November,28,Afternoon,14,No és causa del  vianant,Motorcycle,Home,32,Driver,Desconegut                                                                                                                                            ,Unknown,In itínere,Ferit lleu: Hospitalització fins a 24h,427033.56 ,4576155.26,2.126893075,41.331729793
2023S007066    ,4,Les Corts,19,les Corts,162002,Josep Tarradellas,0139S0139S,Dimarts,2023,11,November,28,Morning,13,No és causa del  vianant,Motorcycle,Dona,62,Driver,Desconegut                                                                                                                                            ,Unknown,In itínere,Ferit lleu: Hospitalització fins a 24h,428499.73 ,4582666.13,2.143644741,41.390502587
2023S007067    ,3,Sants-Montjuïc,12,la Marina del Prat Vermell,701266,Litoral (Llobregat),001570000,Dimarts,2023,11,November,28,Afternoon,14,No és causa del  vianant,Car,Dona,14,Passatger,Desconegut                                                                                                                                            ,Unknown,Unknown,Ferit lleu: Hospitalització fins a 24h,428123.24 ,4577763.57,2.139723381,41.346313334
2023S007067    ,3,Sants-Montjuïc,12,la Marina del Prat Vermell,701266,Litoral (Llobregat),001570000,Dimarts,2023,11,November,28,Afternoon,14,No és causa del  vianant,Car,Home,53,Driver,Desconegut                                                                                                                                            ,Unknown,Oci i entreteniment,Ferit lleu: Hospitalització fins a 24h,428123.24 ,4577763.57,2.139723381,41.346313334
2023S007068    ,2,Eixample,10,Sant Antoni,198804,Paral·lel,0182 0182,Dimarts,2023,11,November,28,Afternoon,16,No és causa del  vianant,Motorcycle,Home,52,Driver,Desconegut                                                                                                                                            ,Unknown,Es desconeix,Ferit lleu: Hospitalització fins a 24h,429362.65 ,4580936.13,2.154167022,41.374997338
2023S007069    ,4,Les Corts,19,les Corts,162002,Josep Tarradellas,0129 0129,Dimarts,2023,11,November,28,Afternoon,16,No és causa del  vianant,Motorcycle,Dona,36,Driver,Desconegut                                                                                                                                            ,Unknown,In itínere,Ferit lleu: Hospitalització fins a 24h,428456.16 ,4582583.9 ,2.143133364,41.389758095
2023S007071    ,5,Sarrià-Sant Gervasi,27,el Putxet i el Farró,143904,General Mitre,0170 0170,Dimarts,2023,11,November,28,Afternoon,16,No és causa del  vianant,Motorcycle,Dona,51,Driver,Desconegut                                                                                                                                            ,Unknown,In itínere,Ferit lleu: Hospitalització fins a 24h,428354.05 ,4584235.63,2.141716601,41.404625502
2023S007072    ,2,Eixample,7,la Dreta de l'Eixample,144601,Diagonal,0422 0422,Dimarts,2023,11,November,28,Afternoon,17,No és causa del  vianant,Motorcycle,Home,28,Driver,Desconegut                                                                                                                                            ,Unknown,In itínere,Ferit lleu: Hospitalització fins a 24h,430134.59 ,4583421.81,2.163110418,41.397452499
2023S007073    ,2,Eixample,7,la Dreta de l'Eixample,268003,Provença,0270 0272,Dimarts,2023,11,November,28,Afternoon,20,No és causa del  vianant,Motorcycle,Home,28,Driver,Desconegut                                                                                                                                            ,Unknown,In itínere,Ferit lleu: Hospitalització fins a 24h,429868.7  ,4582996.42,2.159979329,41.393597996
2023S007074    ,5,Sarrià-Sant Gervasi,24,les Tres Torres,288805,Rosari,0035 0035,Dimarts,2023,11,November,28,Afternoon,20,No és causa del  vianant,Motorcycle,Home,23,Passatger,Desconegut                                                                                                                                            ,Unknown,Unknown,Ferit lleu: Hospitalització fins a 24h,427431.98 ,4583408.61,2.130785524,41.397094127
2023S007076    ,2,Eixample,7,la Dreta de l'Eixample,289105,Rosselló,0258 0258,Dimarts,2023,11,November,28,Afternoon,20,No és causa del  vianant,Motorcycle,Home,35,Driver,Desconegut                                                                                                                                            ,Unknown,En missió,Ferit lleu: Hospitalització fins a 24h,430134.59 ,4583421.81,2.163110418,41.397452499
2023S007077    ,2,Eixample,7,la Dreta de l'Eixample,359404,Cinc d'Oros,9999 9999,Dimarts,2023,11,November,28,Afternoon,21,No és causa del  vianant,Autobús articulat,Dona,46,Passatger,Desconegut                                                                                                                                            ,Unknown,Unknown,Ferit lleu: Hospitalització fins a 24h,429834.22 ,4583321.69,2.15952922,41.396524584
2023S007078    ,2,Eixample,7,la Dreta de l'Eixample,144601,Diagonal,0377 0377,Dimarts,2023,11,November,28,Afternoon,20,No és causa del  vianant,Motorcycle,Home,40,Driver,Desconegut                                                                                                                                            ,Unknown,Es desconeix,Ferit lleu: Amb assistència sanitària en lloc d'accident,429964.09 ,4583338.39,2.161080675,41.396686323
2023S007079    ,2,Eixample,7,la Dreta de l'Eixample,100800,Diputació,0282S0282S,Dimarts,2023,11,November,28,Afternoon,19,No és causa del  vianant,Motorcycle,Dona,55,Driver,Desconegut                                                                                                                                            ,Unknown,In itínere,Ferit lleu: Hospitalització fins a 24h,430684.51 ,4582858.44,2.169752694,41.39242602
2023S007080    ,5,Sarrià-Sant Gervasi,26,Sant Gervasi - Galvany,144601,Diagonal,0602 0602,Dimarts,2023,11,November,28,Afternoon,20,No és causa del  vianant,Veh. mobilitat personal amb motor,Home,50,Driver,Desconegut                                                                                                                                            ,Unknown,Es desconeix,Ferit lleu: Hospitalització fins a 24h,428614.3  ,4582926.6 ,2.144984276,41.392858727
2023S007081    ,3,Sants-Montjuïc,11,el Poble-sec,114000,Espanya,9999 9999,Dimecres,2023,11,November,29,Morning,7,No és causa del  vianant,Car,Dona,49,Pedestrian,A la vorera / Andana                                                                                                                                  ,Es desconeix,Unknown,Ferit greu: hospitalització superior a 24h,428974.33 ,4580977.98,2.149518925,41.37534007
2023S007081    ,3,Sants-Montjuïc,11,el Poble-sec,114000,Espanya,9999 9999,Dimecres,2023,11,November,29,Morning,7,No és causa del  vianant,Car,Dona,54,Pedestrian,A la vorera / Andana                                                                                                                                  ,Es desconeix,Unknown,Ferit greu: hospitalització superior a 24h,428974.33 ,4580977.98,2.149518925,41.37534007
2023S007081    ,3,Sants-Montjuïc,11,el Poble-sec,114000,Espanya,9999 9999,Dimecres,2023,11,November,29,Morning,7,No és causa del  vianant,Car,Home,47,Pedestrian,A la vorera / Andana                                                                                                                                  ,Es desconeix,Unknown,Ferit greu: hospitalització superior a 24h,428974.33 ,4580977.98,2.149518925,41.37534007
2023S007082    ,5,Sarrià-Sant Gervasi,25,Sant Gervasi - la Bonanova,302000,Sant Gervasi,0040 0040,Dimecres,2023,11,November,29,Morning,6,No és causa del  vianant,Tricicle,Home,59,Driver,Desconegut                                                                                                                                            ,Unknown,In itínere,Ferit greu: hospitalització superior a 24h,427970.87 ,4584863.31,2.137058057,41.410244499
2023S007083    ,2,Eixample,10,Sant Antoni,114000,Espanya,0001 0001,Dimecres,2023,11,November,29,Morning,6,No és causa del  vianant,Veh. mobilitat personal amb motor,Dona,45,Driver,Desconegut                                                                                                                                            ,Unknown,In itínere,Ferit lleu: Hospitalització fins a 24h,428989.31 ,4580940.29,2.149702461,41.375001931
2023S007084    ,2,Eixample,6,la Sagrada Família,90502,Còrsega,0578 0578,Dimecres,2023,11,November,29,Morning,10,No és causa del  vianant,Motorcycle,Home,25,Driver,Desconegut                                                                                                                                            ,Unknown,In itínere,Ferit lleu: Rebutja assistència sanitària,431115.48 ,4584580.07,2.174711261,41.407969256
2023S007085    ,7,Horta-Guinardó,38,la Teixonera,22400,Arenys,0089 0093,Dimecres,2023,11,November,29,Morning,10,No és causa del  vianant,Motorcycle,Dona,65,Pedestrian,Fora del pas                                                                                                                                          ,Unknown,Unknown,Ferit lleu: Hospitalització fins a 24h,428710.2  ,4586249.28,2.145739649,41.422793324
2023S007086    ,2,Eixample,8,l'Antiga Esquerra de l'Eixample,289105,Rosselló,0209 0209,Dimecres,2023,11,November,29,Morning,9,No és causa del  vianant,Motorcycle,Home,38,Driver,Desconegut                                                                                                                                            ,Unknown,Es desconeix,Ferit lleu: Hospitalització fins a 24h,429601.2  ,4582904.42,2.156790581,41.392745999
2023S007087    ,3,Sants-Montjuïc,12,la Marina del Prat Vermell,700127,Major de Mercabarna,0069 0069,Dimecres,2023,11,November,29,Morning,7,No és causa del  vianant,Altres vehicles amb motor,Home,45,Pedestrian,En pas sense senyalitzar                                                                                                                              ,Es desconeix,Unknown,Ferit lleu: Hospitalització fins a 24h,426097.79 ,4576076.61,2.115721029,41.330936114
2023S007088    ,3,Sants-Montjuïc,17,Sants - Badal,50905,Ventura Plaja,0001 0001,Dimecres,2023,11,November,29,Morning,7,No és causa del  vianant,Motorcycle,Dona,40,Driver,Desconegut                                                                                                                                            ,Unknown,In itínere,Ferit lleu: Hospitalització fins a 24h,427139.42 ,4580976.03,2.127578891,41.37515838
2023S007089    ,10,Sant Martí,66,el Parc i la Llacuna del Poblenou,4908,Àlaba,0058 0058,Dimecres,2023,11,November,29,Morning,10,No és causa del  vianant,Motorcycle,Dona,30,Driver,Desconegut                                                                                                                                            ,Unknown,Es desconeix,Ferit lleu: Hospitalització fins a 24h,432757.91 ,4583223.32,2.194510914,41.395888526
2023S007090    ,7,Horta-Guinardó,42,la Clota,701080,Estatut,0003X0003X,Dimecres,2023,11,November,29,Morning,10,No és causa del  vianant,Car,Dona,48,Passatger,Desconegut                                                                                                                                            ,Unknown,Unknown,Ferit lleu: Hospitalització fins a 24h,429493.73 ,4587108.15,2.155015073,41.430598006
2023S007092    ,2,Eixample,8,l'Antiga Esquerra de l'Eixample,110304,Enric Granados,0095 0095,Dimecres,2023,11,November,29,Morning,10,No és causa del  vianant,Bicicleta,Dona,55,Driver,Desconegut                                                                                                                                            ,Unknown,In itínere,Ferit greu: hospitalització superior a 24h,429553.08 ,4582871.6 ,2.156218866,41.392446185
2023S007093    ,5,Sarrià-Sant Gervasi,25,Sant Gervasi - la Bonanova,95007,Quatre Camins,0001 0001,Dimecres,2023,11,November,29,Morning,12,No és causa del  vianant,Motorcycle,Home,23,Passatger,Desconegut                                                                                                                                            ,Unknown,Unknown,Ferit lleu: Hospitalització fins a 24h,427247.15 ,4584644.34,2.128426155,41.408207115
2023S007093    ,5,Sarrià-Sant Gervasi,25,Sant Gervasi - la Bonanova,95007,Quatre Camins,0001 0001,Dimecres,2023,11,November,29,Morning,12,No és causa del  vianant,Motorcycle,Home,25,Driver,Desconegut                                                                                                                                            ,Unknown,Es desconeix,Ferit lleu: Hospitalització fins a 24h,427247.15 ,4584644.34,2.128426155,41.408207115