Case_Number,District_Code,District_Name,Neighborhood_Code,Neighborhood_Name,Street_Code,Street_Name,Postal_Code,Day_of_Week,Year,Month_Code,Month_Name,Day_of_Month,Shift_Description,Hour_of_Day,Pedestrian_Cause_Description,Involved_Vehicle_Type,Gender_Description,Age,Person_Type_Description,Pedestrian_Accident_Location_Description,Pedestrian_Movement_Reason_Description,Driver_Movement_Reason_Description,Victimization_Description,UTM_X_Coordinate,UTM_Y_Coordinate,Longitude,Latitude
2023S007094    ,10,Sant Martí,68,el Poblenou,242906,Pallars,0146 0146,Dimecres,2023,11,November,29,Afternoon,14,No és causa del  vianant,Motorcycle,Home,37,Driver,Desconegut                                                                                                                                            ,Unknown,Oci i entreteniment,Ferit lleu: Amb assistència sanitària en lloc d'accident,432784.91 ,4583579.09,2.194794346,41.399095112
2023S007094    ,10,Sant Martí,68,el Poblenou,242906,Pallars,0146 0146,Dimecres,2023,11,November,29,Afternoon,14,No és causa del  vianant,Car,Home,40,Driver,Desconegut                                                                                                                                            ,Unknown,Oci i entreteniment,Ferit lleu: Hospitalització fins a 24h,432784.91 ,4583579.09,2.194794346,41.399095112
2023S007095    ,2,Eixample,10,Sant Antoni,362001,Vilamarí,0017 0017,Dimecres,2023,11,November,29,Morning,8,No és causa del  vianant,Veh. mobilitat personal amb motor,Dona,35,Driver,Desconegut                                                                                                                                            ,Unknown,Es desconeix,Ferit lleu: Hospitalització fins a 24h,429308.27 ,4581018.37,2.153507197,41.37573327
2023S007097    ,5,Sarrià-Sant Gervasi,26,Sant Gervasi - Galvany,28000,Augusta,0081 0085,Dimecres,2023,11,November,29,Afternoon,15,No és causa del  vianant,Motorcycle,Dona,45,Driver,Desconegut                                                                                                                                            ,Unknown,Es desconeix,Ferit lleu: Hospitalització fins a 24h,429107.55 ,4583806.39,2.150780678,41.400826332
2023S007098    ,3,Sants-Montjuïc,12,la Marina del Prat Vermell,701265,Litoral (Besòs),001460000,Thursday,2023,4,April,13,Afternoon,14,No és causa del  vianant,Motorcycle,Home,47,Driver,Desconegut                                                                                                                                            ,Unknown,Oci i entreteniment,Ferit lleu: Rebutja assistència sanitària,428915.66 ,4578173.61,2.149146232,41.350076799
2023S007099    ,5,Sarrià-Sant Gervasi,26,Sant Gervasi - Galvany,223606,Muntaner,0224 0224,Dimecres,2023,11,November,29,Morning,8,No és causa del  vianant,Motorcycle,Home,20,Driver,Desconegut                                                                                                                                            ,Unknown,Es desconeix,Ferit lleu: Hospitalització fins a 24h,429001.92 ,4583052.43,2.149605603,41.394026363
2023S007100    ,4,Les Corts,21,Pedralbes,701267,Dalt (Besòs),000480000,Dimecres,2023,11,November,29,Morning,13,No és causa del  vianant,Car,Dona,21,Driver,Desconegut                                                                                                                                            ,Unknown,In itínere,Ferit lleu: Hospitalització fins a 24h,425098.69 ,4581932.44,2.103059564,41.383584888
2023S007100    ,4,Les Corts,21,Pedralbes,701267,Dalt (Besòs),000480000,Dimecres,2023,11,November,29,Morning,13,No és causa del  vianant,Car,Dona,45,Driver,Desconegut                                                                                                                                            ,Unknown,In itínere,Ferit lleu: Hospitalització fins a 24h,425098.69 ,4581932.44,2.103059564,41.383584888
2023S007101    ,2,Eixample,7,la Dreta de l'Eixample,148307,Gràcia,0089 0089,Dimecres,2023,11,November,29,Afternoon,16,No és causa del  vianant,Bus,Dona,61,Passatger,Desconegut                                                                                                                                            ,Unknown,Unknown,Ferit lleu: Hospitalització fins a 24h,429958.79 ,4583136.89,2.161040601,41.394871018
2023S007102    ,2,Eixample,5,el Fort Pienc,18505,Aragó,0410 0410,Dimecres,2023,11,November,29,Afternoon,14,No és causa del  vianant,Motorcycle,Home,32,Driver,Desconegut                                                                                                                                            ,Unknown,In itínere,Ferit lleu: Hospitalització fins a 24h,431071.21 ,4583612.42,2.174291902,41.399250142
2023S007102    ,2,Eixample,5,el Fort Pienc,18505,Aragó,0410 0410,Dimecres,2023,11,November,29,Afternoon,14,No és causa del  vianant,Veh. mobilitat personal amb motor,Home,30,Driver,Desconegut                                                                                                                                            ,Unknown,Oci i entreteniment,Ferit lleu: Amb assistència sanitària en lloc d'accident,431071.21 ,4583612.42,2.174291902,41.399250142
2023S007103    ,5,Sarrià-Sant Gervasi,26,Sant Gervasi - Galvany,143507,Pau Casals,0024 0024,Dimecres,2023,11,November,29,Afternoon,19,No és causa del  vianant,Car,Dona,48,Pedestrian,En pas sense regular                                                                                                                                  ,Unknown,Unknown,Ferit greu: hospitalització superior a 24h,428359.75 ,4583041.56,2.141926156,41.393871482
2023S007104    ,10,Sant Martí,64,el Camp de l'Arpa del Clot,194406,Maragall,0043 0043,Dimecres,2023,11,November,29,Afternoon,17,No és causa del  vianant,Motorcycle,Dona,37,Driver,Desconegut                                                                                                                                            ,Unknown,In itínere,Ferit lleu: Hospitalització fins a 24h,431615.94 ,4585394.06,2.180606342,41.415343363
2023S007105    ,7,Horta-Guinardó,43,Horta,349105,Universal,0075 0075,Dimecres,2023,11,November,29,Afternoon,18,No és causa del  vianant,Car,Home,44,Driver,Desconegut                                                                                                                                            ,Unknown,Es desconeix,Ferit lleu: Amb assistència sanitària en lloc d'accident,429881.69 ,4588003.65,2.159553969,41.438697399
2023S007106    ,7,Horta-Guinardó,41,la Vall d'Hebron,352507,Vall d'Hebron,0240 0240,Dimecres,2023,11,November,29,Afternoon,17,No és causa del  vianant,Autobús articulat,Dona,74,Passatger,Desconegut                                                                                                                                            ,Unknown,Unknown,Ferit lleu: Hospitalització fins a 24h,428886.53 ,4587640.87,2.147685803,41.435342429
2023S007108    ,10,Sant Martí,71,Provençals del Poblenou,200600,Marroc,0004X0004X,Dimecres,2023,11,November,29,Afternoon,18,No és causa del  vianant,Motorcycle,Home,31,Driver,Desconegut                                                                                                                                            ,Unknown,Es desconeix,Ferit lleu: Hospitalització fins a 24h,433090.05 ,4584419.2 ,2.198351418,41.406687227
2023S007109    ,5,Sarrià-Sant Gervasi,25,Sant Gervasi - la Bonanova,701629,Isaac Newton,0028B0028B,Dimecres,2023,11,November,29,Afternoon,18,No és causa del  vianant,Motorcycle,Home,24,Driver,Desconegut                                                                                                                                            ,Unknown,Oci i entreteniment,Ferit lleu: Hospitalització fins a 24h,427504.46 ,4585298.73,2.131425947,41.414124185
2023S007110    ,2,Eixample,6,la Sagrada Família,350308,València,0392 0392,Dimecres,2023,11,November,29,Afternoon,18,No és causa del  vianant,Motorcycle,Home,35,Driver,Desconegut                                                                                                                                            ,Unknown,Es desconeix,Ferit lleu: Rebutja assistència sanitària,431074.8  ,4583801.69,2.174313284,41.400955146
2023S007111    ,10,Sant Martí,71,Provençals del Poblenou,94300,Cristóbal de Moura,0021 0021,Dimecres,2023,11,November,29,Afternoon,17,No és causa del  vianant,Motorcycle,Dona,25,Driver,Desconegut                                                                                                                                            ,Unknown,Es desconeix,Ferit lleu: Hospitalització fins a 24h,433470.11 ,4584602.06,2.202877994,41.408365763
2023S007112    ,1,Ciutat Vella,1,el Raval,269108,Portal de la Pau,0001 0001,Dimecres,2023,11,November,29,Afternoon,17,No és causa del  vianant,Veh. mobilitat personal amb motor,Home,38,Driver,Desconegut                                                                                                                                            ,Unknown,Altres activitats,Ferit lleu: Hospitalització fins a 24h,431292.13 ,4580896.4 ,2.177242682,41.374806642
2023S007113    ,4,Les Corts,19,les Corts,144601,Diagonal,0579 0587,Dimecres,2023,11,November,29,Afternoon,17,No és causa del  vianant,Motorcycle,Dona,23,Driver,Desconegut                                                                                                                                            ,Unknown,Oci i entreteniment,Ferit lleu: Hospitalització fins a 24h,427575.97 ,4582577.49,2.13260725,41.389621548
2023S007114    ,10,Sant Martí,64,el Camp de l'Arpa del Clot,90502,Còrsega,0707 0707,Dimecres,2023,11,November,29,Afternoon,21,No és causa del  vianant,Bicicleta,Home,40,Driver,Desconegut                                                                                                                                            ,Unknown,En missió,Ferit lleu: Hospitalització fins a 24h,431624.31 ,4585111.67,2.18073842,41.412800679
2023S007115    ,9,Sant Andreu,59,el Bon Pastor,701321,São Paulo,0033 0033,Dimecres,2023,11,November,29,Afternoon,21,No és causa del  vianant,Car,Home,31,Pedestrian,En pas regulat per semàfor                                                                                                                            ,Es desconeix,Unknown,Ferit lleu: Hospitalització fins a 24h,433293.16 ,4588028.53,2.200382853,41.439212312
2023S007117    ,3,Sants-Montjuïc,17,Sants - Badal,282252,Blanca,0067 0067,Dimecres,2023,11,November,29,Afternoon,20,No és causa del  vianant,Veh. mobilitat personal amb motor,Dona,48,Pedestrian,En pas regulat per semàfor                                                                                                                            ,Oci i entreteniment,Unknown,Ferit lleu: Hospitalització fins a 24h,426920.18 ,4580755.27,2.124984049,41.37315019
2023S007118    ,2,Eixample,7,la Dreta de l'Eixample,100800,Diputació,0282S0282S,Dimecres,2023,11,November,29,Night,22,No és causa del  vianant,Motorcycle,Dona,48,Driver,Desconegut                                                                                                                                            ,Unknown,Oci i entreteniment,Ferit lleu: Rebutja assistència sanitària,430684.51 ,4582858.44,2.169752694,41.39242602
2023S007118    ,2,Eixample,7,la Dreta de l'Eixample,100800,Diputació,0282S0282S,Dimecres,2023,11,November,29,Night,22,No és causa del  vianant,Car,Home,54,Driver,Desconegut                                                                                                                                            ,Unknown,Oci i entreteniment,Ferit lleu: Rebutja assistència sanitària,430684.51 ,4582858.44,2.169752694,41.39242602
2023S007119    ,2,Eixample,7,la Dreta de l'Eixample,247659,Pau Claris,9999 9999,Dimecres,2023,11,November,29,Afternoon,21,No és causa del  vianant,Bicicleta,Home,30,Driver,Desconegut                                                                                                                                            ,Unknown,En missió,Ferit lleu: Hospitalització fins a 24h,430028.14 ,4583341.24,2.161846456,41.396717571
2023S007119    ,2,Eixample,7,la Dreta de l'Eixample,247659,Pau Claris,9999 9999,Dimecres,2023,11,November,29,Afternoon,21,No és causa del  vianant,Motorcycle,Home,33,Driver,Desconegut                                                                                                                                            ,Unknown,In itínere,Ferit lleu: Hospitalització fins a 24h,430028.14 ,4583341.24,2.161846456,41.396717571
2023S007120    ,4,Les Corts,19,les Corts,162002,Josep Tarradellas,0139S0139S,Thursday,2023,11,November,30,Night,0,No és causa del  vianant,Motorcycle,Home,18,Driver,Desconegut                                                                                                                                            ,Unknown,In itínere,Ferit lleu: Hospitalització fins a 24h,428499.73 ,4582666.13,2.143644741,41.390502587
2023S007121    ,10,Sant Martí,71,Provençals del Poblenou,701414,C-31,020710000,Dimecres,2023,11,November,29,Night,22,No és causa del  vianant,Motorcycle,Home,38,Driver,Desconegut                                                                                                                                            ,Unknown,En missió,Ferit lleu: Rebutja assistència sanitària,433081.87 ,4584996.69,2.198189661,41.411887841
2023S007122    ,7,Horta-Guinardó,43,Horta,701267,Dalt (Besòs),001290000,Thursday,2023,11,November,30,Morning,7,No és causa del  vianant,Motorcycle,Dona,34,Driver,Desconegut                                                                                                                                            ,Unknown,Estudiant cap a centre d'estudis,Ferit lleu: Hospitalització fins a 24h,429689.7  ,4588056.11,2.157249965,41.439153087
2023S007122    ,7,Horta-Guinardó,43,Horta,701267,Dalt (Besòs),001290000,Thursday,2023,11,November,30,Morning,7,No és causa del  vianant,Motorcycle,Home,34,Driver,Desconegut                                                                                                                                            ,Unknown,In itínere,Ferit lleu: Amb assistència sanitària en lloc d'accident,429689.7  ,4588056.11,2.157249965,41.439153087
2023S007123    ,5,Sarrià-Sant Gervasi,26,Sant Gervasi - Galvany,70607,Casanova,0250 0250,Thursday,2023,11,November,30,Morning,9,No és causa del  vianant,Veh. mobilitat personal amb motor,Home,40,Driver,Desconegut                                                                                                                                            ,Unknown,In itínere,Ferit lleu: Hospitalització fins a 24h,428860.06 ,4583006.33,2.14791429,41.393598614
2023S007124    ,2,Eixample,8,l'Antiga Esquerra de l'Eixample,18505,Aragó,0205 0205,Thursday,2023,11,November,30,Morning,9,No és causa del  vianant,Motorcycle,Home,36,Driver,Desconegut                                                                                                                                            ,Unknown,Es desconeix,Ferit lleu: Rebutja assistència sanitària,429830.93 ,4582396.05,2.15959717,41.388187366
2023S007125    ,6,Gràcia,28,Vallcarca i els Penitents,158107,Vallcarca,0169 0203,Thursday,2023,11,November,30,Morning,8,No és causa del  vianant,Motorcycle,Home,46,Driver,Desconegut                                                                                                                                            ,Unknown,En missió,Ferit lleu: Hospitalització fins a 24h,428379.67 ,4585475.09,2.141876298,41.415791103
2023S007126    ,2,Eixample,7,la Dreta de l'Eixample,350308,València,0323 0323,Thursday,2023,11,November,30,Morning,10,No és causa del  vianant,Veh. mobilitat personal amb motor,Home,35,Driver,Desconegut                                                                                                                                            ,Unknown,Altres activitats,Ferit lleu: Rebutja assistència sanitària,430595.65 ,4583334.94,2.168635254,41.396710038
2023S007126    ,2,Eixample,7,la Dreta de l'Eixample,350308,València,0323 0323,Thursday,2023,11,November,30,Morning,10,No és causa del  vianant,Bicicleta,Dona,25,Driver,Desconegut                                                                                                                                            ,Unknown,Oci i entreteniment,Ferit lleu: Rebutja assistència sanitària,430595.65 ,4583334.94,2.168635254,41.396710038
2023S007127    ,4,Les Corts,19,les Corts,144601,Diagonal,0529 0531,Thursday,2023,11,November,30,Morning,12,No és causa del  vianant,Car,Dona,56,Passatger,Desconegut                                                                                                                                            ,Unknown,Unknown,Ferit lleu: Rebutja assistència sanitària,428106.42 ,4582716   ,2.138934857,41.390916668
2023S007127    ,4,Les Corts,19,les Corts,144601,Diagonal,0529 0531,Thursday,2023,11,November,30,Morning,12,No és causa del  vianant,Car,Dona,59,Passatger,Desconegut                                                                                                                                            ,Unknown,Unknown,Ferit lleu: Amb assistència sanitària en lloc d'accident,428106.42 ,4582716   ,2.138934857,41.390916668
2023S007127    ,4,Les Corts,19,les Corts,144601,Diagonal,0529 0531,Thursday,2023,11,November,30,Morning,12,No és causa del  vianant,"Camió rígid <= 3,5 tones",Dona,55,Driver,Desconegut                                                                                                                                            ,Unknown,Es desconeix,Ferit lleu: Rebutja assistència sanitària,428106.42 ,4582716   ,2.138934857,41.390916668
2023S007127    ,4,Les Corts,19,les Corts,144601,Diagonal,0529 0531,Thursday,2023,11,November,30,Morning,12,No és causa del  vianant,Car,Home,55,Driver,Desconegut                                                                                                                                            ,Unknown,Es desconeix,Ferit lleu: Hospitalització fins a 24h,428106.42 ,4582716   ,2.138934857,41.390916668
2023S007127    ,4,Les Corts,19,les Corts,144601,Diagonal,0529 0531,Thursday,2023,11,November,30,Morning,12,No és causa del  vianant,Car,Home,56,Driver,Desconegut                                                                                                                                            ,Unknown,Es desconeix,Ferit lleu: Rebutja assistència sanitària,428106.42 ,4582716   ,2.138934857,41.390916668
2023S007127    ,4,Les Corts,19,les Corts,144601,Diagonal,0529 0531,Thursday,2023,11,November,30,Morning,12,No és causa del  vianant,Car,Home,73,Driver,Desconegut                                                                                                                                            ,Unknown,Es desconeix,Ferit lleu: Rebutja assistència sanitària,428106.42 ,4582716   ,2.138934857,41.390916668
2023S007128    ,6,Gràcia,29,el Coll,126406,Flandes,0002 0002,Thursday,2023,11,November,30,Morning,8,No és causa del  vianant,Bus,Dona,48,Passatger,Desconegut                                                                                                                                            ,Unknown,Unknown,Ferit lleu: Hospitalització fins a 24h,428790.99 ,4585463.77,2.146798905,41.415725722
2023S007128    ,6,Gràcia,29,el Coll,126406,Flandes,0002 0002,Thursday,2023,11,November,30,Morning,8,No és causa del  vianant,Bus,Home,54,Driver,Desconegut                                                                                                                                            ,Unknown,En missió,Ferit lleu: Amb assistència sanitària en lloc d'accident,428790.99 ,4585463.77,2.146798905,41.415725722
2023S007129    ,5,Sarrià-Sant Gervasi,25,Sant Gervasi - la Bonanova,701268,Dalt (Llobregat),000920000,Thursday,2023,11,November,30,Morning,8,No és causa del  vianant,Bicicleta,Home,36,Driver,Desconegut                                                                                                                                            ,Unknown,In itínere,Ferit lleu: Amb assistència sanitària en lloc d'accident,427714.16 ,4585334.95,2.133930518,41.414469302
2023S007130    ,2,Eixample,9,la Nova Esquerra de l'Eixample,191204,Mallorca,0109 0111,Thursday,2023,11,November,30,Morning,8,No és causa del  vianant,Veh. mobilitat personal amb motor,Home,16,Driver,Desconegut                                                                                                                                            ,Unknown,Estudiant cap a centre d'estudis,Ferit lleu: Hospitalització fins a 24h,429260.74 ,4582212.74,2.152799369,41.386486386
2023S007131    ,10,Sant Martí,69,Diagonal Mar i el Front Marítim del Poblenou,322608,Selva de Mar,0013 0013,Thursday,2023,11,November,30,Morning,9,No és causa del  vianant,Motorcycle,Home,78,Driver,Desconegut                                                                                                                                            ,Unknown,Es desconeix,Ferit lleu: Hospitalització fins a 24h,434223.9  ,4584407.27,2.211917083,41.40667341
2023S007132    ,2,Eixample,8,l'Antiga Esquerra de l'Eixample,18505,Aragó,0151 0151,Thursday,2023,11,November,30,Morning,12,No és causa del  vianant,Ciclomotor,Home,30,Driver,Desconegut                                                                                                                                            ,Unknown,Es desconeix,Ferit lleu: Rebutja assistència sanitària,429447.81 ,4582020.17,2.155059021,41.38476841
2023S007134    ,3,Sants-Montjuïc,12,la Marina del Prat Vermell,180,A Zona Franca,0097 0103,Thursday,2023,11,November,23,Morning,13,No és causa del  vianant,Motorcycle,Home,43,Driver,Desconegut                                                                                                                                            ,Unknown,In itínere,Ferit lleu: Hospitalització fins a 24h,428543.09 ,4577414.4 ,2.144782487,41.343205834
2023S007134    ,3,Sants-Montjuïc,12,la Marina del Prat Vermell,180,A Zona Franca,0097 0103,Thursday,2023,11,November,23,Morning,13,No és causa del  vianant,Car,Home,40,Driver,Desconegut                                                                                                                                            ,Unknown,In itínere,Ferit lleu: Hospitalització fins a 24h,428543.09 ,4577414.4 ,2.144782487,41.343205834
2023S007135    ,6,Gràcia,31,la Vila de Gràcia,206403,Gran de Gràcia,0039 0039,Thursday,2023,11,November,30,Afternoon,14,No és causa del  vianant,Motorcycle,Dona,55,Driver,Desconegut                                                                                                                                            ,Unknown,In itínere,Ferit lleu: Hospitalització fins a 24h,429591.06 ,4583600.96,2.156588268,41.399018606
2023S007136    ,4,Les Corts,20,la Maternitat i Sant Ramon,66508,Carles III,0001 0005,Thursday,2023,11,November,30,Afternoon,14,No és causa del  vianant,Motorcycle,Home,41,Driver,Desconegut                                                                                                                                            ,Unknown,In itínere,Ferit lleu: Hospitalització fins a 24h,427269.91 ,4581441.24,2.129083318,41.37936016
2023S007137    ,10,Sant Martí,73,la Verneda i la Pau,318906,Santander,0063 0063,Thursday,2023,11,November,30,Morning,9,No és causa del  vianant,Motorcycle,Home,59,Driver,Desconegut                                                                                                                                            ,Unknown,Es desconeix,Ferit lleu: Hospitalització fins a 24h,433501.25 ,4586845.07,2.203003786,41.428570514
2023S007138    ,5,Sarrià-Sant Gervasi,26,Sant Gervasi - Galvany,292802,Sagués,0001 0003,Thursday,2023,11,November,30,Afternoon,14,Transitar a peu per la calçada,Furgoneta,Home,28,Pedestrian,Fora del pas                                                                                                                                          ,Oci i entreteniment,Unknown,Ferit lleu: Hospitalització fins a 24h,428657.76 ,4583025.18,2.145492455,41.393750459
2023S007139    ,2,Eixample,8,l'Antiga Esquerra de l'Eixample,245802,París,0149 0149,Thursday,2023,11,November,30,Afternoon,16,No és causa del  vianant,Veh. mobilitat personal amb motor,Home,26,Driver,Desconegut                                                                                                                                            ,Unknown,Es desconeix,Ferit lleu: Amb assistència sanitària en lloc d'accident,429078.41 ,4582782.78,2.150552064,41.391604474
2023S007140    ,2,Eixample,8,l'Antiga Esquerra de l'Eixample,18505,Aragó,0215X0215X,Thursday,2023,11,November,30,Afternoon,16,No és causa del  vianant,Motorcycle,Dona,37,Driver,Desconegut                                                                                                                                            ,Unknown,Es desconeix,Ferit lleu: Hospitalització fins a 24h,429865.51 ,4582453.05,2.160004129,41.388703764
2023S007141    ,10,Sant Martí,71,Provençals del Poblenou,701414,C-31,020780000,Thursday,2023,11,November,30,Afternoon,19,No és causa del  vianant,Furgoneta,Dona,12,Passatger,Desconegut                                                                                                                                            ,Unknown,Unknown,Ferit lleu: Hospitalització fins a 24h,433509.45 ,4585389.78,2.203262019,41.415463805
2023S007141    ,10,Sant Martí,71,Provençals del Poblenou,701414,C-31,020780000,Thursday,2023,11,November,30,Afternoon,19,No és causa del  vianant,Furgoneta,Dona,14,Passatger,Desconegut                                                                                                                                            ,Unknown,Unknown,Ferit lleu: Hospitalització fins a 24h,433509.45 ,4585389.78,2.203262019,41.415463805
2023S007141    ,10,Sant Martí,71,Provençals del Poblenou,701414,C-31,020780000,Thursday,2023,11,November,30,Afternoon,19,No és causa del  vianant,Furgoneta,Dona,42,Driver,Desconegut                                                                                                                                            ,Unknown,Oci i entreteniment,Ferit lleu: Hospitalització fins a 24h,433509.45 ,4585389.78,2.203262019,41.415463805
2023S007142    ,2,Eixample,6,la Sagrada Família,289105,Rosselló,0458B0458B,Thursday,2023,11,November,30,Afternoon,19,No és causa del  vianant,Motorcycle,Home,43,Driver,Desconegut                                                                                                                                            ,Unknown,Altres activitats,Ferit lleu: Hospitalització fins a 24h,431274.06 ,4584558.52,2.176610842,41.407788743
2023S007143    ,9,Sant Andreu,62,el Congrés i els Indians,121402,Felip II,0169 0169,Thursday,2023,11,November,30,Afternoon,17,Creuar per fora pas de vianants,Bicicleta,Home,51,Driver,Fora del pas                                                                                                                                          ,Unknown,Es desconeix,Ferit lleu: Amb assistència sanitària en lloc d'accident,431687.33 ,4586402.97,2.181346474,41.424436361
2023S007144    ,10,Sant Martí,70,el Besòs i el Maresme,701414,C-31,020850000,Thursday,2023,11,November,30,Afternoon,18,No és causa del  vianant,Motorcycle,Home,37,Driver,Desconegut                                                                                                                                            ,Unknown,In itínere,Ferit lleu: Hospitalització fins a 24h,434078.33 ,4585946.2 ,2.210007828,41.420522231
2023S007145    ,2,Eixample,7,la Dreta de l'Eixample,71600,Casp,0049 0049,Thursday,2023,11,November,30,Night,22,No és causa del  vianant,Motorcycle,Home,30,Driver,Desconegut                                                                                                                                            ,Unknown,Oci i entreteniment,Ferit lleu: Rebutja assistència sanitària,431117.69 ,4582881.63,2.174931057,41.392672124
2023S007146    ,10,Sant Martí,65,el Clot,161101,Independència,0250 0250,Thursday,2023,11,November,30,Afternoon,17,No és causa del  vianant,Motorcycle,Home,27,Driver,Desconegut                                                                                                                                            ,Unknown,Es desconeix,Ferit lleu: Hospitalització fins a 24h,431934.16 ,4584454.66,2.184519459,41.406909506
2023S007147    ,2,Eixample,6,la Sagrada Família,178308,Lepant,0271 0271,Thursday,2023,11,November,30,Afternoon,17,No és causa del  vianant,Motorcycle,Dona,48,Driver,Desconegut                                                                                                                                            ,Unknown,Es desconeix,Ferit lleu: Rebutja assistència sanitària,431247.04 ,4584201.49,2.176328177,41.404570775
2023S007148    ,2,Eixample,8,l'Antiga Esquerra de l'Eixample,350308,València,0190 0190,Friday,2023,12,December,1,Night,3,Desobeir el senyal del semàfor,Bus,Home,33,Pedestrian,En pas regulat per semàfor                                                                                                                            ,Unknown,Unknown,Ferit lleu: Hospitalització fins a 24h,429641.8  ,4582396.81,2.157335169,41.388177681
2023S007148    ,2,Eixample,8,l'Antiga Esquerra de l'Eixample,350308,València,0190 0190,Friday,2023,12,December,1,Night,3,Desobeir el senyal del semàfor,Bus,Home,37,Passatger,En pas regulat per semàfor                                                                                                                            ,Unknown,Unknown,Ferit lleu: Hospitalització fins a 24h,429641.8  ,4582396.81,2.157335169,41.388177681
2023S007149    ,3,Sants-Montjuïc,12,la Marina del Prat Vermell,135203,Foc,0064 0064,Thursday,2023,11,November,30,Afternoon,16,No és causa del  vianant,Motorcycle,Home,48,Driver,Desconegut                                                                                                                                            ,Unknown,Es desconeix,Ferit lleu: Hospitalització fins a 24h,428175.46 ,4578803.22,2.140224403,41.355681796
2023S007150    ,2,Eixample,6,la Sagrada Família,89004,Consell de Cent,0548 0548,Friday,2023,12,December,1,Morning,7,No és causa del  vianant,Motorcycle,Home,25,Driver,Desconegut                                                                                                                                            ,Unknown,Oci i entreteniment,Ferit lleu: Hospitalització fins a 24h,431771.12 ,4584092.71,2.182609825,41.403635702
2023S007151    ,2,Eixample,8,l'Antiga Esquerra de l'Eixample,169409,Corts Catalanes,0555 0555,Thursday,2023,11,November,30,Afternoon,18,No és causa del  vianant,Motorcycle,Home,48,Driver,Desconegut                                                                                                                                            ,Unknown,Es desconeix,Ferit lleu: Rebutja assistència sanitària,429925.96 ,4581872.3 ,2.160794301,41.383478406
2023S007151    ,2,Eixample,8,l'Antiga Esquerra de l'Eixample,169409,Corts Catalanes,0555 0555,Thursday,2023,11,November,30,Afternoon,18,No és causa del  vianant,Motorcycle,Home,61,Driver,Desconegut                                                                                                                                            ,Unknown,Es desconeix,Ferit lleu: Hospitalització fins a 24h,429925.96 ,4581872.3 ,2.160794301,41.383478406
2023S007152    ,8,Nou Barris,52,la Prosperitat,314905,Santa Engràcia,0081 0085,Thursday,2023,11,November,30,Afternoon,21,No és causa del  vianant,Veh. mobilitat personal amb motor,Home,19,Driver,Desconegut                                                                                                                                            ,Unknown,Es desconeix,Ferit lleu: Hospitalització fins a 24h,431504.06 ,4588290.59,2.178939372,41.441421876
2023S007153    ,4,Les Corts,19,les Corts,107004,Equador,0017 0017,Friday,2023,12,December,1,Morning,10,No és causa del  vianant,Motorcycle,Home,29,Driver,Desconegut                                                                                                                                            ,Unknown,In itínere,Ferit lleu: Hospitalització fins a 24h,428315.28 ,4582032.15,2.141513791,41.384776136
2023S007154    ,2,Eixample,8,l'Antiga Esquerra de l'Eixample,349706,Comte d'Urgell,0282 0284,Friday,2023,12,December,1,Morning,11,No és causa del  vianant,Motorcycle,Home,55,Driver,Desconegut                                                                                                                                            ,Unknown,Es desconeix,Ferit lleu: Amb assistència sanitària en lloc d'accident,428696.68 ,4582788.67,2.145985819,41.391623754
2023S007155    ,9,Sant Andreu,63,Navas,121402,Felip II,0077 0077,Friday,2023,12,December,1,Morning,8,No és causa del  vianant,Motorcycle,Home,57,Driver,Desconegut                                                                                                                                            ,Unknown,Es desconeix,Ferit lleu: Hospitalització fins a 24h,432147.88 ,4585942.07,2.186909296,41.420324234
2023S007156    ,6,Gràcia,28,Vallcarca i els Penitents,352507,Vall d'Hebron,0050 0050,Friday,2023,12,December,1,Morning,13,No és causa del  vianant,Motorcycle,Home,60,Driver,Desconegut                                                                                                                                            ,Unknown,Es desconeix,Ferit lleu: Hospitalització fins a 24h,428089.88 ,4585613.77,2.13839259,41.417014242
2023S007157    ,9,Sant Andreu,60,Sant Andreu,339101,Torras i Bages,0057 0057,Friday,2023,12,December,1,Morning,6,No és causa del  vianant,Motorcycle,Home,26,Driver,Desconegut                                                                                                                                            ,Unknown,Es desconeix,Ferit lleu: Hospitalització fins a 24h,432525.53 ,4588072.06,2.191190199,41.439540195
2023S007158    ,7,Horta-Guinardó,33,el Baix Guinardó,152905,Guinardó,0075 0075,Friday,2023,12,December,1,Morning,13,No és causa del  vianant,Motorcycle,Home,37,Driver,Desconegut                                                                                                                                            ,Unknown,En missió,Ferit lleu: Hospitalització fins a 24h,430734.88 ,4585175.03,2.170089911,41.413295135
2023S007159    ,10,Sant Martí,72,Sant Martí de Provençals,15201,Andrade,0087 0087,Friday,2023,12,December,1,Morning,13,No és causa del  vianant,Motorcycle,Home,39,Driver,Desconegut                                                                                                                                            ,Unknown,Es desconeix,Ferit lleu: Hospitalització fins a 24h,433031.59 ,4585226.73,2.197562632,41.413955557