Case_Number,District_Code,District_Name,Neighborhood_Code,Neighborhood_Name,Street_Code,Street_Name,Postal_Code,Day_of_Week,Year,Month_Code,Month_Name,Day_of_Month,Shift_Description,Hour_of_Day,Pedestrian_Cause_Description,Involved_Vehicle_Type,Gender_Description,Age,Person_Type_Description,Pedestrian_Accident_Location_Description,Pedestrian_Movement_Reason_Description,Driver_Movement_Reason_Description,Victimization_Description,UTM_X_Coordinate,UTM_Y_Coordinate,Longitude,Latitude
2023S007304    ,10,Sant Martí,71,Provençals del Poblenou,322608,Selva de Mar,0167S0167S,Saturday,2023,12,December,9,Night,22,No és causa del  vianant,Car,Dona,14,Passatger,Desconegut                                                                                                                                            ,Unknown,Unknown,Ferit lleu: Amb assistència sanitària en lloc d'accident,433476.69 ,4585173.83,2.202893815,41.413516089
2023S007304    ,10,Sant Martí,71,Provençals del Poblenou,322608,Selva de Mar,0167S0167S,Saturday,2023,12,December,9,Night,22,No és causa del  vianant,Car,Dona,23,Passatger,Desconegut                                                                                                                                            ,Unknown,Unknown,Ferit lleu: Hospitalització fins a 24h,433476.69 ,4585173.83,2.202893815,41.413516089
2023S007304    ,10,Sant Martí,71,Provençals del Poblenou,322608,Selva de Mar,0167S0167S,Saturday,2023,12,December,9,Night,22,No és causa del  vianant,Car,Dona,51,Passatger,Desconegut                                                                                                                                            ,Unknown,Unknown,Ferit lleu: Hospitalització fins a 24h,433476.69 ,4585173.83,2.202893815,41.413516089
2023S007304    ,10,Sant Martí,71,Provençals del Poblenou,322608,Selva de Mar,0167S0167S,Saturday,2023,12,December,9,Night,22,No és causa del  vianant,Taxi,Home,46,Driver,Desconegut                                                                                                                                            ,Unknown,En missió,Ferit lleu: Hospitalització fins a 24h,433476.69 ,4585173.83,2.202893815,41.413516089
2023S007304    ,10,Sant Martí,71,Provençals del Poblenou,322608,Selva de Mar,0167S0167S,Saturday,2023,12,December,9,Night,22,No és causa del  vianant,Veh. mobilitat personal amb motor,Home,34,Driver,Desconegut                                                                                                                                            ,Unknown,En missió,Ferit lleu: Hospitalització fins a 24h,433476.69 ,4585173.83,2.202893815,41.413516089
2023S007304    ,10,Sant Martí,71,Provençals del Poblenou,322608,Selva de Mar,0167S0167S,Saturday,2023,12,December,9,Night,22,No és causa del  vianant,Car,Home,52,Driver,Desconegut                                                                                                                                            ,Unknown,Oci i entreteniment,Ferit lleu: Amb assistència sanitària en lloc d'accident,433476.69 ,4585173.83,2.202893815,41.413516089
2023S007304    ,10,Sant Martí,71,Provençals del Poblenou,322608,Selva de Mar,0167S0167S,Saturday,2023,12,December,9,Night,22,No és causa del  vianant,Car,Home,59,Driver,Desconegut                                                                                                                                            ,Unknown,Oci i entreteniment,Ferit lleu: Hospitalització fins a 24h,433476.69 ,4585173.83,2.202893815,41.413516089
2023S007305    ,10,Sant Martí,71,Provençals del Poblenou,169409,Corts Catalanes,1024 1026,Diumenge,2023,12,December,10,Night,0,No és causa del  vianant,Motorcycle,Dona,29,Driver,Desconegut                                                                                                                                            ,Unknown,Es desconeix,Ferit lleu: Hospitalització fins a 24h,433261    ,4585099.01,2.200321485,41.412824313
2023S007307    ,3,Sants-Montjuïc,11,el Poble-sec,701349,Drassanes,0002X0002X,Diumenge,2023,12,December,10,Night,0,No és causa del  vianant,Motorcycle,Dona,29,Passatger,Desconegut                                                                                                                                            ,Unknown,Unknown,Ferit lleu: Hospitalització fins a 24h,431242.62 ,4580854.67,2.176655418,41.37442656
2023S007307    ,3,Sants-Montjuïc,11,el Poble-sec,701349,Drassanes,0002X0002X,Diumenge,2023,12,December,10,Night,0,No és causa del  vianant,Motorcycle,Home,30,Driver,Desconegut                                                                                                                                            ,Unknown,Es desconeix,Ferit lleu: Hospitalització fins a 24h,431242.62 ,4580854.67,2.176655418,41.37442656
2023S007311    ,6,Gràcia,28,Vallcarca i els Penitents,148409,Sant Cugat,0095 0095,Diumenge,2023,12,December,10,Afternoon,14,No és causa del  vianant,Bicicleta,Home,30,Driver,Desconegut                                                                                                                                            ,Unknown,Es desconeix,Ferit lleu: Hospitalització fins a 24h,428076.39 ,4586202.05,2.13816119,41.422311422
2023S007312    ,5,Sarrià-Sant Gervasi,24,les Tres Torres,143904,General Mitre,0077 0077,Diumenge,2023,12,December,10,Afternoon,14,No és causa del  vianant,Motorcycle,Home,73,Driver,Desconegut                                                                                                                                            ,Unknown,Oci i entreteniment,Ferit lleu: Hospitalització fins a 24h,427655.06 ,4583522.62,2.13344018,41.39814108
2023S007313    ,2,Eixample,6,la Sagrada Família,197302,Marina,0219 0219,Diumenge,2023,12,December,10,Afternoon,14,No és causa del  vianant,Motorcycle,Home,31,Driver,Desconegut                                                                                                                                            ,Unknown,Oci i entreteniment,Ferit lleu: Hospitalització fins a 24h,431369.71 ,4583900.94,2.177829728,41.401874302
2023S007314    ,10,Sant Martí,64,el Camp de l'Arpa del Clot,297001,Sant Antoni Maria Claret,0352 0354,Diumenge,2023,12,December,10,Morning,11,No és causa del  vianant,Motorcycle,Home,64,Driver,Desconegut                                                                                                                                            ,Unknown,Oci i entreteniment,Ferit lleu: Hospitalització fins a 24h,431603.55 ,4585443.43,2.180452515,41.415786967
2023S007315    ,2,Eixample,9,la Nova Esquerra de l'Eixample,350308,València,0002 0002,Diumenge,2023,12,December,10,Afternoon,17,No és causa del  vianant,Bicicleta,Home,29,Driver,Desconegut                                                                                                                                            ,Unknown,Es desconeix,Ferit lleu: Amb assistència sanitària en lloc d'accident,428585.98 ,4581366.46,2.144829559,41.378804588
2023S007316    ,7,Horta-Guinardó,40,Montbau,701268,Dalt (Llobregat),0005E0000,Diumenge,2023,12,December,10,Afternoon,18,No és causa del  vianant,Car,Dona,3,Passatger,Desconegut                                                                                                                                            ,Unknown,Unknown,Ferit lleu: Hospitalització fins a 24h,428773.49 ,4587500.25,2.146349502,41.434065902
2023S007317    ,9,Sant Andreu,59,el Bon Pastor,318906,Santander,0090 0090,Diumenge,2023,12,December,10,Afternoon,19,No és causa del  vianant,Veh. mobilitat personal amb motor,Home,21,Driver,Desconegut                                                                                                                                            ,Unknown,Oci i entreteniment,Ferit lleu: Amb assistència sanitària en lloc d'accident,433746.5  ,4587235.6 ,2.205895892,41.432108183
2023S007318    ,1,Ciutat Vella,1,el Raval,269200,Portal de Santa Madrona,0014 0014,Dilluns,2023,12,December,11,Morning,6,No és causa del  vianant,Motorcycle,Home,53,Driver,Desconegut                                                                                                                                            ,Unknown,Es desconeix,Mort (dins 24h posteriors accident),431141.53 ,4581056.3 ,2.175423758,41.376233939
2023S007319    ,2,Eixample,7,la Dreta de l'Eixample,130403,Fontanella,0013 0013,Dilluns,2023,12,December,11,Morning,8,No és causa del  vianant,Ciclomotor,Home,36,Driver,Desconegut                                                                                                                                            ,Unknown,In itínere,Ferit lleu: Hospitalització fins a 24h,430905.09 ,4582356.55,2.1724482,41.387924639
2023S007320    ,8,Nou Barris,51,Verdun,174307,Júlia,0051 0051,Dilluns,2023,12,December,11,Morning,7,Creuar per fora pas de vianants,Veh. mobilitat personal amb motor,Home,71,Pedestrian,Fora del pas                                                                                                                                          ,Unknown,Unknown,Ferit lleu: Hospitalització fins a 24h,431281.52 ,4588203.55,2.17628561,41.440618912
2023S007320    ,8,Nou Barris,51,Verdun,174307,Júlia,0051 0051,Dilluns,2023,12,December,11,Morning,7,Creuar per fora pas de vianants,Veh. mobilitat personal amb motor,Home,30,Driver,Fora del pas                                                                                                                                          ,Unknown,Es desconeix,Ferit lleu: Rebutja assistència sanitària,431281.52 ,4588203.55,2.17628561,41.440618912
2023S007321    ,3,Sants-Montjuïc,12,la Marina del Prat Vermell,96780,D Zona Franca,0028 0030,Dilluns,2023,12,December,11,Night,5,No és causa del  vianant,Car,Dona,32,Driver,Desconegut                                                                                                                                            ,Unknown,In itínere,Ferit greu: hospitalització superior a 24h,427078.98 ,4575698.79,2.127490621,41.327622623
2023S007322    ,9,Sant Andreu,63,Navas,346402,Trinxant,0124 0124,Dilluns,2023,12,December,11,Morning,9,No és causa del  vianant,Car,Home,27,Driver,Desconegut                                                                                                                                            ,Unknown,En missió,Ferit lleu: Amb assistència sanitària en lloc d'accident,431752.73 ,4585588.35,2.182221049,41.417104906
2023S007324    ,5,Sarrià-Sant Gervasi,25,Sant Gervasi - la Bonanova,701353,Josep M. Lladó,0001 0001,Dilluns,2023,12,December,11,Morning,12,No és causa del  vianant,Furgoneta,Home,31,Driver,Desconegut                                                                                                                                            ,Unknown,En missió,Ferit lleu: Hospitalització fins a 24h,427028.24 ,4584882.89,2.125778523,41.410335776
2023S007326    ,3,Sants-Montjuïc,12,la Marina del Prat Vermell,701265,Litoral (Besòs),0021S0000,Dilluns,2023,12,December,11,Morning,7,No és causa del  vianant,Motorcycle,Home,51,Driver,Desconegut                                                                                                                                            ,Unknown,Es desconeix,Ferit lleu: Hospitalització fins a 24h,430808.33 ,4579990   ,2.171561304,41.36660147
2023S007327    ,2,Eixample,7,la Dreta de l'Eixample,31300,Bailèn,0139B0139B,Dilluns,2023,12,December,11,Morning,13,No és causa del  vianant,Motorcycle,Home,53,Driver,Desconegut                                                                                                                                            ,Unknown,In itínere,Ferit lleu: Hospitalització fins a 24h,430503.69 ,4583618.92,2.167502693,41.399259807
2023S007328    ,2,Eixample,7,la Dreta de l'Eixample,148307,Gràcia,0019B0019B,Dilluns,2023,12,December,11,Morning,10,Desobeir el senyal del semàfor,Motorcycle,Dona,16,Pedestrian,En pas regulat per semàfor                                                                                                                            ,Unknown,Unknown,Ferit lleu: Amb assistència sanitària en lloc d'accident,430456.33 ,4582637.21,2.167048993,41.390413762
2023S007328    ,2,Eixample,7,la Dreta de l'Eixample,148307,Gràcia,0019B0019B,Dilluns,2023,12,December,11,Morning,10,Desobeir el senyal del semàfor,Motorcycle,Home,30,Driver,En pas regulat per semàfor                                                                                                                            ,Unknown,In itínere,Ferit lleu: Hospitalització fins a 24h,430456.33 ,4582637.21,2.167048993,41.390413762
2023S007329    ,5,Sarrià-Sant Gervasi,25,Sant Gervasi - la Bonanova,701268,Dalt (Llobregat),000800000,Dilluns,2023,12,December,11,Afternoon,15,No és causa del  vianant,Car,Home,69,Passatger,Desconegut                                                                                                                                            ,Unknown,Unknown,Ferit lleu: Rebutja assistència sanitària,426771.17 ,4584613.55,2.122735672,41.407886559
2023S007329    ,5,Sarrià-Sant Gervasi,25,Sant Gervasi - la Bonanova,701268,Dalt (Llobregat),000800000,Dilluns,2023,12,December,11,Afternoon,15,No és causa del  vianant,Car,Dona,37,Driver,Desconegut                                                                                                                                            ,Unknown,Es desconeix,Ferit lleu: Rebutja assistència sanitària,426771.17 ,4584613.55,2.122735672,41.407886559
2023S007329    ,5,Sarrià-Sant Gervasi,25,Sant Gervasi - la Bonanova,701268,Dalt (Llobregat),000800000,Dilluns,2023,12,December,11,Afternoon,15,No és causa del  vianant,Car,Home,57,Driver,Desconegut                                                                                                                                            ,Unknown,Es desconeix,Ferit lleu: Hospitalització fins a 24h,426771.17 ,4584613.55,2.122735672,41.407886559
2023S007330    ,2,Eixample,7,la Dreta de l'Eixample,18505,Aragó,0375 0375,Dilluns,2023,12,December,11,Afternoon,16,No és causa del  vianant,Motorcycle,Dona,41,Driver,Desconegut                                                                                                                                            ,Unknown,Es desconeix,Ferit lleu: Hospitalització fins a 24h,430977.58 ,4583518.03,2.1731827,41.398391964
2023S007331    ,10,Sant Martí,65,el Clot,18505,Aragó,0661U0661U,Dilluns,2023,12,December,11,Afternoon,21,No és causa del  vianant,Motorcycle,Home,52,Driver,Desconegut                                                                                                                                            ,Unknown,Es desconeix,Ferit lleu: Hospitalització fins a 24h,432551.11 ,4585093   ,2.191828896,41.412710884
2023S007332    ,7,Horta-Guinardó,36,la Font d'en Fargues,194406,Maragall,0391B0391B,Dilluns,2023,12,December,11,Afternoon,20,No és causa del  vianant,Ciclomotor,Dona,37,Driver,Desconegut                                                                                                                                            ,Unknown,Es desconeix,Ferit lleu: Hospitalització fins a 24h,430282.76 ,4586810.31,2.164492045,41.427984389
2023S007333    ,7,Horta-Guinardó,33,el Baix Guinardó,68900,Cartagena,0367 0367,Dilluns,2023,12,December,11,Afternoon,19,No és causa del  vianant,Motorcycle,Dona,30,Pedestrian,Altres                                                                                                                                                ,Unknown,Unknown,Ferit lleu: Hospitalització fins a 24h,430839.55 ,4585175.85,2.171342111,41.41331154
2023S007336    ,2,Eixample,7,la Dreta de l'Eixample,350308,València,0288 0288,Dilluns,2023,12,December,11,Morning,12,No és causa del  vianant,Motorcycle,Home,51,Driver,Desconegut                                                                                                                                            ,Unknown,In itínere,Ferit lleu: Hospitalització fins a 24h,430338.66 ,4583066.88,2.165592212,41.394273474
2023S007337    ,2,Eixample,7,la Dreta de l'Eixample,144601,Diagonal,0364 0364,Dilluns,2023,12,December,11,Afternoon,14,No és causa del  vianant,Bicicleta,Home,51,Driver,Desconegut                                                                                                                                            ,Unknown,Oci i entreteniment,Ferit lleu: Hospitalització fins a 24h,430850.64 ,4583648.78,2.171649369,41.399558676
2023S007338    ,2,Eixample,5,el Fort Pienc,89004,Consell de Cent,0460 0460,Dimarts,2023,12,December,12,Night,0,No és causa del  vianant,Bicicleta,Home,27,Driver,Desconegut                                                                                                                                            ,Unknown,Oci i entreteniment,Ferit lleu: Hospitalització fins a 24h,431260.12 ,4583609.26,2.176551936,41.399237862
2023S007339    ,3,Sants-Montjuïc,17,Sants - Badal,59105,Canalejas,0076 0076,Dimarts,2023,12,December,12,Morning,8,No és causa del  vianant,Taxi,Home,56,Driver,Desconegut                                                                                                                                            ,Unknown,Taxi,Ferit lleu: Hospitalització fins a 24h,427216.27 ,4580639.8 ,2.128538183,41.372137041
2023S007340    ,5,Sarrià-Sant Gervasi,25,Sant Gervasi - la Bonanova,33000,Balsareny,0002 0004,Dimarts,2023,12,December,12,Morning,8,No és causa del  vianant,Motorcycle,Home,18,Driver,Desconegut                                                                                                                                            ,Unknown,Oci i entreteniment,Ferit lleu: Hospitalització fins a 24h,427234.97 ,4585018.86,2.128235384,41.41157915
2023S007342    ,2,Eixample,7,la Dreta de l'Eixample,349309,Universitat,0020 0020,Dilluns,2023,12,December,11,Night,23,No és causa del  vianant,Motorcycle,Home,57,Driver,Desconegut                                                                                                                                            ,Unknown,En missió,Ferit lleu: Hospitalització fins a 24h,430501.22 ,4582244.71,2.167630934,41.386882518
2023S007343    ,10,Sant Martí,64,el Camp de l'Arpa del Clot,191204,Mallorca,0518 0518,Dilluns,2023,12,December,11,Night,22,No és causa del  vianant,Motorcycle,Home,48,Driver,Desconegut                                                                                                                                            ,Unknown,In itínere,Ferit lleu: Amb assistència sanitària en lloc d'accident,431651.12 ,4584550.2 ,2.181122636,41.407745976
2023S007344    ,4,Les Corts,20,la Maternitat i Sant Ramon,144601,Diagonal,0629B0629B,Dimarts,2023,12,December,12,Morning,11,No és causa del  vianant,Motorcycle,Home,47,Driver,Desconegut                                                                                                                                            ,Unknown,Es desconeix,Ferit lleu: Amb assistència sanitària en lloc d'accident,426932.24 ,4582332.68,2.124937957,41.387358394
2023S007345    ,3,Sants-Montjuïc,13,la Marina de Port,169409,Corts Catalanes,0158 0158,Dimarts,2023,12,December,12,Morning,7,No és causa del  vianant,Bus,Dona,28,Passatger,Desconegut                                                                                                                                            ,Unknown,Unknown,Ferit lleu: Amb assistència sanitària en lloc d'accident,428011.32 ,4579996.61,2.138120645,41.366415597
2023S007345    ,3,Sants-Montjuïc,13,la Marina de Port,169409,Corts Catalanes,0158 0158,Dimarts,2023,12,December,12,Morning,7,No és causa del  vianant,Bus,Home,54,Passatger,Desconegut                                                                                                                                            ,Unknown,Unknown,Ferit lleu: Amb assistència sanitària en lloc d'accident,428011.32 ,4579996.61,2.138120645,41.366415597
2023S007346    ,5,Sarrià-Sant Gervasi,26,Sant Gervasi - Galvany,144601,Diagonal,0630B0630B,Dimarts,2023,12,December,12,Afternoon,14,No és causa del  vianant,Motorcycle,Home,31,Driver,Desconegut                                                                                                                                            ,Unknown,Es desconeix,Ferit lleu: Hospitalització fins a 24h,428097.57 ,4582748.97,2.138825095,41.391212825
2023S007347    ,7,Horta-Guinardó,35,el Guinardó,194406,Maragall,0103 0105,Dimarts,2023,12,December,12,Morning,13,Desobeir el senyal del semàfor,"Camió rígid <= 3,5 tones",Home,12,Pedestrian,En pas regulat per semàfor                                                                                                                            ,Estudiant cap a centre d'estudis,Unknown,Ferit greu: hospitalització superior a 24h,431631.55 ,4585763.59,2.180751319,41.418672929
2023S007348    ,2,Eixample,5,el Fort Pienc,178308,Lepant,0129 0129,Dimarts,2023,12,December,12,Morning,8,No és causa del  vianant,Motorcycle,Home,29,Driver,Desconegut                                                                                                                                            ,Unknown,Es desconeix,Ferit lleu: Rebutja assistència sanitària,432004.24 ,4583423.19,2.185473759,41.397625289
2023S007349    ,10,Sant Martí,64,el Camp de l'Arpa del Clot,161407,Indústria,0288 0288,Dilluns,2023,12,December,11,Afternoon,15,No és causa del  vianant,Motorcycle,Dona,48,Driver,Desconegut                                                                                                                                            ,Unknown,Es desconeix,Ferit lleu: Hospitalització fins a 24h,431634.8  ,4585306.27,2.180841921,41.414554272
2023S007350    ,1,Ciutat Vella,1,el Raval,269108,Portal de la Pau,0001 0001,Dimarts,2023,12,December,12,Morning,8,No és causa del  vianant,Bicicleta,Home,35,Driver,Desconegut                                                                                                                                            ,Unknown,In itínere,Ferit lleu: Amb assistència sanitària en lloc d'accident,431292.13 ,4580896.4 ,2.177242682,41.374806642
2023S007351    ,3,Sants-Montjuïc,17,Sants - Badal,701434,Mig (Descendent),000160000,Dimarts,2023,12,December,12,Morning,8,No és causa del  vianant,Motorcycle,Dona,41,Driver,Desconegut                                                                                                                                            ,Unknown,Es desconeix,Ferit lleu: Hospitalització fins a 24h,427237.07 ,4581573.54,2.128674729,41.380548764
2023S007352    ,10,Sant Martí,69,Diagonal Mar i el Front Marítim del Poblenou,701266,Litoral (Llobregat),000650000,Dimarts,2023,12,December,12,Morning,12,No és causa del  vianant,Car,Home,40,Driver,Desconegut                                                                                                                                            ,Unknown,Es desconeix,Ferit lleu: Hospitalització fins a 24h,434723.77 ,4584307.91,2.217907814,41.405819268
2023S007353    ,2,Eixample,9,la Nova Esquerra de l'Eixample,350308,València,0122 0124,Dimarts,2023,12,December,12,Afternoon,15,Desobeir el senyal del semàfor,Veh. mobilitat personal amb motor,Dona,24,Pedestrian,En pas regulat per semàfor                                                                                                                            ,Unknown,Unknown,Ferit lleu: Hospitalització fins a 24h,429151.86 ,4581940.5 ,2.1515291,41.384024826
2023S007355    ,6,Gràcia,28,Vallcarca i els Penitents,33509,Ballester,0085 0085,Dimarts,2023,12,December,12,Morning,13,No és causa del  vianant,Motorcycle,Dona,38,Driver,Desconegut                                                                                                                                            ,Unknown,Oci i entreteniment,Ferit lleu: Hospitalització fins a 24h,428877.12 ,4584751.65,2.147913172,41.409319568
2023S007357    ,6,Gràcia,31,la Vila de Gràcia,112004,Escorial,0113 0113,Dimarts,2023,12,December,12,Morning,10,No és causa del  vianant,Motorcycle,Home,54,Driver,Desconegut                                                                                                                                            ,Unknown,Es desconeix,Ferit lleu: Hospitalització fins a 24h,429930.87 ,4584628.6 ,2.160533899,41.408303901
2023S007359    ,6,Gràcia,31,la Vila de Gràcia,112004,Escorial,0000A0000A,Dimarts,2023,12,December,12,Afternoon,14,No és causa del  vianant,Motorcycle,Dona,56,Passatger,Desconegut                                                                                                                                            ,Unknown,Unknown,Ferit lleu: Hospitalització fins a 24h,430176.63 ,4584249.44,2.16351776,41.404910336
2023S007359    ,6,Gràcia,31,la Vila de Gràcia,112004,Escorial,0000A0000A,Dimarts,2023,12,December,12,Afternoon,14,No és causa del  vianant,Motorcycle,Home,59,Driver,Desconegut                                                                                                                                            ,Unknown,Oci i entreteniment,Ferit lleu: Hospitalització fins a 24h,430176.63 ,4584249.44,2.16351776,41.404910336
2023S007360    ,3,Sants-Montjuïc,11,el Poble-sec,198804,Paral·lel,0087 0087,Dimarts,2023,12,December,12,Morning,13,No és causa del  vianant,Veh. mobilitat personal sense motor,Home,66,Pedestrian,En pas regulat per semàfor                                                                                                                            ,Unknown,Unknown,Ferit lleu: Hospitalització fins a 24h,430316.25 ,4580904.02,2.165573065,41.374791317
2023S007362    ,2,Eixample,7,la Dreta de l'Eixample,169409,Corts Catalanes,0669A0669A,Dimarts,2023,12,December,12,Afternoon,18,No és causa del  vianant,Motorcycle,Home,41,Driver,Desconegut                                                                                                                                            ,Unknown,Es desconeix,Ferit lleu: Hospitalització fins a 24h,431267    ,4583221.11,2.176678318,41.395742501
2023S007363    ,4,Les Corts,21,Pedralbes,115400,Esplugues,0065 0065,Dimarts,2023,12,December,12,Afternoon,18,No és causa del  vianant,Motorcycle,Home,28,Driver,Desconegut                                                                                                                                            ,Unknown,Es desconeix,Ferit lleu: Amb assistència sanitària en lloc d'accident,425489.25 ,4582703.59,2.107635203,41.390566576
2023S007364    ,4,Les Corts,19,les Corts,231502,Numància,0137 0141,Dimarts,2023,12,December,12,Afternoon,17,No és causa del  vianant,Car,Home,43,Driver,Desconegut                                                                                                                                            ,Unknown,Oci i entreteniment,Ferit lleu: Rebutja assistència sanitària,427724.25 ,4582340.83,2.134408894,41.387503388
2023S007365    ,7,Horta-Guinardó,38,la Teixonera,352507,Vall d'Hebron,0120X0120X,Dimarts,2023,12,December,12,Afternoon,16,No és causa del  vianant,Bus,Dona,83,Passatger,Desconegut                                                                                                                                            ,Unknown,Unknown,Ferit lleu: Hospitalització fins a 24h,428397.64 ,4586311.71,2.141992202,41.423327794
2023S007366    ,3,Sants-Montjuïc,11,el Poble-sec,116402,Estadi,0058 0064,Dimarts,2023,12,December,12,Afternoon,18,No és causa del  vianant,Motorcycle,Home,39,Driver,Desconegut                                                                                                                                            ,Unknown,In itínere,Ferit lleu: Hospitalització fins a 24h,429633.52 ,4579990.38,2.157515676,41.366502999
2023S007367    ,3,Sants-Montjuïc,18,Sants,17706,Antoni de Capmany,0071 0073,Dimarts,2023,12,December,12,Afternoon,20,No és causa del  vianant,Veh. mobilitat personal amb motor,Home,31,Driver,Desconegut                                                                                                                                            ,Unknown,In itínere,Ferit lleu: Hospitalització fins a 24h,427651.89 ,4580828.88,2.133724116,41.373879314
2023S007368    ,5,Sarrià-Sant Gervasi,27,el Putxet i el Farró,312105,Santjoanistes,0014 0014,Dimarts,2023,12,December,12,Afternoon,16,No és causa del  vianant,Motorcycle,Dona,46,Driver,Desconegut                                                                                                                                            ,Unknown,Altres activitats,Ferit lleu: Hospitalització fins a 24h,428841.46 ,4584063.28,2.147567536,41.403116525
2023S007370    ,2,Eixample,10,Sant Antoni,127704,Floridablanca,0103 0103,Dimarts,2023,12,December,12,Night,22,No és causa del  vianant,Motorcycle,Dona,30,Driver,Desconegut                                                                                                                                            ,Unknown,Es desconeix,Ferit lleu: Rebutja assistència sanitària,429935.26 ,4581522.19,2.16094602,41.380325886
2023S007371    ,7,Horta-Guinardó,40,Montbau,701267,Dalt (Besòs),001130000,Dimarts,2023,12,December,12,Afternoon,21,No és causa del  vianant,Motorcycle,Home,67,Driver,Desconegut                                                                                                                                            ,Unknown,Es desconeix,Ferit lleu: Amb assistència sanitària en lloc d'accident,428621.91 ,4587118.33,2.144580527,41.430612647
2023S007372    ,8,Nou Barris,44,Vilapicina i la Torre Llobeta,274505,Ramon Albó,0077U0077U,Dimarts,2023,12,December,12,Afternoon,20,Desobeir el senyal del semàfor,Motorcycle,Home,92,Pedestrian,En pas regulat per semàfor                                                                                                                            ,Unknown,Unknown,Ferit lleu: Hospitalització fins a 24h,431347.03 ,4586778.61,2.177231673,41.427790596
2023S007374    ,2,Eixample,9,la Nova Esquerra de l'Eixample,289105,Rosselló,0078 0082,Dimarts,2023,12,December,12,Morning,13,No és causa del  vianant,Motorcycle,Home,37,Driver,Desconegut                                                                                                                                            ,Unknown,Es desconeix,Ferit lleu: Amb assistència sanitària en lloc d'accident,428937.98 ,4582256.91,2.148934224,41.386855747
2023S007375    ,6,Gràcia,32,el Camp d'en Grassot i Gràcia Nova,297001,Sant Antoni Maria Claret,0015 0015,Dimarts,2023,12,December,12,Afternoon,14,No és causa del  vianant,Motorcycle,Dona,27,Driver,Desconegut                                                                                                                                            ,Unknown,In itínere,Ferit lleu: Hospitalització fins a 24h,430228.01 ,4584092.68,2.164150481,41.403502916
2023S007377    ,8,Nou Barris,47,Can Peguera,63000,Capsec,0001 0001,Dimecres,2023,12,December,13,Morning,8,No és causa del  vianant,Motorcycle,Home,52,Driver,Desconegut                                                                                                                                            ,Unknown,Es desconeix,Ferit lleu: Hospitalització fins a 24h,430238.39 ,4587675.04,2.163861215,41.435768825
2023S007378    ,2,Eixample,9,la Nova Esquerra de l'Eixample,245802,París,0098 0098,Dimecres,2023,12,December,13,Morning,7,No és causa del  vianant,Motorcycle,Dona,31,Driver,Desconegut                                                                                                                                            ,Unknown,In itínere,Ferit lleu: Amb assistència sanitària en lloc d'accident,428792.19 ,4582502.14,2.147161837,41.389051547
2023S007379    ,6,Gràcia,28,Vallcarca i els Penitents,701267,Dalt (Besòs),001000000,Dimarts,2023,12,December,12,Afternoon,15,No és causa del  vianant,Car,Dona,Unknown,Passatger,Desconegut                                                                                                                                            ,Unknown,Unknown,Ferit lleu: Hospitalització fins a 24h,428210.43 ,4585888.55,2.139802315,41.419499855
2023S007379    ,6,Gràcia,28,Vallcarca i els Penitents,701267,Dalt (Besòs),001000000,Dimarts,2023,12,December,12,Afternoon,15,No és causa del  vianant,Car,Dona,33,Driver,Desconegut                                                                                                                                            ,Unknown,Oci i entreteniment,Ferit lleu: Hospitalització fins a 24h,428210.43 ,4585888.55,2.139802315,41.419499855
2023S007379    ,6,Gràcia,28,Vallcarca i els Penitents,701267,Dalt (Besòs),001000000,Dimarts,2023,12,December,12,Afternoon,15,No és causa del  vianant,Car,Dona,38,Driver,Desconegut                                                                                                                                            ,Unknown,Oci i entreteniment,Ferit lleu: Hospitalització fins a 24h,428210.43 ,4585888.55,2.139802315,41.419499855
2023S007380    ,4,Les Corts,19,les Corts,278302,Reina Maria Cristina,9997 9997,Dimecres,2023,12,December,13,Morning,11,No és causa del  vianant,Motorcycle,Home,56,Driver,Desconegut                                                                                                                                            ,Unknown,Es desconeix,Ferit lleu: Amb assistència sanitària en lloc d'accident,427182.43 ,4582398.22,2.127922176,41.387971385
2023S007381    ,8,Nou Barris,45,Porta,356905,Verdum,0022 0024,Dimecres,2023,12,December,13,Morning,9,No és causa del  vianant,Autobús articulat,Dona,48,Passatger,Desconegut                                                                                                                                            ,Unknown,Unknown,Ferit lleu: Amb assistència sanitària en lloc d'accident,431054.56 ,4587796.31,2.173615566,41.436931586
2023S007382    ,9,Sant Andreu,61,la Sagrera,209900,Meridiana,0287 0291,Dimecres,2023,12,December,13,Morning,9,No és causa del  vianant,Motorcycle,Dona,31,Driver,Desconegut                                                                                                                                            ,Unknown,Es desconeix,Ferit lleu: Hospitalització fins a 24h,432125.47 ,4586281.49,2.186603031,41.423379389
2023S007383    ,5,Sarrià-Sant Gervasi,26,Sant Gervasi - Galvany,223606,Muntaner,0361 0361,Dimecres,2023,12,December,13,Morning,10,No és causa del  vianant,Motorcycle,Dona,27,Driver,Desconegut                                                                                                                                            ,Unknown,In itínere,Ferit lleu: Hospitalització fins a 24h,428504.75 ,4583578.2 ,2.143597041,41.398717707