Case_Number,District_Code,District_Name,Neighborhood_Code,Neighborhood_Name,Street_Code,Street_Name,Postal_Code,Day_of_Week,Year,Month_Code,Month_Name,Day_of_Month,Shift_Description,Hour_of_Day,Pedestrian_Cause_Description,Involved_Vehicle_Type,Gender_Description,Age,Person_Type_Description,Pedestrian_Accident_Location_Description,Pedestrian_Movement_Reason_Description,Driver_Movement_Reason_Description,Victimization_Description,UTM_X_Coordinate,UTM_Y_Coordinate,Longitude,Latitude
2023S007384    ,2,Eixample,6,la Sagrada Família,289105,Rosselló,0376 0376,Dimecres,2023,12,December,13,Morning,13,No és causa del  vianant,Motorcycle,Home,58,Driver,Desconegut                                                                                                                                            ,Unknown,Es desconeix,Ferit lleu: Amb assistència sanitària en lloc d'accident,430888.61 ,4584181.25,2.172042729,41.404357729
2023S007385    ,9,Sant Andreu,60,Sant Andreu,201603,Onze de Setembre,0022 0022,Dimecres,2023,12,December,13,Morning,13,No és causa del  vianant,Bus,Dona,72,Passatger,Desconegut                                                                                                                                            ,Unknown,Unknown,Ferit lleu: Hospitalització fins a 24h,432673.3  ,4587032.96,2.193074699,41.430193769
2023S007386    ,10,Sant Martí,71,Provençals del Poblenou,30409,Bac de Roda,0125 0125,Dimecres,2023,12,December,13,Morning,13,No és causa del  vianant,Bicicleta,Home,18,Driver,Desconegut                                                                                                                                            ,Unknown,Es desconeix,Ferit lleu: Hospitalització fins a 24h,433375.14 ,4584699.57,2.201731089,41.409236139
2023S007388    ,3,Sants-Montjuïc,18,Sants,312400,Sants,0105 0105,Dimecres,2023,12,December,13,Morning,13,No és causa del  vianant,Taxi,Dona,74,Pedestrian,En pas regulat per semàfor                                                                                                                            ,Unknown,Unknown,Ferit lleu: Hospitalització fins a 24h,427749.46 ,4580988.81,2.134871676,41.375328515
2023S007388    ,3,Sants-Montjuïc,18,Sants,312400,Sants,0105 0105,Dimecres,2023,12,December,13,Morning,13,No és causa del  vianant,Taxi,Home,79,Pedestrian,En pas regulat per semàfor                                                                                                                            ,Unknown,Unknown,Ferit lleu: Hospitalització fins a 24h,427749.46 ,4580988.81,2.134871676,41.375328515
2023S007389    ,2,Eixample,8,l'Antiga Esquerra de l'Eixample,349706,Comte d'Urgell,0090 0090,Dimecres,2023,12,December,13,Afternoon,14,No és causa del  vianant,Autobús articulat,Dona,81,Passatger,Desconegut                                                                                                                                            ,Unknown,Unknown,Ferit lleu: Hospitalització fins a 24h,429634.84 ,4581829.77,2.157317825,41.383069929
2023S007390    ,6,Gràcia,29,el Coll,230000,Mare de Déu del Coll,0122 0122,Dimecres,2023,12,December,13,Afternoon,17,Creuar per fora pas de vianants,Motorcycle,Dona,14,Pedestrian,Fora del pas                                                                                                                                          ,Unknown,Unknown,Ferit lleu: Hospitalització fins a 24h,428950.23 ,4585849.74,2.148658784,41.419216102
2023S007390    ,6,Gràcia,29,el Coll,230000,Mare de Déu del Coll,0122 0122,Dimecres,2023,12,December,13,Afternoon,17,Creuar per fora pas de vianants,Motorcycle,Dona,27,Driver,Fora del pas                                                                                                                                          ,Unknown,Es desconeix,Ferit lleu: Hospitalització fins a 24h,428950.23 ,4585849.74,2.148658784,41.419216102
2023S007391    ,2,Eixample,5,el Fort Pienc,169409,Corts Catalanes,0720B0720B,Dimecres,2023,12,December,13,Afternoon,17,No és causa del  vianant,Motorcycle,Home,25,Driver,Desconegut                                                                                                                                            ,Unknown,Altres activitats,Ferit lleu: Hospitalització fins a 24h,431363.28 ,4583313.93,2.177819397,41.396586731
2023S007392    ,1,Ciutat Vella,4,"Sant Pere, Santa Caterina i la Ribera",201400,Picasso,0010 0010,Dimecres,2023,12,December,13,Afternoon,20,No és causa del  vianant,Motorcycle,Home,64,Driver,Desconegut                                                                                                                                            ,Unknown,Altres activitats,Ferit lleu: Hospitalització fins a 24h,431737.4  ,4582344.86,2.182403598,41.387890454
2023S007392    ,1,Ciutat Vella,4,"Sant Pere, Santa Caterina i la Ribera",201400,Picasso,0010 0010,Dimecres,2023,12,December,13,Afternoon,20,No és causa del  vianant,Motorcycle,Home,30,Driver,Desconegut                                                                                                                                            ,Unknown,In itínere,Ferit lleu: Hospitalització fins a 24h,431737.4  ,4582344.86,2.182403598,41.387890454
2023S007393    ,9,Sant Andreu,61,la Sagrera,292507,Gran de la Sagrera,0098 0100,Dimecres,2023,12,December,13,Afternoon,19,No és causa del  vianant,Bus,Dona,51,Passatger,Desconegut                                                                                                                                            ,Unknown,Unknown,Ferit lleu: Hospitalització fins a 24h,432500.73 ,4586340.68,2.191086824,41.423944129
2023S007394    ,6,Gràcia,31,la Vila de Gràcia,344000,Dalt,0010 0010,Dimecres,2023,12,December,13,Night,22,Creuar per fora pas de vianants,Motorcycle,Home,44,Pedestrian,Altres                                                                                                                                                ,Unknown,Unknown,Ferit lleu: Amb assistència sanitària en lloc d'accident,429201.57 ,4584624.23,2.151809618,41.408200603
2023S007394    ,6,Gràcia,31,la Vila de Gràcia,344000,Dalt,0010 0010,Dimecres,2023,12,December,13,Night,22,Creuar per fora pas de vianants,Motorcycle,Home,40,Driver,Altres                                                                                                                                                ,Unknown,Oci i entreteniment,Ferit lleu: Amb assistència sanitària en lloc d'accident,429201.57 ,4584624.23,2.151809618,41.408200603
2023S007395    ,5,Sarrià-Sant Gervasi,25,Sant Gervasi - la Bonanova,701629,Isaac Newton,0028B0028B,Dimecres,2023,12,December,13,Night,23,No és causa del  vianant,Car,Dona,24,Passatger,Desconegut                                                                                                                                            ,Unknown,Unknown,Ferit lleu: Hospitalització fins a 24h,427429.54 ,4585230.89,2.130537728,41.413506414
2023S007395    ,5,Sarrià-Sant Gervasi,25,Sant Gervasi - la Bonanova,701629,Isaac Newton,0028B0028B,Dimecres,2023,12,December,13,Night,23,No és causa del  vianant,Car,Dona,24,Driver,Desconegut                                                                                                                                            ,Unknown,Oci i entreteniment,Ferit lleu: Hospitalització fins a 24h,427429.54 ,4585230.89,2.130537728,41.413506414
2023S007396    ,2,Eixample,7,la Dreta de l'Eixample,289105,Rosselló,0309 0309,Thursday,2023,12,December,14,Night,1,No és causa del  vianant,Motorcycle,Home,31,Driver,Desconegut                                                                                                                                            ,Unknown,Oci i entreteniment,Ferit lleu: Hospitalització fins a 24h,430314.8  ,4583622.34,2.165242869,41.399274253
2023S007397    ,4,Les Corts,21,Pedralbes,359200,Pedralbes,0034 0034,Thursday,2023,12,December,14,Morning,8,No és causa del  vianant,Motorcycle,Dona,27,Passatger,Desconegut                                                                                                                                            ,Unknown,Unknown,Ferit lleu: Hospitalització fins a 24h,426395.36 ,4582680.98,2.118474907,41.390446412
2023S007397    ,4,Les Corts,21,Pedralbes,359200,Pedralbes,0034 0034,Thursday,2023,12,December,14,Morning,8,No és causa del  vianant,Motorcycle,Dona,27,Driver,Desconegut                                                                                                                                            ,Unknown,Estudiant cap a centre d'estudis,Ferit lleu: Hospitalització fins a 24h,426395.36 ,4582680.98,2.118474907,41.390446412
2023S007398    ,2,Eixample,10,Sant Antoni,349706,Comte d'Urgell,0012 0012,Dimecres,2023,12,December,13,Night,22,No és causa del  vianant,Veh. mobilitat personal amb motor,Dona,68,Pedestrian,En pas regulat per semàfor                                                                                                                            ,Unknown,Unknown,Ferit lleu: Hospitalització fins a 24h,430029.45 ,4581426.92,2.162083363,41.379476019
2023S007399    ,4,Les Corts,19,les Corts,144601,Diagonal,0527 0527,Thursday,2023,12,December,14,Morning,7,No és causa del  vianant,Motorcycle,Home,61,Driver,Desconegut                                                                                                                                            ,Unknown,In itínere,Ferit lleu: Hospitalització fins a 24h,428097.57 ,4582748.97,2.138825095,41.391212825
2023S007401    ,6,Gràcia,30,la Salut,344000,Dalt,0089 0089,Thursday,2023,12,December,14,Morning,9,No és causa del  vianant,Car,Home,50,Driver,Desconegut                                                                                                                                            ,Unknown,Es desconeix,Ferit lleu: Rebutja assistència sanitària,429631.01 ,4584887   ,2.156916532,41.410605006
2023S007401    ,6,Gràcia,30,la Salut,344000,Dalt,0089 0089,Thursday,2023,12,December,14,Morning,9,No és causa del  vianant,Motorcycle,Dona,34,Driver,Desconegut                                                                                                                                            ,Unknown,In itínere,Ferit lleu: Rebutja assistència sanitària,429631.01 ,4584887   ,2.156916532,41.410605006
2023S007402    ,2,Eixample,9,la Nova Esquerra de l'Eixample,18505,Aragó,0021 0021,Thursday,2023,12,December,14,Morning,12,No és causa del  vianant,"Camió rígid > 3,5 tones",Dona,65,Pedestrian,En pas regulat per semàfor                                                                                                                            ,Es desconeix,Unknown,Ferit greu: hospitalització superior a 24h,428779.58 ,4581367.12,2.147144514,41.378827701
2023S007403    ,5,Sarrià-Sant Gervasi,23,Sarrià,37350,J. V. Foix,0001 0001,Thursday,2023,12,December,14,Morning,10,No és causa del  vianant,Motorcycle,Home,64,Driver,Desconegut                                                                                                                                            ,Unknown,Es desconeix,Ferit lleu: Hospitalització fins a 24h,426615.48 ,4583112.39,2.121055211,41.394352062
2023S007403    ,5,Sarrià-Sant Gervasi,23,Sarrià,37350,J. V. Foix,0001 0001,Thursday,2023,12,December,14,Morning,10,No és causa del  vianant,Motorcycle,Home,64,Driver,Desconegut                                                                                                                                            ,Unknown,Es desconeix,Ferit lleu: Rebutja assistència sanitària,426615.48 ,4583112.39,2.121055211,41.394352062
2023S007404    ,10,Sant Martí,64,el Camp de l'Arpa del Clot,286300,Rogent,0001 0001,Thursday,2023,12,December,14,Morning,11,Altres,Motorcycle,Home,38,Driver,Desconegut                                                                                                                                            ,Unknown,Es desconeix,Ferit lleu: Hospitalització fins a 24h,432131.07 ,4584631.66,2.186855248,41.408520352
2023S007405    ,8,Nou Barris,52,la Prosperitat,351901,Valldaura,0227 0229,Thursday,2023,12,December,14,Morning,12,No és causa del  vianant,Autobús articulat,Home,77,Passatger,Desconegut                                                                                                                                            ,Unknown,Unknown,Ferit lleu: Hospitalització fins a 24h,431517.88 ,4588033.15,2.179133986,41.439104387
2023S007406    ,1,Ciutat Vella,4,"Sant Pere, Santa Caterina i la Ribera",359109,Lluís Companys,0009 0011,Thursday,2023,12,December,14,Morning,10,No és causa del  vianant,Bus,Dona,92,Passatger,Desconegut                                                                                                                                            ,Unknown,Unknown,Ferit lleu: Hospitalització fins a 24h,431596.37 ,4582613.03,2.180686638,41.390293799
2023S007407    ,7,Horta-Guinardó,43,Horta,700651,Estatut de Catalunya,0072X0072X,Thursday,2023,12,December,14,Morning,13,No és causa del  vianant,Motorcycle,Home,47,Driver,Desconegut                                                                                                                                            ,Unknown,In itínere,Ferit lleu: Hospitalització fins a 24h,429359.09 ,4587764.57,2.153327026,41.436498274
2023S007408    ,3,Sants-Montjuïc,11,el Poble-sec,700690,Migdia,0176 0176,Thursday,2023,12,December,14,Morning,13,No és causa del  vianant,Bicicleta,Home,57,Pedestrian,Altres                                                                                                                                                ,Unknown,Unknown,Ferit lleu: Hospitalització fins a 24h,429786.92 ,4579383.12,2.159420002,41.361046985
2023S007409    ,3,Sants-Montjuïc,12,la Marina del Prat Vermell,701265,Litoral (Besòs),001370000,Thursday,2023,12,December,14,Afternoon,14,No és causa del  vianant,Motorcycle,Dona,29,Driver,Desconegut                                                                                                                                            ,Unknown,Es desconeix,Ferit lleu: Hospitalització fins a 24h,429718.16 ,4578561.81,2.158693197,41.353643674
2023S007410    ,5,Sarrià-Sant Gervasi,25,Sant Gervasi - la Bonanova,101008,Tibidabo,0001 0001,Thursday,2023,12,December,14,Afternoon,14,No és causa del  vianant,Motorcycle,Home,30,Driver,Desconegut                                                                                                                                            ,Unknown,Es desconeix,Ferit lleu: Hospitalització fins a 24h,427926.95 ,4584909.89,2.136527067,41.410660087
2023S007411    ,10,Sant Martí,71,Provençals del Poblenou,42306,Bilbao,0145 0149,Thursday,2023,12,December,14,Morning,13,Altres,Veh. mobilitat personal amb motor,Dona,37,Pedestrian,En zona peatonal                                                                                                                                      ,Unknown,Unknown,Ferit lleu: Hospitalització fins a 24h,433090.05 ,4584419.2 ,2.198351418,41.406687227
2023S007411    ,10,Sant Martí,71,Provençals del Poblenou,42306,Bilbao,0145 0149,Thursday,2023,12,December,14,Morning,13,Altres,Veh. mobilitat personal amb motor,Home,29,Driver,En zona peatonal                                                                                                                                      ,Unknown,Es desconeix,Ferit lleu: Hospitalització fins a 24h,433090.05 ,4584419.2 ,2.198351418,41.406687227
2023S007412    ,7,Horta-Guinardó,35,el Guinardó,364302,Vinya,0039 0039,Thursday,2023,12,December,14,Afternoon,18,No és causa del  vianant,Car,Home,37,Driver,Desconegut                                                                                                                                            ,Unknown,Es desconeix,Ferit lleu: Hospitalització fins a 24h,431287.69 ,4585747.7 ,2.176638766,41.418500465
2023S007412    ,7,Horta-Guinardó,35,el Guinardó,364302,Vinya,0039 0039,Thursday,2023,12,December,14,Afternoon,18,No és causa del  vianant,Veh. mobilitat personal amb motor,Home,46,Driver,Desconegut                                                                                                                                            ,Unknown,Es desconeix,Ferit lleu: Hospitalització fins a 24h,431287.69 ,4585747.7 ,2.176638766,41.418500465
2023S007413    ,9,Sant Andreu,62,el Congrés i els Indians,194406,Maragall,0140 0140,Thursday,2023,12,December,14,Afternoon,14,No és causa del  vianant,Motorcycle,Dona,20,Passatger,Desconegut                                                                                                                                            ,Unknown,Unknown,Ferit lleu: Hospitalització fins a 24h,431457.6  ,4586212.43,2.178619071,41.422700653
2023S007413    ,9,Sant Andreu,62,el Congrés i els Indians,194406,Maragall,0140 0140,Thursday,2023,12,December,14,Afternoon,14,No és causa del  vianant,Motorcycle,Home,20,Driver,Desconegut                                                                                                                                            ,Unknown,Es desconeix,Ferit lleu: Hospitalització fins a 24h,431457.6  ,4586212.43,2.178619071,41.422700653
2023S007417    ,10,Sant Martí,68,el Poblenou,701266,Litoral (Llobregat),0023S0000,Thursday,2023,12,December,14,Afternoon,19,No és causa del  vianant,Motorcycle,Home,49,Driver,Desconegut                                                                                                                                            ,Unknown,Altres activitats,Ferit lleu: Hospitalització fins a 24h,433762.35 ,4583188.31,2.206528964,41.39565661
2023S007417    ,10,Sant Martí,68,el Poblenou,701266,Litoral (Llobregat),0023S0000,Thursday,2023,12,December,14,Afternoon,19,No és causa del  vianant,Motorcycle,Dona,13,Passatger,Desconegut                                                                                                                                            ,Unknown,Unknown,Ferit lleu: Hospitalització fins a 24h,433762.35 ,4583188.31,2.206528964,41.39565661
2023S007418    ,2,Eixample,6,la Sagrada Família,268003,Provença,0480 0480,Thursday,2023,12,December,14,Afternoon,18,Creuar per fora pas de vianants,Veh. mobilitat personal amb motor,Dona,66,Pedestrian,Fora del pas                                                                                                                                          ,Unknown,Unknown,Ferit lleu: Hospitalització fins a 24h,431252.07 ,4584334.15,2.176373272,41.405766033
2023S007419    ,2,Eixample,8,l'Antiga Esquerra de l'Eixample,100800,Diputació,0191 0191,Dimecres,2023,12,December,13,Morning,12,No és causa del  vianant,Bicicleta,Dona,50,Driver,Desconegut                                                                                                                                            ,Unknown,Oci i entreteniment,Ferit lleu: Hospitalització fins a 24h,429922.08 ,4582109.9 ,2.160720404,41.385618056
2023S007420    ,5,Sarrià-Sant Gervasi,25,Sant Gervasi - la Bonanova,143904,General Mitre,0099 0099,Thursday,2023,12,December,14,Afternoon,19,Desobeir el senyal del semàfor,Motorcycle,Dona,52,Driver,En pas regulat per semàfor                                                                                                                            ,Unknown,Altres activitats,Ferit lleu: Hospitalització fins a 24h,427769.34 ,4583722.79,2.134783226,41.39995421
2023S007420    ,5,Sarrià-Sant Gervasi,25,Sant Gervasi - la Bonanova,143904,General Mitre,0099 0099,Thursday,2023,12,December,14,Afternoon,19,Desobeir el senyal del semàfor,Motorcycle,Home,35,Pedestrian,En pas regulat per semàfor                                                                                                                            ,Unknown,Unknown,Ferit lleu: Hospitalització fins a 24h,427769.34 ,4583722.79,2.134783226,41.39995421
2023S007421    ,6,Gràcia,30,la Salut,344000,Dalt,0098U0098U,Thursday,2023,12,December,14,Afternoon,19,No és causa del  vianant,Tricicle,Home,49,Driver,Desconegut                                                                                                                                            ,Unknown,Altres activitats,Ferit lleu: Hospitalització fins a 24h,429663.73 ,4584912.26,2.157305046,41.410835379
2023S007421    ,6,Gràcia,30,la Salut,344000,Dalt,0098U0098U,Thursday,2023,12,December,14,Afternoon,19,No és causa del  vianant,Motorcycle,Home,52,Driver,Desconegut                                                                                                                                            ,Unknown,In itínere,Ferit lleu: Hospitalització fins a 24h,429663.73 ,4584912.26,2.157305046,41.410835379
2023S007422    ,3,Sants-Montjuïc,18,Sants,701433,Mig (Ascendent),000100000,Thursday,2023,12,December,14,Night,23,No és causa del  vianant,Veh. mobilitat personal amb motor,Dona,20,Driver,Desconegut                                                                                                                                            ,Unknown,In itínere,Ferit lleu: Hospitalització fins a 24h,427426.77 ,4580841.64,2.131030859,41.373973958
2023S007423    ,2,Eixample,5,el Fort Pienc,225500,Nàpols,0143 0143,Thursday,2023,12,December,14,Afternoon,19,Transitar a peu per la calçada,Motorcycle,Home,36,Driver,Desconegut                                                                                                                                            ,Unknown,In itínere,Ferit lleu: Hospitalització fins a 24h,431391.9  ,4583268.81,2.178166841,41.396182793
2023S007424    ,10,Sant Martí,66,el Parc i la Llacuna del Poblenou,270901,Pujades,0046 0046,Thursday,2023,12,December,14,Night,23,No és causa del  vianant,Bicicleta,Home,28,Driver,Desconegut                                                                                                                                            ,Unknown,Oci i entreteniment,Ferit lleu: Hospitalització fins a 24h,432436.34 ,4583011.74,2.19068821,41.393955913
2023S007426    ,3,Sants-Montjuïc,16,la Bordeta,51001,Bonaventura Pollés,0009 0009,Friday,2023,12,December,15,Night,2,No és causa del  vianant,Motorcycle,Home,29,Driver,Desconegut                                                                                                                                            ,Unknown,Oci i entreteniment,Ferit lleu: Rebutja assistència sanitària,427586.12 ,4580514.64,2.132975267,41.37104315
2023S007427    ,5,Sarrià-Sant Gervasi,26,Sant Gervasi - Galvany,143904,General Mitre,0084 0084,Friday,2023,12,December,15,Morning,8,No és causa del  vianant,Motorcycle,Dona,53,Driver,Desconegut                                                                                                                                            ,Unknown,In itínere,Ferit lleu: Hospitalització fins a 24h,427714.85 ,4583654.89,2.134139547,41.399337763
2023S007428    ,2,Eixample,9,la Nova Esquerra de l'Eixample,349706,Comte d'Urgell,0123X0123X,Friday,2023,12,December,15,Morning,6,No és causa del  vianant,Motorcycle,Home,59,Driver,Desconegut                                                                                                                                            ,Unknown,Es desconeix,Ferit lleu: Hospitalització fins a 24h,429393.43 ,4582076.68,2.154402106,41.385272603
2023S007429    ,2,Eixample,6,la Sagrada Família,238400,Padilla,0277 0277,Friday,2023,12,December,15,Morning,9,No és causa del  vianant,Motorcycle,Home,76,Driver,Desconegut                                                                                                                                            ,Unknown,Es desconeix,Ferit lleu: Hospitalització fins a 24h,431210.7  ,4584454.92,2.175864635,41.406850229
2023S007430    ,-1,Unknown,-1,Unknown,-1,Unknown,Unknown,Friday,2023,12,December,15,Morning,11,No és causa del  vianant,Motorcycle,Home,63,Driver,Desconegut                                                                                                                                            ,Unknown,Es desconeix,Ferit lleu: Hospitalització fins a 24h,430443.36 ,4585232   ,2.166595554,41.413783052
2023S007431    ,5,Sarrià-Sant Gervasi,25,Sant Gervasi - la Bonanova,95007,Quatre Camins,0012 0012,Thursday,2023,12,December,14,Afternoon,16,No és causa del  vianant,Motorcycle,Dona,46,Driver,Desconegut                                                                                                                                            ,Unknown,Es desconeix,Ferit lleu: Hospitalització fins a 24h,427270.34 ,4584645.58,2.128703431,41.408220383
2023S007432    ,7,Horta-Guinardó,40,Montbau,148409,Sant Cugat,0230 0230,Friday,2023,12,December,15,Morning,11,No és causa del  vianant,Bicicleta,Dona,45,Driver,Desconegut                                                                                                                                            ,Unknown,Oci i entreteniment,Ferit lleu: Hospitalització fins a 24h,427931.14 ,4586356.43,2.136404755,41.423688832
2023S007433    ,2,Eixample,7,la Dreta de l'Eixample,278459,Reina Victòria,9998 9998,Thursday,2023,12,December,14,Afternoon,18,No és causa del  vianant,Autobús articulat,Dona,54,Passatger,Desconegut                                                                                                                                            ,Unknown,Unknown,Ferit lleu: Hospitalització fins a 24h,430531.07 ,4582463.6 ,2.167962805,41.388856573
2023S007433    ,2,Eixample,7,la Dreta de l'Eixample,278459,Reina Victòria,9998 9998,Thursday,2023,12,December,14,Afternoon,18,No és causa del  vianant,Autobús articulat,Home,69,Passatger,Desconegut                                                                                                                                            ,Unknown,Unknown,Ferit lleu: Amb assistència sanitària en lloc d'accident,430531.07 ,4582463.6 ,2.167962805,41.388856573
2023S007433    ,2,Eixample,7,la Dreta de l'Eixample,278459,Reina Victòria,9998 9998,Thursday,2023,12,December,14,Afternoon,18,No és causa del  vianant,Autobús articulat,Home,75,Passatger,Desconegut                                                                                                                                            ,Unknown,Unknown,Ferit lleu: Hospitalització fins a 24h,430531.07 ,4582463.6 ,2.167962805,41.388856573
2023S007433    ,2,Eixample,7,la Dreta de l'Eixample,278459,Reina Victòria,9998 9998,Thursday,2023,12,December,14,Afternoon,18,No és causa del  vianant,Autobús articulat,Home,Unknown,Passatger,Desconegut                                                                                                                                            ,Unknown,Unknown,Ferit lleu: Hospitalització fins a 24h,430531.07 ,4582463.6 ,2.167962805,41.388856573
2023S007433    ,2,Eixample,7,la Dreta de l'Eixample,278459,Reina Victòria,9998 9998,Thursday,2023,12,December,14,Afternoon,18,No és causa del  vianant,Autobús articulat,Home,50,Driver,Desconegut                                                                                                                                            ,Unknown,En missió,Ferit lleu: Amb assistència sanitària en lloc d'accident,430531.07 ,4582463.6 ,2.167962805,41.388856573
2023S007434    ,5,Sarrià-Sant Gervasi,23,Sarrià,357103,Vergós,0052X0052X,Thursday,2023,12,December,14,Afternoon,16,No és causa del  vianant,Veh. mobilitat personal amb motor,Home,18,Driver,Desconegut                                                                                                                                            ,Unknown,Oci i entreteniment,Ferit lleu: Amb assistència sanitària en lloc d'accident,427071.46 ,4583365.82,2.126478463,41.396676102
2023S007435    ,3,Sants-Montjuïc,15,Hostafrancs,312400,Sants,0008 0008,Friday,2023,12,December,15,Morning,13,No és causa del  vianant,Motorcycle,Dona,62,Passatger,Desconegut                                                                                                                                            ,Unknown,Unknown,Ferit lleu: Hospitalització fins a 24h,428216.08 ,4580981.53,2.140451984,41.375304728
2023S007435    ,3,Sants-Montjuïc,15,Hostafrancs,312400,Sants,0008 0008,Friday,2023,12,December,15,Morning,13,No és causa del  vianant,Motorcycle,Home,60,Driver,Desconegut                                                                                                                                            ,Unknown,Es desconeix,Ferit lleu: Hospitalització fins a 24h,428216.08 ,4580981.53,2.140451984,41.375304728
2023S007436    ,4,Les Corts,21,Pedralbes,701267,Dalt (Besòs),000590000,Friday,2023,12,December,15,Morning,13,No és causa del  vianant,Motorcycle,Dona,24,Driver,Desconegut                                                                                                                                            ,Unknown,Es desconeix,Ferit lleu: Amb assistència sanitària en lloc d'accident,425635.67 ,4582914.9 ,2.109360405,41.392483308
2023S007438    ,4,Les Corts,20,la Maternitat i Sant Ramon,144601,Diagonal,0687 0687,Thursday,2023,12,December,14,Afternoon,21,No és causa del  vianant,Car,Dona,27,Passatger,Desconegut                                                                                                                                            ,Unknown,Unknown,Ferit lleu: Rebutja assistència sanitària,425238.83 ,4581781.81,2.10475403,41.382241273
2023S007438    ,4,Les Corts,20,la Maternitat i Sant Ramon,144601,Diagonal,0687 0687,Thursday,2023,12,December,14,Afternoon,21,No és causa del  vianant,Car,Dona,55,Passatger,Desconegut                                                                                                                                            ,Unknown,Unknown,Ferit lleu: Rebutja assistència sanitària,425238.83 ,4581781.81,2.10475403,41.382241273
2023S007438    ,4,Les Corts,20,la Maternitat i Sant Ramon,144601,Diagonal,0687 0687,Thursday,2023,12,December,14,Afternoon,21,No és causa del  vianant,Car,Dona,70,Passatger,Desconegut                                                                                                                                            ,Unknown,Unknown,Ferit lleu: Amb assistència sanitària en lloc d'accident,425238.83 ,4581781.81,2.10475403,41.382241273
2023S007438    ,4,Les Corts,20,la Maternitat i Sant Ramon,144601,Diagonal,0687 0687,Thursday,2023,12,December,14,Afternoon,21,No és causa del  vianant,Car,Home,26,Passatger,Desconegut                                                                                                                                            ,Unknown,Unknown,Ferit lleu: Rebutja assistència sanitària,425238.83 ,4581781.81,2.10475403,41.382241273
2023S007438    ,4,Les Corts,20,la Maternitat i Sant Ramon,144601,Diagonal,0687 0687,Thursday,2023,12,December,14,Afternoon,21,No és causa del  vianant,Car,Home,27,Passatger,Desconegut                                                                                                                                            ,Unknown,Unknown,Ferit lleu: Rebutja assistència sanitària,425238.83 ,4581781.81,2.10475403,41.382241273
2023S007438    ,4,Les Corts,20,la Maternitat i Sant Ramon,144601,Diagonal,0687 0687,Thursday,2023,12,December,14,Afternoon,21,No és causa del  vianant,Car,Home,30,Driver,Desconegut                                                                                                                                            ,Unknown,Es desconeix,Ferit lleu: Rebutja assistència sanitària,425238.83 ,4581781.81,2.10475403,41.382241273
2023S007438    ,4,Les Corts,20,la Maternitat i Sant Ramon,144601,Diagonal,0687 0687,Thursday,2023,12,December,14,Afternoon,21,No és causa del  vianant,Car,Home,74,Driver,Desconegut                                                                                                                                            ,Unknown,Es desconeix,Ferit lleu: Amb assistència sanitària en lloc d'accident,425238.83 ,4581781.81,2.10475403,41.382241273
2023S007439    ,9,Sant Andreu,60,Sant Andreu,314100,Santa Coloma,0046 0046,Friday,2023,12,December,15,Morning,13,No és causa del  vianant,Car,Dona,57,Passatger,Desconegut                                                                                                                                            ,Unknown,Unknown,Ferit lleu: Hospitalització fins a 24h,432706.23 ,4588795.75,2.193272352,41.446073401
2023S007439    ,9,Sant Andreu,60,Sant Andreu,314100,Santa Coloma,0046 0046,Friday,2023,12,December,15,Morning,13,No és causa del  vianant,Car,Home,57,Driver,Desconegut                                                                                                                                            ,Unknown,Es desconeix,Ferit lleu: Hospitalització fins a 24h,432706.23 ,4588795.75,2.193272352,41.446073401
2023S007440    ,2,Eixample,7,la Dreta de l'Eixample,350308,València,0272 0272,Thursday,2023,12,December,14,Afternoon,20,No és causa del  vianant,Autobús articulat,Dona,77,Passatger,Desconegut                                                                                                                                            ,Unknown,Unknown,Ferit lleu: Hospitalització fins a 24h,430154.54 ,4582886.28,2.163410848,41.39263089
2023S007441    ,4,Les Corts,20,la Maternitat i Sant Ramon,701434,Mig (Descendent),000230000,Friday,2023,12,December,15,Afternoon,16,No és causa del  vianant,Motorcycle,Dona,59,Driver,Desconegut                                                                                                                                            ,Unknown,Altres activitats,Ferit lleu: Hospitalització fins a 24h,427119.02 ,4582149.08,2.127193816,41.385721735
2023S007441    ,4,Les Corts,20,la Maternitat i Sant Ramon,701434,Mig (Descendent),000230000,Friday,2023,12,December,15,Afternoon,16,No és causa del  vianant,Car,Dona,44,Driver,Desconegut                                                                                                                                            ,Unknown,In itínere,Ferit lleu: Amb assistència sanitària en lloc d'accident,427119.02 ,4582149.08,2.127193816,41.385721735
2023S007442    ,2,Eixample,7,la Dreta de l'Eixample,309406,Sant Pere,0001 0001,Thursday,2023,12,December,14,Afternoon,18,No és causa del  vianant,Motorcycle,Dona,42,Driver,Desconegut                                                                                                                                            ,Unknown,Es desconeix,Ferit lleu: Hospitalització fins a 24h,430707.55 ,4582361.15,2.170085183,41.387949068
2023S007443    ,5,Sarrià-Sant Gervasi,26,Sant Gervasi - Galvany,223606,Muntaner,0305 0305,Friday,2023,12,December,15,Afternoon,18,No és causa del  vianant,Motorcycle,Home,19,Driver,Desconegut                                                                                                                                            ,Unknown,Oci i entreteniment,Ferit lleu: Hospitalització fins a 24h,428699.55 ,4583363.25,2.145952459,41.396799039
2023S007444    ,10,Sant Martí,72,Sant Martí de Provençals,153205,Guipúscoa,0106 0106,Friday,2023,12,December,15,Afternoon,14,No és causa del  vianant,Bicicleta,Dona,30,Driver,Desconegut                                                                                                                                            ,Unknown,In itínere,Ferit lleu: Hospitalització fins a 24h,433366.06 ,4585856.75,2.201494928,41.41965779