Case_Number,District_Code,District_Name,Neighborhood_Code,Neighborhood_Name,Street_Code,Street_Name,Postal_Code,Day_of_Week,Year,Month_Code,Month_Name,Day_of_Month,Shift_Description,Hour_of_Day,Pedestrian_Cause_Description,Involved_Vehicle_Type,Gender_Description,Age,Person_Type_Description,Pedestrian_Accident_Location_Description,Pedestrian_Movement_Reason_Description,Driver_Movement_Reason_Description,Victimization_Description,UTM_X_Coordinate,UTM_Y_Coordinate,Longitude,Latitude
2023S007445    ,2,Eixample,8,l'Antiga Esquerra de l'Eixample,144601,Diagonal,0409 0409,Friday,2023,12,December,15,Afternoon,15,No és causa del  vianant,Motorcycle,Home,44,Driver,Desconegut                                                                                                                                            ,Unknown,In itínere,Ferit lleu: Hospitalització fins a 24h,429430.09 ,4583191.25,2.154710596,41.395314373
2023S007446    ,2,Eixample,7,la Dreta de l'Eixample,90502,Còrsega,0368 0368,Friday,2023,12,December,15,Afternoon,14,No és causa del  vianant,Motorcycle,Home,31,Driver,Desconegut                                                                                                                                            ,Unknown,Es desconeix,Ferit lleu: Hospitalització fins a 24h,430074.32 ,4583560.02,2.162373542,41.398692068
2023S007447    ,4,Les Corts,20,la Maternitat i Sant Ramon,144601,Diagonal,0653 0659,Friday,2023,12,December,15,Afternoon,20,Creuar per fora pas de vianants,Motorcycle,Home,64,Pedestrian,Fora del pas                                                                                                                                          ,Oci i entreteniment,Unknown,Ferit lleu: Hospitalització fins a 24h,425818.02 ,4582082.48,2.111643341,41.385002917
2023S007448    ,6,Gràcia,32,el Camp d'en Grassot i Gràcia Nova,289105,Rosselló,0393 0395,Thursday,2023,12,December,14,Afternoon,19,No és causa del  vianant,Ciclomotor,Home,21,Driver,Desconegut                                                                                                                                            ,Unknown,Oci i entreteniment,Ferit lleu: Hospitalització fins a 24h,430761.48 ,4584074.28,2.170534171,41.40338334
2023S007448    ,6,Gràcia,32,el Camp d'en Grassot i Gràcia Nova,289105,Rosselló,0393 0395,Thursday,2023,12,December,14,Afternoon,19,No és causa del  vianant,Motorcycle,Home,58,Driver,Desconegut                                                                                                                                            ,Unknown,Oci i entreteniment,Ferit lleu: Rebutja assistència sanitària,430761.48 ,4584074.28,2.170534171,41.40338334
2023S007449    ,2,Eixample,5,el Fort Pienc,197302,Marina,0142 0146,Friday,2023,12,December,15,Night,23,No és causa del  vianant,Car,Dona,73,Pedestrian,A la vorera / Andana                                                                                                                                  ,Unknown,Unknown,Ferit lleu: Hospitalització fins a 24h,431827.24 ,4583448.74,2.183353718,41.397840416
2023S007449    ,2,Eixample,5,el Fort Pienc,197302,Marina,0142 0146,Friday,2023,12,December,15,Night,23,No és causa del  vianant,Car,Home,75,Pedestrian,A la vorera / Andana                                                                                                                                  ,Unknown,Unknown,Ferit lleu: Hospitalització fins a 24h,431827.24 ,4583448.74,2.183353718,41.397840416
2023S007450    ,2,Eixample,8,l'Antiga Esquerra de l'Eixample,245802,París,0180 0180,Friday,2023,12,December,15,Morning,12,No és causa del  vianant,Motorcycle,Home,47,Driver,Desconegut                                                                                                                                            ,Unknown,Es desconeix,Ferit lleu: Hospitalització fins a 24h,429269.91 ,4582970.53,2.152820499,41.393312346
2023S007452    ,3,Sants-Montjuïc,15,Hostafrancs,45803,Bordeta,0070 0070,Saturday,2023,12,December,16,Night,1,No és causa del  vianant,Motorcycle,Home,55,Driver,Desconegut                                                                                                                                            ,Unknown,Oci i entreteniment,Ferit lleu: Hospitalització fins a 24h,428548.98 ,4580764.07,2.144458167,41.373375782
2023S007453    ,2,Eixample,8,l'Antiga Esquerra de l'Eixample,18505,Aragó,0226 0226,Friday,2023,12,December,15,Afternoon,18,No és causa del  vianant,Motorcycle,Home,27,Driver,Desconegut                                                                                                                                            ,Unknown,Es desconeix,Ferit lleu: Hospitalització fins a 24h,429989.49 ,4582530.1 ,2.161477979,41.389408535
2023S007454    ,5,Sarrià-Sant Gervasi,26,Sant Gervasi - Galvany,143904,General Mitre,0112 0112,Friday,2023,12,December,15,Afternoon,19,No és causa del  vianant,Motorcycle,Dona,56,Driver,Desconegut                                                                                                                                            ,Unknown,Es desconeix,Ferit lleu: Hospitalització fins a 24h,427891.79 ,4583865.87,2.136230879,41.401253871
2023S007455    ,8,Nou Barris,48,la Guineueta,351901,Valldaura,0206 0206,Friday,2023,12,December,15,Afternoon,16,No és causa del  vianant,Veh. mobilitat personal amb motor,Dona,58,Pedestrian,A la vorera / Andana                                                                                                                                  ,Oci i entreteniment,Unknown,Ferit lleu: Hospitalització fins a 24h,430910.68 ,4587969.71,2.171873694,41.438480961
2023S007455    ,8,Nou Barris,48,la Guineueta,351901,Valldaura,0206 0206,Friday,2023,12,December,15,Afternoon,16,No és causa del  vianant,Veh. mobilitat personal amb motor,Home,21,Driver,A la vorera / Andana                                                                                                                                  ,Unknown,Es desconeix,Ferit lleu: Hospitalització fins a 24h,430910.68 ,4587969.71,2.171873694,41.438480961
2023S007456    ,10,Sant Martí,66,el Parc i la Llacuna del Poblenou,11200,Almogàvers,0004 0004,Saturday,2023,12,December,16,Morning,11,No és causa del  vianant,Motorcycle,Dona,62,Driver,Desconegut                                                                                                                                            ,Unknown,Es desconeix,Ferit lleu: Amb assistència sanitària en lloc d'accident,431769.73 ,4582751.41,2.18274443,41.391554882
2023S007457    ,9,Sant Andreu,60,Sant Andreu,295709,Sant Adrià,0041 0041,Friday,2023,12,December,15,Morning,9,No és causa del  vianant,Motorcycle,Home,41,Driver,Desconegut                                                                                                                                            ,Unknown,Es desconeix,Ferit lleu: Hospitalització fins a 24h,432802.29 ,4587594.8 ,2.19455587,41.435264892
2023S007458    ,1,Ciutat Vella,1,el Raval,308505,Sant Pau,0092 0092,Friday,2023,12,December,15,Afternoon,21,No és causa del  vianant,Motorcycle,Home,55,Driver,Desconegut                                                                                                                                            ,Unknown,Es desconeix,Ferit lleu: Hospitalització fins a 24h,430663.26 ,4581133.03,2.169696102,41.376883934
2023S007459    ,7,Horta-Guinardó,39,Sant Genís dels Agudells,295108,Samaria,0002U0002U,Friday,2023,12,December,15,Afternoon,19,No és causa del  vianant,Motorcycle,Home,29,Driver,Desconegut                                                                                                                                            ,Unknown,Oci i entreteniment,Ferit lleu: Hospitalització fins a 24h,428095.08 ,4586175   ,2.138388048,41.422069468
2023S007460    ,3,Sants-Montjuïc,12,la Marina del Prat Vermell,374703,Número 50 Zona Franca,0002 0002,Friday,2023,12,December,15,Afternoon,19,No és causa del  vianant,Motorcycle,Home,40,Driver,Desconegut                                                                                                                                            ,Unknown,In itínere,Ferit lleu: Hospitalització fins a 24h,426189.42 ,4576577.15,2.11675506,41.335452708
2023S007461    ,7,Horta-Guinardó,41,la Vall d'Hebron,701268,Dalt (Llobregat),001110000,Friday,2023,12,December,15,Afternoon,19,No és causa del  vianant,Car,Dona,7,Passatger,Desconegut                                                                                                                                            ,Unknown,Unknown,Ferit lleu: Hospitalització fins a 24h,428576.94 ,4586934.77,2.144064057,41.428955401
2023S007461    ,7,Horta-Guinardó,41,la Vall d'Hebron,701268,Dalt (Llobregat),001110000,Friday,2023,12,December,15,Afternoon,19,No és causa del  vianant,Car,Home,9,Passatger,Desconegut                                                                                                                                            ,Unknown,Unknown,Ferit lleu: Hospitalització fins a 24h,428576.94 ,4586934.77,2.144064057,41.428955401
2023S007461    ,7,Horta-Guinardó,41,la Vall d'Hebron,701268,Dalt (Llobregat),001110000,Friday,2023,12,December,15,Afternoon,19,No és causa del  vianant,Car,Dona,39,Driver,Desconegut                                                                                                                                            ,Unknown,Oci i entreteniment,Ferit lleu: Amb assistència sanitària en lloc d'accident,428576.94 ,4586934.77,2.144064057,41.428955401
2023S007463    ,6,Gràcia,30,la Salut,344000,Dalt,0082 0082,Saturday,2023,12,December,16,Morning,13,No és causa del  vianant,Motorcycle,Dona,53,Passatger,Desconegut                                                                                                                                            ,Unknown,Unknown,Ferit lleu: Hospitalització fins a 24h,429609.95 ,4584869.5 ,2.156666614,41.410445545
2023S007463    ,6,Gràcia,30,la Salut,344000,Dalt,0082 0082,Saturday,2023,12,December,16,Morning,13,No és causa del  vianant,Motorcycle,Home,54,Driver,Desconegut                                                                                                                                            ,Unknown,Es desconeix,Ferit lleu: Hospitalització fins a 24h,429609.95 ,4584869.5 ,2.156666614,41.410445545
2023S007464    ,8,Nou Barris,49,Canyelles,701267,Dalt (Besòs),001350000,Saturday,2023,12,December,16,Afternoon,14,No és causa del  vianant,Car,Dona,14,Passatger,Desconegut                                                                                                                                            ,Unknown,Unknown,Ferit lleu: Hospitalització fins a 24h,430361.27 ,4588243.81,2.165266294,41.440902185
2023S007464    ,8,Nou Barris,49,Canyelles,701267,Dalt (Besòs),001350000,Saturday,2023,12,December,16,Afternoon,14,No és causa del  vianant,Car,Dona,17,Passatger,Desconegut                                                                                                                                            ,Unknown,Unknown,Ferit lleu: Hospitalització fins a 24h,430361.27 ,4588243.81,2.165266294,41.440902185
2023S007464    ,8,Nou Barris,49,Canyelles,701267,Dalt (Besòs),001350000,Saturday,2023,12,December,16,Afternoon,14,No és causa del  vianant,Car,Home,20,Driver,Desconegut                                                                                                                                            ,Unknown,Oci i entreteniment,Ferit lleu: Hospitalització fins a 24h,430361.27 ,4588243.81,2.165266294,41.440902185
2023S007464    ,8,Nou Barris,49,Canyelles,701267,Dalt (Besòs),001350000,Saturday,2023,12,December,16,Afternoon,14,No és causa del  vianant,Car,Home,45,Driver,Desconegut                                                                                                                                            ,Unknown,Oci i entreteniment,Ferit lleu: Hospitalització fins a 24h,430361.27 ,4588243.81,2.165266294,41.440902185
2023S007465    ,2,Eixample,7,la Dreta de l'Eixample,144601,Diagonal,0438 0438,Saturday,2023,12,December,16,Afternoon,18,No és causa del  vianant,Motorcycle,Home,46,Driver,Desconegut                                                                                                                                            ,Unknown,Es desconeix,Ferit lleu: Amb assistència sanitària en lloc d'accident,429996.53 ,4583374.37,2.161464532,41.397013209
2023S007466    ,8,Nou Barris,54,Torre Baró,351402,Vallbona,0072 0080,Saturday,2023,12,December,16,Afternoon,16,No és causa del  vianant,Veh. mobilitat personal amb motor,Home,19,Driver,Desconegut                                                                                                                                            ,Unknown,Es desconeix,Ferit lleu: Hospitalització fins a 24h,432147.64 ,4589958.95,2.186455093,41.456502872
2023S007467    ,2,Eixample,5,el Fort Pienc,169409,Corts Catalanes,0742 0742,Saturday,2023,12,December,16,Afternoon,14,No és causa del  vianant,Veh. mobilitat personal amb motor,Dona,65,Pedestrian,A la vorera / Andana                                                                                                                                  ,Oci i entreteniment,Unknown,Ferit lleu: Amb assistència sanitària en lloc d'accident,431457.14 ,4583406.9 ,2.178931542,41.397432095
2023S007468    ,2,Eixample,10,Sant Antoni,169409,Corts Catalanes,0444 0446,Saturday,2023,12,December,16,Afternoon,21,No és causa del  vianant,Motorcycle,Dona,26,Driver,Desconegut                                                                                                                                            ,Unknown,Es desconeix,Ferit lleu: Hospitalització fins a 24h,429392.42 ,4581345.71,2.154475247,41.378688908
2023S007469    ,2,Eixample,8,l'Antiga Esquerra de l'Eixample,70607,Casanova,0146 0146,Saturday,2023,12,December,16,Afternoon,18,No és causa del  vianant,Veh. mobilitat personal amb motor,Home,19,Driver,Desconegut                                                                                                                                            ,Unknown,In itínere,Ferit lleu: Rebutja assistència sanitària,429361.23 ,4582493.6 ,2.153968384,41.389024832
2023S007470    ,2,Eixample,6,la Sagrada Família,238400,Padilla,0270 0270,Saturday,2023,12,December,16,Afternoon,16,No és causa del  vianant,Motorcycle,Home,18,Passatger,Desconegut                                                                                                                                            ,Unknown,Unknown,Ferit lleu: Hospitalització fins a 24h,431180.38 ,4584467.18,2.175500521,41.406958054
2023S007470    ,2,Eixample,6,la Sagrada Família,238400,Padilla,0270 0270,Saturday,2023,12,December,16,Afternoon,16,No és causa del  vianant,Motorcycle,Home,50,Driver,Desconegut                                                                                                                                            ,Unknown,Oci i entreteniment,Ferit greu: hospitalització superior a 24h,431180.38 ,4584467.18,2.175500521,41.406958054
2023S007471    ,3,Sants-Montjuïc,16,la Bordeta,89707,Constitució,0187 0187,Saturday,2023,12,December,16,Afternoon,21,No és causa del  vianant,Motorcycle,Home,44,Driver,Desconegut                                                                                                                                            ,Unknown,Es desconeix,Ferit lleu: Hospitalització fins a 24h,427459.19 ,4580201.46,2.131495137,41.368211016
2023S007472    ,1,Ciutat Vella,1,el Raval,701266,Litoral (Llobregat),001110000,Saturday,2023,12,December,16,Night,23,No és causa del  vianant,Ciclomotor,Home,23,Driver,Desconegut                                                                                                                                            ,Unknown,Oci i entreteniment,Ferit lleu: Amb assistència sanitària en lloc d'accident,431213.91 ,4580892.22,2.176307867,41.374762308
2023S007473    ,2,Eixample,7,la Dreta de l'Eixample,18505,Aragó,0253 0253,Diumenge,2023,12,December,17,Night,3,No és causa del  vianant,Taxi,Dona,33,Passatger,Desconegut                                                                                                                                            ,Unknown,Unknown,Ferit lleu: Hospitalització fins a 24h,430196.08 ,4582732.13,2.163925459,41.39124612
2023S007474    ,3,Sants-Montjuïc,16,la Bordeta,169409,Corts Catalanes,0247 0247,Diumenge,2023,12,December,17,Night,3,No és causa del  vianant,Motorcycle,Home,58,Driver,Desconegut                                                                                                                                            ,Unknown,Oci i entreteniment,Ferit lleu: Hospitalització fins a 24h,428351.66 ,4580402.34,2.142141622,41.370100251
2023S007475    ,2,Eixample,9,la Nova Esquerra de l'Eixample,18505,Aragó,0129 0129,Diumenge,2023,12,December,17,Night,3,No és causa del  vianant,Car,Dona,46,Passatger,Desconegut                                                                                                                                            ,Unknown,Unknown,Ferit lleu: Amb assistència sanitària en lloc d'accident,429354.29 ,4581928.4 ,2.153951329,41.383933657
2023S007475    ,2,Eixample,9,la Nova Esquerra de l'Eixample,18505,Aragó,0129 0129,Diumenge,2023,12,December,17,Night,3,No és causa del  vianant,Car,Home,20,Passatger,Desconegut                                                                                                                                            ,Unknown,Unknown,Ferit lleu: Hospitalització fins a 24h,429354.29 ,4581928.4 ,2.153951329,41.383933657
2023S007476    ,2,Eixample,7,la Dreta de l'Eixample,74404,Catalunya,0010 0010,Diumenge,2023,12,December,17,Night,5,No és causa del  vianant,Motorcycle,Home,58,Driver,Desconegut                                                                                                                                            ,Unknown,In itínere,Ferit lleu: Amb assistència sanitària en lloc d'accident,430769.42 ,4582343.62,2.170827125,41.387796511
2023S007477    ,2,Eixample,7,la Dreta de l'Eixample,28305,Ausiàs Marc,0001 0001,Diumenge,2023,12,December,17,Morning,7,No és causa del  vianant,Furgoneta,Home,40,Driver,Desconegut                                                                                                                                            ,Unknown,"Bombers, policia, ambulància",Ferit lleu: Amb assistència sanitària en lloc d'accident,430987.16 ,4582551.3 ,2.173407521,41.389685744
2023S007477    ,2,Eixample,7,la Dreta de l'Eixample,28305,Ausiàs Marc,0001 0001,Diumenge,2023,12,December,17,Morning,7,No és causa del  vianant,Furgoneta,Home,37,Passatger,Desconegut                                                                                                                                            ,Unknown,Unknown,Ferit lleu: Amb assistència sanitària en lloc d'accident,430987.16 ,4582551.3 ,2.173407521,41.389685744
2023S007477    ,2,Eixample,7,la Dreta de l'Eixample,28305,Ausiàs Marc,0001 0001,Diumenge,2023,12,December,17,Morning,7,No és causa del  vianant,Furgoneta,Home,41,Passatger,Desconegut                                                                                                                                            ,Unknown,Unknown,Ferit lleu: Hospitalització fins a 24h,430987.16 ,4582551.3 ,2.173407521,41.389685744
2023S007477    ,2,Eixample,7,la Dreta de l'Eixample,28305,Ausiàs Marc,0001 0001,Diumenge,2023,12,December,17,Morning,7,No és causa del  vianant,Furgoneta,Home,50,Passatger,Desconegut                                                                                                                                            ,Unknown,Unknown,Ferit lleu: Amb assistència sanitària en lloc d'accident,430987.16 ,4582551.3 ,2.173407521,41.389685744
2023S007477    ,2,Eixample,7,la Dreta de l'Eixample,28305,Ausiàs Marc,0001 0001,Diumenge,2023,12,December,17,Morning,7,No és causa del  vianant,Taxi,Home,60,Driver,Desconegut                                                                                                                                            ,Unknown,Taxi,Ferit lleu: Hospitalització fins a 24h,430987.16 ,4582551.3 ,2.173407521,41.389685744
2023S007480    ,8,Nou Barris,52,la Prosperitat,701267,Dalt (Besòs),0002E0000,Diumenge,2023,12,December,17,Morning,12,No és causa del  vianant,Motorcycle,Home,23,Driver,Desconegut                                                                                                                                            ,Unknown,Oci i entreteniment,Ferit lleu: Amb assistència sanitària en lloc d'accident,431610.06 ,4588779.53,2.180152742,41.445834621
2023S007481    ,2,Eixample,8,l'Antiga Esquerra de l'Eixample,223606,Muntaner,0125 0125,Diumenge,2023,12,December,17,Afternoon,17,No és causa del  vianant,Motorcycle,Dona,49,Pedestrian,En pas regulat per semàfor                                                                                                                            ,Oci i entreteniment,Unknown,Ferit lleu: Hospitalització fins a 24h,429447.96 ,4582614.88,2.154991516,41.390124776
2023S007482    ,3,Sants-Montjuïc,12,la Marina del Prat Vermell,701382,Número 2,0001 0001,Diumenge,2023,12,December,17,Afternoon,17,No és causa del  vianant,Car,Dona,10,Pedestrian,Altres                                                                                                                                                ,Oci i entreteniment,Unknown,Ferit greu: hospitalització superior a 24h,426966.36 ,4576832.15,2.126008662,41.337820234
2023S007483    ,7,Horta-Guinardó,35,el Guinardó,347201,Trobador,0020 0020,Diumenge,2023,12,December,17,Afternoon,14,No és causa del  vianant,Car,Dona,77,Pedestrian,En pas sense regular                                                                                                                                  ,Es desconeix,Unknown,Ferit greu: hospitalització superior a 24h,431367.51 ,4585354.68,2.177638445,41.414967489
2023S007484    ,10,Sant Martí,71,Provençals del Poblenou,244800,Paraguai,0041 0043,Diumenge,2023,12,December,17,Afternoon,17,No és causa del  vianant,Car,Dona,26,Driver,Desconegut                                                                                                                                            ,Unknown,In itínere,Ferit lleu: Hospitalització fins a 24h,433953.45 ,4585668.88,2.208543859,41.418014221
2023S007485    ,2,Eixample,8,l'Antiga Esquerra de l'Eixample,70607,Casanova,0160B0160B,Diumenge,2023,12,December,17,Afternoon,15,No és causa del  vianant,Motorcycle,Home,24,Driver,Desconegut                                                                                                                                            ,Unknown,Es desconeix,Ferit lleu: Hospitalització fins a 24h,429316.6  ,4582590.32,2.15342333,41.389892033
2023S007486    ,10,Sant Martí,69,Diagonal Mar i el Front Marítim del Poblenou,701266,Litoral (Llobregat),000700000,Diumenge,2023,12,December,17,Afternoon,19,No és causa del  vianant,Motorcycle,Dona,29,Driver,Desconegut                                                                                                                                            ,Unknown,Oci i entreteniment,Ferit lleu: Hospitalització fins a 24h,434020.31 ,4583616.44,2.209567765,41.399533898
2023S007487    ,3,Sants-Montjuïc,12,la Marina del Prat Vermell,701265,Litoral (Besòs),001410000,Diumenge,2023,12,December,17,Afternoon,18,No és causa del  vianant,Car,Home,30,Passatger,Desconegut                                                                                                                                            ,Unknown,Unknown,Ferit lleu: Hospitalització fins a 24h,429088.66 ,4578269.67,2.151202796,41.350957242
2023S007489    ,2,Eixample,7,la Dreta de l'Eixample,18505,Aragó,0302 0306,Diumenge,2023,12,December,17,Afternoon,18,No és causa del  vianant,Car,Home,26,Driver,Desconegut                                                                                                                                            ,Unknown,Es desconeix,Ferit lleu: Hospitalització fins a 24h,430539.63 ,4583069.25,2.167995683,41.394312213
2023S007490    ,10,Sant Martí,70,el Besòs i el Maresme,701414,C-31,020860000,Diumenge,2023,12,December,17,Afternoon,20,No és causa del  vianant,Car,Dona,33,Passatger,Desconegut                                                                                                                                            ,Unknown,Unknown,Ferit lleu: Hospitalització fins a 24h,434149.26 ,4586017.13,2.210848824,41.421166899
2023S007490    ,10,Sant Martí,70,el Besòs i el Maresme,701414,C-31,020860000,Diumenge,2023,12,December,17,Afternoon,20,No és causa del  vianant,Car,Home,50,Driver,Desconegut                                                                                                                                            ,Unknown,Es desconeix,Ferit lleu: Hospitalització fins a 24h,434149.26 ,4586017.13,2.210848824,41.421166899
2023S007490    ,10,Sant Martí,70,el Besòs i el Maresme,701414,C-31,020860000,Diumenge,2023,12,December,17,Afternoon,20,No és causa del  vianant,Car,Home,57,Driver,Desconegut                                                                                                                                            ,Unknown,Es desconeix,Ferit lleu: Hospitalització fins a 24h,434149.26 ,4586017.13,2.210848824,41.421166899
2023S007492    ,5,Sarrià-Sant Gervasi,27,el Putxet i el Farró,32700,Balmes,0368 0368,Diumenge,2023,12,December,17,Afternoon,20,No és causa del  vianant,Motorcycle,Dona,64,Passatger,Desconegut                                                                                                                                            ,Unknown,Unknown,Ferit lleu: Amb assistència sanitària en lloc d'accident,428319.89 ,4584201.7 ,2.141311981,41.404316861
2023S007492    ,5,Sarrià-Sant Gervasi,27,el Putxet i el Farró,32700,Balmes,0368 0368,Diumenge,2023,12,December,17,Afternoon,20,No és causa del  vianant,Motorcycle,Dona,28,Driver,Desconegut                                                                                                                                            ,Unknown,Es desconeix,Ferit lleu: Amb assistència sanitària en lloc d'accident,428319.89 ,4584201.7 ,2.141311981,41.404316861
2023S007492    ,5,Sarrià-Sant Gervasi,27,el Putxet i el Farró,32700,Balmes,0368 0368,Diumenge,2023,12,December,17,Afternoon,20,No és causa del  vianant,Motorcycle,Home,63,Driver,Desconegut                                                                                                                                            ,Unknown,Es desconeix,Ferit lleu: Amb assistència sanitària en lloc d'accident,428319.89 ,4584201.7 ,2.141311981,41.404316861
2023S007493    ,10,Sant Martí,71,Provençals del Poblenou,322608,Selva de Mar,0113B0113B,Dilluns,2023,12,December,18,Morning,7,No és causa del  vianant,Bicicleta,Home,40,Driver,Desconegut                                                                                                                                            ,Unknown,In itínere,Ferit lleu: Hospitalització fins a 24h,433659.76 ,4584981.58,2.205105221,41.411799686
2023S007493    ,10,Sant Martí,71,Provençals del Poblenou,322608,Selva de Mar,0113B0113B,Dilluns,2023,12,December,18,Morning,7,No és causa del  vianant,Veh. mobilitat personal amb motor,Home,22,Driver,Desconegut                                                                                                                                            ,Unknown,In itínere,Ferit lleu: Hospitalització fins a 24h,433659.76 ,4584981.58,2.205105221,41.411799686
2023S007494    ,3,Sants-Montjuïc,13,la Marina de Port,212406,Mineria,0016 0016,Dilluns,2023,12,December,18,Morning,9,No és causa del  vianant,Veh. mobilitat personal amb motor,Home,20,Driver,Desconegut                                                                                                                                            ,Unknown,En missió,Ferit lleu: Hospitalització fins a 24h,427961.84 ,4579775.71,2.137555339,41.364421597
2023S007495    ,8,Nou Barris,53,la Trinitat Nova,209900,Meridiana,0585X0585X,Dilluns,2023,12,December,18,Morning,8,No és causa del  vianant,Bus,Dona,20,Passatger,Desconegut                                                                                                                                            ,Unknown,Unknown,Ferit lleu: Rebutja assistència sanitària,432240.82 ,4588977.85,2.187680821,41.447674339
2023S007495    ,8,Nou Barris,53,la Trinitat Nova,209900,Meridiana,0585X0585X,Dilluns,2023,12,December,18,Morning,8,No és causa del  vianant,Bus,Dona,33,Passatger,Desconegut                                                                                                                                            ,Unknown,Unknown,Ferit lleu: Rebutja assistència sanitària,432240.82 ,4588977.85,2.187680821,41.447674339
2023S007495    ,8,Nou Barris,53,la Trinitat Nova,209900,Meridiana,0585X0585X,Dilluns,2023,12,December,18,Morning,8,No és causa del  vianant,Bus,Dona,47,Passatger,Desconegut                                                                                                                                            ,Unknown,Unknown,Ferit lleu: Hospitalització fins a 24h,432240.82 ,4588977.85,2.187680821,41.447674339
2023S007495    ,8,Nou Barris,53,la Trinitat Nova,209900,Meridiana,0585X0585X,Dilluns,2023,12,December,18,Morning,8,No és causa del  vianant,Bus,Home,33,Passatger,Desconegut                                                                                                                                            ,Unknown,Unknown,Ferit lleu: Rebutja assistència sanitària,432240.82 ,4588977.85,2.187680821,41.447674339
2023S007495    ,8,Nou Barris,53,la Trinitat Nova,209900,Meridiana,0585X0585X,Dilluns,2023,12,December,18,Morning,8,No és causa del  vianant,Car,Home,59,Driver,Desconegut                                                                                                                                            ,Unknown,Transport professional de mercaderies,Ferit lleu: Hospitalització fins a 24h,432240.82 ,4588977.85,2.187680821,41.447674339
2023S007496    ,9,Sant Andreu,60,Sant Andreu,242509,Palomar,0041 0043,Dilluns,2023,12,December,18,Morning,11,No és causa del  vianant,Motorcycle,Home,47,Driver,Desconegut                                                                                                                                            ,Unknown,Es desconeix,Ferit lleu: Hospitalització fins a 24h,432817.92 ,4588366.31,2.194657103,41.442214939
2023S007497    ,2,Eixample,5,el Fort Pienc,197302,Marina,0139 0139,Dilluns,2023,12,December,18,Morning,13,No és causa del  vianant,Motorcycle,Home,49,Driver,Desconegut                                                                                                                                            ,Unknown,Es desconeix,Ferit lleu: Rebutja assistència sanitària,431844.57 ,4583386.88,2.183567976,41.39728473
2023S007498    ,3,Sants-Montjuïc,16,la Bordeta,169409,Corts Catalanes,0185 0185,Dilluns,2023,12,December,18,Morning,13,No és causa del  vianant,Car,Dona,34,Driver,Desconegut                                                                                                                                            ,Unknown,Es desconeix,Ferit lleu: Hospitalització fins a 24h,428246.71 ,4580227.58,2.140907511,41.368516893
2023S007499    ,4,Les Corts,19,les Corts,231502,Numància,0048 0050,Diumenge,2023,12,December,17,Afternoon,18,No és causa del  vianant,Motorcycle,Home,56,Driver,Desconegut                                                                                                                                            ,Unknown,Es desconeix,Ferit lleu: Hospitalització fins a 24h,428108.47 ,4581859.44,2.139061078,41.383202135
2023S007500    ,3,Sants-Montjuïc,18,Sants,231502,Numància,0033 0037,Diumenge,2023,12,December,17,Afternoon,19,No és causa del  vianant,Motorcycle,Dona,45,Driver,Desconegut                                                                                                                                            ,Unknown,Es desconeix,Ferit lleu: Hospitalització fins a 24h,428156.24 ,4581784.6 ,2.139641218,41.382532348
2023S007501    ,7,Horta-Guinardó,33,el Baix Guinardó,76807,Sardenya,0506 0506,Diumenge,2023,12,December,17,Afternoon,21,No és causa del  vianant,Bicicleta,Home,23,Driver,Desconegut                                                                                                                                            ,Unknown,Es desconeix,Ferit lleu: Hospitalització fins a 24h,430199.12 ,4584910.23,2.163710541,41.410863796
2023S007502    ,8,Nou Barris,45,Porta,351901,Valldaura,0276 0278,Diumenge,2023,12,December,17,Afternoon,20,Creuar per fora pas de vianants,Car,Dona,14,Pedestrian,Fora del pas                                                                                                                                          ,Unknown,Unknown,Ferit lleu: Hospitalització fins a 24h,431806.24 ,4588046.08,2.182583901,41.439245399
2023S007503    ,5,Sarrià-Sant Gervasi,23,Sarrià,701267,Dalt (Besòs),000700000,Dilluns,2023,12,December,18,Afternoon,14,No és causa del  vianant,Car,Dona,47,Passatger,Desconegut                                                                                                                                            ,Unknown,Unknown,Ferit lleu: Amb assistència sanitària en lloc d'accident,426062.63 ,4583917.33,2.114344467,41.401551131
2023S007503    ,5,Sarrià-Sant Gervasi,23,Sarrià,701267,Dalt (Besòs),000700000,Dilluns,2023,12,December,18,Afternoon,14,No és causa del  vianant,Car,Home,52,Driver,Desconegut                                                                                                                                            ,Unknown,Es desconeix,Ferit lleu: Amb assistència sanitària en lloc d'accident,426062.63 ,4583917.33,2.114344467,41.401551131
2023S007504    ,6,Gràcia,31,la Vila de Gràcia,28000,Augusta,0010 0010,Dilluns,2023,12,December,18,Morning,9,No és causa del  vianant,Veh. mobilitat personal amb motor,Dona,56,Driver,Desconegut                                                                                                                                            ,Unknown,In itínere,Ferit lleu: Hospitalització fins a 24h,429476.61 ,4583336.28,2.155250115,41.396624691
2023S007505    ,5,Sarrià-Sant Gervasi,25,Sant Gervasi - la Bonanova,701353,Josep M. Lladó,0001 0001,Dilluns,2023,12,December,18,Morning,9,No és causa del  vianant,Motorcycle,Home,43,Driver,Desconegut                                                                                                                                            ,Unknown,Oci i entreteniment,Ferit lleu: Hospitalització fins a 24h,427018.54 ,4584886.84,2.125662,41.410370471