Case_Number,District_Code,District_Name,Neighborhood_Code,Neighborhood_Name,Street_Code,Street_Name,Postal_Code,Day_of_Week,Year,Month_Code,Month_Name,Day_of_Month,Shift_Description,Hour_of_Day,Pedestrian_Cause_Description,Involved_Vehicle_Type,Gender_Description,Age,Person_Type_Description,Pedestrian_Accident_Location_Description,Pedestrian_Movement_Reason_Description,Driver_Movement_Reason_Description,Victimization_Description,UTM_X_Coordinate,UTM_Y_Coordinate,Longitude,Latitude
2023S007587    ,1,Ciutat Vella,1,el Raval,250904,Pelai,0038 0038,Thursday,2023,12,December,21,Afternoon,16,No és causa del  vianant,Motorcycle,Home,68,Driver,Desconegut                                                                                                                                            ,Unknown,Oci i entreteniment,Ferit lleu: Hospitalització fins a 24h,430492.54 ,4582099.03,2.16754385,41.385569673
2023S007588    ,4,Les Corts,20,la Maternitat i Sant Ramon,144601,Diagonal,0641 0641,Thursday,2023,12,December,21,Afternoon,16,No és causa del  vianant,Motorcycle,Home,61,Driver,Desconegut                                                                                                                                            ,Unknown,Es desconeix,Ferit lleu: Hospitalització fins a 24h,426384.77 ,4582244.89,2.118401275,41.386517764
2023S007589    ,2,Eixample,7,la Dreta de l'Eixample,350308,València,0270B0270B,Thursday,2023,12,December,21,Afternoon,20,No és causa del  vianant,Motorcycle,Home,34,Driver,Desconegut                                                                                                                                            ,Unknown,In itínere,Ferit lleu: Amb assistència sanitària en lloc d'accident,430136.64 ,4582868.7 ,2.163198786,41.392470997
2023S007590    ,4,Les Corts,21,Pedralbes,144601,Diagonal,0712 0716,Thursday,2023,12,December,21,Afternoon,18,No és causa del  vianant,Motorcycle,Home,41,Driver,Desconegut                                                                                                                                            ,Unknown,Es desconeix,Ferit lleu: Hospitalització fins a 24h,425387.6  ,4581831.03,2.106527004,41.382698393
2023S007591    ,9,Sant Andreu,58,Baró de Viver,701497,B-10 (Llobregat),000040000,Thursday,2023,12,December,21,Afternoon,17,No és causa del  vianant,Motorcycle,Dona,36,Driver,Desconegut                                                                                                                                            ,Unknown,Es desconeix,Ferit lleu: Hospitalització fins a 24h,433412.7  ,4589022.73,2.201703979,41.448176683
2023S007592    ,3,Sants-Montjuïc,15,Hostafrancs,312400,Sants,0008 0008,Thursday,2023,12,December,21,Afternoon,19,No és causa del  vianant,Motorcycle,Home,48,Driver,Desconegut                                                                                                                                            ,Unknown,Altres activitats,Ferit lleu: Hospitalització fins a 24h,428216.08 ,4580981.53,2.140451984,41.375304728
2023S007593    ,10,Sant Martí,71,Provençals del Poblenou,701414,C-31,020720000,Thursday,2023,12,December,21,Afternoon,18,No és causa del  vianant,Motorcycle,Home,37,Driver,Desconegut                                                                                                                                            ,Unknown,Es desconeix,Ferit lleu: Rebutja assistència sanitària,433199.77 ,4585018.94,2.199597762,41.412098054
2023S007594    ,7,Horta-Guinardó,43,Horta,102703,Doctor Letamendi,0067B0067B,Thursday,2023,12,December,21,Afternoon,21,No és causa del  vianant,Ciclomotor,Home,31,Driver,Desconegut                                                                                                                                            ,Unknown,En missió,Ferit lleu: Hospitalització fins a 24h,430025.95 ,4587787.03,2.161305693,41.436758981
2023S007595    ,2,Eixample,10,Sant Antoni,169409,Corts Catalanes,0484 0484,Thursday,2023,12,December,21,Night,23,No és causa del  vianant,Motorcycle,Home,53,Driver,Desconegut                                                                                                                                            ,Unknown,Oci i entreteniment,Ferit lleu: Rebutja assistència sanitària,429546.58 ,4581537.58,2.156296347,41.38043054
2023S007595    ,2,Eixample,10,Sant Antoni,169409,Corts Catalanes,0484 0484,Thursday,2023,12,December,21,Night,23,No és causa del  vianant,Veh. mobilitat personal amb motor,Home,19,Driver,Desconegut                                                                                                                                            ,Unknown,Oci i entreteniment,Ferit lleu: Hospitalització fins a 24h,429546.58 ,4581537.58,2.156296347,41.38043054
2023S007596    ,1,Ciutat Vella,2,el Barri Gòtic,303705,Sant Jaume,0007 0007,Thursday,2023,12,December,21,Afternoon,20,No és causa del  vianant,Car,Dona,65,Pedestrian,En zona peatonal                                                                                                                                      ,Es desconeix,Unknown,Ferit lleu: Amb assistència sanitària en lloc d'accident,431292.97 ,4581751.42,2.177155741,41.382507647
2023S007598    ,2,Eixample,7,la Dreta de l'Eixample,268003,Provença,0237 0239,Thursday,2023,12,December,21,Night,23,No és causa del  vianant,Motorcycle,Home,37,Driver,Desconegut                                                                                                                                            ,Unknown,Es desconeix,Ferit lleu: Hospitalització fins a 24h,429868.7  ,4582996.42,2.159979329,41.393597996
2023S007599    ,10,Sant Martí,67,la Vila Olímpica del Poblenou,700654,Litoral,9993 9993,Friday,2023,12,December,22,Night,0,No és causa del  vianant,Motorcycle,Home,26,Driver,Desconegut                                                                                                                                            ,Unknown,"Bombers, policia, ambulància",Ferit lleu: Rebutja assistència sanitària,432888.89 ,4582323.45,2.196177347,41.38779457
2023S007601    ,7,Horta-Guinardó,40,Montbau,701267,Dalt (Besòs),001080000,Friday,2023,12,December,22,Morning,7,No és causa del  vianant,Car,Dona,38,Passatger,Desconegut                                                                                                                                            ,Unknown,Unknown,Ferit lleu: Hospitalització fins a 24h,428496.71 ,4586642.23,2.143138563,41.426313476
2023S007601    ,7,Horta-Guinardó,40,Montbau,701267,Dalt (Besòs),001080000,Friday,2023,12,December,22,Morning,7,No és causa del  vianant,Car,Dona,22,Driver,Desconegut                                                                                                                                            ,Unknown,Es desconeix,Ferit lleu: Hospitalització fins a 24h,428496.71 ,4586642.23,2.143138563,41.426313476
2023S007602    ,2,Eixample,9,la Nova Esquerra de l'Eixample,162002,Josep Tarradellas,0064S0064S,Friday,2023,12,December,22,Morning,10,No és causa del  vianant,Furgoneta,Home,94,Pedestrian,En pas regulat per semàfor                                                                                                                            ,Unknown,Unknown,Ferit lleu: Hospitalització fins a 24h,428447    ,4582227.65,2.143065915,41.386548666
2023S007603    ,4,Les Corts,19,les Corts,172403,Joan Güell,0169 0171,Friday,2023,12,December,22,Morning,11,No és causa del  vianant,Car,Home,47,Pedestrian,En pas sense regular                                                                                                                                  ,Es desconeix,Unknown,Ferit lleu: Rebutja assistència sanitària,427458.14 ,4581907.89,2.131278254,41.383580099
2023S007604    ,10,Sant Martí,65,el Clot,115603,Espronceda,0223 0223,Friday,2023,12,December,22,Morning,11,No és causa del  vianant,Motorcycle,Home,36,Driver,Desconegut                                                                                                                                            ,Unknown,Es desconeix,Ferit lleu: Hospitalització fins a 24h,432884.03 ,4585011.58,2.195821045,41.412005445
2023S007605    ,9,Sant Andreu,59,el Bon Pastor,116300,Estadella,0036F0036F,Friday,2023,12,December,22,Morning,12,No és causa del  vianant,Car,Dona,44,Driver,Desconegut                                                                                                                                            ,Unknown,En missió,Ferit lleu: Rebutja assistència sanitària,433094.25 ,4587469.53,2.198064017,41.434161016
2023S007606    ,7,Horta-Guinardó,41,la Vall d'Hebron,701268,Dalt (Llobregat),001090000,Friday,2023,12,December,22,Morning,12,No és causa del  vianant,Furgoneta,Home,56,Driver,Desconegut                                                                                                                                            ,Unknown,Oci i entreteniment,Ferit lleu: Hospitalització fins a 24h,428532.81 ,4586759.65,2.143556667,41.427374242
2023S007606    ,7,Horta-Guinardó,41,la Vall d'Hebron,701268,Dalt (Llobregat),001090000,Friday,2023,12,December,22,Morning,12,No és causa del  vianant,Car,Home,20,Driver,Desconegut                                                                                                                                            ,Unknown,Oci i entreteniment,Ferit lleu: Amb assistència sanitària en lloc d'accident,428532.81 ,4586759.65,2.143556667,41.427374242
2023S007607    ,2,Eixample,7,la Dreta de l'Eixample,32700,Balmes,0120 0120,Friday,2023,12,December,22,Morning,8,No és causa del  vianant,Motorcycle,Dona,24,Driver,Desconegut                                                                                                                                            ,Unknown,In itínere,Ferit lleu: Hospitalització fins a 24h,429711.67 ,4582917.08,2.158110376,41.392869691
2023S007608    ,9,Sant Andreu,60,Sant Andreu,123306,Ferran Junoy,0001 0001,Friday,2023,12,December,22,Morning,12,No és causa del  vianant,Motorcycle,Dona,29,Driver,Desconegut                                                                                                                                            ,Unknown,Es desconeix,Ferit lleu: Hospitalització fins a 24h,433052.65 ,4588550.11,2.197446345,41.443889985
2023S007609    ,10,Sant Martí,72,Sant Martí de Provençals,86200,Concili de Trento,9999 9999,Friday,2023,12,December,22,Afternoon,14,No és causa del  vianant,Ciclomotor,Home,23,Driver,Desconegut                                                                                                                                            ,Unknown,Es desconeix,Ferit lleu: Hospitalització fins a 24h,432866.8  ,4585219.17,2.195591857,41.413873709
2023S007610    ,2,Eixample,7,la Dreta de l'Eixample,232902,Urquinaona,0007 0007,Friday,2023,12,December,22,Afternoon,15,No és causa del  vianant,Bus,Home,35,Pedestrian,En pas regulat per semàfor                                                                                                                            ,Unknown,Unknown,Ferit lleu: Amb assistència sanitària en lloc d'accident,431038.12 ,4582540.63,2.174018212,41.389594016
2023S007612    ,7,Horta-Guinardó,43,Horta,352507,Vall d'Hebron,0296 0296,Friday,2023,12,December,22,Afternoon,18,No és causa del  vianant,Motorcycle,Dona,39,Driver,Desconegut                                                                                                                                            ,Unknown,Oci i entreteniment,Ferit lleu: Hospitalització fins a 24h,429506.46 ,4587976.63,2.15506606,41.438421168
2023S007613    ,10,Sant Martí,67,la Vila Olímpica del Poblenou,367504,Doctor Trueta,0100 0100,Friday,2023,12,December,22,Afternoon,15,No és causa del  vianant,Car,Dona,30,Driver,Desconegut                                                                                                                                            ,Unknown,Es desconeix,Ferit lleu: Amb assistència sanitària en lloc d'accident,432985.66 ,4583007.18,2.197258985,41.393960831
2023S007613    ,10,Sant Martí,67,la Vila Olímpica del Poblenou,367504,Doctor Trueta,0100 0100,Friday,2023,12,December,22,Afternoon,15,No és causa del  vianant,Car,Home,58,Driver,Desconegut                                                                                                                                            ,Unknown,Es desconeix,Ferit lleu: Hospitalització fins a 24h,432985.66 ,4583007.18,2.197258985,41.393960831
2023S007614    ,9,Sant Andreu,57,la Trinitat Vella,314100,Santa Coloma,0099 0099,Friday,2023,12,December,22,Afternoon,18,No és causa del  vianant,Ciclomotor,Home,35,Driver,Desconegut                                                                                                                                            ,Unknown,En missió,Ferit lleu: Hospitalització fins a 24h,432879.34 ,4588875.42,2.195335672,41.446805463
2023S007615    ,3,Sants-Montjuïc,12,la Marina del Prat Vermell,701485,Transversal 4,0042 0042,Friday,2023,12,December,22,Afternoon,15,No és causa del  vianant,Motorcycle,Home,45,Driver,Desconegut                                                                                                                                            ,Unknown,In itínere,Ferit lleu: Hospitalització fins a 24h,425782.51 ,4576571.9 ,2.11189322,41.335368031
2023S007617    ,2,Eixample,5,el Fort Pienc,169409,Corts Catalanes,0722 0722,Friday,2023,12,December,22,Afternoon,21,No és causa del  vianant,Car,Dona,31,Passatger,Desconegut                                                                                                                                            ,Unknown,Unknown,Ferit lleu: Rebutja assistència sanitària,431363.28 ,4583313.93,2.177819397,41.396586731
2023S007617    ,2,Eixample,5,el Fort Pienc,169409,Corts Catalanes,0722 0722,Friday,2023,12,December,22,Afternoon,21,No és causa del  vianant,Car,Home,32,Passatger,Desconegut                                                                                                                                            ,Unknown,Unknown,Ferit lleu: Amb assistència sanitària en lloc d'accident,431363.28 ,4583313.93,2.177819397,41.396586731
2023S007618    ,2,Eixample,8,l'Antiga Esquerra de l'Eixample,70607,Casanova,0130 0132,Friday,2023,12,December,22,Afternoon,20,No és causa del  vianant,Motorcycle,Home,44,Driver,Desconegut                                                                                                                                            ,Unknown,Es desconeix,Ferit lleu: Hospitalització fins a 24h,429452.6  ,4582399.4 ,2.15507212,41.388184428
2023S007619    ,2,Eixample,7,la Dreta de l'Eixample,176801,Roger de Llúria,0001 0001,Friday,2023,12,December,22,Afternoon,19,Desobeir el senyal del semàfor,Veh. mobilitat personal amb motor,Dona,61,Pedestrian,En pas regulat per semàfor                                                                                                                            ,Oci i entreteniment,Unknown,Ferit lleu: Hospitalització fins a 24h,430987.16 ,4582551.3 ,2.173407521,41.389685744
2023S007620    ,2,Eixample,6,la Sagrada Família,292201,Sagrada Família,0016B0016B,Friday,2023,12,December,22,Afternoon,19,No és causa del  vianant,Motorcycle,Home,35,Driver,Desconegut                                                                                                                                            ,Unknown,In itínere,Ferit lleu: Hospitalització fins a 24h,431076.4  ,4583988.83,2.174311104,41.402640794
2023S007621    ,3,Sants-Montjuïc,16,la Bordeta,169409,Corts Catalanes,0137 0137,Friday,2023,12,December,22,Afternoon,16,No és causa del  vianant,Veh. mobilitat personal amb motor,Dona,52,Pedestrian,Desconegut                                                                                                                                            ,Oci i entreteniment,Unknown,Ferit lleu: Hospitalització fins a 24h,427849.83 ,4579911.76,2.13620005,41.365636917
2023S007622    ,2,Eixample,10,Sant Antoni,54509,Calàbria,0001 0001,Friday,2023,12,December,22,Afternoon,20,Desobeir el senyal del semàfor,Veh. mobilitat personal amb motor,Dona,81,Pedestrian,En pas regulat per semàfor                                                                                                                            ,Oci i entreteniment,Unknown,Ferit greu: hospitalització superior a 24h,429928.43 ,4580928.19,2.160933058,41.374975315
2023S007623    ,8,Nou Barris,52,la Prosperitat,209900,Meridiana,0531 0531,Saturday,2023,12,December,23,Night,1,No és causa del  vianant,Car,Dona,49,Driver,Desconegut                                                                                                                                            ,Unknown,Oci i entreteniment,Ferit lleu: Hospitalització fins a 24h,432164.83 ,4588560.7 ,2.186818054,41.443910795
2023S007623    ,8,Nou Barris,52,la Prosperitat,209900,Meridiana,0531 0531,Saturday,2023,12,December,23,Night,1,No és causa del  vianant,Car,Dona,62,Driver,Desconegut                                                                                                                                            ,Unknown,Oci i entreteniment,Ferit lleu: Amb assistència sanitària en lloc d'accident,432164.83 ,4588560.7 ,2.186818054,41.443910795
2023S007625    ,3,Sants-Montjuïc,11,el Poble-sec,198804,Paral·lel,0099 0099,Saturday,2023,12,December,23,Night,4,No és causa del  vianant,Bus,Home,30,Pedestrian,En pas regulat per semàfor                                                                                                                            ,Oci i entreteniment,Unknown,Ferit lleu: Hospitalització fins a 24h,430117.62 ,4580925.85,2.163195502,41.3749707
2023S007626    ,4,Les Corts,19,les Corts,701433,Mig (Ascendent),000240000,Friday,2023,12,December,22,Afternoon,21,No és causa del  vianant,Motorcycle,Home,21,Driver,Desconegut                                                                                                                                            ,Unknown,Oci i entreteniment,Ferit lleu: Rebutja assistència sanitària,427115.13 ,4582227.97,2.1271378,41.386431913
2023S007627    ,2,Eixample,10,Sant Antoni,308709,Sant Pau,0037 0037,Saturday,2023,12,December,23,Morning,9,Desobeir el senyal del semàfor,Veh. mobilitat personal amb motor,Home,54,Pedestrian,En pas regulat per semàfor                                                                                                                            ,Unknown,Unknown,Ferit lleu: Hospitalització fins a 24h,430322.7  ,4581103.46,2.16562725,41.376588173
2023S007628    ,10,Sant Martí,67,la Vila Olímpica del Poblenou,197302,Marina,0020 0020,Saturday,2023,12,December,23,Morning,9,No és causa del  vianant,Car,Dona,46,Driver,Desconegut                                                                                                                                            ,Unknown,Oci i entreteniment,Ferit lleu: Hospitalització fins a 24h,432823.78 ,4582436.9 ,2.195386068,41.388810948
2023S007629    ,2,Eixample,6,la Sagrada Família,90502,Còrsega,0570 0570,Saturday,2023,12,December,23,Morning,9,No és causa del  vianant,Motorcycle,Dona,51,Passatger,Desconegut                                                                                                                                            ,Unknown,Unknown,Ferit lleu: Hospitalització fins a 24h,431052.87 ,4584518.92,2.173969214,41.407413126
2023S007629    ,2,Eixample,6,la Sagrada Família,90502,Còrsega,0570 0570,Saturday,2023,12,December,23,Morning,9,No és causa del  vianant,Motorcycle,Home,57,Driver,Desconegut                                                                                                                                            ,Unknown,Oci i entreteniment,Ferit lleu: Hospitalització fins a 24h,431052.87 ,4584518.92,2.173969214,41.407413126
2023S007630    ,2,Eixample,7,la Dreta de l'Eixample,349207,Universitat,0012 0012,Saturday,2023,12,December,23,Morning,9,No és causa del  vianant,Motorcycle,Home,54,Driver,Desconegut                                                                                                                                            ,Unknown,Oci i entreteniment,Ferit lleu: Hospitalització fins a 24h,430121.36 ,4582099.83,2.163104777,41.385544703
2023S007631    ,2,Eixample,7,la Dreta de l'Eixample,268003,Provença,0365 0365,Saturday,2023,12,December,23,Morning,11,No és causa del  vianant,Veh. mobilitat personal amb motor,Dona,30,Driver,Desconegut                                                                                                                                            ,Unknown,Oci i entreteniment,Ferit lleu: Hospitalització fins a 24h,430749.55 ,4583844.66,2.170417743,41.401314199
2023S007632    ,5,Sarrià-Sant Gervasi,27,el Putxet i el Farró,123408,Lesseps,0030 0030,Saturday,2023,12,December,23,Morning,12,No és causa del  vianant,Motorcycle,Dona,38,Driver,Desconegut                                                                                                                                            ,Unknown,In itínere,Ferit lleu: Hospitalització fins a 24h,429011.31 ,4584400.97,2.1495597,41.406172996
2023S007633    ,10,Sant Martí,73,la Verneda i la Pau,57802,Camp Arriassa,0112X0112X,Saturday,2023,12,December,23,Morning,12,No és causa del  vianant,Veh. mobilitat personal amb motor,Home,29,Driver,Desconegut                                                                                                                                            ,Unknown,Es desconeix,Ferit lleu: Hospitalització fins a 24h,433324.28 ,4586567.71,2.200916574,41.426057735
2023S007634    ,3,Sants-Montjuïc,13,la Marina de Port,137300,Foneria,0024 0024,Friday,2023,12,December,22,Morning,12,Creuar per fora pas de vianants,Taxi,Dona,52,Pedestrian,Fora del pas                                                                                                                                          ,Unknown,Unknown,Ferit lleu: Amb assistència sanitària en lloc d'accident,427993.77 ,4579300.85,2.137993469,41.360147551
2023S007635    ,1,Ciutat Vella,1,el Raval,116800,Est,0013 0013,Saturday,2023,12,December,23,Morning,8,Altres,Bicicleta,Dona,34,Pedestrian,En zona peatonal                                                                                                                                      ,In itinere,Unknown,Ferit lleu: Hospitalització fins a 24h,430985.78 ,4581187.05,2.173546493,41.377398218
2023S007637    ,9,Sant Andreu,59,el Bon Pastor,334753,Mare de Déu de Montserrat,0062 0062,Saturday,2023,12,December,23,Morning,11,No és causa del  vianant,Motorcycle,Dona,53,Passatger,Desconegut                                                                                                                                            ,Unknown,Unknown,Ferit lleu: Hospitalització fins a 24h,433740.89 ,4587076.13,2.205846244,41.43067142
2023S007638    ,2,Eixample,10,Sant Antoni,54509,Calàbria,0002B0002B,Saturday,2023,12,December,23,Morning,13,No és causa del  vianant,Car,Dona,52,Pedestrian,A la vorera / Andana                                                                                                                                  ,Unknown,Unknown,Ferit lleu: Hospitalització fins a 24h,429910.63 ,4580991.22,2.160712928,41.375541456
2023S007639    ,2,Eixample,8,l'Antiga Esquerra de l'Eixample,18505,Aragó,0185 0185,Saturday,2023,12,December,23,Afternoon,15,No és causa del  vianant,Motorcycle,Dona,59,Passatger,Desconegut                                                                                                                                            ,Unknown,Unknown,Ferit lleu: Hospitalització fins a 24h,429735.29 ,4582301.52,2.158464328,41.387327612
2023S007639    ,2,Eixample,8,l'Antiga Esquerra de l'Eixample,18505,Aragó,0185 0185,Saturday,2023,12,December,23,Afternoon,15,No és causa del  vianant,Motorcycle,Home,59,Driver,Desconegut                                                                                                                                            ,Unknown,Oci i entreteniment,Ferit lleu: Hospitalització fins a 24h,429735.29 ,4582301.52,2.158464328,41.387327612
2023S007642    ,6,Gràcia,32,el Camp d'en Grassot i Gràcia Nova,297001,Sant Antoni Maria Claret,0029 0029,Saturday,2023,12,December,23,Afternoon,17,No és causa del  vianant,Motorcycle,Dona,33,Passatger,Desconegut                                                                                                                                            ,Unknown,Unknown,Ferit lleu: Amb assistència sanitària en lloc d'accident,430353.54 ,4584203.44,2.165639368,41.404511384
2023S007642    ,6,Gràcia,32,el Camp d'en Grassot i Gràcia Nova,297001,Sant Antoni Maria Claret,0029 0029,Saturday,2023,12,December,23,Afternoon,17,No és causa del  vianant,Motorcycle,Home,34,Driver,Desconegut                                                                                                                                            ,Unknown,Oci i entreteniment,Ferit lleu: Hospitalització fins a 24h,430353.54 ,4584203.44,2.165639368,41.404511384
2023S007643    ,7,Horta-Guinardó,43,Horta,329505,Tajo,0070 0070,Saturday,2023,12,December,23,Afternoon,20,No és causa del  vianant,Motorcycle,Home,48,Driver,Desconegut                                                                                                                                            ,Unknown,Oci i entreteniment,Ferit lleu: Hospitalització fins a 24h,429879.63 ,4587015.45,2.159644031,41.429796895
2023S007644    ,7,Horta-Guinardó,39,Sant Genís dels Agudells,701267,Dalt (Besòs),001060000,Saturday,2023,12,December,23,Afternoon,19,No és causa del  vianant,Motorcycle,Home,21,Driver,Desconegut                                                                                                                                            ,Unknown,Oci i entreteniment,Ferit lleu: Hospitalització fins a 24h,428427.45 ,4586473.16,2.142329787,41.424784563
2023S007646    ,5,Sarrià-Sant Gervasi,26,Sant Gervasi - Galvany,164303,Jacinto Benavente,0007 0007,Saturday,2023,12,December,23,Afternoon,14,No és causa del  vianant,Car,Dona,86,Pedestrian,Altres                                                                                                                                                ,Unknown,Unknown,Ferit lleu: Hospitalització fins a 24h,427884.67 ,4583176.48,2.136227865,41.39504417
2023S007647    ,7,Horta-Guinardó,35,el Guinardó,365702,Mare de Déu de Montserrat,0127 0127,Diumenge,2023,12,December,24,Morning,6,No és causa del  vianant,Veh. mobilitat personal amb motor,Home,18,Driver,Desconegut                                                                                                                                            ,Unknown,Oci i entreteniment,Ferit lleu: Hospitalització fins a 24h,430697.63 ,4585475.87,2.169609762,41.416001484
2023S007648    ,2,Eixample,9,la Nova Esquerra de l'Eixample,162002,Josep Tarradellas,0118 0118,Diumenge,2023,12,December,24,Night,5,No és causa del  vianant,Car,Home,66,Driver,Desconegut                                                                                                                                            ,Unknown,Es desconeix,Ferit lleu: Hospitalització fins a 24h,428499.73 ,4582666.13,2.143644741,41.390502587
2023S007649    ,10,Sant Martí,67,la Vila Olímpica del Poblenou,367504,Doctor Trueta,0118B0118B,Diumenge,2023,12,December,24,Morning,10,No és causa del  vianant,Bicicleta,Home,32,Driver,Desconegut                                                                                                                                            ,Unknown,In itínere,Ferit lleu: Hospitalització fins a 24h,433073.95 ,4583092.36,2.19830558,41.394735382
2023S007650    ,2,Eixample,10,Sant Antoni,213908,Mistral,0060 0060,Diumenge,2023,12,December,24,Morning,11,No és causa del  vianant,Car,Dona,63,Pedestrian,En zona peatonal                                                                                                                                      ,Unknown,Unknown,Ferit lleu: Hospitalització fins a 24h,429337.65 ,4581050.62,2.15385474,41.376026317
2023S007651    ,4,Les Corts,21,Pedralbes,62507,Capità Arenas,0003 0005,Diumenge,2023,12,December,24,Morning,12,No és causa del  vianant,Autobús articulat,Home,78,Passatger,Desconegut                                                                                                                                            ,Unknown,Unknown,Ferit lleu: Hospitalització fins a 24h,427065.31 ,4582519.79,2.126506843,41.3890557
2023S007652    ,-1,Unknown,-1,Unknown,-1,Unknown,Unknown,Diumenge,2023,12,December,24,Afternoon,15,Creuar per fora pas de vianants,Motorcycle,Home,54,Pedestrian,Fora del pas                                                                                                                                          ,Es desconeix,Unknown,Ferit lleu: Hospitalització fins a 24h,428251.59 ,4582854.69,2.140654653,41.392178767
2023S007652    ,-1,Unknown,-1,Unknown,-1,Unknown,Unknown,Diumenge,2023,12,December,24,Afternoon,15,Creuar per fora pas de vianants,Motorcycle,Home,20,Driver,Fora del pas                                                                                                                                          ,Unknown,Es desconeix,Ferit lleu: Hospitalització fins a 24h,428251.59 ,4582854.69,2.140654653,41.392178767
2023S007654    ,9,Sant Andreu,59,el Bon Pastor,264308,Potosí,0023 0025,Diumenge,2023,12,December,24,Afternoon,16,No és causa del  vianant,Car,Dona,57,Driver,Desconegut                                                                                                                                            ,Unknown,Es desconeix,Ferit lleu: Amb assistència sanitària en lloc d'accident,433752.23 ,4588498.69,2.205825906,41.443484929
2023S007655    ,7,Horta-Guinardó,33,el Baix Guinardó,152905,Guinardó,0058B0058B,Diumenge,2023,12,December,24,Afternoon,20,No és causa del  vianant,Car,Dona,24,Passatger,Desconegut                                                                                                                                            ,Unknown,Unknown,Ferit lleu: Hospitalització fins a 24h,430550.11 ,4585063.91,2.167892048,41.412278361
2023S007655    ,7,Horta-Guinardó,33,el Baix Guinardó,152905,Guinardó,0058B0058B,Diumenge,2023,12,December,24,Afternoon,20,No és causa del  vianant,Car,Home,25,Passatger,Desconegut                                                                                                                                            ,Unknown,Unknown,Ferit lleu: Rebutja assistència sanitària,430550.11 ,4585063.91,2.167892048,41.412278361
2023S007655    ,7,Horta-Guinardó,33,el Baix Guinardó,152905,Guinardó,0058B0058B,Diumenge,2023,12,December,24,Afternoon,20,No és causa del  vianant,Car,Home,30,Driver,Desconegut                                                                                                                                            ,Unknown,Es desconeix,Ferit lleu: Hospitalització fins a 24h,430550.11 ,4585063.91,2.167892048,41.412278361
2023S007656    ,5,Sarrià-Sant Gervasi,26,Sant Gervasi - Galvany,318804,Santaló,0097 0097,Diumenge,2023,12,December,24,Afternoon,20,No és causa del  vianant,Motorcycle,Dona,36,Passatger,Desconegut                                                                                                                                            ,Unknown,Unknown,Ferit lleu: Hospitalització fins a 24h,428428.04 ,4583497.85,2.142688982,41.397987197
2023S007656    ,5,Sarrià-Sant Gervasi,26,Sant Gervasi - Galvany,318804,Santaló,0097 0097,Diumenge,2023,12,December,24,Afternoon,20,No és causa del  vianant,Motorcycle,Home,56,Driver,Desconegut                                                                                                                                            ,Unknown,Oci i entreteniment,Ferit lleu: Rebutja assistència sanitària,428428.04 ,4583497.85,2.142688982,41.397987197
2023S007657    ,2,Eixample,5,el Fort Pienc,169409,Corts Catalanes,0731 0731,Diumenge,2023,12,December,24,Afternoon,18,No és causa del  vianant,Motorcycle,Dona,34,Passatger,Desconegut                                                                                                                                            ,Unknown,Unknown,Ferit lleu: Hospitalització fins a 24h,431596.47 ,4583505.94,2.180586918,41.39833599
2023S007657    ,2,Eixample,5,el Fort Pienc,169409,Corts Catalanes,0731 0731,Diumenge,2023,12,December,24,Afternoon,18,No és causa del  vianant,Motorcycle,Home,30,Driver,Desconegut                                                                                                                                            ,Unknown,Oci i entreteniment,Ferit lleu: Hospitalització fins a 24h,431596.47 ,4583505.94,2.180586918,41.39833599
2023S007658    ,10,Sant Martí,68,el Poblenou,42306,Bilbao,0116X0116X,Diumenge,2023,12,December,24,Afternoon,19,No és causa del  vianant,Car,Dona,49,Driver,Desconegut                                                                                                                                            ,Unknown,Es desconeix,Ferit lleu: Amb assistència sanitària en lloc d'accident,433090.05 ,4584419.2 ,2.198351418,41.406687227
2023S007659    ,10,Sant Martí,65,el Clot,115603,Espronceda,0309 0311,Diumenge,2023,12,December,24,Morning,10,No és causa del  vianant,Quadricicle < 75 cc,Home,25,Driver,Desconegut                                                                                                                                            ,Unknown,Oci i entreteniment,Ferit lleu: Hospitalització fins a 24h,432602.82 ,4585296.58,2.192424871,41.41454881
2023S007660    ,6,Gràcia,31,la Vila de Gràcia,220109,Montseny,0021 0021,Diumenge,2023,12,December,24,Afternoon,19,No és causa del  vianant,Bicicleta,Home,29,Driver,Desconegut                                                                                                                                            ,Unknown,Oci i entreteniment,Ferit lleu: Amb assistència sanitària en lloc d'accident,429452.43 ,4583934.19,2.154891186,41.402007732
2023S007661    ,2,Eixample,10,Sant Antoni,323203,Sepúlveda,0039 0039,Diumenge,2023,12,December,24,Afternoon,18,No és causa del  vianant,Car,Dona,58,Pedestrian,En pas regulat per semàfor                                                                                                                            ,Es desconeix,Unknown,Ferit lleu: Hospitalització fins a 24h,429364.56 ,4581149.81,2.154164946,41.376922053
2023S007664    ,10,Sant Martí,72,Sant Martí de Provençals,153205,Guipúscoa,0042 0042,Dilluns,2023,12,December,25,Afternoon,16,No és causa del  vianant,Motorcycle,Home,27,Driver,Desconegut                                                                                                                                            ,Unknown,Oci i entreteniment,Ferit lleu: Hospitalització fins a 24h,432888    ,4585390.26,2.195826511,41.415416439