Case_Number,District_Code,District_Name,Neighborhood_Code,Neighborhood_Name,Street_Code,Street_Name,Postal_Code,Day_of_Week,Year,Month_Code,Month_Name,Day_of_Month,Shift_Description,Hour_of_Day,Pedestrian_Cause_Description,Involved_Vehicle_Type,Gender_Description,Age,Person_Type_Description,Pedestrian_Accident_Location_Description,Pedestrian_Movement_Reason_Description,Driver_Movement_Reason_Description,Victimization_Description,UTM_X_Coordinate,UTM_Y_Coordinate,Longitude,Latitude
2023S007664    ,10,Sant Martí,72,Sant Martí de Provençals,153205,Guipúscoa,0042 0042,Dilluns,2023,12,December,25,Afternoon,16,No és causa del  vianant,Car,Home,65,Driver,Desconegut                                                                                                                                            ,Unknown,Oci i entreteniment,Ferit lleu: Hospitalització fins a 24h,432888    ,4585390.26,2.195826511,41.415416439
2023S007665    ,7,Horta-Guinardó,35,el Guinardó,332805,Telègraf,0032 0032,Dilluns,2023,12,December,25,Afternoon,18,No és causa del  vianant,Motorcycle,Home,43,Driver,Desconegut                                                                                                                                            ,Unknown,Oci i entreteniment,Ferit lleu: Hospitalització fins a 24h,431073.54 ,4585576.16,2.174095982,41.416937111
2023S007666    ,2,Eixample,9,la Nova Esquerra de l'Eixample,162002,Josep Tarradellas,0062 0062,Dilluns,2023,12,December,25,Afternoon,19,No és causa del  vianant,Veh. mobilitat personal amb motor,Home,19,Driver,Desconegut                                                                                                                                            ,Unknown,Altres activitats,Ferit lleu: Hospitalització fins a 24h,428409.41 ,4582129   ,2.142628031,41.385656815
2023S007668    ,7,Horta-Guinardó,41,la Vall d'Hebron,701268,Dalt (Llobregat),001090000,Dilluns,2023,12,December,25,Morning,13,No és causa del  vianant,Bus,Dona,84,Passatger,Desconegut                                                                                                                                            ,Unknown,Unknown,Ferit lleu: Hospitalització fins a 24h,428672.98 ,4586728.35,2.145237736,41.427104802
2023S007668    ,7,Horta-Guinardó,41,la Vall d'Hebron,701268,Dalt (Llobregat),001090000,Dilluns,2023,12,December,25,Morning,13,No és causa del  vianant,Car,Dona,84,Passatger,Desconegut                                                                                                                                            ,Unknown,Unknown,Ferit lleu: Amb assistència sanitària en lloc d'accident,428672.98 ,4586728.35,2.145237736,41.427104802
2023S007669    ,9,Sant Andreu,63,Navas,194406,Maragall,0076 0078,Dilluns,2023,12,December,25,Afternoon,18,No és causa del  vianant,Motorcycle,Home,41,Driver,Desconegut                                                                                                                                            ,Unknown,En missió,Ferit lleu: Rebutja assistència sanitària,431613.75 ,4585760.47,2.180538691,41.418643313
2023S007670    ,5,Sarrià-Sant Gervasi,23,Sarrià,68707,Carroç,0001B0001B,Dimarts,2023,12,December,26,Morning,6,No és causa del  vianant,Car,Dona,25,Driver,Desconegut                                                                                                                                            ,Unknown,Oci i entreteniment,Ferit lleu: Hospitalització fins a 24h,425709.54 ,4584722.5 ,2.110021972,41.408770353
2023S007671    ,5,Sarrià-Sant Gervasi,25,Sant Gervasi - la Bonanova,701629,Isaac Newton,0007X0007X,Dilluns,2023,12,December,25,Afternoon,14,No és causa del  vianant,Motorcycle,Dona,47,Driver,Desconegut                                                                                                                                            ,Unknown,Altres activitats,Ferit greu: hospitalització superior a 24h,427350.84 ,4585168.98,2.12960359,41.412941704
2023S007672    ,2,Eixample,6,la Sagrada Família,144601,Diagonal,0310 0310,Dilluns,2023,12,December,25,Afternoon,20,No és causa del  vianant,Motorcycle,Home,25,Driver,Desconegut                                                                                                                                            ,Unknown,Oci i entreteniment,Ferit lleu: Hospitalització fins a 24h,431167.04 ,4583702.85,2.175427899,41.400072831
2023S007673    ,5,Sarrià-Sant Gervasi,22,"Vallvidrera, el Tibidabo i les Planes",335654,Vallvidrera al Tibidabo,000090000,Dilluns,2023,12,December,25,Morning,10,No és causa del  vianant,Bicicleta,Home,50,Driver,Desconegut                                                                                                                                            ,Unknown,Es desconeix,Ferit lleu: Hospitalització fins a 24h,425941.85 ,4585605.67,2.11269298,41.416746093
2023S007673    ,5,Sarrià-Sant Gervasi,22,"Vallvidrera, el Tibidabo i les Planes",335654,Vallvidrera al Tibidabo,000090000,Dilluns,2023,12,December,25,Morning,10,No és causa del  vianant,Bicicleta,Home,53,Driver,Desconegut                                                                                                                                            ,Unknown,Es desconeix,Ferit lleu: Hospitalització fins a 24h,425941.85 ,4585605.67,2.11269298,41.416746093
2023S007674    ,8,Nou Barris,52,la Prosperitat,120807,Favència,0370X0370X,Dimarts,2023,12,December,26,Afternoon,17,No és causa del  vianant,Motorcycle,Home,54,Driver,Desconegut                                                                                                                                            ,Unknown,In itínere,Ferit lleu: Rebutja assistència sanitària,431584.89 ,4588795.14,2.179849683,41.445973069
2023S007675    ,2,Eixample,8,l'Antiga Esquerra de l'Eixample,349706,Comte d'Urgell,0162 0166,Dimarts,2023,12,December,26,Afternoon,14,No és causa del  vianant,Motorcycle,Dona,28,Driver,Desconegut                                                                                                                                            ,Unknown,Altres activitats,Ferit lleu: Hospitalització fins a 24h,429260.74 ,4582212.74,2.152799369,41.386486386
2023S007675    ,2,Eixample,8,l'Antiga Esquerra de l'Eixample,349706,Comte d'Urgell,0162 0166,Dimarts,2023,12,December,26,Afternoon,14,No és causa del  vianant,Motorcycle,Home,19,Driver,Desconegut                                                                                                                                            ,Unknown,Altres activitats,Ferit lleu: Hospitalització fins a 24h,429260.74 ,4582212.74,2.152799369,41.386486386
2023S007675    ,2,Eixample,8,l'Antiga Esquerra de l'Eixample,349706,Comte d'Urgell,0162 0166,Dimarts,2023,12,December,26,Afternoon,14,No és causa del  vianant,Motorcycle,Dona,17,Passatger,Desconegut                                                                                                                                            ,Unknown,Unknown,Ferit lleu: Hospitalització fins a 24h,429260.74 ,4582212.74,2.152799369,41.386486386
2023S007676    ,9,Sant Andreu,62,el Congrés i els Indians,65403,Cardenal Tedeschini,0047 0047,Dimarts,2023,12,December,26,Afternoon,18,No és causa del  vianant,Car,Dona,35,Pedestrian,En pas sense regular                                                                                                                                  ,Unknown,Unknown,Ferit lleu: Hospitalització fins a 24h,431770.1  ,4586522.78,2.182323396,41.425522488
2023S007676    ,9,Sant Andreu,62,el Congrés i els Indians,65403,Cardenal Tedeschini,0047 0047,Dimarts,2023,12,December,26,Afternoon,18,No és causa del  vianant,Car,Home,29,Pedestrian,En pas sense regular                                                                                                                                  ,Unknown,Unknown,Ferit lleu: Hospitalització fins a 24h,431770.1  ,4586522.78,2.182323396,41.425522488
2023S007677    ,8,Nou Barris,52,la Prosperitat,120807,Favència,0424X0430X,Dimarts,2023,12,December,26,Afternoon,19,No és causa del  vianant,Ciclomotor,Dona,20,Passatger,Desconegut                                                                                                                                            ,Unknown,Unknown,Ferit lleu: Hospitalització fins a 24h,432001.25 ,4588873.7 ,2.184824766,41.446716027
2023S007677    ,8,Nou Barris,52,la Prosperitat,120807,Favència,0424X0430X,Dimarts,2023,12,December,26,Afternoon,19,No és causa del  vianant,Ciclomotor,Home,26,Driver,Desconegut                                                                                                                                            ,Unknown,Es desconeix,Ferit lleu: Hospitalització fins a 24h,432001.25 ,4588873.7 ,2.184824766,41.446716027
2023S007678    ,2,Eixample,7,la Dreta de l'Eixample,148307,Gràcia,0007 0007,Dimarts,2023,12,December,26,Night,22,No és causa del  vianant,Car,Home,20,Passatger,Desconegut                                                                                                                                            ,Unknown,Unknown,Ferit lleu: Amb assistència sanitària en lloc d'accident,430625.14 ,4582407.55,2.169094279,41.388359871
2023S007678    ,2,Eixample,7,la Dreta de l'Eixample,148307,Gràcia,0007 0007,Dimarts,2023,12,December,26,Night,22,No és causa del  vianant,Motorcycle,Home,53,Driver,Desconegut                                                                                                                                            ,Unknown,Es desconeix,Ferit lleu: Hospitalització fins a 24h,430625.14 ,4582407.55,2.169094279,41.388359871
2023S007679    ,7,Horta-Guinardó,41,la Vall d'Hebron,352507,Vall d'Hebron,0204 0204,Dimarts,2023,12,December,26,Afternoon,19,No és causa del  vianant,Car,Home,50,Driver,Desconegut                                                                                                                                            ,Unknown,Altres activitats,Ferit lleu: Hospitalització fins a 24h,428717.96 ,4587180.01,2.14572271,41.431176707
2023S007679    ,7,Horta-Guinardó,41,la Vall d'Hebron,352507,Vall d'Hebron,0204 0204,Dimarts,2023,12,December,26,Afternoon,19,No és causa del  vianant,Car,Dona,6,Passatger,Desconegut                                                                                                                                            ,Unknown,Unknown,Ferit lleu: Hospitalització fins a 24h,428717.96 ,4587180.01,2.14572271,41.431176707
2023S007680    ,2,Eixample,9,la Nova Esquerra de l'Eixample,349706,Comte d'Urgell,0153 0153,Dimarts,2023,12,December,26,Night,22,No és causa del  vianant,Bicicleta,Home,42,Driver,Desconegut                                                                                                                                            ,Unknown,Oci i entreteniment,Ferit lleu: Hospitalització fins a 24h,429167.46 ,4582306.69,2.15167282,41.387324349
2023S007682    ,3,Sants-Montjuïc,18,Sants,333808,Tinent Flomesta,0021 0021,Thursday,2023,9,September,14,Morning,9,No és causa del  vianant,Veh. mobilitat personal amb motor,Home,38,Driver,Desconegut                                                                                                                                            ,Unknown,En missió,Ferit lleu: Hospitalització fins a 24h,427498    ,4580856.01,2.131880828,41.374109807
2023S007683    ,2,Eixample,7,la Dreta de l'Eixample,18505,Aragó,0283 0285,Dimecres,2023,12,December,27,Morning,8,No és causa del  vianant,Motorcycle,Dona,24,Driver,Desconegut                                                                                                                                            ,Unknown,Es desconeix,Ferit lleu: Hospitalització fins a 24h,430445.17 ,4582976.36,2.166876549,41.393467414
2023S007684    ,9,Sant Andreu,59,el Bon Pastor,701266,Litoral (Llobregat),000090000,Dimecres,2023,12,December,27,Morning,10,No és causa del  vianant,Car,Home,55,Driver,Desconegut                                                                                                                                            ,Unknown,Es desconeix,Ferit lleu: Amb assistència sanitària en lloc d'accident,433587.74 ,4588759.27,2.203828319,41.445818292
2023S007685    ,4,Les Corts,19,les Corts,66508,Carles III,0116 0120,Thursday,2023,10,October,12,Afternoon,16,No és causa del  vianant,Car,Dona,70,Passatger,Desconegut                                                                                                                                            ,Unknown,Unknown,Ferit lleu: Hospitalització fins a 24h,427207    ,4582445.17,2.128210374,41.38839647
2023S007686    ,3,Sants-Montjuïc,11,el Poble-sec,701266,Litoral (Llobregat),001330000,Thursday,2023,12,December,21,Afternoon,14,No és causa del  vianant,Motorcycle,Home,53,Driver,Desconegut                                                                                                                                            ,Unknown,Es desconeix,Ferit lleu: Hospitalització fins a 24h,430303.25 ,4579227.37,2.165610432,41.359689073
2023S007687    ,2,Eixample,9,la Nova Esquerra de l'Eixample,54509,Calàbria,0143 0145,Dimecres,2023,12,December,27,Afternoon,14,Transitar a peu per la calçada,Car,Dona,64,Pedestrian,Fora del pas                                                                                                                                          ,Es desconeix,Unknown,Ferit lleu: Hospitalització fins a 24h,429231.59 ,4581685.76,2.152512341,41.381737489
2023S007689    ,3,Sants-Montjuïc,12,la Marina del Prat Vermell,700122,Longitudinal 5,0035 0035,Dimecres,2023,12,December,27,Afternoon,16,No és causa del  vianant,Altres vehicles amb motor,Dona,51,Pedestrian,En pas sense senyalitzar                                                                                                                              ,Unknown,Unknown,Ferit lleu: Rebutja assistència sanitària,426452.67 ,4576196.6 ,2.119946943,41.332049303
2023S007690    ,5,Sarrià-Sant Gervasi,24,les Tres Torres,51500,Buïgas,0014 0018,Dimecres,2023,12,December,27,Afternoon,20,No és causa del  vianant,Motorcycle,Dona,50,Driver,Desconegut                                                                                                                                            ,Unknown,Es desconeix,Ferit lleu: Hospitalització fins a 24h,427455.44 ,4583023.52,2.131112289,41.393627895
2023S007691    ,3,Sants-Montjuïc,13,la Marina de Port,273502,Radi,0002 0002,Dimecres,2023,12,December,27,Afternoon,20,No és causa del  vianant,Veh. mobilitat personal amb motor,Dona,0,Driver,Desconegut                                                                                                                                            ,Unknown,Oci i entreteniment,Ferit lleu: Amb assistència sanitària en lloc d'accident,427781.45 ,4579539.27,2.135426918,41.362275893
2023S007692    ,2,Eixample,6,la Sagrada Família,350308,València,0416 0416,Dimecres,2023,12,December,27,Afternoon,18,No és causa del  vianant,Motorcycle,Home,33,Driver,Desconegut                                                                                                                                            ,Unknown,Altres activitats,Ferit lleu: Hospitalització fins a 24h,431169.93 ,4583892.6 ,2.175440883,41.401782098
2023S007692    ,2,Eixample,6,la Sagrada Família,350308,València,0416 0416,Dimecres,2023,12,December,27,Afternoon,18,No és causa del  vianant,Motorcycle,Dona,25,Passatger,Desconegut                                                                                                                                            ,Unknown,Unknown,Ferit lleu: Hospitalització fins a 24h,431169.93 ,4583892.6 ,2.175440883,41.401782098
2023S007693    ,9,Sant Andreu,63,Navas,297001,Sant Antoni Maria Claret,0243 0251,Dimecres,2023,12,December,27,Afternoon,16,No és causa del  vianant,Ciclomotor,Home,57,Driver,Desconegut                                                                                                                                            ,Unknown,Altres activitats,Ferit lleu: Hospitalització fins a 24h,431707.87 ,4585529.19,2.181690985,41.416568257
2023S007694    ,7,Horta-Guinardó,43,Horta,188200,Mestre Dalmau,0003 0003,Thursday,2023,12,December,28,Morning,13,No és causa del  vianant,Motorcycle,Dona,26,Driver,Desconegut                                                                                                                                            ,Unknown,Es desconeix,Ferit lleu: Hospitalització fins a 24h,430137.89 ,4587377.14,2.162692855,41.433077014
2023S007695    ,2,Eixample,9,la Nova Esquerra de l'Eixample,331507,Tarragona,0072U0072U,Thursday,2023,12,December,28,Morning,13,Desobeir el senyal del semàfor,Veh. mobilitat personal amb motor,Dona,20,Driver,En pas regulat per semàfor                                                                                                                            ,Unknown,Es desconeix,Ferit lleu: Amb assistència sanitària en lloc d'accident,428792.14 ,4581001.69,2.147337659,41.375537509
2023S007696    ,2,Eixample,9,la Nova Esquerra de l'Eixample,349706,Comte d'Urgell,0115 0115,Thursday,2023,12,December,28,Afternoon,16,Desobeir el senyal del semàfor,Veh. mobilitat personal amb motor,Home,18,Pedestrian,En pas regulat per semàfor                                                                                                                            ,Unknown,Unknown,Ferit lleu: Amb assistència sanitària en lloc d'accident,429407.84 ,4582040.16,2.154578693,41.384944945
2023S007696    ,2,Eixample,9,la Nova Esquerra de l'Eixample,349706,Comte d'Urgell,0115 0115,Thursday,2023,12,December,28,Afternoon,16,Desobeir el senyal del semàfor,Veh. mobilitat personal amb motor,Home,17,Driver,En pas regulat per semàfor                                                                                                                            ,Unknown,Es desconeix,Ferit lleu: Amb assistència sanitària en lloc d'accident,429407.84 ,4582040.16,2.154578693,41.384944945
2023S007697    ,5,Sarrià-Sant Gervasi,26,Sant Gervasi - Galvany,143904,General Mitre,0090B0090B,Thursday,2023,12,December,28,Afternoon,18,No és causa del  vianant,Motorcycle,Home,67,Driver,Desconegut                                                                                                                                            ,Unknown,Oci i entreteniment,Ferit lleu: Hospitalització fins a 24h,427781.2  ,4583713.62,2.134926186,41.399872686
2023S007698    ,3,Sants-Montjuïc,18,Sants,331507,Tarragona,0185X0185X,Thursday,2023,12,December,28,Afternoon,21,Creuar per fora pas de vianants,Motorcycle,Dona,19,Pedestrian,Fora del pas                                                                                                                                          ,Altres activitats,Unknown,Ferit lleu: Hospitalització fins a 24h,428395.22 ,4581569.25,2.142524516,41.380614084
2023S007698    ,3,Sants-Montjuïc,18,Sants,331507,Tarragona,0185X0185X,Thursday,2023,12,December,28,Afternoon,21,Creuar per fora pas de vianants,Motorcycle,Home,29,Driver,Fora del pas                                                                                                                                          ,Unknown,In itínere,Ferit lleu: Amb assistència sanitària en lloc d'accident,428395.22 ,4581569.25,2.142524516,41.380614084
2023S007699    ,9,Sant Andreu,62,el Congrés i els Indians,194406,Maragall,0138 0138,Thursday,2023,12,December,28,Morning,13,No és causa del  vianant,Bus,Dona,60,Passatger,Desconegut                                                                                                                                            ,Unknown,Unknown,Ferit lleu: Hospitalització fins a 24h,431483.69 ,4586199.11,2.178932773,41.422582911
2023S007700    ,2,Eixample,7,la Dreta de l'Eixample,169409,Corts Catalanes,9999 9999,Thursday,2023,12,December,28,Night,22,No és causa del  vianant,Motorcycle,Home,24,Driver,Desconegut                                                                                                                                            ,Unknown,Oci i entreteniment,Ferit lleu: Amb assistència sanitària en lloc d'accident,430557.69 ,4582525.42,2.168274082,41.389415667
2023S007701    ,-1,Unknown,-1,Unknown,-1,Unknown,Unknown,Thursday,2023,12,December,28,Afternoon,18,No és causa del  vianant,Car,Home,48,Driver,Desconegut                                                                                                                                            ,Unknown,Altres activitats,Ferit lleu: Hospitalització fins a 24h,433885.22 ,4586392.96,2.207648269,41.4245302
2023S007702    ,2,Eixample,9,la Nova Esquerra de l'Eixample,349706,Comte d'Urgell,0075 0075,Friday,2023,12,December,29,Night,0,No és causa del  vianant,Veh. mobilitat personal amb motor,Dona,17,Driver,Desconegut                                                                                                                                            ,Unknown,Oci i entreteniment,Ferit lleu: Hospitalització fins a 24h,429634.84 ,4581829.77,2.157317825,41.383069929
2023S007703    ,6,Gràcia,28,Vallcarca i els Penitents,158107,Vallcarca,0002 0002,Thursday,2023,12,December,28,Night,23,No és causa del  vianant,Motorcycle,Home,40,Driver,Desconegut                                                                                                                                            ,Unknown,Es desconeix,Ferit lleu: Hospitalització fins a 24h,429028.69 ,4584584.14,2.149746123,41.407824274
2023S007704    ,8,Nou Barris,50,les Roquetes,120807,Favència,0167 0167,Friday,2023,12,December,29,Morning,6,No és causa del  vianant,Car,Home,46,Driver,Desconegut                                                                                                                                            ,Unknown,In itínere,Ferit lleu: Hospitalització fins a 24h,431275.63 ,4588731.92,2.176154967,41.445377239
2023S007705    ,2,Eixample,8,l'Antiga Esquerra de l'Eixample,169409,Corts Catalanes,0583 0583,Thursday,2023,12,December,28,Night,22,No és causa del  vianant,Motorcycle,Home,45,Driver,Desconegut                                                                                                                                            ,Unknown,Es desconeix,Ferit lleu: Hospitalització fins a 24h,430121.36 ,4582099.83,2.163104777,41.385544703
2023S007706    ,5,Sarrià-Sant Gervasi,27,el Putxet i el Farró,143904,General Mitre,0226 0226,Friday,2023,12,December,29,Morning,11,No és causa del  vianant,Motorcycle,Home,21,Driver,Desconegut                                                                                                                                            ,Unknown,Es desconeix,Ferit lleu: Hospitalització fins a 24h,428825.46 ,4584342.95,2.147343235,41.405633989
2023S007707    ,2,Eixample,6,la Sagrada Família,238400,Padilla,0236 0236,Friday,2023,12,December,29,Morning,12,No és causa del  vianant,Motorcycle,Dona,26,Passatger,Desconegut                                                                                                                                            ,Unknown,Unknown,Ferit lleu: Hospitalització fins a 24h,431352.56 ,4584308.1 ,2.177578375,41.405540001
2023S007708    ,7,Horta-Guinardó,33,el Baix Guinardó,178308,Lepant,0410 0414,Friday,2023,12,December,29,Morning,13,No és causa del  vianant,Car,Home,52,Driver,Desconegut                                                                                                                                            ,Unknown,Es desconeix,Ferit lleu: Hospitalització fins a 24h,430682.08 ,4584825.45,2.169498273,41.410142032
2023S007709    ,2,Eixample,7,la Dreta de l'Eixample,247659,Pau Claris,0159 0159,Friday,2023,12,December,29,Morning,12,No és causa del  vianant,Motorcycle,Dona,33,Driver,Desconegut                                                                                                                                            ,Unknown,Oci i entreteniment,Ferit lleu: Hospitalització fins a 24h,430215.57 ,4583149.45,2.164110449,41.395006478
2023S007710    ,3,Sants-Montjuïc,13,la Marina de Port,12600,Alts Forns,0039 0039,Friday,2023,12,December,29,Afternoon,14,No és causa del  vianant,Car,Dona,46,Driver,Desconegut                                                                                                                                            ,Unknown,Es desconeix,Ferit lleu: Amb assistència sanitària en lloc d'accident,427924.88 ,4578972.42,2.137208972,41.357183324
2023S007711    ,4,Les Corts,19,les Corts,320704,Sarrià,0046 0050,Friday,2023,12,December,29,Afternoon,15,No és causa del  vianant,Motorcycle,Dona,38,Driver,Desconegut                                                                                                                                            ,Unknown,Es desconeix,Ferit lleu: Hospitalització fins a 24h,428341.09 ,4582712.9 ,2.14174188,41.390909701
2023S007712    ,9,Sant Andreu,61,la Sagrera,209900,Meridiana,0276 0276,Friday,2023,12,December,29,Afternoon,15,No és causa del  vianant,Motorcycle,Dona,44,Driver,Desconegut                                                                                                                                            ,Unknown,Es desconeix,Ferit lleu: Hospitalització fins a 24h,432175.59 ,4586026.52,2.187231385,41.42108719
2023S007713    ,9,Sant Andreu,57,la Trinitat Vella,314100,Santa Coloma,0101 0105,Friday,2023,12,December,29,Afternoon,18,No és causa del  vianant,Motorcycle,Home,28,Driver,Desconegut                                                                                                                                            ,Unknown,Oci i entreteniment,Ferit lleu: Amb assistència sanitària en lloc d'accident,433118.07 ,4589134.78,2.198164636,41.44916137
2023S007714    ,3,Sants-Montjuïc,15,Hostafrancs,94809,Creu Coberta,0030 0030,Friday,2023,12,December,29,Afternoon,19,No és causa del  vianant,Veh. mobilitat personal amb motor,Home,11,Pedestrian,En pas regulat per semàfor                                                                                                                            ,Unknown,Unknown,Ferit lleu: Hospitalització fins a 24h,428775.51 ,4580973.63,2.147142109,41.375283309
2023S007715    ,10,Sant Martí,64,el Camp de l'Arpa del Clot,90502,Còrsega,0653 0653,Friday,2023,12,December,29,Afternoon,20,No és causa del  vianant,Motorcycle,Dona,27,Passatger,Desconegut                                                                                                                                            ,Unknown,Unknown,Ferit lleu: Hospitalització fins a 24h,431369.31 ,4584838.67,2.177718547,41.410320108
2023S007715    ,10,Sant Martí,64,el Camp de l'Arpa del Clot,90502,Còrsega,0653 0653,Friday,2023,12,December,29,Afternoon,20,No és causa del  vianant,Motorcycle,Home,27,Driver,Desconegut                                                                                                                                            ,Unknown,Es desconeix,Ferit lleu: Hospitalització fins a 24h,431369.31 ,4584838.67,2.177718547,41.410320108
2023S007716    ,5,Sarrià-Sant Gervasi,22,"Vallvidrera, el Tibidabo i les Planes",160007,Església,0106 0106,Saturday,2023,12,December,30,Night,1,No és causa del  vianant,Motorcycle,Home,21,Driver,Unknown,Es desconeix,Ferit lleu: Amb assistència sanitària en lloc d'accident,424812.18 ,4585900.59,2.09914022,41.419297326,41.419297326
2023S007718    ,2,Eixample,7,la Dreta de l'Eixample,100800,Diputació,0233 0233,Friday,2023,12,December,29,Afternoon,21,No és causa del  vianant,Car,Home,20,Driver,Unknown,En missió,Ferit lleu: Hospitalització fins a 24h,430208.68 ,4582391.9 ,2.16411538,41.38818287,41.38818287
2023S007719    ,2,Eixample,7,la Dreta de l'Eixample,31300,Bailèn,0061 0061,Saturday,2023,12,December,30,Morning,13,No és causa del  vianant,Car,Home,24,Driver,Unknown,En missió,Ferit lleu: Hospitalització fins a 24h,430973.7  ,4583138.91,2.173179533,41.394977014,41.394977014
2023S007719    ,2,Eixample,7,la Dreta de l'Eixample,31300,Bailèn,0061 0061,Saturday,2023,12,December,30,Morning,13,No és causa del  vianant,Car,Home,48,Driver,Unknown,Oci i entreteniment,Ferit lleu: Hospitalització fins a 24h,430973.7  ,4583138.91,2.173179533,41.394977014,41.394977014
2023S007720    ,10,Sant Martí,65,el Clot,42306,Bilbao,0201 0203,Saturday,2023,12,December,30,Afternoon,18,No és causa del  vianant,Motorcycle,Dona,41,Driver,Unknown,Es desconeix,Ferit lleu: Amb assistència sanitària en lloc d'accident,432719.9  ,4584775.41,2.193883662,41.409864598,41.409864598
2023S007721    ,3,Sants-Montjuïc,16,la Bordeta,89707,Constitució,0187 0187,Saturday,2023,12,December,30,Afternoon,20,No és causa del  vianant,Car,Home,82,Pedestrian,Unknown,Unknown,Ferit lleu: Hospitalització fins a 24h,427459.19 ,4580201.46,2.131495137,41.368211016,41.368211016
2023S007722    ,9,Sant Andreu,60,Sant Andreu,119003,Fabra i Puig,0116 0116,Saturday,2023,12,December,30,Afternoon,20,No és causa del  vianant,Motorcycle,Home,31,Driver,Unknown,Es desconeix,Ferit lleu: Hospitalització fins a 24h,431870.03 ,4587039.84,2.183460905,41.430187961,41.430187961
2023S007723    ,2,Eixample,7,la Dreta de l'Eixample,191204,Mallorca,0231 0231,Saturday,2023,12,December,30,Afternoon,20,No és causa del  vianant,Motorcycle,Home,30,Driver,Unknown,Altres activitats,Ferit lleu: Hospitalització fins a 24h,429836.05 ,4582774.51,2.15961454,41.391596478,41.391596478
2023S007724    ,1,Ciutat Vella,1,el Raval,269108,Portal de la Pau,0002 0002,Saturday,2023,12,December,30,Night,22,No és causa del  vianant,Autobús articulat,Dona,33,Passatger,Unknown,Unknown,Ferit lleu: Hospitalització fins a 24h,431293.95 ,4581061.37,2.177245735,41.376292639,41.376292639
2023S007725    ,2,Eixample,6,la Sagrada Família,18505,Aragó,0477 0477,Saturday,2023,12,December,30,Night,22,No és causa del  vianant,Motorcycle,Home,43,Driver,Unknown,Oci i entreteniment,Ferit lleu: Amb assistència sanitària en lloc d'accident,431553.57 ,4584083.99,2.180008377,41.40353866,41.40353866
2023S007728    ,2,Eixample,5,el Fort Pienc,178308,Lepant,0195 0195,Diumenge,2023,12,December,31,Night,3,No és causa del  vianant,Car,Dona,43,Driver,Unknown,Es desconeix,Ferit lleu: Hospitalització fins a 24h,431648.46 ,4583800.82,2.181175486,41.400996311,41.400996311
2023S007728    ,2,Eixample,5,el Fort Pienc,178308,Lepant,0195 0195,Diumenge,2023,12,December,31,Night,3,No és causa del  vianant,Car,Home,41,Driver,Unknown,Taxi,Ferit lleu: Hospitalització fins a 24h,431648.46 ,4583800.82,2.181175486,41.400996311,41.400996311
2023S007729    ,4,Les Corts,20,la Maternitat i Sant Ramon,339815,Torre Melina,0015U0015U,Saturday,2023,12,December,30,Afternoon,14,No és causa del  vianant,Bus,Home,90,Passatger,Unknown,Unknown,Ferit lleu: Hospitalització fins a 24h,425819.55 ,4581181.25,2.111772016,41.376886066,41.376886066
2023S007730    ,10,Sant Martí,64,el Camp de l'Arpa del Clot,350308,València,0563 0563,Diumenge,2023,12,December,31,Afternoon,17,No és causa del  vianant,Ciclomotor,Dona,50,Driver,Unknown,Es desconeix,Ferit lleu: Hospitalització fins a 24h,431842.11 ,4584552.4 ,2.183407244,41.407782017,41.407782017
2023S007731    ,10,Sant Martí,72,Sant Martí de Provençals,30409,Bac de Roda,0176B0176B,Thursday,2023,12,December,14,Morning,13,No és causa del  vianant,Motorcycle,Home,30,Driver,Unknown,En missió,Ferit lleu: Amb assistència sanitària en lloc d'accident,433012.43 ,4585093.5 ,2.197348154,41.412753994,41.412753994
2023S007733    ,7,Horta-Guinardó,43,Horta,107401,Eduard Toda,0054 0054,Saturday,2023,12,December,30,Morning,12,No és causa del  vianant,Car,Dona,51,Driver,Unknown,Oci i entreteniment,Ferit lleu: Rebutja assistència sanitària,429606.16 ,4587699.72,2.156291622,41.435935905,41.435935905
2023S007734    ,2,Eixample,8,l'Antiga Esquerra de l'Eixample,23403,Aribau,0031 0031,Thursday,2023,12,December,14,Afternoon,19,No és causa del  vianant,Motorcycle,Home,64,Driver,Unknown,In itínere,Ferit lleu: Hospitalització fins a 24h,429924.38 ,4582300.16,2.160725891,41.387331867,41.387331867
2023S007735    ,3,Sants-Montjuïc,13,la Marina de Port,369408,Zona Franca,0210 0214,Friday,2023,9,September,29,Morning,13,No és causa del  vianant,Motorcycle,Home,36,Driver,Unknown,Es desconeix,Ferit lleu: Rebutja assistència sanitària,427961.38 ,4579479.03,2.137585096,41.36174946,41.36174946
2023S007736    ,3,Sants-Montjuïc,11,el Poble-sec,198804,Paral·lel,0077 0077,Dilluns,2023,12,December,18,Afternoon,15,No és causa del  vianant,Bicicleta,Dona,40,Driver,Unknown,In itínere,Ferit lleu: Hospitalització fins a 24h,430497.04 ,4580920.96,2.167732853,41.374959533,41.374959533
2023S007737    ,7,Horta-Guinardó,37,el Carmel,67103,Carmel,0002 0002,Dilluns,2023,10,October,9,Afternoon,18,No és causa del  vianant,Motorcycle,Home,31,Driver,Unknown,Es desconeix,Ferit lleu: Hospitalització fins a 24h,429667.81 ,4586753.21,2.157139665,41.427416473,41.427416473
2023S007738    ,10,Sant Martí,69,Diagonal Mar i el Front Marítim del Poblenou,701265,Litoral (Besòs),000600000,Dimarts,2023,12,December,5,Afternoon,16,No és causa del  vianant,Motorcycle,Home,56,Driver,Unknown,In itínere,Ferit lleu: Hospitalització fins a 24h,434743.24 ,4584321.79,2.218139235,41.405945864,41.405945864
2023S007739    ,6,Gràcia,32,el Camp d'en Grassot i Gràcia Nova,297001,Sant Antoni Maria Claret,0045 0045,Friday,2023,11,November,24,Afternoon,18,No és causa del  vianant,Motorcycle,Dona,31,Passatger,Unknown,Unknown,Ferit lleu: Hospitalització fins a 24h,430464.89 ,4584328.63,2.166957012,41.405648573,41.405648573
2023S007739    ,6,Gràcia,32,el Camp d'en Grassot i Gràcia Nova,297001,Sant Antoni Maria Claret,0045 0045,Friday,2023,11,November,24,Afternoon,18,No és causa del  vianant,Motorcycle,Home,30,Driver,Unknown,Es desconeix,Ferit lleu: Hospitalització fins a 24h,430464.89 ,4584328.63,2.166957012,41.405648573,41.405648573
2023S007740    ,4,Les Corts,20,la Maternitat i Sant Ramon,144601,Diagonal,0687 0687,Saturday,2023,12,December,30,Afternoon,14,No és causa del  vianant,Furgoneta,Home,57,Driver,Unknown,Es desconeix,Ferit lleu: Rebutja assistència sanitària,425387.6  ,4581831.03,2.106527004,41.382698393,41.382698393
2023S007740    ,4,Les Corts,20,la Maternitat i Sant Ramon,144601,Diagonal,0687 0687,Saturday,2023,12,December,30,Afternoon,14,No és causa del  vianant,Car,Dona,72,Driver,Unknown,Es desconeix,Ferit lleu: Rebutja assistència sanitària,425387.6  ,4581831.03,2.106527004,41.382698393,41.382698393
2023S007741    ,4,Les Corts,20,la Maternitat i Sant Ramon,244209,Joan XXIII,0017 0017,Friday,2023,12,December,15,Morning,13,No és causa del  vianant,Motorcycle,Home,32,Driver,Unknown,Es desconeix,Ferit lleu: Hospitalització fins a 24h,426661.83 ,4581953.15,2.121750008,41.383915502,41.383915502
2023S007742    ,4,Les Corts,20,la Maternitat i Sant Ramon,701434,Mig (Descendent),000220000,Friday,2023,12,December,15,Afternoon,15,No és causa del  vianant,Motorcycle,Dona,40,Driver,Unknown,Es desconeix,Ferit lleu: Rebutja assistència sanitària,427133.55 ,4582038.85,2.127380845,41.384730254,41.384730254